filename,split,inferred_source,provenance_evidence,sha256,n_annotations,class_ids_present,width,height
COCO_M_A_101.jpg,train,own_field,declared_by_author,545f9283743762f591d74b2b8e1a952f73b9873e4f2a2b5569919c528e5cd68d,19,0;1,576,960
COCO_M_A_103.jpg,train,own_field,declared_by_author,e8f1b9b53b1a3560f7300463d86db2139b144dec7eca65c95ff623142bb09b4f,17,0;1,448,960
COCO_M_A_11.jpg,train,own_field,declared_by_author,fc3f40f31ec6ab9234f1caa1834161ea4ad9548311b7db9d55f121b32c65162a,17,1,960,704
COCO_M_A_12.jpg,train,own_field,declared_by_author,3e6ee3608bdcdea9ea1f1130890ad649b166889c6733396dc0be8a3db94eb681,6,0;1,640,960
COCO_M_A_14.jpg,train,own_field,declared_by_author,d0ffe809d33cd5c17ac968ed815e8178672e4ade8bcd7971504a892e64409096,9,1,512,960
COCO_M_A_15.jpg,train,own_field,declared_by_author,f1e8d490b6644a355aa8567c9719e40fc1104467312dc8679b9e5c1b58a3c602,14,0;1,960,448
COCO_M_A_16.jpg,train,own_field,declared_by_author,69e556c9b3398f6adfa4a9f682425cd8ffe23339773067c740c87ea1fa79f045,6,1,832,960
COCO_M_A_17.jpg,train,own_field,declared_by_author,6b5a799a55ddd136739633081f04e9f52d01783def6d234a86b577fac8013a34,11,0;1,448,960
COCO_M_A_19.jpg,train,own_field,declared_by_author,392420e6c67bb7e547f332a6ed9f52b2091e7c54ce0b3892971900dd3b39fa31,18,1,576,960
COCO_M_A_24.jpg,train,own_field,declared_by_author,e764c8ef4ead3b9d0521ed106e83515bb4d34a08d48e0098d1588b9588fca413,29,0;1,768,960
COCO_M_A_25.jpg,train,own_field,declared_by_author,6854068aa92ba77a1cb4551f22ade84b90110a452faa4dd9f64b566c57de5de3,7,1,640,960
COCO_M_A_26.jpg,train,own_field,declared_by_author,00f3d5930160d96bd00bc4da1808de444b3835d60967eef45c263e357de0c051,14,1,960,448
COCO_M_A_27.jpg,train,own_field,declared_by_author,58c993988537f137a818161f01e363923f9bf174846156cddb1b4b95a4431b58,8,1,576,960
COCO_M_A_28.jpg,train,own_field,declared_by_author,cec32206b49b8c8fdcb451e3747833afaacbc4bbdc8ef6df0376771e3f54b6e4,36,0;1,512,960
COCO_M_A_29.jpg,train,own_field,declared_by_author,4018a5061d4978f939e17ff91fd829431954231597dc8c21907f341be8abad71,14,0;1,960,640
COCO_M_A_3.jpg,train,own_field,declared_by_author,ff984cc1c6b8475774930925a57eae05383c83052aed67ba9a08bcb5dfad227b,16,1,512,960
COCO_M_A_31.jpg,train,own_field,declared_by_author,45dc4f244b8333767755309dba1d85b04f465300578fc189429acf08621ab722,10,1,960,640
COCO_M_A_32.jpg,train,own_field,declared_by_author,e4552f3caabdf5669cb880e23cdd13a412f7035f20c8c10ef6ae97d66f72b847,22,1,576,960
COCO_M_A_33.jpg,train,own_field,declared_by_author,f57b442e9cbe6e774de16e210930b5f12197ea44c92a2d5405b2aeafc0736cd7,5,1,640,960
COCO_M_A_35.jpg,train,own_field,declared_by_author,c8cb3e572a950c6fa5d9a701cb0ff34cf351a4ae0a6ea0fc72034ed3f1b4651a,29,1,960,768
COCO_M_A_37.jpg,train,own_field,declared_by_author,cc5569f223d23134b16dc0c3f5c79a939515aa5e138da9992f5a5564bbe88c28,7,0;1,960,448
COCO_M_A_38.jpg,train,own_field,declared_by_author,22719058cc1c5f42b230a6d70904e157337dfbffd0c9a6dd24a6081735867173,15,1,960,640
COCO_M_A_4.jpg,train,own_field,declared_by_author,02c1c5e4bdd8973915fec7207fdd070952e7b0ea90ea4942eb9b61e41420eddf,19,0;1,960,448
COCO_M_A_40.jpg,train,own_field,declared_by_author,47016f0099b89b46e35d4aa9fb3d66cd30b7639681d1afbad6be2474e2e76bad,4,1,448,960
COCO_M_A_42.jpg,train,own_field,declared_by_author,61bef95e135bd2770aad7d45308e3c29083a853ab63f1fcc135e2a11c8b9e2d6,17,0;1,512,960
COCO_M_A_43.jpg,train,own_field,declared_by_author,8fbf99e982c7d08c155b5949b4a600ff8c3d74acf3f0628d6e9fdee07a87eb21,12,1,512,960
COCO_M_A_45.jpg,train,own_field,declared_by_author,4a17205169d1acf6158be26f0e99ade5fff02055a51439b4c4e12f298859b06d,32,1,576,960
COCO_M_A_47.jpg,train,own_field,declared_by_author,9151d3a9fcdd1208fc0f976b9472f459bd33cdcbb3bb5f0e1668d855e833ce53,30,0;1,960,640
COCO_M_A_5.jpg,train,own_field,declared_by_author,73d70dc8ae3973f9b700ff7441dc5bb052a67816c7adee8ea675e2795cfa3180,17,0;1,512,960
COCO_M_A_50.jpg,train,own_field,declared_by_author,d43d91a5234970772381ca3880647d8dd367399b6ab2095a9d7b03afc5cc8ec2,16,1,704,960
COCO_M_A_51.jpg,train,own_field,declared_by_author,7a21e966c756b3da6a72a3a1b256bd832c9bd11a933f0fce3aacc249853d110f,16,1,960,448
COCO_M_A_53.jpg,train,own_field,declared_by_author,5aba72f887408e022f91bdf3d5c91e9d3f06a712b2b21a74640de38512a60c06,10,1,960,576
COCO_M_A_54.jpg,train,own_field,declared_by_author,29da767f51ae644925379cd9fcabef06f948453843de674a1e10b539c0bef8b6,20,0;1,576,960
COCO_M_A_55.jpg,train,own_field,declared_by_author,067637900aadd73bf72571443d257043468842ea270fd603fed8609e270d2dfc,10,0;1,448,960
COCO_M_A_57.jpg,train,own_field,declared_by_author,d97ca26f7fe269b0591a3c11cc1e2543f9b94b0bf97c6dabc2a7a20b60d46cf8,31,0;1,640,960
COCO_M_A_59.jpg,train,own_field,declared_by_author,637f7c770ef88a2243d55c40fa2ddff32ad917a84913fdfefcc5482d3f66600f,19,0;1,960,704
COCO_M_A_6.jpg,train,own_field,declared_by_author,59738f15b6e4d054870bca3e1c16f534921478fc5864b89bb31ddaed629b35ca,10,1,384,960
COCO_M_A_61.jpg,train,own_field,declared_by_author,5e2ecf9cf066da467a7f3e251ba9091ccaf1e8a8041cc8dd419e8b43964a678d,17,1,576,960
COCO_M_A_63.jpg,train,own_field,declared_by_author,72bad0e8cbae421b7edc53cdb0930fbf25df63b22754b07f332c3c3a349c4401,15,0;1,512,960
COCO_M_A_64.jpg,train,own_field,declared_by_author,0e8f78da5db419869ba024e43f4b82a01c45324793757df76dea09f23f88e652,20,1,960,704
COCO_M_A_66.jpg,train,own_field,declared_by_author,b923b753a58113ba8b2883f3f3b63d88aa5ab0c5a496b6c55539be4017aa1002,2,1,960,704
COCO_M_A_67.jpg,train,own_field,declared_by_author,d75a87da28d579e2fbe5425beeb7a49fd907ded905bac095cee6024050f7d846,12,1,448,960
COCO_M_A_68.jpg,train,own_field,declared_by_author,acb871579a68c604db6588acc44e32f9cb9f4dbc9e5c3ae60df3574e1a5d4917,17,1,960,384
COCO_M_A_69.jpg,train,own_field,declared_by_author,1b6247059579f5e11f0c38459f37d76f231bd4c464ab72d21e2c341ccb8b80f9,13,1,640,960
COCO_M_A_7.jpg,train,own_field,declared_by_author,b2726284e9d5f928c9f02857908d434879e0dd18ccc5e5a7d2c267fa22456b6c,10,1,448,960
COCO_M_A_70.jpg,train,own_field,declared_by_author,b7f2be3fd77cc66038915aa779f601a8de53bee4a0eb948a91268f244f308d40,11,0;1,576,960
COCO_M_A_72.jpg,train,own_field,declared_by_author,8e5f0bf73a68de7592edae604315bc4a9582136ad1650df0fbd31d321637dc5a,14,1,960,704
COCO_M_A_73.jpg,train,own_field,declared_by_author,772ea3107f06bc60e4ac02638912a7b77ccf00dab9cc373e23040ddb8e1001fd,18,1,576,960
COCO_M_A_74.jpg,train,own_field,declared_by_author,34352137f494e6e671956d2d29729ab26fa9bd190aca8f28efd46f9c9d2c3996,15,1,512,960
COCO_M_A_78.jpg,train,own_field,declared_by_author,a6d46e978bdc2f4cac83eb292724ac93338dee5727d25cb4ead5c62ef41a9235,8,1,512,960
COCO_M_A_79.jpg,train,own_field,declared_by_author,436ece3b10855efecb20db2e9ad9f54751e7190cfeebfee492f5ff246c325382,11,1,448,960
COCO_M_A_8.jpg,train,own_field,declared_by_author,a7db9986f309537940465b76db34746bd9255b1559d4cc73c80676a754117b12,6,1,960,512
COCO_M_A_80.jpg,train,own_field,declared_by_author,33a9671d4ee45b9a154f130c4af50ec9933b5af1f494550fa5be1dd2f7dfcc91,14,1,960,576
COCO_M_A_81.jpg,train,own_field,declared_by_author,990e0915551f7f957ee7d1b3ae796737b83c2a80c120afb8432c2b46b0c2a44e,16,1,448,960
COCO_M_A_82.jpg,train,own_field,declared_by_author,e4265406fdbd562c72f4f67e294d19792fcc20cdf6a27354abc3d9b44d21714f,8,1,512,960
COCO_M_A_84.jpg,train,own_field,declared_by_author,91ca7f1c85d70c84654784795a171cbd55f95a89b3367e84379e057d6a4f1463,19,1,448,960
COCO_M_A_86.jpg,train,own_field,declared_by_author,26fc16ed148942295a2e67a8b951220cf137dc3c083ea5171305abf3c1ee942f,13,0;1,960,448
COCO_M_A_87.jpg,train,own_field,declared_by_author,913d555f2d390334f290b8617488289b2fe787831fd229f6c1b7e3be7e53dfe1,12,0;1,960,512
COCO_M_A_90.jpg,train,own_field,declared_by_author,a024db5cf410278ee59b8f01b64dde0e8351b271f23498ddf8cf36c94faa7222,16,1,448,960
COCO_M_A_91.jpg,train,own_field,declared_by_author,9872561aa9ac90ed9d94d957ed65af1b3901bb35633bbde33bcd3c086935164d,10,1,512,960
COCO_M_A_94.jpg,train,own_field,declared_by_author,43fb4543b7b359a86acac1817e542433bcbcfdb9524a02f2529e1327505736d5,15,1,960,576
COCO_M_A_95.jpg,train,own_field,declared_by_author,82b135db51c34e69771e03157ed1e77118adb169c527bd9964f0b7fcbda234eb,10,1,384,960
COCO_M_A_96.jpg,train,own_field,declared_by_author,6dd960494abcaab0059d0e14bdd48d818b488f9dda43757864e99c10954cb997,13,1,448,960
COCO_M_A_97.jpg,train,own_field,declared_by_author,55f13de788e06c1dc2a4eb06b4b93ae573b903b58707ba5d859f256c1e18ce31,14,0;1,960,512
COCO_M_A_98.jpg,train,own_field,declared_by_author,05a06be7a6adbb68da2b458eda66b8ef9fd3565216920ba3d8c98619bdba146d,4,1,512,960
COCO_Muy_A_102.jpg,train,own_field,declared_by_author,1a8b073358cf10eea41baeedec7d79c21c7bbc35a42c27a42b8129020c4e8bfe,24,1,960,640
COCO_Muy_A_103.jpg,train,own_field,declared_by_author,ba59410e6260d82b9b5144d568a716cca9208b6be32825c88cee6d38abae9793,23,1,832,960
COCO_Muy_A_104.jpg,train,own_field,declared_by_author,7327843e2fe4eaa4b975a6a4d1a1df04ccab120455fb5fc339eedfc5f364c095,40,1,960,448
COCO_Muy_A_106.jpg,train,own_field,declared_by_author,733c19150ed100b1e4f1749097f89b91e81902d925c94fdc8b98f79100361e53,14,1,960,512
COCO_Muy_A_107.jpg,train,own_field,declared_by_author,433903d8ab81debc6fb5b919d763b2599c0d544945872078d7260b2ae8d02763,44,1,640,960
COCO_Muy_A_108.jpg,train,own_field,declared_by_author,fe4a99efd24868e1c75f24e4383453175cdc036f68ff58b24be75e0af9a706ee,11,1,448,960
COCO_Muy_A_109.jpg,train,own_field,declared_by_author,fd16b655d9a747115e28f5685ae19b16fbc8a75d9c627e57e3716e16bf54970e,37,0;1,960,512
COCO_Muy_A_11.jpg,train,own_field,declared_by_author,6c57df18781b34d28daae404f97407b3636bf92b500b17c8d6c7017a71fb80fa,14,1,640,960
COCO_Muy_A_112.jpg,train,own_field,declared_by_author,0cd2064d5fc1fd1a9788631388a137f2ea0532615c15614d8555d4bd000449f1,32,0;1,576,960
COCO_Muy_A_114.jpg,train,own_field,declared_by_author,56985b5684952fc67214037df773deb9a45022b6c7f7a625775e74d2b488d0cd,30,0;1,960,704
COCO_Muy_A_12.jpg,train,own_field,declared_by_author,cf4c9c965be47c27a1a1b3ed16be965132b33bb1550237a56b3a909db2053eef,20,0;1,448,960
COCO_Muy_A_13.jpg,train,own_field,declared_by_author,4de25c30a89d2155d5046bbc2741ff56fca26349708320f36c726ff59d813dfe,33,0;1,640,960
COCO_Muy_A_14.jpg,train,own_field,declared_by_author,c62900c9c557b71ba5f9f10acbbc758f1efc062e74600915eaaeb1b476940443,23,1,448,960
COCO_Muy_A_15.jpg,train,own_field,declared_by_author,85db494ed7b5b2a314c0a06957a406856708fb99e59cf860af36aff70af74fbb,58,1,640,960
COCO_Muy_A_16.jpg,train,own_field,declared_by_author,acd16c328ee68c75e61444f087021ab759a032df8b5fed9ea7cbcb23a1f0487d,42,0;1,512,960
COCO_Muy_A_19.jpg,train,own_field,declared_by_author,2bf05576a3575245ab518154009a9ad1c1b6d833994b57ae95c4927b64793a85,16,1,960,704
COCO_Muy_A_2.jpg,train,own_field,declared_by_author,26675bb50d499fb26625a6ab05b82551dcdff537f6774916a051d74790815b58,54,1,960,576
COCO_Muy_A_20.jpg,train,own_field,declared_by_author,eb64529d13210c50a2b0d5b440cbda9530756ec689c21ad112ee8fd8344ad3c9,24,1,512,960
COCO_Muy_A_21.jpg,train,own_field,declared_by_author,ac44f2d294aa00579d0578bf78d40869a6348d27761dbc6620e9e66d730aef48,59,1,960,576
COCO_Muy_A_23.jpg,train,own_field,declared_by_author,4b9f651218ed08801d40b7b5ca0815976cebcd009c2da0cd923dcdf45f01417c,44,1,960,896
COCO_Muy_A_24.jpg,train,own_field,declared_by_author,6a9ed2f0b529a7735fbb126eb7c0bf64e0f2f0db152f3dc2143c0d24d5ff3d7d,23,1,960,576
COCO_Muy_A_25.jpg,train,own_field,declared_by_author,ee63b9905605550d3a6258b49724403290ee849ab6c54856d38adb6d4f19b630,24,1,512,960
COCO_Muy_A_27.jpg,train,own_field,declared_by_author,510ec41b22dfd583189aaf650653e2dbaac38f49fa3a491608a21aab24f58c39,31,0;1,960,576
COCO_Muy_A_28.jpg,train,own_field,declared_by_author,af1d6d08f3cfbb70dcf215ff6b44c8b0af5c614615616edc979f71ec5268ad52,38,1,640,960
COCO_Muy_A_31.jpg,train,own_field,declared_by_author,a7d427bf984102e5fb98af6c45be21effb983e3bd05ba9f791564beae41aa187,46,0;1,512,960
COCO_Muy_A_34.jpg,train,own_field,declared_by_author,eee7b2f3f8dc87c261622388e321461779d2e556fea902ecaf613440d3ad09f3,19,0;1,448,960
COCO_Muy_A_35.jpg,train,own_field,declared_by_author,71c0515002963cfa1731ad34e67c06b04ce41306e7593e7b92c450e46bc4ef86,39,0;1,704,960
COCO_Muy_A_36.jpg,train,own_field,declared_by_author,0c719ba235dc850c498a3847ee9991700b21d8d5b942250b78fffcd4b4ee4d55,42,1,960,832
COCO_Muy_A_39.jpg,train,own_field,declared_by_author,3cb0eec438421c37a8a1b0b7f6a43a8f47f56a7fdbdfdebe662945e0b2692969,57,1,576,960
COCO_Muy_A_43.jpg,train,own_field,declared_by_author,56828feea75d34e6449860ff4856bf3ef8a8187594874e4ae80fdf25ef0e401f,15,1,576,960
COCO_Muy_A_45.jpg,train,own_field,declared_by_author,dd7a0f0d081d9e7eaad7be954e82806cf0c8fb109ffc7f4ffd4277e8700c4a2b,78,1,576,960
COCO_Muy_A_49.jpg,train,own_field,declared_by_author,640ef76dea5161743453ca4c601e361ceb6e069d04b1639a6e0b4626d818cb6d,15,1,448,960
COCO_Muy_A_5.jpg,train,own_field,declared_by_author,9c6a9748f1c99bfaafa34657924cf792a8d060237231c0b7d6454e08d67fddcc,24,1,512,960
COCO_Muy_A_50.jpg,train,own_field,declared_by_author,4637295f497edbccb98044281cd439d3acb3a109e1931a0428a9427b5949c8e9,8,1,512,960
COCO_Muy_A_52.jpg,train,own_field,declared_by_author,76cf33eb153c165b5d627537770caf3353572f22b8a055d1690a8e75a4406d59,23,1,960,704
COCO_Muy_A_54.jpg,train,own_field,declared_by_author,bc6df8b2c5d03f0e6cab831365d89394f42b9e3ac2b367a1747af8086b265f61,22,0;1,512,960
COCO_Muy_A_55.jpg,train,own_field,declared_by_author,cabaeca03dba8fd3538af338bdac6e962d83f18d5b3dfd24229832b58d47c74f,18,0;1,512,960
COCO_Muy_A_57.jpg,train,own_field,declared_by_author,d464be82e8e9cce401ca712cb4a7289295fe567f44275b7e32b0cc362a1eacf5,16,0;1,960,448
COCO_Muy_A_58.jpg,train,own_field,declared_by_author,064ec1559ea85a84cc2f4e726d0c4cb235189f00c42eb31fa311024d5e507034,31,1,448,960
COCO_Muy_A_59.jpg,train,own_field,declared_by_author,cb66963bf50ca6c748067c06848fdb0102598e43a43923b1f83777d9870c5172,26,1,960,640
COCO_Muy_A_60.jpg,train,own_field,declared_by_author,faee6ddd80c199f480dc5b00fdbb03bf362600362843d8e8afce292a02acf327,24,0;1,576,960
COCO_Muy_A_62.jpg,train,own_field,declared_by_author,954035b79f5cc4e634eb31e81a440bae18ced7ae4337b879081aefc4f2e79ecf,22,1,576,960
COCO_Muy_A_64.jpg,train,own_field,declared_by_author,fccad099ca4c43060f990a706106866a03453e18635f9b9b400e1821104eb257,38,1,512,960
COCO_Muy_A_65.jpg,train,own_field,declared_by_author,967d8a58b2eb7617078c2dca5442911fd0a997820bf5577f126382c22df7c8d9,26,0;1,640,960
COCO_Muy_A_67.jpg,train,own_field,declared_by_author,4136cee56efffe234ed92fb04f1cd0f422e3a32cd85eff3d27278cee3682801a,15,1,512,960
COCO_Muy_A_68.jpg,train,own_field,declared_by_author,5d769c829bcfa66071b2d0361b62024d32945d4de5f0cb69f99eabf60462049c,22,1,640,960
COCO_Muy_A_69.jpg,train,own_field,declared_by_author,0f9ae18e252c101961ed6f46d0009b78cb2be4e04c17ef6eb8cd1a0694899517,31,0;1,960,512
COCO_Muy_A_72.jpg,train,own_field,declared_by_author,50224e034fc55e423f6cef23a266726e640c14f3a76adc1b23ba7c862e1c9559,18,1,640,960
COCO_Muy_A_75.jpg,train,own_field,declared_by_author,ce146f135bf2759ec1cf8dc80df2eeb95269ad83ec4ecc99c492a5637f584ec0,48,0;1,960,448
COCO_Muy_A_78.jpg,train,own_field,declared_by_author,398249d18f7fb42c0ab890f857c66756fdfcd1f2e325bdef98ba8d58959a9461,19,1,512,960
COCO_Muy_A_8.jpg,train,own_field,declared_by_author,6c4c30eb0023604d3d32222221d8fd787eaac8434c69ae42d4e48667549303f2,14,1,960,704
COCO_Muy_A_80.jpg,train,own_field,declared_by_author,770c81b0e26c0ab56d8f3d2f1785363423231f97f567dfd81c65c68b4fa9d990,15,1,960,512
COCO_Muy_A_82.jpg,train,own_field,declared_by_author,1fdd1906478772d54d2feb6b9a9a050197f78f361ce44ead50089cf43942cdca,34,0;1,960,576
COCO_Muy_A_85.jpg,train,own_field,declared_by_author,4c5c2663cc7dbd730208e56943b74424337e8d95a2999fc12c87967036e04ad4,72,0;1,576,960
COCO_Muy_A_86.jpg,train,own_field,declared_by_author,eea67bd1aa0d93ce4419da35df85196665090fac439557be2050a185f872a441,21,1,512,960
COCO_Muy_A_87.jpg,train,own_field,declared_by_author,e4585d1480266c11db30f443c5004da68cf2e0328bc58d5199cd44598ad28271,34,0;1,576,960
COCO_Muy_A_88.jpg,train,own_field,declared_by_author,3cb7d1d52e5a52ec12494153d2616216f6f137e96f427abb0e0270f8fbf53a08,41,1,512,960
COCO_Muy_A_89.jpg,train,own_field,declared_by_author,56435d6a15a059ef67fe15eb84f67b3455c6ceb8eb1b1916c2182076103a5d83,28,1,960,832
COCO_Muy_A_91.jpg,train,own_field,declared_by_author,a4f75d7227cd46f950ec29c5e9497bf0917e70ecbcaa6f8bc6b8c8c43140690f,13,1,448,960
COCO_Muy_A_92.jpg,train,own_field,declared_by_author,7baba8c2e2bee65d78d3b694388053ef0542851fecd3217d57b5fbd58ff9592e,28,1,512,960
COCO_Muy_A_93.jpg,train,own_field,declared_by_author,b5ac53946bfd34a463d6d4474a2b9782aa1ed5c42e5e2b4bb3efeb1151f423de,32,1,960,512
COCO_Muy_A_96.jpg,train,own_field,declared_by_author,ec2b045e61a6172596d841fd79ed00d59e117d756c2c47413dec22bec72278d8,19,1,960,704
COCO_Muy_A_98.jpg,train,own_field,declared_by_author,0c7c5ea90222ce4346c88aa24df02914e6aae1c41fde796955dbb74ab735c735,50,1,640,960
COCO_P_A_1.jpg,train,own_field,declared_by_author,fa3dc4226caf49a476a60ea107dd72e3ffb9de4c7de9132b3a2dcda8a0dd21d7,12,1,512,960
COCO_P_A_10.jpg,train,own_field,declared_by_author,9c4be7c9e5919a4080ca46af01240a2e4d131d2716f4c3d34edeab43fba5f635,9,1,832,960
COCO_P_A_12.jpg,train,own_field,declared_by_author,33a74be42c35f69607e99fd4a7d223312ea6591006f19010ab05eb39455e190a,10,1,576,960
COCO_P_A_13.jpg,train,own_field,declared_by_author,a14d9fa394f3f5a99db13400e410f3d1c16008f008a8134dd2774d689de18058,3,1,960,512
COCO_P_A_16.jpg,train,own_field,declared_by_author,1afa42b90b048139b6d20ecfc8797113bc3626d20f7804cf7b9feace6c514032,10,1,960,576
COCO_P_A_18.jpg,train,own_field,declared_by_author,b36a0c3b81f37197ad63f4fae7ec0a55ce4a2f62612f26bc9264e454d7685ac5,3,1,704,960
COCO_P_A_19.jpg,train,own_field,declared_by_author,70732776163da9dd28f223279706c9ec306dc45cee15f8829a528c818ef6e496,3,1,960,384
COCO_P_A_2.jpg,train,own_field,declared_by_author,7e8ef300434aad65bbedce408f135845235755ae216ff59137c2c3795b299045,6,1,960,512
COCO_P_A_23.jpg,train,own_field,declared_by_author,03d0871378e9c75b3d809d7f270373591bd5505185f3c3b5108aa1a1ede6ae81,24,1,960,512
COCO_P_A_25.jpg,train,own_field,declared_by_author,d763d0a988aa642d1e54d4cc001f0db9c1c06e114626f7301b9c3ef0f2ad00b5,4,1,512,960
COCO_P_A_26.jpg,train,own_field,declared_by_author,bed3df8154110a301d6be5aea29240317c923412f59875afc8c21f8a9f6cec7e,16,0;1,640,960
COCO_P_A_27.jpg,train,own_field,declared_by_author,6846f5fc008f4673be05934e08138241b410373e55501a48e242d26fc7c65be9,14,0;1,512,960
COCO_P_A_29.jpg,train,own_field,declared_by_author,06f98afbb99d31dc4170b5f399f5a0c8f634fa5d9e18cc47a0e44bd8a7d1e245,12,1,960,512
COCO_P_A_3.jpg,train,own_field,declared_by_author,e6d1450080859875c8e0124a19555ddc461801f7f3a31cd46337dcb6c474dd4c,5,1,960,640
COCO_P_A_30.jpg,train,own_field,declared_by_author,75e93e10f7c63b10caf13119bea1e10635dbe51d8ea4b1e45a678616e7a3738f,2,1,576,960
COCO_P_A_31.jpg,train,own_field,declared_by_author,2229458122a565aaf04f7332152e9432ee5704907e07df5229439300cb69a857,11,1,960,512
COCO_P_A_33.jpg,train,own_field,declared_by_author,7873b91bb797f7588a02634eee35bbfc4b386645e720f901ec9a5bf65884b470,7,1,640,960
COCO_P_A_36.jpg,train,own_field,declared_by_author,e0c7ff2b2fa78c82629a3eaed5a5ca5a35aa12758d816695866fec68770b4763,2,1,960,640
COCO_P_A_37.jpg,train,own_field,declared_by_author,fe35c7a68a6ba98078aa0a5a7422832112ea32babe6716a7846e943c4daf82f0,9,1,960,576
COCO_P_A_41.jpg,train,own_field,declared_by_author,d3457d2cdec368ddd231961bc3a00d402a4f63f225e7194642645fe85b0922ee,13,0;1,576,960
COCO_P_A_42.jpg,train,own_field,declared_by_author,714af665c20f926baec0bbefd9be1c1d4770e54aa0f7dedcd5b635bb86485fb6,5,1,448,960
COCO_P_A_43.jpg,train,own_field,declared_by_author,6e1a74d597534e860be15c8e54911a3e7e1fba03f522052141e96ad266df3980,24,0;1,960,512
COCO_P_A_44.jpg,train,own_field,declared_by_author,908e88b64ac76f6c7eb7d19912b8ef30a0c9453927771aa9620e7cdc9ca93e44,9,1,448,960
COCO_P_A_47.jpg,train,own_field,declared_by_author,4c1dc2d1e1eb37878ac337f98fa91d17258d6415ebd6b1a8cac97979753af18f,10,1,640,960
COCO_P_A_48.jpg,train,own_field,declared_by_author,51868ae6368b3f89e15a6ea5895f52bc3fa9a43e838fd2434fe8170507bd223d,9,0;1,960,640
COCO_P_A_49.jpg,train,own_field,declared_by_author,6846a0227dd4c36b4bd471698f45abcfbb11d59184d71e0ca21128169ec52330,9,1,960,448
COCO_P_A_5.jpg,train,own_field,declared_by_author,3521104fbc2ae04facd0dc607dd29a4d5e9628aca50e60eedc93ede93428e7cf,4,1,384,960
COCO_P_A_50.jpg,train,own_field,declared_by_author,4513987421b7d6c78e768cc3f51d702a747c2f1d31ebfae4d81cb10ada3db32e,5,1,576,960
COCO_P_A_51.jpg,train,own_field,declared_by_author,8fbc6f00cd820156a40c5ebc36b084b5b5c1aeead16e9bce41111698e1151b38,10,0;1,960,576
COCO_P_A_52.jpg,train,own_field,declared_by_author,dabee340625a50c0c5efeda3c2a8ce16a9a6b15a1e754e9eb43394f0fb2e008b,2,1,960,576
COCO_P_A_53.jpg,train,own_field,declared_by_author,880f5e86c4520c26d1a615b4cdc42ff64301a1257a858bbd912f0b0d2ed4cc8d,14,0;1,960,576
COCO_P_A_54.jpg,train,own_field,declared_by_author,c81862124ee9eed5e665fef837b387e4326024318f1311b66bf24d04688754d2,4,1,576,960
COCO_P_A_55.jpg,train,own_field,declared_by_author,3e2f9bd866fae92f6465aabf45bc3221482bbb8f47148b894ac5f958be3ae716,9,0;1,960,576
COCO_P_A_56.jpg,train,own_field,declared_by_author,3cfec716258bf57872da507522a53e6941b3f34447e6cfc869f5d5502833f912,12,1,960,576
COCO_P_A_57.jpg,train,own_field,declared_by_author,cb55ca9e07334f3d3cf45a69065a91ba16e68d63ec57b8cf5ebca399cb7c91a4,6,1,960,512
COCO_P_A_58.jpg,train,own_field,declared_by_author,0fc5be2f157cd897eb35bbe52f0cb19b55f91a425cbbf90f94bb9cd136baed53,9,1,576,960
COCO_P_A_59.jpg,train,own_field,declared_by_author,f7281318d387e21f0373c24994b73e5809cd9885dc8a9e02ce8825088d91e8fa,9,1,960,576
COCO_P_A_60.jpg,train,own_field,declared_by_author,0617acf922aba3b19e93ac0ed40897eb2a64c2dd538fd034d58e7c63a49e8986,12,1,960,640
COCO_P_A_62.jpg,train,own_field,declared_by_author,d767ff8cacc97ea0153299c4fad5140405481cad6237c49f6929a2e0e6d93b8f,7,1,960,896
COCO_P_A_63.jpg,train,own_field,declared_by_author,569b8fbb10273f7e56a00b4b91937b7cbebae11e88977dc643b51eea6375e6fc,9,1,960,832
COCO_P_A_65.jpg,train,own_field,declared_by_author,b7023755f82bbbec62c1df269021c712c0345cce989ed112c114e5371eb1cacc,10,1,960,704
COCO_P_A_66.jpg,train,own_field,declared_by_author,f8c9a6b920211872f5893cdd50bed75fa344b065c06f007daa1d7c988428b7bf,4,1,960,704
COCO_P_A_67.jpg,train,own_field,declared_by_author,2447ec8cdc6f99a0fd1a1d12803c6258085a5d7861f171a36acc75b43e95b08c,9,1,576,960
COCO_P_A_68.jpg,train,own_field,declared_by_author,be040675a82118ec89e0bb8eb887670785ba75c3ae12407da72d1d5b4b447ef9,8,1,960,448
COCO_P_A_71.jpg,train,own_field,declared_by_author,79abd2ba102a6819ad8ec72283558ab705b3e8c74f03a60164f12fcb84cf7b51,4,1,960,448
COCO_P_A_72.jpg,train,own_field,declared_by_author,4fc76c8fb5881d40e06430d87d1ffcdfac5d1170ed421b912eb2ebe780aed38d,3,1,960,576
COCO_P_A_73.jpg,train,own_field,declared_by_author,9f852d889f024594609e3f0335668afb33f043e5ef01bd015ec2ddc88ddbf218,6,0;1,640,960
COCO_P_A_74.jpg,train,own_field,declared_by_author,b88441590e55e554f6b5d87983e6e31c9a8f95fbd92b8ea9bf882074cec91d69,9,0;1,640,960
COCO_P_A_75.jpg,train,own_field,declared_by_author,b5e15e2e2dbe614e7ffc77140d898719268fd2df292885f793f177487b8b40df,10,0;1,512,960
COCO_P_A_76.jpg,train,own_field,declared_by_author,930ec4e7f94156c9572071cda1d62c70e794478f95767707833f95611863a24d,4,1,960,448
COCO_P_A_77.jpg,train,own_field,declared_by_author,b3dcf5ab7b34d6407c385380a53095e21b3541dc080170f83ed99b3081854e75,3,1,960,512
COCO_P_A_8.jpg,train,own_field,declared_by_author,1a5d6df68c66017150f8450b0f6c4dc0b0f343a0dc0539024cd8242e5e2afd5b,10,1,960,512
COCO_P_A_9.jpg,train,own_field,declared_by_author,567ec082e13a53281d5f28278cdae24fdd67e0c1c1fbe014b3288f4f8a3e1790,4,1,960,384
COCO_RECORTE_1.jpg,train,own_field,declared_by_author,ca555358280bb39b6def02db3f5db6f4b04d5d22afe4554c9b82084b64ca4dfc,2,1,512,448
COCO_RECORTE_10.jpg,train,own_field,declared_by_author,f054d8c040216bc1a884228bd20a0acbb74dfd72f5c98cf2ee97715f0009ed57,3,1,512,384
COCO_RECORTE_100.jpg,train,own_field,declared_by_author,5b2af41e37c8a174939e7f764b1aff9cc7471ea38b49963d1356b655da810799,7,0;1,512,320
COCO_RECORTE_101.jpg,train,own_field,declared_by_author,8191e43c2e86fd8ef408af4a46fb32b0a51cabf1d32464224c41fefbc6560c64,2,1,384,512
COCO_RECORTE_103.jpg,train,own_field,declared_by_author,6305d0d5f273d38b36926d7c2d996f3301abd83d3e4a42e367c7d5e90f850dd8,5,1,512,384
COCO_RECORTE_104.jpg,train,own_field,declared_by_author,c40c6045a73753ca22b3054d6336c1dce467ef72062e60e2339254d1725d3e10,5,1,512,320
COCO_RECORTE_105.jpg,train,own_field,declared_by_author,783403a50b442fc28721b13318b607091af7f98c80a7494b403eb03d6dd25a7d,5,1,512,384
COCO_RECORTE_106.jpg,train,own_field,declared_by_author,49c7bbf9778e8fd51ed3dbae95d2b6b2969949dc6ed5346b3ce46cd2c12927b2,7,1,512,512
COCO_RECORTE_107.jpg,train,own_field,declared_by_author,4ac50fea401be1d83a0cc0dbdb8dc1b03c7f6299dfd0c54d658547aac92f0253,8,1,512,320
COCO_RECORTE_108.jpg,train,own_field,declared_by_author,61a00235e6e389891e9e4ac76ee118517e86089877bb9aa303261b3e7c75284c,6,1,512,448
COCO_RECORTE_109.jpg,train,own_field,declared_by_author,fa06bc73f84cdc1adbf08083ceba5f39e46b647b31606603f13b934e9353d6fb,5,1,320,512
COCO_RECORTE_110.jpg,train,own_field,declared_by_author,2066234142f8b238dc249224f209b58f47aad85cfb653395139d85b446d259fc,12,1,512,320
COCO_RECORTE_111.jpg,train,own_field,declared_by_author,403a907a7bc1c4421feafdc61d5dabb24f77f7dd66cde1f8ecbc4c3dfda0d0d8,5,1,512,256
COCO_RECORTE_113.jpg,train,own_field,declared_by_author,de4210e8b4296a864bfb9c99f8f29da7fa636057678c425a9c6cde374461f6f8,8,1,512,448
COCO_RECORTE_114.jpg,train,own_field,declared_by_author,5f27f7d6f08e03c699fb284bc30afe1ec95d8b9492761050d8a02e5e6352360d,6,1,512,512
COCO_RECORTE_117.jpg,train,own_field,declared_by_author,68acc5adb443170d0b572e3e8c7a0960223dc1fff61bb45ef50e72dc88fe6d6a,10,1,512,448
COCO_RECORTE_118.jpg,train,own_field,declared_by_author,3ad7e38ab99f65e2627f5fbb40e9eb8b3f693977f5d13147d226e53566ddba72,7,1,512,256
COCO_RECORTE_120.jpg,train,own_field,declared_by_author,1354ca96fc31ed857f2f8847c46b3004c1b905bcc713dcdb109c9ad4562f1b30,11,1,512,320
COCO_RECORTE_121.jpg,train,own_field,declared_by_author,2ec6d21fbddd5befc1fb3aa40e65c2885e1a67fa109206328a29c07084f4bda2,6,1,512,448
COCO_RECORTE_123.jpg,train,own_field,declared_by_author,97588a3852e7886157d750f41fbd11718b68646ac8904286e8caeb8983fb7218,9,1,448,512
COCO_RECORTE_125.jpg,train,own_field,declared_by_author,55774a63136bb67342917e817181fcf1235400f5fa862fb0e134141a09a013e6,7,1,512,320
COCO_RECORTE_126.jpg,train,own_field,declared_by_author,fcd5394a9ba186f1fab7a6e35b5c8ecae0df9a9293eeb0f14ed701959207eb0c,7,1,512,384
COCO_RECORTE_127.jpg,train,own_field,declared_by_author,29834317c6a8d4a4ac3d3eb90a32403b04efbf99431802371b62a748b555a945,7,1,512,448
COCO_RECORTE_128.jpg,train,own_field,declared_by_author,5e5599af51692c69512f09500f122d3489d1055deaea36e7f13643c8a46e142c,4,1,512,320
COCO_RECORTE_13.jpg,train,own_field,declared_by_author,79bcf9514b53d87898d76c1ef73e2d06300cb5bd5854f3c5d6c7a71456516189,3,1,512,320
COCO_RECORTE_130.jpg,train,own_field,declared_by_author,edc7d085524094a6d1901842d5fb82795d17f3c9053cae2ad8deeb17f9a3f293,8,1,512,256
COCO_RECORTE_131.jpg,train,own_field,declared_by_author,4c44fd93f619fee34b352b7e6955b08f1e528a8eed0b8628a42ef5f2119a496f,7,1,512,384
COCO_RECORTE_132.jpg,train,own_field,declared_by_author,9417c54df1524ab30f00219392a1881315fdd6a5026b98fdc0e91e24524fac56,7,1,448,512
COCO_RECORTE_134.jpg,train,own_field,declared_by_author,6975e321006ac3f8d4634ba96219c823ac79fd5e674961141ee4d17d38ec4241,5,1,512,448
COCO_RECORTE_137.jpg,train,own_field,declared_by_author,50625df29cad64d4575fca6540467b96daad94929e18cc61d6356585368a235e,6,1,384,512
COCO_RECORTE_139.jpg,train,own_field,declared_by_author,9151da88e61b12f625927f2fcdd38e95ae7ee2a668254036a60e9a76f0ded456,4,1,512,384
COCO_RECORTE_14.jpg,train,own_field,declared_by_author,f6079ef1412a4d606cec5b1bf8add8538c9d7294f2bc27cc12c8af37be13e73a,5,1,512,512
COCO_RECORTE_140.jpg,train,own_field,declared_by_author,749e245b9a09075d20add8de38fd5559794212dac720b19364af0e4eef85c2f0,8,1,512,512
COCO_RECORTE_141.jpg,train,own_field,declared_by_author,8ffefc120e2e5ef30d568f743bf540c498d99233338036be3ff9cb689bfecd3a,37,1,512,448
COCO_RECORTE_143.jpg,train,own_field,declared_by_author,eb400af3833751f85652cbdab60bde63472449594e2bd187c209eb94c20c9b62,7,1,512,320
COCO_RECORTE_144.jpg,train,own_field,declared_by_author,7d0021fcada95b660e6f4761fdfb41f471b1ebf33a4384527d498408293f0234,5,1,512,384
COCO_RECORTE_145.jpg,train,own_field,declared_by_author,ec779d09c8f2a39f17476fcbf5f6c5b4dabb10f810fe1fb3b2980e13f661f0d5,5,1,320,512
COCO_RECORTE_146.jpg,train,own_field,declared_by_author,7e3d5c40bc2180fbd9078af2679993a353f1e2bf8b772b7d468391d91b23bab2,6,1,512,256
COCO_RECORTE_147.jpg,train,own_field,declared_by_author,93ec24707d4dadc739e62710ec379761cb31cac5f81bb5c435cf88a3b208935f,8,1,512,384
COCO_RECORTE_148.jpg,train,own_field,declared_by_author,238588c63eff380ff37c25ebe1d8e1e254c9aa4612102e7d7a75b04061aa5c5a,5,1,512,320
COCO_RECORTE_15.jpg,train,own_field,declared_by_author,dc91c1f0d53c79a7e335a19f1d7d2814dbe2e6e15070903743278a3c3f87b19f,2,1,512,256
COCO_RECORTE_152.jpg,train,own_field,declared_by_author,c811af78791f682db1b76238c59b134f712bd966a1ac77994957e9fbd0e75092,4,1,512,448
COCO_RECORTE_154.jpg,train,own_field,declared_by_author,b8daa01ec0a18c16aa432aed3fafbc4ec718744dfa4accd03ee0b559103ca9e9,22,1,512,192
COCO_RECORTE_155.jpg,train,own_field,declared_by_author,6e40c3ffa5d171f202ca0db560ac132d57a9a889a44c686480f62ab0f7eada64,12,1,512,384
COCO_RECORTE_16.jpg,train,own_field,declared_by_author,88e8c52499c27ee073aea87fd7a35b69a630b65ab2cd8c47894c1ba2893e2865,4,1,512,192
COCO_RECORTE_18.jpg,train,own_field,declared_by_author,ebe6a0a3bf9bf90f4317267a91f45176768d94cb280bc618c6c62eb5d3c6ac2c,10,1,512,256
COCO_RECORTE_19.jpg,train,own_field,declared_by_author,822ede7897b9142b8469305b75fbf3c5680fbd3299f92d9c7a14e1189004f261,7,1,512,320
COCO_RECORTE_2.jpg,train,own_field,declared_by_author,4ba59518d7a2c6b5286a022edb9d709fccbbd9b80570458ea7ac80ce077bfd94,1,1,512,512
COCO_RECORTE_20.jpg,train,own_field,declared_by_author,982de8ef3c8524b1c2071dfc73289ef85d267678da463a286284383cd8742bc9,4,1,512,512
COCO_RECORTE_23.jpg,train,own_field,declared_by_author,3d9ebc42fbf39c0a1a8eee10c04507e9dd0ac1e70855c92d78084920f2cd98cf,4,1,320,512
COCO_RECORTE_25.jpg,train,own_field,declared_by_author,0583dfdd1a7f4f589d0cbb2a22a0f39cb82206b3845a0bf74562ded6d32046d6,5,1,512,320
COCO_RECORTE_26.jpg,train,own_field,declared_by_author,d2344f80a800f2b052418ca99c77ffd6ad824d13b8c88f805c52d6ba61a3968a,4,1,512,320
COCO_RECORTE_27.jpg,train,own_field,declared_by_author,47bf72a08b2282415809f9d3665ea71d9d711e6caca314eab1eef820113223f1,6,1,512,384
COCO_RECORTE_28.jpg,train,own_field,declared_by_author,57c7170a5fb06ce2239c4c8e19c0658dd7fa0da0fc0f512245583005455120ff,5,1,512,448
COCO_RECORTE_29.jpg,train,own_field,declared_by_author,77d60622231911ac3a7c8825898409cd1ce8748b06d8fa291282df4f0469736a,4,1,512,512
COCO_RECORTE_31.jpg,train,own_field,declared_by_author,ee166100c2973b17b8d68f8f52b64bbff5277f55ac014f2efa77c588e3ac0ebd,5,1,512,448
COCO_RECORTE_32.jpg,train,own_field,declared_by_author,fd02c481d00acee9113a52fe3bff4af385dbafab51825a3dfe1bce199e9116b9,4,1,512,512
COCO_RECORTE_33.jpg,train,own_field,declared_by_author,8b5dc1e4933d6afd6f7569bea8aa6a1aab1769d4919ca58338eee2ff24e7ac51,5,1,512,448
COCO_RECORTE_35.jpg,train,own_field,declared_by_author,d20eda7b71e820969f62cda4c01f2ebbc9abe24915cf97f61708674138528aba,2,1,512,320
COCO_RECORTE_36.jpg,train,own_field,declared_by_author,c85ed5e49ac140472b73814b7eb96e2c7d40e11f65ce066309218cbe929178b8,5,1,512,256
COCO_RECORTE_37.jpg,train,own_field,declared_by_author,7fe81e6a4271515b8ff67222b7e4672adf382961c056706575ea376110ec4862,3,1,512,384
COCO_RECORTE_38.jpg,train,own_field,declared_by_author,6d5f6e1ff440a0ee1fc1f2b6509a49d163c4ebbb24b37d666600d87bde4b7d42,4,1,512,320
COCO_RECORTE_39.jpg,train,own_field,declared_by_author,c316897161034a4ba7c47ff2441c50a68894166d9258f67c563ed7682b29ed95,5,1,448,512
COCO_RECORTE_4.jpg,train,own_field,declared_by_author,1f54a2c36b2cefd8bd8dac55022d74d673333f2c1117166cd6ac3a37ffc7647f,5,1,512,256
COCO_RECORTE_41.jpg,train,own_field,declared_by_author,4c0c438b2dc8abb6e0de3e4ca6535e1c2497de6c3c7f7b9be8cd8095c25419d1,3,1,512,512
COCO_RECORTE_42.jpg,train,own_field,declared_by_author,715d625f6110c8ba7905621ff8256b51972688ed2e58d0e219d39e19b354feda,2,1,512,320
COCO_RECORTE_46.jpg,train,own_field,declared_by_author,5a91ba8810b2b971709aa603e76160429c86092c78d57943594ad33b0f993a24,7,1,512,448
COCO_RECORTE_49.jpg,train,own_field,declared_by_author,bfe8861c8ca7c5e926c43cf722c94aba235104c082b246c0d75e2dd161039a88,5,1,512,256
COCO_RECORTE_5.jpg,train,own_field,declared_by_author,a8adfe5abf79c7893572e02f059fde5d388dc0b46ff3bbd47583a302bd5d3a89,3,1,512,448
COCO_RECORTE_50.jpg,train,own_field,declared_by_author,94b3539b91b6aa257a57935eb86bb63aabbb96f06bce93c8698ca681bc354a97,4,1,512,320
COCO_RECORTE_51.jpg,train,own_field,declared_by_author,4da7216d4f20d5b1ea1c6fd215cc4f73c96bb39a9884dc3f8c0c8461d1af17c1,3,1,512,448
COCO_RECORTE_53.jpg,train,own_field,declared_by_author,bf9bb50921af0c7e7ba263e8733d0545e9a421c89903e3536ded439f0d1670c1,4,1,384,512
COCO_RECORTE_54.jpg,train,own_field,declared_by_author,ea07d76d4e4007441c89e7e2d41b8c20be8c09a7547fa5062fe8d1a6cffc5cd0,2,1,512,512
COCO_RECORTE_55.jpg,train,own_field,declared_by_author,078e319a53032af2ba786299d3e3933fede3134a31094c2b79c119e6569db0d9,2,1,448,512
COCO_RECORTE_56.jpg,train,own_field,declared_by_author,facc3f30a651f4d3529388225811f803ee56480d8bde99834524e131008282a0,2,1,384,512
COCO_RECORTE_57.jpg,train,own_field,declared_by_author,983724c7116ff50092623daa045f2b7454086ebfaf2e326b6e402c4cac790b4e,4,1,512,512
COCO_RECORTE_58.jpg,train,own_field,declared_by_author,f5d6da881bf7039bff97ea106fee42a5470d920580a79534077a11c9ab0e8d5a,4,1,512,384
COCO_RECORTE_59.jpg,train,own_field,declared_by_author,62349b4f36b18d77184fc5354c95a6a365fb9a26a2ba7ac2bd19cb1e02c41ec1,5,1,512,320
COCO_RECORTE_62.jpg,train,own_field,declared_by_author,303480af7b6834c1b0fce32b24a13a1e4333420f2ac5614c56e1740554f36f45,4,1,320,512
COCO_RECORTE_63.jpg,train,own_field,declared_by_author,08b0f4ec9d9dfa0a618f340dc580463b9fa502016d4842bc6af2322df460af52,2,1,512,512
COCO_RECORTE_64.jpg,train,own_field,declared_by_author,42ee9770a0ee864ee36a66c84d454b2b9df4d17061dabe50b48cc26f25ba92fe,2,1,512,384
COCO_RECORTE_66.jpg,train,own_field,declared_by_author,ed66dc94021023a1ea210be4f126e33445ef4f0c8a8947596c925e820a9e2961,2,1,384,512
COCO_RECORTE_67.jpg,train,own_field,declared_by_author,27a1e6bfdd26b4b2d23bedd63654e986b5741314aa10d56a3f822936d70ad7b6,3,1,512,320
COCO_RECORTE_68.jpg,train,own_field,declared_by_author,175e35f10d5e14a45fa5f27abbff71f05360782e1c194fc4e0e54dcb6a313308,3,1,512,320
COCO_RECORTE_69.jpg,train,own_field,declared_by_author,2e376e849b837dad17d7a1fe6ee53f5a7379748a307623c6303396bc39cb608c,5,1,512,512
COCO_RECORTE_70.jpg,train,own_field,declared_by_author,4eb4947b5840456a29b1a28da2229e53b5d4caa26f5a06c7e856494fe1155f8d,2,1,512,512
COCO_RECORTE_71.jpg,train,own_field,declared_by_author,52acd0557c19ef5b373a2922e9de4b24a71692e013b679a61d773e4a12e1afc8,2,1,384,512
COCO_RECORTE_72.jpg,train,own_field,declared_by_author,3f4af6825f8fcb611babff6aa8066bce8e337d757a1f03baeff06d2f652b9b35,3,1,512,384
COCO_RECORTE_74.jpg,train,own_field,declared_by_author,c9a71fee0087d9949655a10af3699b20b622d2fb1e5cc3a7703b8eb0cad4f0e9,5,1,512,448
COCO_RECORTE_75.jpg,train,own_field,declared_by_author,efb31763c29614896ddb32ada883e3038109e5f372b202ebb5978ef68ff31993,8,1,512,384
COCO_RECORTE_76.jpg,train,own_field,declared_by_author,1d21de57c827598372ba67c0fc89d0e1f04e8b82366be7a60ac95dd2bf87232c,2,1,384,512
COCO_RECORTE_77.jpg,train,own_field,declared_by_author,d555a9ecd934bec6c5849a474982ce8b23205d8ca12d9a236608500cbd53fa34,4,1,448,512
COCO_RECORTE_78.jpg,train,own_field,declared_by_author,1ab5602702f4cdc158fb1209f20b91b44c7f2c70e5829e0c893e977b506012dc,3,1,384,512
COCO_RECORTE_79.jpg,train,own_field,declared_by_author,c0fdfd5a1172466a22b0e62b20b15c7350004a998a0aa7b7e95dc070193b28c4,6,1,512,256
COCO_RECORTE_80.jpg,train,own_field,declared_by_author,52aec04f226349251941ed4f423489b258af03e8846b8a0d005c07bc9e49a25b,4,1,512,512
COCO_RECORTE_81.jpg,train,own_field,declared_by_author,0b430e14fd640cf5dad4064dac3a71e53acc80f5aeed918bbfd482090eb8fde1,5,1,512,512
COCO_RECORTE_82.jpg,train,own_field,declared_by_author,edbd8868e7def76f5a24cf80281e67d462b1ed3f2b90bb497972e162ca981c0a,4,1,512,512
COCO_RECORTE_83.jpg,train,own_field,declared_by_author,fb9689b5ddb102ecc211d0cc957a305497d4ae0abfe54986bb798eeefa47ec2d,3,1,512,512
COCO_RECORTE_84.jpg,train,own_field,declared_by_author,09d468ce1a5cae78babee6337304a726051ea5df80db15ddbd5abc932b578c38,2,1,512,512
COCO_RECORTE_85.jpg,train,own_field,declared_by_author,330257ec5ba12d654f64a39b7979f8c11cc5abda6fb352e4390fc758f608c829,5,0;1,512,512
COCO_RECORTE_87.jpg,train,own_field,declared_by_author,416e15dada3c0080ec374bf4c5b775008869070cf805d822573a08cd39e016cb,6,1,512,512
COCO_RECORTE_88.jpg,train,own_field,declared_by_author,27a383161576662b930fde983c041208c42cd72ce6b4ca9df818351356763c5e,10,1,512,384
COCO_RECORTE_89.jpg,train,own_field,declared_by_author,ff31b2f0d8319e99121b696eb86bcd565ed7797d9d0f0dd5bac2f50b8b0770e4,8,1,512,448
COCO_RECORTE_9.jpg,train,own_field,declared_by_author,2b03f36681e77d745d2cfaa13930aaf9c0b21c20b4b88139ea35d9454823f478,4,1,512,384
COCO_RECORTE_90.jpg,train,own_field,declared_by_author,303a876c458e69d43d91631b5463942d8a53f9a128b96dfe65e4b44fa3d27308,2,1,384,512
COCO_RECORTE_92.jpg,train,own_field,declared_by_author,443cb098fd98f26ccc0ad4a0e0a13a82545454ce6738c1d2f232e3dcc19c0594,7,1,512,384
COCO_RECORTE_94.jpg,train,own_field,declared_by_author,a75d127daab65eaafb4751d24fa5725cf1ec40b3b84f2587591c298bcd655a92,4,1,512,320
COCO_RECORTE_97.jpg,train,own_field,declared_by_author,68335b41f978178a55a34c0b540aaaddb01726f5a1aefd15f68fc1d3e0229eca,5,1,512,384
COCO_RECORTE_98.jpg,train,own_field,declared_by_author,8740ea4946c3b705898c0559fc936885dd8e94d604555a4ac018def28fc75be1,3,1,384,512
MINADO_RECORTES_1.jpg,train,rust_and_leaf_miner,declared_by_author,faff2e68cd668e283de82e5126a60bff8e077c481f1cc52187b5f6e83c3559f8,4,3,421,524
MINADO_RECORTES_101.jpg,train,rust_and_leaf_miner,declared_by_author,010e49a1308695d331fada23c9b682e16e38131fd633bee84f217e448d6f0502,4,3,492,490
MINADO_RECORTES_102.jpg,train,rust_and_leaf_miner,declared_by_author,913914fda8ec47a05f764e59ca81326ac70da45ce6c98b7512dec51869a45c75,4,3,490,492
MINADO_RECORTES_103.jpg,train,rust_and_leaf_miner,declared_by_author,22d2a2c3feb8403c7fe47ff2e0fe6a1aa4c959f94320aa07e2cbc685f247fdef,5,3,615,634
MINADO_RECORTES_104.jpg,train,rust_and_leaf_miner,declared_by_author,81cf425bca6c7317f97371e4ce58153d9ef90ba466e20ba03d64777504ffe198,5,3,634,615
MINADO_RECORTES_105.jpg,train,rust_and_leaf_miner,declared_by_author,45c58a88d745abf1ff7f8300b5e673e25dfd0d1b39c15408d8f8b1fbc2d1c7f5,3,3,561,682
MINADO_RECORTES_107.jpg,train,rust_and_leaf_miner,declared_by_author,af40102a5846a4ae4d6924bfb6baad17459441c99a70e59d2c94ab4706a0d1c2,7,3,376,831
MINADO_RECORTES_108.jpg,train,rust_and_leaf_miner,declared_by_author,f14e26957e3e5be9fad2bed9f594b86f3b1433960fd7aadba8755bd02f823fc9,7,3,831,376
MINADO_RECORTES_109.jpg,train,rust_and_leaf_miner,declared_by_author,696890de3df6f040ebb485ca928962c4f187016c3ae4444278227e1a850c6c53,9,3,581,669
MINADO_RECORTES_11.jpg,train,rust_and_leaf_miner,declared_by_author,25d4edc1ca8436653ca28da8a07219aeb417e84880b0606a13e94fea45260675,3,3,524,551
MINADO_RECORTES_110.jpg,train,rust_and_leaf_miner,declared_by_author,5cfc50cd16b268f0aef70d6de39d3c2029c5115f12ac5ad0c9f97e4e05448315,8,3,669,581
MINADO_RECORTES_111.jpg,train,rust_and_leaf_miner,declared_by_author,7ca5b5adac9923b0f9e9766c281439f8cf89d7265e9256c413325a9d723d2472,7,3,489,328
MINADO_RECORTES_112.jpg,train,rust_and_leaf_miner,declared_by_author,139d4aef52a21af731313c34f6f909e3b2f3b9d56729b67c23fa19481566efaa,7,3,328,489
MINADO_RECORTES_113.jpg,train,rust_and_leaf_miner,declared_by_author,24ff6f36886ec87b56f9643dea615c6a8c404e687b930107c3d5c43eea23028d,8,3,623,715
MINADO_RECORTES_115.jpg,train,rust_and_leaf_miner,declared_by_author,4149aba694cb1b8613b55208d74a953965cadf2c0d0fc344bd01eab0e297067e,6,3,631,585
MINADO_RECORTES_116.jpg,train,rust_and_leaf_miner,declared_by_author,a4ae3c4fc9d20ce86e27a8ed1eedfe2b7e2ac71ad983d25c3e2f43782add900b,6,3,585,631
MINADO_RECORTES_117.jpg,train,rust_and_leaf_miner,declared_by_author,196ad506ce541e34952927595bc5d81f9a5188f750c4be1c050c49f7dc785ad3,4,3,492,490
MINADO_RECORTES_118.jpg,train,rust_and_leaf_miner,declared_by_author,46d36fd478be8468520e60f6290f70aeb8a3244b0d5685d2e2704c362974e5d7,4,3,490,492
MINADO_RECORTES_12.jpg,train,rust_and_leaf_miner,declared_by_author,06e488ae51e3fae6b207359efecc1ef5fa2bf1c3f0ba901effd1e78e4d48b8f6,5,3,757,395
MINADO_RECORTES_120.jpg,train,rust_and_leaf_miner,declared_by_author,6e6a96fd3fb63545ce7a790c0540e8873e0c60c6cf505a7141ed1d995585418b,5,3,634,615
MINADO_RECORTES_121.jpg,train,rust_and_leaf_miner,declared_by_author,d0c776c39a713690e3c354ff94d4aef9b7d61864bad08d1c2bdaca313a6bbec7,3,3,561,682
MINADO_RECORTES_122.jpg,train,rust_and_leaf_miner,declared_by_author,aff7193e7cbe0c793ec6ac247dcd4e4f4ab2e9c858b141ef10db392cc2b347c3,3,3,682,561
MINADO_RECORTES_124.jpg,train,rust_and_leaf_miner,declared_by_author,3c42ce98704aabf7e140ddb843a6f90f0b9978712ac54f3f753860742e7850c1,7,3,831,376
MINADO_RECORTES_125.jpg,train,rust_and_leaf_miner,declared_by_author,7dfbb3b648b74348c6247fe313177b4352c8cb1c443a989b87b4e299a25624f4,9,3,581,669
MINADO_RECORTES_126.jpg,train,rust_and_leaf_miner,declared_by_author,0c8621c4a26004c6230c07aa6049e10adcca1cceec6825bd8189708b33b5700b,9,3,669,581
MINADO_RECORTES_127.jpg,train,rust_and_leaf_miner,declared_by_author,9b0c2252204af4f8d906fd33af4e1d0e7380a3d3979d19ef05b6303f421031b7,7,3,489,328
MINADO_RECORTES_128.jpg,train,rust_and_leaf_miner,declared_by_author,b25b1b193aca860385c77d0aefa9f56cbb4ca12ccb20a2ea13c138c996582af9,7,3,328,489
MINADO_RECORTES_129.jpg,train,rust_and_leaf_miner,declared_by_author,8f59851857e87c9003a62027a023568a86dfbdc67046b23b0ea062b579bc60c5,8,3,623,715
MINADO_RECORTES_131.jpg,train,rust_and_leaf_miner,declared_by_author,67c8c642278be13bf120e0c4f6e960a78e8888bd5c96397ff764548580a4893f,6,3,631,585
MINADO_RECORTES_14.jpg,train,rust_and_leaf_miner,declared_by_author,b6778fc1acf11502a3266d585a79867f92d8cd4bfb561c69a796d572bc902aca,4,3,449,345
MINADO_RECORTES_15.jpg,train,rust_and_leaf_miner,declared_by_author,05f0a297f8f3915498b5d1f20103a43de9cdbe137f16fe41c5761aba68804306,3,3,485,308
MINADO_RECORTES_16.jpg,train,rust_and_leaf_miner,declared_by_author,27011e61f12a12df06ac72096d15213d68d9a5bfb53d4c8a8273bc6242357c20,4,0;3,297,320
MINADO_RECORTES_17.jpg,train,rust_and_leaf_miner,declared_by_author,7ae43df9e20f16b2796476e647532ca2b6ffa58b3d72463ef50b33f76b9a143f,5,3,638,500
MINADO_RECORTES_19.jpg,train,rust_and_leaf_miner,declared_by_author,5b65e26db0b447c7cf99507fa1eae2c3d7cffba65b0eb7a5a1ff89e81e6c99ae,3,3,498,383
MINADO_RECORTES_2.jpg,train,rust_and_leaf_miner,declared_by_author,1d79bb80a26eed89d909e467629974db8f4a91ba838b5482d7226147493189e9,4,3,548,312
MINADO_RECORTES_20.jpg,train,rust_and_leaf_miner,declared_by_author,d075b99a63717dbfa58e831e7a2e41ace7523600ea42df393722b2d5ebafddc7,4,3,625,518
MINADO_RECORTES_23.jpg,train,rust_and_leaf_miner,declared_by_author,62004d7f883823459cfdb4909bb6f0e47b852ca4677c13fee6bcaee61794eb0e,3,3,802,338
MINADO_RECORTES_25.jpg,train,rust_and_leaf_miner,declared_by_author,1aa0297d044ee0efbff03d0b4e34dc327dcbd05b5d5633665226db5444ff1071,2,3,294,520
MINADO_RECORTES_26.jpg,train,rust_and_leaf_miner,declared_by_author,9a60384006ec0712112c791227f60c2420a18730a507fb6eaa9eaff06c192f00,5,3,555,500
MINADO_RECORTES_30.jpg,train,rust_and_leaf_miner,declared_by_author,afaa3add88f8af7ac63ffb76339bab0446371a233f01c38513d17a033f0923f9,2,3,520,241
MINADO_RECORTES_31.jpg,train,rust_and_leaf_miner,declared_by_author,1783dfe3c488965ee89a24e81d805d1575da1c60a7a2ebf34893cde104213db3,3,3,730,365
MINADO_RECORTES_33.jpg,train,rust_and_leaf_miner,declared_by_author,889808c0c9a5897e4d3b1797bc1abc2ac053ca199c711baaba256105438cea28,3,3,854,558
MINADO_RECORTES_35.jpg,train,rust_and_leaf_miner,declared_by_author,45c4d962e60786fbb31f58564dc96af443fdb3d19c74e17b86b53de9ae1edf5b,2,3,553,389
MINADO_RECORTES_36.jpg,train,rust_and_leaf_miner,declared_by_author,88f61f29118abb1bae444995e072f0fa543cc4c00860aa06a5e7bb4c755ac313,4,3,785,525
MINADO_RECORTES_38.jpg,train,rust_and_leaf_miner,declared_by_author,9633c63b7ca3cf11a10a50d293ee974194adcb94d8e20dcb2fd721d7f43bee18,2,3,386,438
MINADO_RECORTES_4.jpg,train,rust_and_leaf_miner,declared_by_author,843c1b9e1a97d8c2b511955805e52f15b4886e7b6a2f52398b0ae4d8cef28029,6,3,629,457
MINADO_RECORTES_40.jpg,train,rust_and_leaf_miner,declared_by_author,cb3dbc0a7442ebc9fe30eba67d81f141b51e9b826c4dea30122e65413688b43d,6,3,630,489
MINADO_RECORTES_41.jpg,train,rust_and_leaf_miner,declared_by_author,fda293fdd08f157ee39a01fdf35c5610a9f9db12767bab84592bf6797572a3de,3,3,342,291
MINADO_RECORTES_45.jpg,train,rust_and_leaf_miner,declared_by_author,35b777552997247aeaf81ad30480bbe8b36b83c3bb42e93c4f7a8bba6cd596f0,2,3,631,402
MINADO_RECORTES_46.jpg,train,rust_and_leaf_miner,declared_by_author,3ce3a0712bbd0038e5eada43839ea007f8c4f83f8db5fd3b359e224de4aead95,3,3,635,504
MINADO_RECORTES_48.jpg,train,rust_and_leaf_miner,declared_by_author,82f2a7e130e07d4cf0faaddc819529b358daf13b49e8430566c938c3f56e0eed,4,3,737,547
MINADO_RECORTES_49.jpg,train,rust_and_leaf_miner,declared_by_author,a735d4291e8f220cbb862a0948e0996e1d16ac156fdfe00a8fa85e1d612f866d,3,3,376,358
MINADO_RECORTES_53.jpg,train,rust_and_leaf_miner,declared_by_author,0c28cb882e1c384010f2211080e44c63d84d0047256de9b9a5d0c0111e4b2687,6,3,244,539
MINADO_RECORTES_55.jpg,train,rust_and_leaf_miner,declared_by_author,053520ff54875276ff3ba16cc360879d78e5b9ba5ca6707595008e55435a8eb2,3,3,390,447
MINADO_RECORTES_57.jpg,train,rust_and_leaf_miner,declared_by_author,ee971a827439e7b0a31d7e003ca0d9b89b076fc50c6b4931ece94d71e6838537,3,3,540,397
MINADO_RECORTES_58.jpg,train,rust_and_leaf_miner,declared_by_author,e2cbcebf272030f35f88c1456d8c7b95f0968a95980a32b66656b7b0a465f627,3,3,517,544
MINADO_RECORTES_59.jpg,train,rust_and_leaf_miner,declared_by_author,9dbab5b955cf9c10dc533fbf33772182037da0d672c5b508a82bcc2a8691f2ff,2,3,550,385
MINADO_RECORTES_60.jpg,train,rust_and_leaf_miner,declared_by_author,ce6f97408388114d78f9501d63aa22c99f99f806f7cdd440022ba697efe455fb,3,3,482,547
MINADO_RECORTES_62.jpg,train,rust_and_leaf_miner,declared_by_author,56550437aa51a18163969439444a3d8246b173bfa09f80c8b021e23f14d35601,4,3,378,528
MINADO_RECORTES_63.jpg,train,rust_and_leaf_miner,declared_by_author,0342ae8c9fd865d1fa005f36440611e6dd4df792164a9e80891cb2399580a9bd,3,3,461,592
MINADO_RECORTES_64.jpg,train,rust_and_leaf_miner,declared_by_author,1f9b04dcd609a0358580cef8b3570dea04c6868acffa2814b6517e7d4ce63a6e,2,3,742,356
MINADO_RECORTES_65.jpg,train,rust_and_leaf_miner,declared_by_author,adbc8bb30ecbb09261e0c8220c358f0ceb809710602cb0447ecd68b669710b5b,3,3,809,423
MINADO_RECORTES_66.jpg,train,rust_and_leaf_miner,declared_by_author,63b7699482e3a4133aa970f93967afc620675475dcd773d6d472d1b30b189209,5,3,560,570
MINADO_RECORTES_67.jpg,train,rust_and_leaf_miner,declared_by_author,367fa26eb35010f9e3f72b29d5b9f8ee70ab5b4ce9653cdff4c085d9e62878ea,3,3,453,555
MINADO_RECORTES_68.jpg,train,rust_and_leaf_miner,declared_by_author,35f2eff56d8966fe728178fc3201dfce0decc8a70c47613a5a377a4c7da1d8c3,3,3,477,552
MINADO_RECORTES_7.jpg,train,rust_and_leaf_miner,declared_by_author,a38ae63fb9bd139f6c9de9e3a1d613c32bfc4cabf2a96cd4f3785146788b9c69,4,3,705,419
MINADO_RECORTES_70.jpg,train,rust_and_leaf_miner,declared_by_author,7b9ef350a3a83a52beb089ce788cd52be860d870b0298ad3e2dcae202d2ab89a,3,3,585,328
MINADO_RECORTES_71.jpg,train,rust_and_leaf_miner,declared_by_author,0b46cc7ae783831fa38614c093d190e80067db3968a41351e15e10451dc25442,5,3,625,521
MINADO_RECORTES_72.jpg,train,rust_and_leaf_miner,declared_by_author,4e6f41e07ee06bc6e9041a6c135d4086583b017374205f3d88ca61bedc5e9fa4,4,3,717,484
MINADO_RECORTES_73.jpg,train,rust_and_leaf_miner,declared_by_author,8cb0c2a6a2b4cd5b631d78ffabf73011f0e33c9b58fae329545673c7b091eea2,2,3,573,357
MINADO_RECORTES_77.jpg,train,rust_and_leaf_miner,declared_by_author,8562f74217bdd0798993b411557d40098ec8c7bfeac2e1651906bf0802143ea3,3,3,560,552
MINADO_RECORTES_78.jpg,train,rust_and_leaf_miner,declared_by_author,aa8917656b7599cc18b83e872c581bb37bd9d08aa4404f5bf3a006e85d4f971e,3,3,382,603
MINADO_RECORTES_79.jpg,train,rust_and_leaf_miner,declared_by_author,b230059b23830d42b6a06e3b4ebd6b891e859c2378faca4684246d62fdd3665d,3,3,695,597
MINADO_RECORTES_8.jpg,train,rust_and_leaf_miner,declared_by_author,d554e0d91281217f4aa0c0f20cf2d2f1198c73f817004ead8f188834cb49d9a2,6,3,644,453
MINADO_RECORTES_80.jpg,train,rust_and_leaf_miner,declared_by_author,5d98821494074a9e33565edd649552a0ea1a64e9b22a0b4f52998745027a1635,2,3,393,428
MINADO_RECORTES_81.jpg,train,rust_and_leaf_miner,declared_by_author,ed631e22caeabfd2f4fa99ae14c7e7a886bdf6312c7b71a45474cf3aafd5c228,3,3,588,426
MINADO_RECORTES_82.jpg,train,rust_and_leaf_miner,declared_by_author,47b7704fded91c0c94ac12609305fb318169eff2b4d1e2e72120ff2e203be9a7,1,3,649,512
MINADO_RECORTES_84.jpg,train,rust_and_leaf_miner,declared_by_author,03b1ee4f58dc9a24f45593328fab9371f8ac660b378ffc5ed440f3e3308748b0,3,3,588,485
MINADO_RECORTES_85.jpg,train,rust_and_leaf_miner,declared_by_author,eaf349b2cb1fc993ce2922c7643b037bbe1d67d588f1ff944f92f0f7d77d82e7,7,3,741,494
MINADO_RECORTES_86.jpg,train,rust_and_leaf_miner,declared_by_author,44319ec0e3ecb80969cc50da65e58fd2a2d2481c145d6999a8d49e4961d6c511,2,3,434,564
MINADO_RECORTES_87.jpg,train,rust_and_leaf_miner,declared_by_author,7655aef9201d87fd92ff42e45036ff884919fe997ee1a1dd9f8ff0a92054242f,4,3,720,403
MINADO_RECORTES_88.jpg,train,rust_and_leaf_miner,declared_by_author,7b57f4622ddf79201f809c36f8b1de9a06c1c856b6e5256b434895054b68655e,2,3,737,467
MINADO_RECORTES_9.jpg,train,rust_and_leaf_miner,declared_by_author,0addf9bc8597635c7f58ac70d3ebc9cdd519e4f33e4ca4e2ae679d2900bb22ba,4,3,593,517
MINADO_RECORTES_90.jpg,train,rust_and_leaf_miner,declared_by_author,a1eaee39b9e1c770b2fb532b7be1b82311e2559e90ba9b233ac29fbf93bc8155,1,3,406,614
MINADO_RECORTES_91.jpg,train,rust_and_leaf_miner,declared_by_author,313befb86f103ab49a95fa9ba6d6515f630477d9d45a205b9b0305407fb6e7d0,3,3,769,536
MINADO_RECORTES_92.jpg,train,rust_and_leaf_miner,declared_by_author,833b321685df699b3ae49157336b4185a56a0dea419640e40bd8430d2aadfa8d,1,3,456,417
MINADO_RECORTES_93.jpg,train,rust_and_leaf_miner,declared_by_author,6d7e83f77179b31588a28683ba3aabe6a749f837cf104907990a194164f9e49b,3,3,755,591
MINADO_RECORTES_94.jpg,train,rust_and_leaf_miner,declared_by_author,8a7c8f58603b0258884b914f4015d7c39accce02b510777ebb926453c40e471b,3,3,506,416
MINADO_RECORTES_95.jpg,train,rust_and_leaf_miner,declared_by_author,0f52d9cf78e4e38ef5c3b27779a38da6726af019fd2d8f2193f34dd19aec415b,4,3,409,599
MINADO_RECORTES_96.jpg,train,rust_and_leaf_miner,declared_by_author,9e395d8841e9f1ba56a4cee0d110f3a04d2c3d7ddfff23dc3651e5d8840c0fff,2,3,475,558
MINADO_RECORTES_97.jpg,train,rust_and_leaf_miner,declared_by_author,58a1a9ff70d566d059aa0ca70b8554e6179abdecb7b9d75f9799f99029a388ae,3,3,526,575
MINADO_RECORTES_99.jpg,train,rust_and_leaf_miner,declared_by_author,7852fad70f37a1a27a780bc6021d55b306f969f891437df7eb4ac9788f727fa4,5,3,569,520
MINADOR_12.jpg,train,rust_and_leaf_miner,declared_by_author,f7aefeb3df753da578f40ee270398e0719788dda7850248bbfd953655a310cd0,5,0;3,448,960
MINADOR_14.jpg,train,rust_and_leaf_miner,declared_by_author,5399c7835df35c805a224966594521587465d36c8a254e160e88178ab526eec3,2,3,960,640
MINADOR_15.jpg,train,rust_and_leaf_miner,declared_by_author,14357c8f25f6f09ac7930455d459b59e9efc2860332627afb8aa3b6e6e71a9a1,11,3,960,512
MINADOR_16.jpg,train,rust_and_leaf_miner,declared_by_author,6505bc66ec9efd95fac7047ca43e53e098a64e2b9f3739d4e517fad40d27be57,13,3,960,512
MINADOR_17.jpg,train,rust_and_leaf_miner,declared_by_author,5f7ad14db37f3d46e1361019aac67d5abda6e505b5fc69c5dfe5d7af85dcb0f2,7,3,960,512
MINADOR_18.jpg,train,rust_and_leaf_miner,declared_by_author,7333e6e9143a70fc225fafd372efb4622bc2f1723db1d28b1e31dc7172b8d358,5,3,960,512
MINADOR_19.jpg,train,rust_and_leaf_miner,declared_by_author,f003fe51145b6522781974a64bb2ac9b9fc661963d5d6c61c9d53661d6e93bef,4,3,960,512
MINADOR_2.jpg,train,rust_and_leaf_miner,declared_by_author,65003e4a792383768504a0b30091351c9066e44b10e40c53867f4ab7193732fa,7,3,960,512
MINADOR_20.jpg,train,rust_and_leaf_miner,declared_by_author,23e28bb7fd8b33b90fdf1abfb1f0012e66bc55586251229e65d1ddc0b6a1e38e,4,3,960,512
MINADOR_22.jpg,train,rust_and_leaf_miner,declared_by_author,e825f558c83c134d0a1d8ff28ea604e11db5fdadba702c9fdaa891e44a20dbc0,3,3,960,512
MINADOR_23.jpg,train,rust_and_leaf_miner,declared_by_author,0cecf03694fab9dfaeeda6b4833534ed2cce38054219ef659720d26e3243e322,6,3,960,512
MINADOR_24.jpg,train,rust_and_leaf_miner,declared_by_author,5bf372386f71e05f77f2cfc65647dca694db16dd93cf9e71338d35f9ca8e18c5,2,3,960,448
MINADOR_25.jpg,train,rust_and_leaf_miner,declared_by_author,f6b42e258f65a15edb12066e51d3283ab7b5524897a8fb5b4875d6459afc524c,7,0;3,960,512
MINADOR_26.jpg,train,rust_and_leaf_miner,declared_by_author,911a149e12637441cbdf4a64841eb2f5a6c690e21c95cc13e1c4cb93a15b1c21,4,3,576,960
MINADOR_27.jpg,train,rust_and_leaf_miner,declared_by_author,d418981c47df5a9e0ce18523134ca92447089897581a4a28d063ccfd1d0e8f3c,10,3,576,960
MINADOR_28.jpg,train,rust_and_leaf_miner,declared_by_author,e2c7ccdc0d34a0cf0f8031226753cccb3a3ff53579a8d1f220096abe871fe19f,8,3,448,960
MINADOR_29.jpg,train,rust_and_leaf_miner,declared_by_author,eff69240078fc457de1a8c2507e4216f0c1e64cbeae8e729c7c2e3e24af6b1f4,5,3,512,960
MINADOR_3.jpg,train,rust_and_leaf_miner,declared_by_author,bf8a1bbf1106a46ee8895fa0e7765bcaf3bc1b3b566cd0f5da2d41cfe78c9d9f,3,3,512,960
MINADOR_31.jpg,train,rust_and_leaf_miner,declared_by_author,c2d8c3e90f35ffacbfb1c1a2b47ae8825717f3c0897f2717b75bfaa51ff188e7,9,3,512,960
MINADOR_32.jpg,train,rust_and_leaf_miner,declared_by_author,381522548742a994b09ef3389cfee9af687dab4517f8a725f62d4513a471b3a5,6,3,960,512
MINADOR_33.jpg,train,rust_and_leaf_miner,declared_by_author,adc9de8007babafc6ab6c833dbe1cdcdf70638155c9b35889fb6de7000ad1c3a,4,3,960,512
MINADOR_34.jpg,train,rust_and_leaf_miner,declared_by_author,06a534797514d30f7e23036d7375f5b3e9528dcb316bd8e83eeedab8a47edbcf,6,3,960,512
MINADOR_35.jpg,train,rust_and_leaf_miner,declared_by_author,433b73b6cbe4bb10066365cc9aea078e2324ccd65dfe5b1e2454692197dac0d4,6,3,576,960
MINADOR_36.jpg,train,rust_and_leaf_miner,declared_by_author,57f3de1b72444c35f06ab2d32dadefd6ec9fa28a98b44f53d60f0b22bf066c25,5,3,960,512
MINADOR_37.jpg,train,rust_and_leaf_miner,declared_by_author,e467e39e6d146495c6b7e8ef24b1fe7ada17dbbfe4f462f902e4bad7de838c18,7,3,512,960
MINADOR_4.jpg,train,rust_and_leaf_miner,declared_by_author,8aa3882a76acd6ff524ee9bfbdc583fa5ce4f52317f08e6b592c38618cef67c4,2,3,960,512
MINADOR_40.jpg,train,rust_and_leaf_miner,declared_by_author,3c8d17516f6ca8737c472c8d0ca943b6f2773a7a22ebe826aaec02f0593e5ed3,10,3,512,960
MINADOR_41.jpg,train,rust_and_leaf_miner,declared_by_author,8faa5b1c54b2dab2088c7275c7575a7b5c5cf0a6935c8ec628569680c68dfa0e,3,3,960,512
MINADOR_42.jpg,train,rust_and_leaf_miner,declared_by_author,018e932d6a28667b8d74bf325d199a617334dff3fa1aaa1fee840e6c05857537,11,3,960,512
MINADOR_43.jpg,train,rust_and_leaf_miner,declared_by_author,5ee50902284be353fb2d72a9f76cab1d7e4bc078096dec507dab0e337c6a5d21,7,3,448,960
MINADOR_44.jpg,train,rust_and_leaf_miner,declared_by_author,af701d119aa52b4c6be1522327f20129a481a4df236b64fe7e19099cb87ebd36,3,3,960,512
MINADOR_45.jpg,train,rust_and_leaf_miner,declared_by_author,60af45ddae3bd792afb4f7ee86d25571217283e93111d4804e5cbe634bc9e411,4,3,448,960
MINADOR_48.jpg,train,rust_and_leaf_miner,declared_by_author,3ad2a76713d0804114247f5f5066be12e60fc174659ff84b22f7707d92d786f0,14,3,960,512
MINADOR_49.jpg,train,rust_and_leaf_miner,declared_by_author,0a14fb73359804d5c9157dc85daf9b5714be719fe3894dcb2065514826f660c6,7,3,960,512
MINADOR_5.jpg,train,rust_and_leaf_miner,declared_by_author,b35bf2c0ce6000f04cbc789cb2f86e8169dabefd4c3f6dec87ecf1e8d2fee6ff,3,3,960,512
MINADOR_50.jpg,train,rust_and_leaf_miner,declared_by_author,e5a86a16f83218fe4d6ca762f920396d01916f205ed52234536233dfe1dc8dc9,7,3,960,448
MINADOR_51.jpg,train,rust_and_leaf_miner,declared_by_author,d03ebc87c15c9aaa044eb91a0454979558c70a694a0859252926e8d2da002b75,7,3,960,576
MINADOR_52.jpg,train,rust_and_leaf_miner,declared_by_author,2b8ff69e60c7bbe8ce39f1d775d4544e88f301d6374af4111e5fdb3f921031b2,8,3,512,960
MINADOR_53.jpg,train,rust_and_leaf_miner,declared_by_author,ea3038fbab1f72f691495d9acbb1f8642331d662315ba9fd9f08350073a4ef0a,7,3,960,512
MINADOR_54.jpg,train,rust_and_leaf_miner,declared_by_author,21dd016e3e2b9dfae5c319e4bba0798ae5944b92ebe6922f5ffe4f5e27fae27d,9,0;3,448,960
MINADOR_57.jpg,train,rust_and_leaf_miner,declared_by_author,cb710067a86549ae3bcb27171d8f8c76d51050bc9b1d7f0b68b684cc731aa60f,6,3,448,960
MINADOR_58.jpg,train,rust_and_leaf_miner,declared_by_author,01525c96107b752ff318158a0027e0be1a285f3fb049a67568a788429b018f5b,9,3,448,960
MINADOR_60.jpg,train,rust_and_leaf_miner,declared_by_author,fd221bdfe9016bc2bdb06c92178d449aee6b812d7bc65633eff9952579373262,3,3,512,960
MINADOR_61.jpg,train,rust_and_leaf_miner,declared_by_author,fc775138110d4f644621ca62e7d041771dd48876b7b72521f16781b437818ce5,4,3,512,960
MINADOR_64.jpg,train,rust_and_leaf_miner,declared_by_author,83f6574a4773fe6f4a481bd426ba37f9849eb00bfa3b8b5f8f498059cf379476,7,3,448,960
MINADOR_65.jpg,train,rust_and_leaf_miner,declared_by_author,bd7a62d0403a20a16839aa8ca3d28719714052fd27688dbbbaaba0e7544e7915,6,3,960,512
MINADOR_66.jpg,train,rust_and_leaf_miner,declared_by_author,8b6a034488ff23e2baf46592d4287c6a8f551b129301332442075ac02bdcac2c,12,3,960,512
MINADOR_67.jpg,train,rust_and_leaf_miner,declared_by_author,6f7058d2a528ea32b29ee40e52daafc689d967ea942b7dc64a7ddb992f3e6738,7,3,960,512
MINADOR_68.jpg,train,rust_and_leaf_miner,declared_by_author,13864881ba8050c4c43f50e96046a176fe46e3ef7a08ea5e9d11fd57bd7c3465,9,0;3,960,512
MINADOR_7.jpg,train,rust_and_leaf_miner,declared_by_author,938bf9365608565819da116aff8f505c6c0812c4b93b48e122ad61ca656669ad,7,3,960,512
MINADOR_70.jpg,train,rust_and_leaf_miner,declared_by_author,bb72bed23cc5ff7225a660d1187ae779dafdd9dc66e564c79d4e283d66815574,4,3,960,512
MINADOR_73.jpg,train,rust_and_leaf_miner,declared_by_author,836591cd59743a910e464dcda925904ab7b3c2a430bf7cf59ab973f8ade93e30,9,3,448,960
MINADOR_74.jpg,train,rust_and_leaf_miner,declared_by_author,57363f6b01442be0b254268b8ba1d450af9217e0385ac2b451404dee48459b15,3,3,960,512
MINADOR_75.jpg,train,rust_and_leaf_miner,declared_by_author,a06a4468fc0a37701d11cbc6b73325c56785c813ca91d8ba6f9ae8f0048973f5,9,3,960,512
MINADOR_77.jpg,train,rust_and_leaf_miner,declared_by_author,744e4f90f0435ad91840d548ff06789559cb62a51a09d39c97997727eee909eb,5,3,960,512
MINADOR_78.jpg,train,rust_and_leaf_miner,declared_by_author,5ca0d190bddb34533ad31a0cad40e64afd9e103af43f707b892aaeafe3e2d03c,3,3,960,512
MINADOR_79.jpg,train,rust_and_leaf_miner,declared_by_author,ad0afc80d3052923ecf9464d0693ea00e7a4e82055b5327272bb463994ed0017,7,3,960,512
MINADOR_8.jpg,train,rust_and_leaf_miner,declared_by_author,dfa14314bbf0634ddb8532301a09ff6a786664eafab86f9df129654d8bfc1e9d,3,3,960,512
MINADOR_80.jpg,train,rust_and_leaf_miner,declared_by_author,1996912576b2bb60b2c0c1d02d3c6770950f37af4ba07afd807a2b2decae567b,7,3,512,960
MINADOR_82.jpg,train,rust_and_leaf_miner,declared_by_author,62c99935d3ea3e5cc752487aa24659fe308cf34b59737051412b4b71c6db4e04,8,3,960,512
MINADOR_83.jpg,train,rust_and_leaf_miner,declared_by_author,8dbb17336b06c53d7f84a288fa4f17f43c528135b2a41124a286d7db4e098ba2,9,3,576,960
MINADOR_9.jpg,train,rust_and_leaf_miner,declared_by_author,6994545b8bf726e9f1879587d46746acaac2514b31bed280bea13fc68ee6228b,6,3,576,960
MINEIRO_0.jpg,train,rust_and_leaf_miner,declared_by_author,54770d37b626c5672020ad14ff277926c2aa1f4252844481a5933de269eb8717,8,3,960,512
MINEIRO_1.jpg,train,rust_and_leaf_miner,declared_by_author,098eaba454b7ee96b6cb222b9c75f4419402c0e10120c214e7dbe450de84e16b,14,3,960,512
MINEIRO_10.jpg,train,rust_and_leaf_miner,declared_by_author,3b0debc1076f06442b8b695b938222b005998b376e7405a906afb92c28a9b9e5,2,3,640,960
MINEIRO_101.jpg,train,rust_and_leaf_miner,declared_by_author,e2df5f4ad74daf65b60e474a2acf4a87ebc087f598d85a82e9b3836d407890ae,1,3,704,960
MINEIRO_102.jpg,train,rust_and_leaf_miner,declared_by_author,91fe9a02481862808568e21b7cac97e6df0ca360b642560720db55326e52cea9,1,3,960,704
MINEIRO_103.jpg,train,rust_and_leaf_miner,declared_by_author,ba95c1d6c9fa463394d19122e4171b028795eecc9a740d67159e3fc04eb4b5fc,9,3,960,512
MINEIRO_104.jpg,train,rust_and_leaf_miner,declared_by_author,2e00f8b90c051fbe5a426d1c8d34b86a1d2f170e913284065286a94166f0bc0d,12,3,960,512
MINEIRO_105.jpg,train,rust_and_leaf_miner,declared_by_author,f69255c7b0ed63e08de2e93f744ac999dc99316465fb5fee637b5a7de3a99f29,10,3,512,960
MINEIRO_106.jpg,train,rust_and_leaf_miner,declared_by_author,fd7122e4364c85786097df15babd3d187a5091171af7a72e542d3473e0b09b31,7,3,960,512
MINEIRO_107.jpg,train,rust_and_leaf_miner,declared_by_author,6d70f6327a5960c767718b30b0fc7adea98a7ef75be1a5c44f4a5b62bc576f14,6,3,512,960
MINEIRO_109.jpg,train,rust_and_leaf_miner,declared_by_author,5b475f6c51a2dbda2fd03ec72042c0175a558825a7aef1a00fb526fa70296c17,7,3,960,448
MINEIRO_11.jpg,train,rust_and_leaf_miner,declared_by_author,3ea4c1bbeeb5a78e9c1cdf5ea4682f00aa9bb6fc64db24b4335ffd31a03a0058,2,3,960,512
MINEIRO_110.jpg,train,rust_and_leaf_miner,declared_by_author,2a7ff2d3e6e7a6bf7441a79c8c8f3e03bbc2eae06b4ee6ceecb8286461e9a9bf,3,3,512,960
MINEIRO_111.jpg,train,rust_and_leaf_miner,declared_by_author,5062f7a406e3de08c2d7677ae99323c17d35051549f3da35760eb4cec7d98706,9,1;3,448,960
MINEIRO_112.jpg,train,rust_and_leaf_miner,declared_by_author,e8235dadd0ed981e2f0552052e7a92d02677c12fee8809816bac4813adda4bb6,14,3,512,960
MINEIRO_113.jpg,train,rust_and_leaf_miner,declared_by_author,d1fd7946394bac23404a7919f6670416cd0c856a35e150af1de08b600fc927ee,11,3,960,512
MINEIRO_115.jpg,train,rust_and_leaf_miner,declared_by_author,9717214fddc41daa381ffb571d41374d9b34177730d96ca6c31298515ecdd9e3,9,3,512,960
MINEIRO_116.jpg,train,rust_and_leaf_miner,declared_by_author,0d26d69aadec5c11347d5157dd6cdf6dc2beef3c382abbc845b0fea0af4c9c5f,2,3,448,960
MINEIRO_117.jpg,train,rust_and_leaf_miner,declared_by_author,532095fae3ac1a21dffa9cfe5a6d0f45a5e076b8c133cead04168d8dac1b7f66,6,3,448,960
MINEIRO_118.jpg,train,rust_and_leaf_miner,declared_by_author,2db743b75c452e93409483ed8e9a0c22f1db44f7bff980540a9c3963604280e1,3,3,576,960
MINEIRO_122.jpg,train,rust_and_leaf_miner,declared_by_author,6855c486203964a7fc6c630e84603b3cc0af631d2f302469d84fc5cb9d0baa11,10,3,512,960
MINEIRO_123.jpg,train,rust_and_leaf_miner,declared_by_author,c06f74c2d05059671d3e1714c1b9e9f567d2f43b80b407875f3e967afea18dd8,6,3,512,960
MINEIRO_124.jpg,train,rust_and_leaf_miner,declared_by_author,4dcf896f730a9fd7618d53a4e53b32b4da812130f4a8bae45a98ac5c5795f123,3,3,512,960
MINEIRO_125.jpg,train,rust_and_leaf_miner,declared_by_author,497d16ebdb3264b00a4a1013b1f7d8f5c2f099a7032846a73aa4275bbb164d16,9,0;3,512,960
MINEIRO_126.jpg,train,rust_and_leaf_miner,declared_by_author,e1fa69d98532a207ebd032f87eca1c1c31fa976a26cf78637f9964b924e42e89,5,3,960,512
MINEIRO_127.jpg,train,rust_and_leaf_miner,declared_by_author,27ef27555a303fc944c031f5a6ad63bf4002b5c9a109fa3d9a1e66a862d57b54,11,3,960,512
MINEIRO_128.jpg,train,rust_and_leaf_miner,declared_by_author,e6df7401ea7e654e1da339019f5323aae4706af33c6967689e0d762840c4c2df,10,3,960,512
MINEIRO_130.jpg,train,rust_and_leaf_miner,declared_by_author,9075b1ea8245e99b1f4131df02982748acd6db9c98741b2f746627804f48a53f,7,3,960,512
MINEIRO_131.jpg,train,rust_and_leaf_miner,declared_by_author,4f41c9630a4042e3dc5f330d324bf2c72c6853a379881e7c00dcc9c62ea454a9,8,3,960,512
MINEIRO_133.jpg,train,rust_and_leaf_miner,declared_by_author,d411f6e440b4a4cec003205bb1f0bd142e34ec001ff16616c0b5d859f3167607,6,3,960,512
MINEIRO_134.jpg,train,rust_and_leaf_miner,declared_by_author,1a1effb9d8eb50c9e5dc366f206d0b2691e868661fba5091707ce4e1dc49685b,6,3,960,512
MINEIRO_135.jpg,train,rust_and_leaf_miner,declared_by_author,b8218a6a26649480ca92d35333eb265da2de5ff9a0465815da9cde3d8b190183,4,3,960,512
MINEIRO_137.jpg,train,rust_and_leaf_miner,declared_by_author,d8453ae6ca228993bf1b636fc25287de017a7de704a333de9a5cead8ab7d8e88,3,3,576,960
MINEIRO_138.jpg,train,rust_and_leaf_miner,declared_by_author,9335725c91ad089416fb702c36702f440156ef907cf7ad140537dc02e95b0b0c,10,3,512,960
MINEIRO_14.jpg,train,rust_and_leaf_miner,declared_by_author,7b6b8b34b0308974abd8a2ee23fc3a130b5cb84f21005dd7927d973ce144176d,3,0;3,448,960
MINEIRO_140.jpg,train,rust_and_leaf_miner,declared_by_author,ed3861c4bab7313dd9ac43c1342f69a910c0096f29cb655077e35018a98f4908,10,3,512,960
MINEIRO_142.jpg,train,rust_and_leaf_miner,declared_by_author,fb9d8767a7241c229ac44a9b22f31db30a74a04a11931c6dcdbd4d9f1fa1386f,5,3,512,960
MINEIRO_143.jpg,train,rust_and_leaf_miner,declared_by_author,0aa2b9f5e46f796ce1668e2f392bd0761e5f44a1eb71ace05dd51d8a75718c21,7,3,640,960
MINEIRO_144.jpg,train,rust_and_leaf_miner,declared_by_author,0f3b5e905d42326d7a8c90e4364a10597c87bfcc6e79b55c2f90126df6de3972,6,3,960,448
MINEIRO_145.jpg,train,rust_and_leaf_miner,declared_by_author,c380de8d04bd913a68b93f99e7438a537e925d472eaabd8d427ab520f28f649c,5,3,960,512
MINEIRO_146.jpg,train,rust_and_leaf_miner,declared_by_author,9e19e010a90d2db7eabae7e2a5d2a9090daaa73f7d4c66d3258273639f0900a1,9,3,512,960
MINEIRO_151.jpg,train,rust_and_leaf_miner,declared_by_author,dac4c1d528e6292fba3374f92ff81bb99fc41865d8be1a44ae3a6eca931fa487,2,3,960,640
MINEIRO_153.jpg,train,rust_and_leaf_miner,declared_by_author,3e969643fa500a5692dcfc418fa361a158c4a15de96270e60d0f5f1960610316,7,3,960,576
MINEIRO_154.jpg,train,rust_and_leaf_miner,declared_by_author,03b697fa6ac4a7edd5b492925520321733c1a8cb83fc7ebcbc535314704d00ab,8,3,960,512
MINEIRO_155.jpg,train,rust_and_leaf_miner,declared_by_author,954d53b2a0a1ad6b63c601fcbe8d8669afe2f5bbaf211d7850ecf7f550894ca5,9,3,960,512
MINEIRO_156.jpg,train,rust_and_leaf_miner,declared_by_author,242a9c17880fc1d51f8c4d4edd0f8f0a864d6bbf69ffe3b3f2282fb6d913e064,10,3,512,960
MINEIRO_157.jpg,train,rust_and_leaf_miner,declared_by_author,2690ca7def0ecfdedd919657cb8004a84d242a941c4539312218245b82f91234,5,3,512,960
MINEIRO_158.jpg,train,rust_and_leaf_miner,declared_by_author,132a2eef08c6f33fb9c68b1810e90cff5ebf1cd5b5a6559d3577f8e9a4974db6,3,3,960,512
MINEIRO_16.jpg,train,rust_and_leaf_miner,declared_by_author,4bd392d59c854273a1482e6589f88a4f029ed60e2c3dbb87884db57ddca3c1cc,3,3,960,576
MINEIRO_160.jpg,train,rust_and_leaf_miner,declared_by_author,8fe5b98ccded275e9aac527fa30a71cbca24def32cfdfd457661cbff656b35b2,8,3,960,512
MINEIRO_161.jpg,train,rust_and_leaf_miner,declared_by_author,59f924d3b9cf1d2c63a7089173291f5aed108a503fa9fcb30cb9e7fe4bda406c,8,3,960,512
MINEIRO_162.jpg,train,rust_and_leaf_miner,declared_by_author,cc4830a0a6b21ce3eb11168021ebccd35b97d8fcc2dcc6183a0373fce76fa91b,15,3,960,576
MINEIRO_163.jpg,train,rust_and_leaf_miner,declared_by_author,6fda872b91876ee2012ee98fa9f4153f40ae0fe1441544c0b1bbeb67ccab9f75,5,3,960,512
MINEIRO_166.jpg,train,rust_and_leaf_miner,declared_by_author,9de91ce3f06d658ac3661a923ba1cddbb51460d9b9de02068aa455ffffac09aa,11,3,960,512
MINEIRO_17.jpg,train,rust_and_leaf_miner,declared_by_author,db1bf145520fabf1503321630e165a23a020ed4d7a526123c5fc48c671c31c54,12,3,512,960
MINEIRO_170.jpg,train,rust_and_leaf_miner,declared_by_author,788122cced0a06e02c73cc7f735db15359c470a02088f3e2e5608a1f40091758,1,3,576,960
MINEIRO_171.jpg,train,rust_and_leaf_miner,declared_by_author,5896df17911a95ada7220e2ecf06a92c94ef6ca19695fa43835437ba7d7527e3,9,3,960,512
MINEIRO_172.jpg,train,rust_and_leaf_miner,declared_by_author,bf6bec48d88ae44cf169e563b236757e0244cdf7887f4fa2bb82268d044f3974,8,3,960,512
MINEIRO_173.jpg,train,rust_and_leaf_miner,declared_by_author,d25a787ce5db31a511b46377f9bd933258971faa912940728ba04a19ddc5e749,3,3,960,512
MINEIRO_176.jpg,train,rust_and_leaf_miner,declared_by_author,509fb4a0de7e3ec2eb3cd97ca59dabcb653756e816435d464fe9deabbe777d7c,5,3,512,960
MINEIRO_177.jpg,train,rust_and_leaf_miner,declared_by_author,519d55d0e8b386bdb95f656a97af98346673fe21b90e47764158976470b13b81,9,3,512,960
MINEIRO_178.jpg,train,rust_and_leaf_miner,declared_by_author,6519658a3d858024501cbaef5157a6bd12e907f20db9817006d8b89e193877dd,8,3,512,960
MINEIRO_181.jpg,train,rust_and_leaf_miner,declared_by_author,0567f6b45edae4cecd3d18fca2e6671bc2feb91de436804522a008347be7ee35,9,3,512,960
MINEIRO_182.jpg,train,rust_and_leaf_miner,declared_by_author,fb0750864b30ce9d0de835a271ef6abf413fedd7616e0c9da0c4a358f7b15421,8,3,512,960
MINEIRO_183.jpg,train,rust_and_leaf_miner,declared_by_author,51120a027a4c38475a603b30b57e5c254f6e6871337fa1b348de0a9ff90cd9ea,9,3,448,960
MINEIRO_186.jpg,train,rust_and_leaf_miner,declared_by_author,92c70401cd2ff774bd4bf50e8b2035b669aec0db596594323c52003873314205,3,3,960,448
MINEIRO_188.jpg,train,rust_and_leaf_miner,declared_by_author,02f4c13640272d8460e9a6dae01aac63bed99364249d293ab953d76af17ce53c,7,3,960,512
MINEIRO_189.jpg,train,rust_and_leaf_miner,declared_by_author,de8a7a55d7a8cbad38e05de04c6e85587f7352dd8f13a58d15ce660fe7fcdcac,5,3,576,960
MINEIRO_19.jpg,train,rust_and_leaf_miner,declared_by_author,cebab74bf3d85262a5cdedd8d735f9a236424381359b9b86d534a1c7f3dec4fc,12,3,512,960
MINEIRO_190.jpg,train,rust_and_leaf_miner,declared_by_author,cd7ecf483d843e676c7f36afe9eec7abc0c19de340e6054db174956d76c7f10b,3,3,960,512
MINEIRO_191.jpg,train,rust_and_leaf_miner,declared_by_author,a3c52eb57212f46b66e13da2611c8ba2e784e3db51ccf01b28726cd223857bae,5,3,960,512
MINEIRO_192.jpg,train,rust_and_leaf_miner,declared_by_author,5e4c5c13e1bcc259d4e90a780f15770fdd3c98358619a8cf86fe4491823c9a46,10,3,960,512
MINEIRO_21.jpg,train,rust_and_leaf_miner,declared_by_author,ad1aac0353f590216505de8fbbfd4a4a355f765a93514aa91e34e95e5dc32ff5,5,3,960,512
MINEIRO_22.jpg,train,rust_and_leaf_miner,declared_by_author,5ce943e5aba5e4e5221979ff444de8569ac327446a35bfcd597dee02b25b5539,7,3,960,576
MINEIRO_29.jpg,train,rust_and_leaf_miner,declared_by_author,bb17ffca33a0cc90d43903c1993607e103cb49884a459889b6c0d6dfcbfa8540,5,3,640,960
MINEIRO_3.jpg,train,rust_and_leaf_miner,declared_by_author,87104af6dcd0d98514800c6034728ac02fd0577b50ed58a56907f5411092e814,5,3,960,448
MINEIRO_30.jpg,train,rust_and_leaf_miner,declared_by_author,3eaae137ced8bfc7dca6c3f6e826c60db1336f76716eb09dfd92004a6217bb52,5,3,960,512
MINEIRO_31.jpg,train,rust_and_leaf_miner,declared_by_author,0703267d072787cc216c85bcd53cc1785735db5c6e5d8a0614ae56fe364325f1,5,3,512,960
MINEIRO_32.jpg,train,rust_and_leaf_miner,declared_by_author,ea3addaba3bb970ef834b37b45c78eafeb7eaf721fafb447cb24195f6a8b13f3,4,3,960,512
MINEIRO_33.jpg,train,rust_and_leaf_miner,declared_by_author,0b70099db5a3f352ada5f9797377d303d0d2b5d736d624ba17409f2c691f3f4f,4,3,512,960
MINEIRO_34.jpg,train,rust_and_leaf_miner,declared_by_author,64d95922f5d516a8fc833153e635664116c7e5d8ef620b76007e8c7ff42edc33,3,3,960,512
MINEIRO_35.jpg,train,rust_and_leaf_miner,declared_by_author,397ebaba3ef9aa5e46a5baacfebbf4aecf33da03c7f99ee4c9fb630c842f838b,4,3,960,512
MINEIRO_36.jpg,train,rust_and_leaf_miner,declared_by_author,345a4146741f15225452066fff9ed219d386ac5f9b5728815480f276e033efe0,5,3,384,960
MINEIRO_38.jpg,train,rust_and_leaf_miner,declared_by_author,734efd492cc3b9e6bf23c2136c125222a15ade7acb66a7f4525875c4eb164ff2,5,3,960,512
MINEIRO_39.jpg,train,rust_and_leaf_miner,declared_by_author,eb8f1fd954a6904eac35e20d40a44b8dd26bc10706a120ebbe0b90a9b04837d2,6,3,960,512
MINEIRO_42.jpg,train,rust_and_leaf_miner,declared_by_author,982b914df93d4a195fb900e978e3159561ce650b2cde5ff9d7f94bf9b50d73b3,4,3,512,960
MINEIRO_46.jpg,train,rust_and_leaf_miner,declared_by_author,a600467f3f92a6e6715138113f89f3fbcf1d4be20c3727b739fdf1a1279aeaf5,5,3,960,448
MINEIRO_5.jpg,train,rust_and_leaf_miner,declared_by_author,1d7927e54f096dfc7a85fc540f68b59a9f7c70564960259a57a397b22045eefc,2,3,960,448
MINEIRO_50.jpg,train,rust_and_leaf_miner,declared_by_author,15439eff48e180fc0a0ae890432d48d63fc42760a65fcfb70e77196c1150221d,8,3,512,960
MINEIRO_51.jpg,train,rust_and_leaf_miner,declared_by_author,42628272a2c7acad6024acc65de459b46a2c095a348ccc3a5c24c0903ce7b702,11,3,960,576
MINEIRO_52.jpg,train,rust_and_leaf_miner,declared_by_author,aa364f1c277073899e88305e5c0f901969eb487ed4b02382017e1a2b317fd824,7,3,960,512
MINEIRO_53.jpg,train,rust_and_leaf_miner,declared_by_author,07f5f9c1a16018a81c2eef881fc17dcfbf332068ebd6fc7ec1947c9758511d3f,6,3,512,960
MINEIRO_54.jpg,train,rust_and_leaf_miner,declared_by_author,5d878223eede36c445421bbdad22141f8ce2535a478a4a86e6d1ee516f4e16f6,8,3,448,960
MINEIRO_55.jpg,train,rust_and_leaf_miner,declared_by_author,821274a0f4334a936f84edcdbcaa29cd2aa03da0f13bad6747f06c881a55249c,2,3,512,960
MINEIRO_57.jpg,train,rust_and_leaf_miner,declared_by_author,a7c6278d801ee963fda494a39aaa860c09322d9712f153a6b9dd2654ff95e35c,13,3,448,960
MINEIRO_58.jpg,train,rust_and_leaf_miner,declared_by_author,aea1859ef88a6a5bed978876bd33c7217def43778d480a318cbf813323444439,6,0;3,960,448
MINEIRO_59.jpg,train,rust_and_leaf_miner,declared_by_author,0982585b28a3e7b5638300ef6b0480afd811fbf51aa8c81bde9ac62ecfb715df,7,3,960,512
MINEIRO_6.jpg,train,rust_and_leaf_miner,declared_by_author,d1a2857475d125dfab962dfedc49bb596a2eb28bfc2d49cb8ec9bd9f0686dbbf,8,3,448,960
MINEIRO_60.jpg,train,rust_and_leaf_miner,declared_by_author,6f577dd79a72e9745cc97c1ea7be51b0e018ddc192a7caf136cb8570213b644e,3,3,960,512
MINEIRO_62.jpg,train,rust_and_leaf_miner,declared_by_author,319729b5ae7832db2a78399225217659a5f25519d7a6c774d05c59dd89bf4e22,6,3,512,960
MINEIRO_63.jpg,train,rust_and_leaf_miner,declared_by_author,8a8d12f0fd42f73849897c04cf21f6fd7bbfd93b1aea51e57a6d381945f5f1d4,12,3,512,960
MINEIRO_65.jpg,train,rust_and_leaf_miner,declared_by_author,cea6cb269bcd5de2c0f2fe09b2a7bee913d318a9c489f9747240807bc4f6063e,5,3,960,512
MINEIRO_66.jpg,train,rust_and_leaf_miner,declared_by_author,c9d2b0ad0f0842fb0774de43607fcae117fd6d8faa49199faf59173472216dc8,4,3,512,960
MINEIRO_68.jpg,train,rust_and_leaf_miner,declared_by_author,d7001b502f9d18c82c5bf60eea1828a7144c6dc07d7ab0733bfc610c50b0cbce,3,0;3,960,384
MINEIRO_69.jpg,train,rust_and_leaf_miner,declared_by_author,efd3f8faee21de074e18b4ae3f89e1c643dcd3667e6a3bba779ade3522c801db,8,3,960,512
MINEIRO_70.jpg,train,rust_and_leaf_miner,declared_by_author,5ceccb27e7d8ad060ad1fd7fea0b17875514a61f54d7d162bbd40cd04e72ca13,9,3,960,512
MINEIRO_72.jpg,train,rust_and_leaf_miner,declared_by_author,6918f71637b4e1f470e28a6cff2ffb21e6bd8699cb51cb032a4fe5764bfa86e1,11,3,960,512
MINEIRO_73.jpg,train,rust_and_leaf_miner,declared_by_author,ed1f482539b44cb0eb48d612cc529ba80187c008cde0150f01d6e119e0da5a96,9,3,512,960
MINEIRO_74.jpg,train,rust_and_leaf_miner,declared_by_author,50c57e31ac5746960398573c42dca9bc4f6be54273acebfe733e46e1bd1ed25d,16,3,960,576
MINEIRO_75.jpg,train,rust_and_leaf_miner,declared_by_author,2384a180d15b98ae54c0e9c8558660734b6196d306f689598b7b8e0e659a7388,5,3,512,960
MINEIRO_76.jpg,train,rust_and_leaf_miner,declared_by_author,cc43d8e824cd4d62545e70c8a3be65404248425e3dca0dbe5023115d7271317d,12,3,960,512
MINEIRO_77.jpg,train,rust_and_leaf_miner,declared_by_author,d098a83caccf534159bc0c7cb9262ea592932c5c4987cdff3f86ed776bf9acf1,11,3,960,512
MINEIRO_78.jpg,train,rust_and_leaf_miner,declared_by_author,ee2ed66e1007980686cef02609603552a8195008da7c61c5b1d4c13c7951e536,4,3,960,512
MINEIRO_8.jpg,train,rust_and_leaf_miner,declared_by_author,3fd9cf718d4da72620c37cea4839dc10eda4e859c332d1ffc60e96ffe315f966,13,3,960,448
MINEIRO_80.jpg,train,rust_and_leaf_miner,declared_by_author,9bfec8c669a09003c6be376bf1fdada0ace64975ef8921247e5983ba765b17b7,7,3,512,960
MINEIRO_83.jpg,train,rust_and_leaf_miner,declared_by_author,a8d7be2cc57b75b6c477f39578d20d8da528a3eb7ad4f02490f4819bc01c2fe9,9,3,960,512
MINEIRO_84.jpg,train,rust_and_leaf_miner,declared_by_author,c1d05049e6408c613b7c559021092fe17feab1cd85d1b216b3a14b8857aa1bbc,2,3,640,960
MINEIRO_85.jpg,train,rust_and_leaf_miner,declared_by_author,370a2b95198411b370afbc5cdad43de7fcccb43c0ae5bdb5fd8669db6fa8e69a,4,3,960,512
MINEIRO_86.jpg,train,rust_and_leaf_miner,declared_by_author,5443c0dab81d1a5b274a5f51ef2c23503c4cca1b8f601202a4ea93e84fae9ef9,13,3,960,512
MINEIRO_87.jpg,train,rust_and_leaf_miner,declared_by_author,f36d4ac39009ac6b07d48e7dbd5740e8a2cc84fdf834cf488fbb2900e65ffe0a,4,3,960,512
MINEIRO_9.jpg,train,rust_and_leaf_miner,declared_by_author,dbc6191e66880748cbca4fc21f452291a127326c138cc01cdf240f109b6402d9,3,3,960,512
MINEIRO_90.jpg,train,rust_and_leaf_miner,declared_by_author,7b67407fba9dd73bf445d1498c76e78e0cae5f14e25caf494cfa323750b2154f,7,3,512,960
MINEIRO_91.jpg,train,rust_and_leaf_miner,declared_by_author,bdf845ee94eb2ddb954dc235fe907653512cf50fbf639f7d3b1ac04e430e62e3,11,3,960,512
MINEIRO_92.jpg,train,rust_and_leaf_miner,declared_by_author,6b5b09aa1c00b5e5331f4f95bb9649bac73b3ebeaa42ec272e5b3b7ba76d263a,13,3,960,512
MINEIRO_93.jpg,train,rust_and_leaf_miner,declared_by_author,81c093e55c494b83d185e7d4db8787c3d9f03a919fb900809141cf20ea80d668,7,3,512,960
MINEIRO_95.jpg,train,rust_and_leaf_miner,declared_by_author,cfb1272457bc0ee6379353855d44ed5138838cf8544d41e73393e5ec583b5e23,2,3,960,640
MINEIRO_96.jpg,train,rust_and_leaf_miner,declared_by_author,70951e7b1a8c71e563e5e87229d7f3e7dbfd190abcf9a7fea8564129887f503b,8,3,512,960
MINEIRO_97.jpg,train,rust_and_leaf_miner,declared_by_author,5a682a40889b58a5b43738a96c26c84e65d56500f8bf3414e854dc8fcf8faecf,6,3,512,960
MINEIRO_99.jpg,train,rust_and_leaf_miner,declared_by_author,d4c2cc984b1316f7bc0b78693794a4101211a5fbe3de116dba4caf01b97cf37b,7,3,512,960
ROYA_FONDO_1.jpg,train,rust_and_leaf_miner,declared_by_author,1b609945dbabea29ca5b092a916a2f3f326d5b15022ee12e904b4b44ea0b1a4c,8,0,960,576
ROYA_FONDO_10.jpg,train,rust_and_leaf_miner,declared_by_author,ebfebaf80dd078febfedf8583a5cdb45025b0ea4adebaf29bc1caa1c906f0e06,30,0,768,960
ROYA_FONDO_12.jpg,train,rust_and_leaf_miner,declared_by_author,f7e046fbca6793c1f315019df41721eabc2789f2476aa95f5fde1db3530b865e,6,0,960,448
ROYA_FONDO_13.jpg,train,rust_and_leaf_miner,declared_by_author,392a29c000ac163132d5350ec915228b03bc0fed499ab111429fc71dc3fdf7e5,1,0,960,448
ROYA_FONDO_14.jpg,train,rust_and_leaf_miner,declared_by_author,a8d469710b11ae0eeefbd05355950d9f2d3402639b5df2076509cb4e8de76f08,12,0;3,640,960
ROYA_FONDO_17.jpg,train,rust_and_leaf_miner,declared_by_author,203c19135d57a53f806f8e4e484d237bf09ae20fff1a1a36e3e35822cb6677fa,11,0,960,512
ROYA_FONDO_18.jpg,train,rust_and_leaf_miner,declared_by_author,e67c299cb6b4cabe070cc1fed8f446a3610bb95d65142c8ef6b27b931714c513,15,0,960,512
ROYA_FONDO_19.jpg,train,rust_and_leaf_miner,declared_by_author,992a2716edb9076c5bbc06479f655dc047a00aebbe5fb440001b91642a2f2060,2,0,576,960
ROYA_FONDO_20.jpg,train,rust_and_leaf_miner,declared_by_author,19e56c4c1969282606fc91af9ff2ab5cf265d14fbd8fad0da9f098a662a04cb9,15,0,960,448
ROYA_FONDO_21.jpg,train,rust_and_leaf_miner,declared_by_author,c543cda29b8e367b3af74ca273c9cb2a4664161d9105b1c33ae481a688277ed2,24,0,576,960
ROYA_FONDO_22.jpg,train,rust_and_leaf_miner,declared_by_author,8866ea4ec0e05d70c12daaefd98db4289689aa2b6ea3943edd2a1c4ab1a88f2c,3,0,512,960
ROYA_FONDO_25.jpg,train,rust_and_leaf_miner,declared_by_author,7b24b18109116f557dd5607e22bfc61dc30119cbc622d6673dc5979e92bfc402,16,0,960,512
ROYA_FONDO_26.jpg,train,rust_and_leaf_miner,declared_by_author,a17c196d8865f38fd134c2dafad1020df1c75738fa062c17122dce01b9352a95,24,0,960,512
ROYA_FONDO_27.jpg,train,rust_and_leaf_miner,declared_by_author,4748d4785a5576c2e33aa3b1b7ee7cdc4a54bbe7f4395a5c5fb4d0541f988f0d,6,0,960,512
ROYA_FONDO_31.jpg,train,rust_and_leaf_miner,declared_by_author,36f1b4bc08de0a027659a23087f0a71a2b1fbaaf2c9c0a61ebca3b0890d3167f,13,0,512,960
ROYA_FONDO_32.jpg,train,rust_and_leaf_miner,declared_by_author,220c39b3e2992c343be848440089b1f423b6738a745f2657cffcc425ea29a327,21,0,960,448
ROYA_FONDO_34.jpg,train,rust_and_leaf_miner,declared_by_author,8b326af0162249009f1fadbedb29daf472c8daa9edb97bbcada40dd144341f5e,36,0,960,576
ROYA_FONDO_36.jpg,train,rust_and_leaf_miner,declared_by_author,fa8de5785747e653e856112495f64732c715393c2c49c63edca290dcac87cfac,9,0,960,512
ROYA_FONDO_37.jpg,train,rust_and_leaf_miner,declared_by_author,fdcccf739845c3f312d474b059615dd2437b795d3be01a9cac09e3db8b3a6801,23,0,960,640
ROYA_FONDO_4.jpg,train,rust_and_leaf_miner,declared_by_author,487f4e3fd843c8647ef32b38e33157aec5ae5b414eb5da9841e905241b757267,2,0,512,960
ROYA_FONDO_40.jpg,train,rust_and_leaf_miner,declared_by_author,99cc4650bd740a1cf8c748d26bd883c8b1306ff41fee45587f2e7d5331058f73,21,0,576,960
ROYA_FONDO_41.jpg,train,rust_and_leaf_miner,declared_by_author,55bcbfc1e1bbc888e71bfe326650359327fcd439864443f5c00faf4387176263,18,0,960,640
ROYA_FONDO_43.jpg,train,rust_and_leaf_miner,declared_by_author,d4445359fef8377e96d4f91ef826669924345223ad660ebf486c7381512df38d,9,0,640,960
ROYA_FONDO_46.jpg,train,rust_and_leaf_miner,declared_by_author,5c37d3edce9ca80a04b1cd44af268fa51b86d2169c214b20fa90ca0d82a8d8ae,1,0,960,768
ROYA_FONDO_47.jpg,train,rust_and_leaf_miner,declared_by_author,a62a678807c989885fea858c63a306d40e71d85e742abd7cb2d40bf73f573760,8,0,512,960
ROYA_FONDO_48.jpg,train,rust_and_leaf_miner,declared_by_author,f4c5f34def23dfe5c84370e4fd9d74289ea9a5e4748996f7fde9f681c17c5883,11,0,576,960
ROYA_FONDO_5.jpg,train,rust_and_leaf_miner,declared_by_author,5b03fb4ad758ce876e479ba5fa024bd4d00e2d8ad67d4e2d3a95aa0fb2b7f810,16,0,960,512
ROYA_FONDO_50.jpg,train,rust_and_leaf_miner,declared_by_author,ab2f81185d9000638ba850fcadcb1cf9f7c1d5540ca988df31e9b66cc80c8c56,11,0,960,448
ROYA_FONDO_51.jpg,train,rust_and_leaf_miner,declared_by_author,e2b8667f7db7216afd76155719af7dca73154bbd52a598566de2d720369eba8a,36,0,448,960
ROYA_FONDO_52.jpg,train,rust_and_leaf_miner,declared_by_author,a6786aaaed42db9de90aba1ecfe3f7fe6cbf9765ea432706f9867b6a3cf92f3f,6,0,960,448
ROYA_FONDO_53.jpg,train,rust_and_leaf_miner,declared_by_author,7360b421ef25d02d87d6790d6f318fd7f10cbe1ef7775ad84569e69bb4fcce2b,14,0,960,448
ROYA_FONDO_54.jpg,train,rust_and_leaf_miner,declared_by_author,48f533d33b7d2ba275a869c74ee250dbe8c46fbd4af42ad6ef485f2f36b300c1,32,0,512,960
ROYA_FONDO_55.jpg,train,rust_and_leaf_miner,declared_by_author,0887569e403be0f2a44525fec2dcf59dc5e9b743feadf9784e90b39c7425dc41,23,0,960,512
ROYA_FONDO_56.jpg,train,rust_and_leaf_miner,declared_by_author,eb6250d3385067f7997c300ffcda803b66ccc66a240ecb317b6bde85626c3105,9,0,512,960
ROYA_FONDO_59.jpg,train,rust_and_leaf_miner,declared_by_author,f12f5ead6b95f6a336958143be43dab03f83075eac02935c3e7663759ffc98a0,23,0,960,512
ROYA_FONDO_6.jpg,train,rust_and_leaf_miner,declared_by_author,fdfc2815678297ded86a296e08276438f4f5891cbd0208cd0b1792b0de90a43d,5,0,512,960
ROYA_FONDO_61.jpg,train,rust_and_leaf_miner,declared_by_author,80f6efa64501726d072062a6acc6623fc5ff69f1154022dd581b04bc67b671de,25,0,960,512
ROYA_FONDO_62.jpg,train,rust_and_leaf_miner,declared_by_author,30c6a13974956db79bdbdc3142592756f069a58c6e8410b429cd789795c8993c,5,0,960,512
ROYA_FONDO_64.jpg,train,rust_and_leaf_miner,declared_by_author,7bf6070b5e17a0c375e60f9c47d6d2eeb6529ad86c7aadbc4c019cac2e60c9c3,5,0,960,512
ROYA_FONDO_65.jpg,train,rust_and_leaf_miner,declared_by_author,b6c10eef0c463aa289b6e068b828fd22afe17aa35f038e7537783f29fc418f3d,15,0,960,512
ROYA_FONDO_66.jpg,train,rust_and_leaf_miner,declared_by_author,409664a8409a66486775b7bf0ad0975cc8b78b6d012ad9b82fb25469bb846afb,6,0,512,960
ROYA_FONDO_67.jpg,train,rust_and_leaf_miner,declared_by_author,4e9f9fe7cb4163b2f7710580e3718584b5314e7ec2fbadfd5accac1c75113b7e,7,0,960,576
ROYA_FONDO_68.jpg,train,rust_and_leaf_miner,declared_by_author,20ecfce625a02ce3157410e6c8e10cad9caa7006af7eedf989678292f8a22540,16,0,576,960
ROYA_FONDO_69.jpg,train,rust_and_leaf_miner,declared_by_author,576163d58a823991ebf411e1b14e3f4925fc7d4021dda09ad5166a9462788d37,7,0,960,512
ROYA_FONDO_70.jpg,train,rust_and_leaf_miner,declared_by_author,55cbc3da38a01ae6f97954452ab51690172b885f93fd17b6995c8615bb88681e,10,0;3,640,960
ROYA_FONDO_71.jpg,train,rust_and_leaf_miner,declared_by_author,66022253d01b1b9fca776e148a17c3f7662796bc1c8c432c25ca5e8a3eff9492,5,0,576,960
ROYA_FONDO_75.jpg,train,rust_and_leaf_miner,declared_by_author,25bd7901d5fdca4eb403eabd0ea5e69084c13b33ec924b7af1d38f4ed3526bd4,28,0;3,960,512
ROYA_FONDO_77.jpg,train,rust_and_leaf_miner,declared_by_author,cea2357791ff59568b157c112ec2ba2199d3e36086ab71e39d02958246353e4c,13,0,960,448
ROYA_FONDO_78.jpg,train,rust_and_leaf_miner,declared_by_author,586ab72c9d90c1c44efcf964fc906ac585d1f26d2784c54efac9f612886aba6e,5,0,960,512
ROYA_FONDO_79.jpg,train,rust_and_leaf_miner,declared_by_author,3ac5a4696cf74f4110606fe1e361583b230297a81c3e3307cf698845866a6a97,13,0,576,960
ROYA_FONDO_8.jpg,train,rust_and_leaf_miner,declared_by_author,d037b71036488e2bed6c5971821bb2e8754dfeda5e33c7cd835020020db5af31,10,0,960,512
ROYA_FONDO_80.jpg,train,rust_and_leaf_miner,declared_by_author,b0eacaae0bae6865abb8fb9cd75ceeba34459dd492d6a7ae6fc0d8ecc0169c69,2,0,960,576
ROYA_FONDO_81.jpg,train,rust_and_leaf_miner,declared_by_author,1a976f85d9acef67d7b9b8fd276490427a1db37027ca67e0fb023401a54f252c,18,0,960,512
ROYA_FONDO_82.jpg,train,rust_and_leaf_miner,declared_by_author,1ef92e073fa8b716cc437567d1953f186556f93872e524801648f6b298cd88e0,4,0,576,960
ROYA_FONDO_83.jpg,train,rust_and_leaf_miner,declared_by_author,fcfb603cdadb986df482ec821aef2aef3732791be735a634bbbb293e8a56fa85,11,0,512,960
ROYA_FONDO_84.jpg,train,rust_and_leaf_miner,declared_by_author,77a7e0a81ebcea25b032d6c80c09ef59d76e2b40ba41227187915c1ec3ad9561,27,0,960,704
ROYA_FONDO_86.jpg,train,rust_and_leaf_miner,declared_by_author,39139df57d425418cdf4b56f2a8d77d0793c8ecef5e7b61f96b13216b8e575e8,9,0,960,512
ROYA_FONDO_87.jpg,train,rust_and_leaf_miner,declared_by_author,faaabde3431aadcc85aad3679725ffbd044ac5295f08f7bd815bece4d93f43f6,8,0,512,960
ROYA_FONDO_88.jpg,train,rust_and_leaf_miner,declared_by_author,bb2471b164ecd2af556861bfa21f0b4aaa061d34ef815e14c26f5facfa1d7edb,17,0,960,512
ROYA_FONDO_89.jpg,train,rust_and_leaf_miner,declared_by_author,062f57f45962184dc02a7b841f1a5bb689fae3bc39051dd563862d6c3cb1e3d1,15,0,960,512
ROYA_FONDO_9.jpg,train,rust_and_leaf_miner,declared_by_author,51299f3a93e95d28dfe72b9e53ff48fc1229d0ae2e208c3a039db636b1f25447,4,0,576,960
ROYA_FONDO_90.jpg,train,rust_and_leaf_miner,declared_by_author,19267750962a03537f5b28e2cfc73346ecfc8e30fc431fa9b3dead23db11a0cd,17,0,512,960
ROYA_FONDO_91.jpg,train,rust_and_leaf_miner,declared_by_author,40ef72d73df7dd869f28f3c1f091674bfec2075b09d37408d4d87a87a4092660,26,0,960,512
ROYA_FONDO_92.jpg,train,rust_and_leaf_miner,declared_by_author,7f7bcf04fb62e3863c52f85f788e397f750dfd9680d3600e12a8298215ea0306,18,0,960,640
ROYA_FONDO_94.jpg,train,rust_and_leaf_miner,declared_by_author,4045eb32680801ba854497f7c59d5e580524255a54f862f5bfa2c57b90bcffca,14,0,960,640
ROYA_MA_10.jpg,train,own_field,declared_by_author,fc2c5021f35132b1a158ef641df7422c82fe801b0c2ecda9244bf160eaad6c23,25,0,768,960
ROYA_MA_11.jpg,train,own_field,declared_by_author,eddda91fa813658abd92a7071e82d36e67f18ec52e3054002330a973d09f6b97,44,0,512,960
ROYA_MA_12.jpg,train,own_field,declared_by_author,98432d3208b2675a3a18e8263100ec90ac60c2df20eb0842617447cba3d7aaaf,11,0,960,512
ROYA_MA_13.jpg,train,own_field,declared_by_author,c6061ab811825388c807716c5f2179d7df53943544868edc0e52031d2e7258c1,25,0,448,960
ROYA_MA_14.jpg,train,own_field,declared_by_author,76e261d67cda5e270327b9482c128f8ec7240b37f925084c9f83dd7cc47250f5,30,0,960,448
ROYA_MA_15.jpg,train,own_field,declared_by_author,fe4e8540dcdb16903b391f2f7de235641ebc0b96821f03bff4fb63e9a38af52a,18,0,512,960
ROYA_MA_17.jpg,train,own_field,declared_by_author,78f8d149aae596d5ea1ea340657107a14133a6d852660edf79976b83ae58afd4,21,0,448,960
ROYA_MA_18.jpg,train,own_field,declared_by_author,43da2ae5093d7081909445e9e10b46ee98426e28a63b152a18752fa407290992,25,0,960,512
ROYA_MA_19.jpg,train,own_field,declared_by_author,be611155076f2bf2eba293b37b773699a755a2b166a803d4a3d9398d82e20fa6,26,0,576,960
ROYA_MA_2.jpg,train,own_field,declared_by_author,c15f3056953161b97d3a5c09c8540da64eedb4b13e6a53d6c755c02b608b85f5,19,0,960,512
ROYA_MA_22.jpg,train,own_field,declared_by_author,ecba69a3325a99bb3742469f705f73c72bcc646ad1c5c9106ca23c1573e9b206,8,0,448,960
ROYA_MA_24.jpg,train,own_field,declared_by_author,b24066133a205fd7046c6a9180b4d149e5fbe68623f50f5057ba6b24b55805f9,9,0,960,448
ROYA_MA_25.jpg,train,own_field,declared_by_author,7e8feafddce4a02ae3e839224495ca08ad13e3cd546b55b7486f70d4286e9bad,31,0;1,576,960
ROYA_MA_28.jpg,train,own_field,declared_by_author,9bd6fd64cd6883b0655cc04931ce0605f541edce6d577782877b49ab8746e1a5,10,0,576,960
ROYA_MA_30.jpg,train,own_field,declared_by_author,a5328266aa7a4789f5be87d36bab4923cb1fd681322eaf80751a9735e9dfebc6,44,0,512,960
ROYA_MA_31.jpg,train,own_field,declared_by_author,9fed72e449cc4a3fdc15e4461acb2ffc189260513a34b9a6b2c10f2a0450f325,9,0,960,512
ROYA_MA_32.jpg,train,own_field,declared_by_author,c973d62a159853d5282cd0befe0d6dd748ccd50461b3e33aed1df2ba088fa73c,21,0,960,704
ROYA_MA_33.jpg,train,own_field,declared_by_author,c603400e0896f32eb9c90653d1f250f47069b75623c2feb0d22a5a4848a7ef6e,33,0,960,704
ROYA_MA_34.jpg,train,own_field,declared_by_author,c6f2cfb7be44b024697dd59df282579c0ac6ba72835433f7ca555f6cce65e08b,13,0,512,960
ROYA_MA_35.jpg,train,own_field,declared_by_author,3752d06d45fa4f3f75276cd4905886cb2768a5689c8c067001b483f8737a7583,24,0,960,512
ROYA_MA_38.jpg,train,own_field,declared_by_author,28432b5ff90956b68259a082fb7ffdc64af34189417bdeb6265d1a763664245d,24,0,960,576
ROYA_MA_39.jpg,train,own_field,declared_by_author,2d8992f07a6a509970c39aa79840514de163d2e4ef188fc9f90b739dc870f822,25,0,576,960
ROYA_MA_40.jpg,train,own_field,declared_by_author,8e267151f2643163a57c7a470e39b20764e1d11507181f9764f0f33ecc667504,36,0,576,960
ROYA_MA_41.jpg,train,own_field,declared_by_author,520eca3d2be1a3ce8dacbc9f82a0be80597406b84b32497201ef1a309d4650b9,44,0;1,768,960
ROYA_MA_42.jpg,train,own_field,declared_by_author,d8463485a45c2783ec5370b194ef759a863233ed17a469c52e90201f4210b9f5,41,0,384,960
ROYA_MA_43.jpg,train,own_field,declared_by_author,d94d3d48b11f1004ea983d9e3b014747a434bce4822f09c923dc5d4b76125594,6,0,960,512
ROYA_MA_46.jpg,train,own_field,declared_by_author,8a7795f484ce5b043186c79b65fdea3f52a87232b4fc51f7a9e604a97bf50bb7,17,0,512,960
ROYA_MA_47.jpg,train,own_field,declared_by_author,d3340c1a725c013fe9dc8af800a53f54fcb066260cdd679772c50e7d8aa45e88,17,0,512,960
ROYA_MA_5.jpg,train,own_field,declared_by_author,73c343cbc06c81cef7418095ff1c7db1bbb22a9c701ea562cafc45f2a9288391,23,0,448,960
ROYA_MA_50.jpg,train,own_field,declared_by_author,be236b3901528f107c622b645742a04ba9020a5408f0baf01d68c9b5c3084894,21,0,960,576
ROYA_MA_52.jpg,train,own_field,declared_by_author,ebc2b6032b02b642ffb75198828d50861c79f6c73816a7c0b48d1cc2f3c9c5c1,9,0,960,448
ROYA_MA_53.jpg,train,own_field,declared_by_author,b9376e146f23987eaefebe0e7707584606154ad8aa5712c6fb872274a2a5483b,28,0,448,960
ROYA_MA_55.jpg,train,own_field,declared_by_author,7a8310f6bc657d91f8ef1af0bbdea3fac535ac317fcd23fca92452d648367eac,20,0,512,960
ROYA_MA_56.jpg,train,own_field,declared_by_author,efd03f5bb90a71a2d81dddd2019f6b7a21dfd9e27fbe0864ef5c4cfbb9f2af21,25,0,448,960
ROYA_MA_57.jpg,train,own_field,declared_by_author,b85c1f8be75cb4a1a5c39df04477765f33272065fac6c828c0578af83d83a9bb,31,0,960,512
ROYA_MA_58.jpg,train,own_field,declared_by_author,90eef61439ce38c615bfb6772bf252730924d9a3a1fa639c8e9fbe518fd60370,37,0,960,576
ROYA_MA_59.jpg,train,own_field,declared_by_author,7fbf4fd715665aee98508063140912c49d42525c65d849d31073142bed47e153,8,0,960,448
ROYA_MA_6.jpg,train,own_field,declared_by_author,058cd29c8235265ac6125ae6cc05a420b7ec7bd1f57a6876dee7565fcae0357d,17,0,960,448
ROYA_MA_60.jpg,train,own_field,declared_by_author,eafa7cb584b38e07148a7ea69aa6722b8fbd9a2ba71d7d1339f36cab6d8e40cb,9,0,512,960
ROYA_MA_7.jpg,train,own_field,declared_by_author,aaea306dadd3a19a4940b44836ce80c0a9719cf6c8fd427f80f7f9a14adb5671,18,0,960,448
ROYA_MA_8.jpg,train,own_field,declared_by_author,03fb1e534f69493665a543a9c2c54dfe39877a538a2f6c7ce4a5f51ca1a4ae63,32,0,448,960
ROYA_MA_9.jpg,train,own_field,declared_by_author,8f9e97f8ca0c7f30d095c89c6ee4bcb5386969cb3c73ffc08e787f13b19e524e,24,0,448,960
ROYA_Muy_A_1.jpg,train,own_field,declared_by_author,124cadffdcd8535bc20169b8d28545035f4bbd2af9a49a50765602e3c97e71ad,74,0,512,960
ROYA_Muy_A_10.jpg,train,own_field,declared_by_author,56af693e17e4cd7e81ae5d8ab14b5bebdbbd3ae5abea60218969124c4ae7a8dd,5,0,576,960
ROYA_Muy_A_13.jpg,train,own_field,declared_by_author,0f830ffcf5adb7a21106413483e5120166b3292b076b5e148bc364e238826999,14,0,960,448
ROYA_Muy_A_14.jpg,train,own_field,declared_by_author,744c2492866846a2c824e3654a85d10cf881bbfbcc4b3bef5b2a0532b863c51b,65,0,448,960
ROYA_Muy_A_15.jpg,train,own_field,declared_by_author,cafe87e52fb8033284b02eeded9b8211e53ae4459c5d4fabb78795feb6548fc4,73,0,512,960
ROYA_Muy_A_17.jpg,train,own_field,declared_by_author,e58e991ddedb6e9760ab95c9ba13aac0614c2da9058346822a511e23ac510fc8,41,0,512,960
ROYA_Muy_A_18.jpg,train,own_field,declared_by_author,527b55ca29f1d3ebd819cc7fd9caa24b2027fded8a1bcac27ca2d6190a60a8df,70,0,768,960
ROYA_Muy_A_2.jpg,train,own_field,declared_by_author,af4729c56e51784446949ec177a36bbd101b4bcd3279231226a98488d6a98274,24,0,960,448
ROYA_Muy_A_20.jpg,train,own_field,declared_by_author,a3b858fe92b80e4ef72463a3d160e3db6eac2de3a51009b11b5183288adc4dc4,14,0,512,960
ROYA_Muy_A_22.jpg,train,own_field,declared_by_author,59ced0990640b40141394ab5715a538a1111d1404100606c28cc8f83a0709dca,31,0,512,960
ROYA_Muy_A_23.jpg,train,own_field,declared_by_author,77afc01128d89931f2107898ef3eae6e69ae6902f14bc6a0cc8cd776b3cefe22,22,0,960,448
ROYA_Muy_A_24.jpg,train,own_field,declared_by_author,ef4a6e8f1a0079ecef2a8376acf78873d97a975cc7029128cf25848b13e70997,25,0,576,960
ROYA_Muy_A_25.jpg,train,own_field,declared_by_author,93145a72c63fa94e6c000635af09c1f6d9a6e76c44c4f121dee800d29888f931,25,0,640,960
ROYA_Muy_A_27.jpg,train,own_field,declared_by_author,57dc8d72b0e52cd2dd4b4c4c61a9336803cb54f65c41b66a7a1dc11647d488e4,27,0,448,960
ROYA_Muy_A_3.jpg,train,own_field,declared_by_author,be3b62f57fc14fc9e04c5804c6e6afc53876f14add421b501691d79ead659cad,27,0,448,960
ROYA_Muy_A_30.jpg,train,own_field,declared_by_author,215d33839b6852679920be51e87419d060dcba11b47788f352141cb5be5eb3c4,9,0,960,512
ROYA_Muy_A_31.jpg,train,own_field,declared_by_author,01e22a6cb0e920e4b163e2b9e641d420ba36de1cbf42837e4564df34ebb43328,31,0,960,512
ROYA_Muy_A_6.jpg,train,own_field,declared_by_author,3079d61c1307ba8defff23964165617e36aa66733ff45f24b603e055ee0328e6,11,0,960,448
ROYA_Muy_A_7.jpg,train,own_field,declared_by_author,49221978c6f713bfdb433351c283881e1fa052bd039e7f5a581976d3fea2e5cf,28,0,960,512
ROYA_Muy_A_8.jpg,train,own_field,declared_by_author,a89835758024871bdcfc27f7ef7fce742db361d8eaddd5688b308322e12fb908,43,0,960,448
ROYA_Muy_A_9.jpg,train,own_field,declared_by_author,3802127e61a2ed7f376cfff33b854e0f2933a7d8be1fef11507181c049350845,44,0,640,960
ROYA_P_A_10.jpg,train,own_field,declared_by_author,c9d40a7f492b9c62db85b09312c2c67a60c0c2e440dec215498e69e84d07bd82,8,0,960,384
ROYA_P_A_11.jpg,train,own_field,declared_by_author,cee63e793f7d2085a9cd02f25710d8bd265035656505644487ea6b026ad07a5e,2,0,448,960
ROYA_P_A_13.jpg,train,own_field,declared_by_author,cebdd66a5c75d65678c0c50943791a8b07332f1b65d7f525788dee35090d1dae,3,0,960,512
ROYA_P_A_15.jpg,train,own_field,declared_by_author,727e4bb331d30ee7a53bdabf35affc18130ccc5231c6bd345c716ebc4ea51f8c,16,0,960,512
ROYA_P_A_16.jpg,train,own_field,declared_by_author,93bc04ffc437c1c4784c53d1bd511b924149e18eb71ea70e1582db0210fde7cd,18,0,576,960
ROYA_P_A_17.jpg,train,own_field,declared_by_author,59e6a4a51542ba4db04e4c9da3fdbce1b9315112fcb9b376e83c19a03fc8446d,4,0,960,512
ROYA_P_A_18.jpg,train,own_field,declared_by_author,91186a847bc25169222484db433139d00c08b8ef6708e1d8349cc9ecf2eb3489,16,0,448,960
ROYA_P_A_2.jpg,train,own_field,declared_by_author,16441e40d1afdcd74518d44693ecd1745246d7d37c9c89407f227a147854b50e,5,0,448,960
ROYA_P_A_21.jpg,train,own_field,declared_by_author,7e7ca7bbd81403cb4d1a84a79a7b309accb85a1e2427143e2ae62bde1f41ce9a,6,0,512,960
ROYA_P_A_24.jpg,train,own_field,declared_by_author,e4c0d637e04a3cfd15c5c810f511064dbbef1947d1db79e291b68de6f627a7b2,4,0,960,448
ROYA_P_A_25.jpg,train,own_field,declared_by_author,d362658c4505ba65b526bfc2c81aec65abed49021306432b5bff3823c01aab4a,17,0;1,640,960
ROYA_P_A_26.jpg,train,own_field,declared_by_author,66127ae88ea9e94f13c95d9538089e092243531a6951efd34cbce9274a13ce96,12,0,960,512
ROYA_P_A_27.jpg,train,own_field,declared_by_author,ad65a48d4b3bd3f5e5ab0290380203e6a534474d39e5b7a4f176dc7ff0dec945,10,0,960,512
ROYA_P_A_28.jpg,train,own_field,declared_by_author,ff8bbe6f986e511e6263b10ab399d006660a35d1583e2c1b87a8480ba6159c69,4,0,576,960
ROYA_P_A_29.jpg,train,own_field,declared_by_author,563d8f13cb6c0e53e495dcd487f2ecacd72d09803ce5cedfd856e819eb51be19,3,0,960,512
ROYA_P_A_3.jpg,train,own_field,declared_by_author,23812703cf2c8d77e83e5efa00d0f2cce90da9ffcd579ec468ff590feb25ce57,6,0,960,512
ROYA_P_A_31.jpg,train,own_field,declared_by_author,e2d212d23d95c73308ebe2b1ff0a536f3ec650831f8f9f28d6dcecd76a7446e2,3,0,512,960
ROYA_P_A_32.jpg,train,own_field,declared_by_author,fb5f70f953c3ee8f83aba8f1ed3c7d50a2269ab94a17481cccd6b1ecc1b3e698,12,0,960,512
ROYA_P_A_33.jpg,train,own_field,declared_by_author,e93f9e39973b68f6793c00e52f6a1d9091bf99dff615cf8255db37e051a4bfb3,3,0,448,960
ROYA_P_A_36.jpg,train,own_field,declared_by_author,ebfae6b42cf8fa452bec940cd8108eae36a2cc16da437a87bdad42b0a459b95b,13,0,512,960
ROYA_P_A_37.jpg,train,own_field,declared_by_author,ccd7f0312751cc582b1deb634570b1c7692417e331eb94364ea5e6355a3f87c6,15,0,576,960
ROYA_P_A_38.jpg,train,own_field,declared_by_author,3def60eb9219f85bf77651ebf28ea9fe89d44cc8628ca2a2c2b4b3f2b77af313,8,0,960,512
ROYA_P_A_4.jpg,train,own_field,declared_by_author,ac5e915d6e7df80f39e763590756cc57d24059ab657f316e0341e9d1b06d42c6,5,0,512,960
ROYA_P_A_41.jpg,train,own_field,declared_by_author,78c977ff359c528d30f45cc9596c59f26fb0f2cc6b9c9be034ab7375b18cceea,8,0,576,960
ROYA_P_A_42.jpg,train,own_field,declared_by_author,c12544f1a85651e47dba8a220dd057845f8486453952969a4e23db0c56a9166d,11,0,640,960
ROYA_P_A_43.jpg,train,own_field,declared_by_author,6dd4dad322d40d4d9d0b9463d8741c320bd718e7085d1ac2ae95a27765670ebb,21,0,960,512
ROYA_P_A_44.jpg,train,own_field,declared_by_author,380e74be748952ab675d861900d581f18e4d1008aac5dfb6fd12de0cb39cafdb,13,0,960,512
ROYA_P_A_46.jpg,train,own_field,declared_by_author,57defe0827f3efc265fff5b0c2a6bc4baed2c5fcce2a05da91ef55e7d4c4f008,13,0,512,960
ROYA_P_A_48.jpg,train,own_field,declared_by_author,e7212e9214f5b1669bf0dabb3244727402f5fe1664926c138237865fb3462b90,6,0,640,960
ROYA_P_A_50.jpg,train,own_field,declared_by_author,51165f1683f267e827d66b027e35a30a81b92833244363f4dcd68440645252d5,16,0,960,384
ROYA_P_A_52.jpg,train,own_field,declared_by_author,313a50e0ad5191b7823dece2a6356d01374f827c09931ff7e9329ae3eb0c02f2,2,0,448,960
ROYA_P_A_53.jpg,train,own_field,declared_by_author,f92c7e1836394c49cbcf5faefc363420dcda3a1288c6a0016dbc508510fbd504,1,0,960,512
ROYA_P_A_54.jpg,train,own_field,declared_by_author,09daa21061ed7656b06692de0cb251aa0e310c1216f7b3aa493c8f8af1759576,2,0,960,512
ROYA_P_A_55.jpg,train,own_field,declared_by_author,30b9b5dceda07edb50e96a3f925c20699334b65b50503765302df741bb8e68c5,1,0,640,960
ROYA_P_A_56.jpg,train,own_field,declared_by_author,ac8cda5fad329385e8a9138190f4b975173e4d12829f265161b46931110476fc,8,0,960,384
ROYA_P_A_57.jpg,train,own_field,declared_by_author,e9fef76ed481d88050bff4a4154bbbb30dd94a13f91cadc84eff13149f45cd9c,2,0,640,960
ROYA_P_A_58.jpg,train,own_field,declared_by_author,75119219dedef6045b0ff361d1979d0b11aa1f88ff3ef424e2922396dc45039c,1,0,512,960
ROYA_P_A_59.jpg,train,own_field,declared_by_author,a831d8110b6749a6313563f2658aa6c998d61c554ab5c8b01c707f2c79686027,10,0,512,960
ROYA_P_A_60.jpg,train,own_field,declared_by_author,ad80fac027d49f430d25c52c45c4a098c36f2cfa5dbd6d8fd94dff3c2ad62aa2,11,0,960,512
ROYA_P_A_61.jpg,train,own_field,declared_by_author,25ba5eb21db5cb16c7b30ed140cbfd488c2ece1c336234876c98d624a3abc531,1,0,512,960
ROYA_P_A_7.jpg,train,own_field,declared_by_author,42bad7cbf443bc141ff64ee53805dab36f18c1ae2f9c4d8d3cb50827b0e5f8e4,6,0,960,512
ROYA_P_A_9.jpg,train,own_field,declared_by_author,2b58aa2ddf24e719a0eda50be38400660b3d47ac20f1d9465ca1855a0c95d67a,8,0,512,960
ROYA_RECORTES_1.jpg,train,rust_and_leaf_miner,declared_by_author,f0a5417fbb0123cc9b6299d55cd836d3ae59925ee26d4fc9b84417a54fcf1fa2,6,0,960,640
ROYA_RECORTES_100.jpg,train,rust_and_leaf_miner,declared_by_author,263c78b14ebf912ebb1a4b7ea2fe3b78615e8c8970a12cc90ca043deec98df47,4,0,960,448
ROYA_RECORTES_104.jpg,train,rust_and_leaf_miner,declared_by_author,e793e17980ecc124f1ca8a7454abe84d81f65922b03431f5f708b63996f8e9e4,9,0,960,448
ROYA_RECORTES_105.jpg,train,rust_and_leaf_miner,declared_by_author,6cf9c0c53a379a432949786530271f8a6161f1f2d33b52f56616f603eb95cdeb,5,0,960,576
ROYA_RECORTES_106.jpg,train,rust_and_leaf_miner,declared_by_author,9db463908c03ef97b678a746833612b7dedd44a878b2b4f27877f6f10228a9b0,2,0,768,960
ROYA_RECORTES_107.jpg,train,rust_and_leaf_miner,declared_by_author,9f4f4086af9e54e94caa8110fdb199ae3f3c3c7f90569836e08c69fe5aafcd9b,4,0,960,640
ROYA_RECORTES_110.jpg,train,rust_and_leaf_miner,declared_by_author,66117415fdcf9b6c5b8e7c81670dbe6dde494473db1defc09aace5f6d6541dfe,5,0,832,960
ROYA_RECORTES_14.jpg,train,rust_and_leaf_miner,declared_by_author,7102211c2eae1da52baba522c993d571c61513458b06ff307f9f5639ddeddfef,12,0,960,960
ROYA_RECORTES_17.jpg,train,rust_and_leaf_miner,declared_by_author,7bc7fc2216b4e36de93ef5b7b3b6cae2ae4ed1e3eef04ef512b6b3730752ffd0,13,0,832,960
ROYA_RECORTES_18.jpg,train,rust_and_leaf_miner,declared_by_author,a367c2dcbf95d2350b6806e926dad7ad48fed4751ac3c385f69a9c28370c7163,20,0,832,960
ROYA_RECORTES_19.jpg,train,rust_and_leaf_miner,declared_by_author,14f6294a582ce9544ba0dee9bee8adf1df474be6e0a9721fe9993674e0e6f3ea,13,0,960,576
ROYA_RECORTES_2.jpg,train,rust_and_leaf_miner,declared_by_author,e097ae40f18b5d255d4bfaa862ee47d3bb65afd0248c10cac0245e0471d0636f,18,0,960,640
ROYA_RECORTES_20.jpg,train,rust_and_leaf_miner,declared_by_author,7dc667a6e6565a9eb315dabdd8ef996a909ef07699aab3f40b83a375f2085d04,13,0,960,704
ROYA_RECORTES_21.jpg,train,rust_and_leaf_miner,declared_by_author,6236235b9d8c7612e0f4e3521ee4f8fb985621a46eee07c41f24ede55914deb5,5,0,960,640
ROYA_RECORTES_25.jpg,train,rust_and_leaf_miner,declared_by_author,ec504b8ccbf672ee971a02e0b076f2c42110ebd31c57c0678c13283247b3255b,4,0,576,960
ROYA_RECORTES_26.jpg,train,rust_and_leaf_miner,declared_by_author,521312e4fd51f0e3efb6c1cf01014895a911d93dc3ad13bd0d6342e1d3aa07f0,5,0;3,960,704
ROYA_RECORTES_27.jpg,train,rust_and_leaf_miner,declared_by_author,1dbcbd213173fa44fb466e570e5d4b41f00812d152551a763823903299643852,3,0,960,512
ROYA_RECORTES_28.jpg,train,rust_and_leaf_miner,declared_by_author,7dae9da3c4a645291140d3c67dfb6e029ef4175a4d1319ac7a27950b5706935b,4,0,960,704
ROYA_RECORTES_29.jpg,train,rust_and_leaf_miner,declared_by_author,4e7280efa3d42d6623716273e30dfb664e260dc84b2fa3c445e7093d94334b82,5,0,768,960
ROYA_RECORTES_30.jpg,train,rust_and_leaf_miner,declared_by_author,321abca13636212beb7dcd20b666edaede9999557f6580548d7fc8c84a72745d,3,0,960,704
ROYA_RECORTES_31.jpg,train,rust_and_leaf_miner,declared_by_author,3b58d9f328a18076667e7deca93fd753f3c06cd13e91192c72b57d3b69366b69,3,0,832,960
ROYA_RECORTES_33.jpg,train,rust_and_leaf_miner,declared_by_author,6c0dcd010267ccc88808faaf48029cc2d5424e9ce48fd3d7b0e1db5b22385dfb,2,0,960,960
ROYA_RECORTES_34.jpg,train,rust_and_leaf_miner,declared_by_author,a147fbdc879bad94e328ff163ac3b8b6b136392395a048d0bdcd4f89d06340f4,4,0,960,512
ROYA_RECORTES_35.jpg,train,rust_and_leaf_miner,declared_by_author,a8ec9f83a979e216518601e00d0dfe609b58d86e2422b3bc07cb39e7c747537d,2,0,960,832
ROYA_RECORTES_36.jpg,train,rust_and_leaf_miner,declared_by_author,a0f01823a6e1d246fd5a1ba1c5799eedc77064410bc72344a9df5e886d8e1aac,5,0,832,960
ROYA_RECORTES_39.jpg,train,rust_and_leaf_miner,declared_by_author,77d7df7b936c206e6db8985cd9e90f7bf2a5b14b40c0c53c8d14da21cafbefa7,6,0,832,960
ROYA_RECORTES_4.jpg,train,rust_and_leaf_miner,declared_by_author,96e1da2d936d1189b160ad0464e9aae647dbee3c5765af88d16d491db204e0d9,10,0,768,960
ROYA_RECORTES_40.jpg,train,rust_and_leaf_miner,declared_by_author,c15e2e37554bf10c6ad147e02993c49c9fcf9fae278771f45e924d66640a6877,9,0,896,960
ROYA_RECORTES_41.jpg,train,rust_and_leaf_miner,declared_by_author,12a2b6e853ee6e63527b1d83dbadf2a31535c26edbc323dbb150d28ee101cd92,6,0,960,704
ROYA_RECORTES_43.jpg,train,rust_and_leaf_miner,declared_by_author,4cb20ba63346826246834f3772c3153ed6877e6a6998f6f187707f112a8a1758,6,0,960,832
ROYA_RECORTES_44.jpg,train,rust_and_leaf_miner,declared_by_author,2547b5fec1a58563ab6ebb0802a178048b4ad1bbdc212e412ece967b7ea6a0e2,14,0,960,896
ROYA_RECORTES_45.jpg,train,rust_and_leaf_miner,declared_by_author,c791ccae0c3accce4723b61f64306653a052549651c3c3e0a0f29689c170b29a,6,0,960,768
ROYA_RECORTES_46.jpg,train,rust_and_leaf_miner,declared_by_author,39281350b42771b1143f9f786e43b80dab987373f6bdcb41d1d62beb49f718ce,8,0,960,960
ROYA_RECORTES_47.jpg,train,rust_and_leaf_miner,declared_by_author,009f4bb53b4f4d5c025087279f1611e441aba04b6688f755029ed6e9363f44b8,6,0,640,960
ROYA_RECORTES_48.jpg,train,rust_and_leaf_miner,declared_by_author,89051eecb84c4e0288cc8800e832d13dc72d89c6d862d65989c9d10f2d9a43e0,8,0,960,768
ROYA_RECORTES_5.jpg,train,rust_and_leaf_miner,declared_by_author,416adb1abc15fc951f94310709019505a8b05f80f4031dc814c62cd8d7858e67,12,0,960,768
ROYA_RECORTES_51.jpg,train,rust_and_leaf_miner,declared_by_author,18a33231923659b5868717094e172ad56fc114e2bac3573127f3b2e64c248be7,2,0,896,960
ROYA_RECORTES_52.jpg,train,rust_and_leaf_miner,declared_by_author,b70c828568a8cf702f2faa3d982c3a51853f5882c11e90fd398bd085a3c4fbc0,10,0,960,768
ROYA_RECORTES_53.jpg,train,rust_and_leaf_miner,declared_by_author,addbb9dcfb8df5ccf8bcbf06a8e3c72036b4ee8498e9fc1bff21927e9707068d,3,0,768,960
ROYA_RECORTES_56.jpg,train,rust_and_leaf_miner,declared_by_author,887950b3e49c41b0674d540628a2d8bd21356e9c71abbdcec919a92728523ea6,4,0,960,640
ROYA_RECORTES_57.jpg,train,rust_and_leaf_miner,declared_by_author,cd78957fab32eed49e2c72270ae644cd7610a004aeff6ace595c446ea5dd82dd,3,0,832,960
ROYA_RECORTES_58.jpg,train,rust_and_leaf_miner,declared_by_author,03c71d16ee4ff2b2578952bc01c5e3b83f0e0bedc6d685e68cb13d1583450206,2,0,960,832
ROYA_RECORTES_6.jpg,train,rust_and_leaf_miner,declared_by_author,3aa9cc222544395af6cac0f88ef564021ea45fd3231be49c9f734c0c03f0e725,6,0,960,832
ROYA_RECORTES_60.jpg,train,rust_and_leaf_miner,declared_by_author,ec8de066b2b86d1ae1118e4d5a4c2faf6473d5d56c6024b981e79ddca281b94c,3,0,896,960
ROYA_RECORTES_61.jpg,train,rust_and_leaf_miner,declared_by_author,7e961f2108111154ef47484287e1acc9d065ba254e4a291bd821f9cab33aeebc,7,0,704,960
ROYA_RECORTES_63.jpg,train,rust_and_leaf_miner,declared_by_author,f79f7189e8bc4031129c9eab88030b1d68c00d1939ac9ec2908465d854250b61,5,0,960,832
ROYA_RECORTES_64.jpg,train,rust_and_leaf_miner,declared_by_author,a92257a4232cb1a4aa5de8261aa1de02dbc37d9790b7fb97e2aa23451741ec69,8,0,960,512
ROYA_RECORTES_65.jpg,train,rust_and_leaf_miner,declared_by_author,57a5aa179f04d0dc98172c73b80c03ed1f9600fcf9d65dcb6a247a40010d935c,2,0,832,960
ROYA_RECORTES_67.jpg,train,rust_and_leaf_miner,declared_by_author,f28f4d832dc2d965f30d7de8ba676547f88748ac06bb954b4a7e199c392522ce,7,0,960,512
ROYA_RECORTES_68.jpg,train,rust_and_leaf_miner,declared_by_author,e94970ae6776f0b776cbb654a58342bd282f18d04b3a21118b7b28736fbbeaa2,7,0,960,704
ROYA_RECORTES_69.jpg,train,rust_and_leaf_miner,declared_by_author,9cb5a2a604382a506c9644d6511952b517d17708330835c0450e1b70ec7f3319,13,0,704,960
ROYA_RECORTES_7.jpg,train,rust_and_leaf_miner,declared_by_author,3755ed1a381a10371ebb62ca59411b273ed8c2cc64b0c672e360f48584a26c3e,14,0,832,960
ROYA_RECORTES_70.jpg,train,rust_and_leaf_miner,declared_by_author,a93594657049054905c35c10ad722e5988b991fd178ed94df129bbcd5a746dad,5,0,960,768
ROYA_RECORTES_71.jpg,train,rust_and_leaf_miner,declared_by_author,d45a57819663cac896f89a02bb033b8037b123cd68e3ec0bc44754e0b12bbdd0,7,0,960,832
ROYA_RECORTES_74.jpg,train,rust_and_leaf_miner,declared_by_author,9baa523256faa0a04dda7a9f1f08c1e0edea06bfbfb1a13e96bf4f4525aba526,5,0,960,512
ROYA_RECORTES_75.jpg,train,rust_and_leaf_miner,declared_by_author,528093f37c49f540282fe191a8ebb41106ab58afcb6f84fd089fd98277d0f3a7,7,0,960,576
ROYA_RECORTES_76.jpg,train,rust_and_leaf_miner,declared_by_author,b3266a7074c972f751a0c98c08e34469fcd9ece090d50311dd08a2addad2b254,5,0,960,704
ROYA_RECORTES_77.jpg,train,rust_and_leaf_miner,declared_by_author,435bd194e880238621521e79d44e81eb4c18841e57065a1b574c97c383cef9db,4,0,960,576
ROYA_RECORTES_78.jpg,train,rust_and_leaf_miner,declared_by_author,ce45c5731b0518917e60d2e9a68bb8051c8c1cf12877b976cb543c1942f985cf,17,0,960,896
ROYA_RECORTES_81.jpg,train,rust_and_leaf_miner,declared_by_author,56e696b4855d80e1bbaff7b5f886f6e6e8ce05f48156b82c6f972887cd734449,2,0,960,704
ROYA_RECORTES_83.jpg,train,rust_and_leaf_miner,declared_by_author,5a4c0d256587a0b9d30689065fe55d17eb2b114ea049eb8b0f3042fa0f680e1a,4,0,960,576
ROYA_RECORTES_84.jpg,train,rust_and_leaf_miner,declared_by_author,800e003833389aad365a5c3595cf90e513376ab4487e5c63251e3459da9d5b99,3,0,960,768
ROYA_RECORTES_86.jpg,train,rust_and_leaf_miner,declared_by_author,d8e4b8586fc73afe28b1a5310b05b57a00a638aac5437a42d83022198b21321b,4,0,960,704
ROYA_RECORTES_87.jpg,train,rust_and_leaf_miner,declared_by_author,0b809bcacd2f579457487c104a4b6966759ed62db34b947ec1137594ed2a0d61,5,0,896,960
ROYA_RECORTES_88.jpg,train,rust_and_leaf_miner,declared_by_author,c904b1d1fbd28ac16e7dc4118c73ececebf13e00b4462076910f9f4a8417ad42,5,0,640,960
ROYA_RECORTES_89.jpg,train,rust_and_leaf_miner,declared_by_author,8718178e765fda2d1e2945db54397206b280a77c2d5e52262dceba0da4126a00,8,0,960,640
ROYA_RECORTES_9.jpg,train,rust_and_leaf_miner,declared_by_author,355e360d955420ae4983aa7fd5cf61c075278da7a49aa81e29a4b71ac8be53c2,5,0,960,704
ROYA_RECORTES_90.jpg,train,rust_and_leaf_miner,declared_by_author,42b59fdcdb122910494b6bfdd062471ba24b0231f8e15621c092c37d8971648b,6,0,960,832
ROYA_RECORTES_91.jpg,train,rust_and_leaf_miner,declared_by_author,0b8532fe01cadf748a542d5f045bf873123a9b2f73916f5279e5b8ab83ec50f1,4,0,960,896
ROYA_RECORTES_92.jpg,train,rust_and_leaf_miner,declared_by_author,ffc3ff00fab1a03bcfd60d03493dbd4909ba25851b3162b96d8a32cf2e2bc00a,9,0,960,640
ROYA_RECORTES_93.jpg,train,rust_and_leaf_miner,declared_by_author,46f3fdd4f0fc2c09ba2b6c28917851f9eb38a51dd1c896de57eda135ac3797e0,9,0,704,960
ROYA_RECORTES_94.jpg,train,rust_and_leaf_miner,declared_by_author,d698a2bdcae2a08d7ff672749af974ad4455ba3c4742b93a7cd0f0f7ab80a8cd,6,0,960,640
ROYA_RECORTES_95.jpg,train,rust_and_leaf_miner,declared_by_author,ed0ca801168afd528eba101eedc31c7a93adfbed7d298b197cf2f739f0dd3dd2,14,0,768,960
ROYA_RECORTES_96.jpg,train,rust_and_leaf_miner,declared_by_author,e96b411f9e377b03ebb98626b6ade2e9cd6dadd1f27293cf6a4e9eeefce64c60,5,0,960,448
ROYA_RECORTES_97.jpg,train,rust_and_leaf_miner,declared_by_author,8539dec73ef247c910d3c9fc59e222c3f2fd1882d20d3e6beac9e7b33bcdbf70,10,0,960,960
ROYA_RECORTES_98.jpg,train,rust_and_leaf_miner,declared_by_author,147d89902f4d343d20fdc77c6f4228c6f1f3bd4c5e139635a0db3064d015997a,5,0,960,320
ROYA_RECORTES_99.jpg,train,rust_and_leaf_miner,declared_by_author,f7bf8d3fad25f48f9ba19f0184379d23c3c36faa876b49b6fd7b94c34947ddf0,3,0,960,576
SANAS_NUEVAS_1.jpg,train,own_field,declared_by_author,733930a4eedf5bd35ed2d79c0a5e1ad30f93493244bdacb4f6765fd5371309bd,0,,960,896
SANAS_NUEVAS_10.jpg,train,own_field,declared_by_author,f214c0373f1bda7a23fdfbab9772fa8ce1ef4a4c7fedc63ec2bb1884c0ba4f4f,0,,640,960
SANAS_NUEVAS_100.jpg,train,own_field,declared_by_author,4ed3d175b6ee7c973acb19ecda1626d599383e0c2fbd349e125fa62816aa2ec2,0,,704,960
SANAS_NUEVAS_101.jpg,train,own_field,declared_by_author,defa567965dc0c1909bd77454cbb942024c019854e455db1504c6bcd733084f2,0,,704,960
SANAS_NUEVAS_102.jpg,train,own_field,declared_by_author,c93d9ba11e0bce23997e23c8396f5e2bfd05e9fc415fcf656fae506eadcc8dd9,0,,960,640
SANAS_NUEVAS_103.jpg,train,own_field,declared_by_author,effaf2e60c72eaab002a3806f3075942285a74524df364cc61c6e4d274a5aa6c,0,,512,960
SANAS_NUEVAS_104.jpg,train,own_field,declared_by_author,16a713f05c52555eb1d9bc6d3c77e8aec857398d1808c5ba2d2ca868964425fd,0,,960,768
SANAS_NUEVAS_105.jpg,train,own_field,declared_by_author,7682559ca9202ba65ae5397cd20040b96fe4fa8f107e91b28a0f0174208bfa6a,0,,576,960
SANAS_NUEVAS_108.jpg,train,own_field,declared_by_author,07c6d866317913ffe54345a6fb9fe6424248d3c1e60c601c9b37203a675ed1c0,0,,832,960
SANAS_NUEVAS_109.jpg,train,own_field,declared_by_author,46cb4a86b7c042979307ff838e8055b93565e59e4c655223cfc58b6c0752c735,0,,768,960
SANAS_NUEVAS_110.jpg,train,own_field,declared_by_author,c2ab921e378706f8f3130a3e8d455f26d07a303b3ceb38d922083a138f10af03,0,,960,512
SANAS_NUEVAS_111.jpg,train,own_field,declared_by_author,0a1043b6afe83fbed8ffcacc346f1a14d292d20dbbfc41d35f299061ca83200a,0,,704,960
SANAS_NUEVAS_112.jpg,train,own_field,declared_by_author,758b9159ba5860ef08207eea26a312df0d5e15ac2c508bfdb7f93959531ee221,0,,576,960
SANAS_NUEVAS_113.jpg,train,own_field,declared_by_author,5db46820aaa63f0309b505ac1bb996196a92664d648631497903c89e2771129f,0,,640,960
SANAS_NUEVAS_115.jpg,train,own_field,declared_by_author,1ee929fae009f46f22d666e00435e0e4dabe30094b45a100217532738bcfa12f,0,,960,640
SANAS_NUEVAS_116.jpg,train,own_field,declared_by_author,32508e5a269741632ee5fff10b3439e52813a9a0987192e060fa29df09fea8fa,0,,704,960
SANAS_NUEVAS_117.jpg,train,own_field,declared_by_author,117ff2ff49bf937d88e745268ae94bb7bfc1275041e2c2f27234122defebdc66,0,,768,960
SANAS_NUEVAS_118.jpg,train,own_field,declared_by_author,40a142fd569b0c85163b5825651cbb39ad380d43aba15101b4c5da1e78a32bb8,0,,960,640
SANAS_NUEVAS_119.jpg,train,own_field,declared_by_author,d8c0e119691a7e219a8ba6ac44294737db78ea12be2db43baf50446fd3e0910a,0,,960,640
SANAS_NUEVAS_12.jpg,train,own_field,declared_by_author,ff1d1dd972351d9338050badb30cf583a0a88bb0974c459f594c4aee6a440329,0,,640,960
SANAS_NUEVAS_120.jpg,train,own_field,declared_by_author,af97b61839d55835f5a1b0323829ccc93de47361d491d71a9d566739d79d1097,0,,640,960
SANAS_NUEVAS_123.jpg,train,own_field,declared_by_author,c308ad4a5e2cb2446825234849fec91cf8da5af5b58c2271d781d1263cd77c6f,0,,960,576
SANAS_NUEVAS_124.jpg,train,own_field,declared_by_author,7c4c8b3abd62f432e29f778acdbfa04fffc17ebd998bb2f26e6b1dff9a0ebc6f,0,,960,768
SANAS_NUEVAS_125.jpg,train,own_field,declared_by_author,1ce4354c3b2fd1a1aec85bffdd87f930c9ba007f7275d69e81b3b6a8957eb21e,0,,960,640
SANAS_NUEVAS_127.jpg,train,own_field,declared_by_author,fe3448b5cd4c4eb4660b14019a0c8784415bdeb9bd0e9626885e3de80fcd6f57,0,,960,768
SANAS_NUEVAS_128.jpg,train,own_field,declared_by_author,bd471310ee0d255b4fce4d65ee72fa3bb0f62d21263478461dbeb2f6563e4df8,0,,960,704
SANAS_NUEVAS_129.jpg,train,own_field,declared_by_author,e7583e37cd983962adf2521342c9b46778a11b928ed9061b141084f24cced383,0,,576,960
SANAS_NUEVAS_13.jpg,train,own_field,declared_by_author,b1cbe2f79945458168ce3e5e65f4ecee82534db9d849bd8fdc499f3510122b03,0,,768,960
SANAS_NUEVAS_130.jpg,train,own_field,declared_by_author,a11b0a67b49fc35042651d2949dbca2085c85dd59de1f5c266078ef32edc5940,0,,960,512
SANAS_NUEVAS_132.jpg,train,own_field,declared_by_author,233eb35c5578e4dd2a8622434bdf82610da01b9193463aef186da199313a128b,0,,960,448
SANAS_NUEVAS_135.jpg,train,own_field,declared_by_author,347ba049b936f11799e17b66af64018f32b3cbd71869fa28c07d8cd6e733cfc8,0,,832,960
SANAS_NUEVAS_137.jpg,train,own_field,declared_by_author,245825724c31871337f0740a73e1b4ee40e0b7cf14c77481f9ec302f0abfe370,0,,960,896
SANAS_NUEVAS_138.jpg,train,own_field,declared_by_author,8cf27707ffa0fb86d3410795ee20cb324c405cdbba3f3413683076b00d2d265c,0,,640,960
SANAS_NUEVAS_140.jpg,train,own_field,declared_by_author,27521c62614288f1c2155ad1b37b3812bfd90e13a3c0ea9607080ce1f8b40d70,0,,960,512
SANAS_NUEVAS_143.jpg,train,own_field,declared_by_author,5165fa2ebd1bfa694ca4d8cd30392f0e18e5649fcb5a18c65cdffa15b8b62f2b,0,,832,960
SANAS_NUEVAS_144.jpg,train,own_field,declared_by_author,4ab6f88d7785aa3623c00cf85cd8d31e4045acefa036e25918f31b7dfc766518,0,,704,960
SANAS_NUEVAS_145.jpg,train,own_field,declared_by_author,fe0102795f63100cd78ab8b2e5c7011dce4c84b466f54d915ca9dc16a4cd8040,0,,576,960
SANAS_NUEVAS_146.jpg,train,own_field,declared_by_author,59a431322a64d718aba8776aba04bf3d21bfdd2bbcadd717dadabe6a8f307407,0,,960,576
SANAS_NUEVAS_148.jpg,train,own_field,declared_by_author,510171dc8df1cecb6a591f25219396f118881f998ca76d3776624fb542012226,0,,960,704
SANAS_NUEVAS_149.jpg,train,own_field,declared_by_author,24251b449ad4017167089abf33deba6f87beaa42df1310ee5016688b0e53a18f,0,,832,960
SANAS_NUEVAS_15.jpg,train,own_field,declared_by_author,04faf9f175edc2768de22b6edb96525b8767727022ba28654ce9fe84c14092b0,0,,576,960
SANAS_NUEVAS_150.jpg,train,own_field,declared_by_author,18bbf59792f24befb249b0f7d1a430e853672a4ea58fb7fe537acb70c4a0a83b,0,,960,640
SANAS_NUEVAS_153.jpg,train,own_field,declared_by_author,bffebc5a45443861b6f2faf56f1ca85213e810c3da3992c305a9243cfa34deed,0,,640,960
SANAS_NUEVAS_154.jpg,train,own_field,declared_by_author,5e049153111ea0ac7790a67600f5ced9e1618b6904cc0f8f3a3e59a6adfe1d81,0,,512,960
SANAS_NUEVAS_155.jpg,train,own_field,declared_by_author,9c7451332c7771a0ea3183f5d522891c3c04827961bafcda9599580a4f7e0123,0,,576,960
SANAS_NUEVAS_157.jpg,train,own_field,declared_by_author,c2f06f3c2af0ff67e8863dd53f1decee557e24be8ca7515a0a2c9bb7508e7254,0,,640,960
SANAS_NUEVAS_158.jpg,train,own_field,declared_by_author,7e31438bcfa3dedacfe22b77bfe06ac59ab95867459eb88848e0c81f7f4b629e,0,,640,960
SANAS_NUEVAS_159.jpg,train,own_field,declared_by_author,5d872de38360e6513f2ffcddcfe809a74a9a96163ed450b5f88cd1d7a17e74db,0,,704,960
SANAS_NUEVAS_16.jpg,train,own_field,declared_by_author,a35d57a05beec0074136b184b0998e848aa1c53e4058aefd4b5128f56cdb297b,0,,576,960
SANAS_NUEVAS_160.jpg,train,own_field,declared_by_author,f2806ee99e67124804a137a7b470ce6a34cf7ca3e5a2e0732839137b46ea1f98,0,,768,960
SANAS_NUEVAS_162.jpg,train,own_field,declared_by_author,f208ab74384480a86b294edcea72c86c77ec51258870d1beab6d91dbe195dcda,0,,448,960
SANAS_NUEVAS_164.jpg,train,own_field,declared_by_author,90efc729431f7c1ebc1845540c6280d21c833f0c246106242433488076cf3d05,0,,960,640
SANAS_NUEVAS_165.jpg,train,own_field,declared_by_author,d1d56c13050389aa8c0b14d06d7eccfa44c24510c97e5e19ae392530e6602924,0,,960,640
SANAS_NUEVAS_166.jpg,train,own_field,declared_by_author,bf2043dbd84b78b65463b5e5044a40caf76a30e4ee1f44b0582b92f28acdffb8,0,,704,960
SANAS_NUEVAS_167.jpg,train,own_field,declared_by_author,651842684adef1d8df4b16beb51947ba75007602f859d2f16a42d3d0954d7a97,0,,576,960
SANAS_NUEVAS_169.jpg,train,own_field,declared_by_author,f183412fc4c72f8ac8e634352d5f3f80ceef06630b49d8a4151c65e931e02102,0,,960,832
SANAS_NUEVAS_17.jpg,train,own_field,declared_by_author,70ae799b219d63d08759ab9cacbc7d45f497a216b8301e0b5efa92a6c5f1b1f7,0,,704,960
SANAS_NUEVAS_175.jpg,train,own_field,declared_by_author,f8e33614dd67b515683ae1659437998d84cebe86da565c58554ee64b6bea8863,0,,768,960
SANAS_NUEVAS_176.jpg,train,own_field,declared_by_author,270e0eef44e76bbff1d5356cf42db7f64119429488b8f083e1d45ce8cf96100c,0,,960,960
SANAS_NUEVAS_177.jpg,train,own_field,declared_by_author,0de1746df3ab9417199d426a0d11a83da440fa68aa9e32b313e7c3a878c77327,0,,960,576
SANAS_NUEVAS_18.jpg,train,own_field,declared_by_author,c619acf9a3733d9ed3c216d90dad4e66dfeb28bb160ec8e5670f5e2ba081d3f1,0,,576,960
SANAS_NUEVAS_181.jpg,train,own_field,declared_by_author,e8fa03f43e6824e3af82f337a210f0c3ea96e7e9ca202a2e9b8ee4aa88ff5369,2,0,960,768
SANAS_NUEVAS_182.jpg,train,own_field,declared_by_author,4c4abea9face66bd4a2f28601bdd469f516f1c174e142e0023ebe1518f23d399,0,,960,448
SANAS_NUEVAS_183.jpg,train,own_field,declared_by_author,63e9bcb7ded9c9336bfc6bb3337d21fbdb72999d6b85c6f745fea41ee5435190,0,,960,512
SANAS_NUEVAS_185.jpg,train,own_field,declared_by_author,69255efb37d9d4160d8f24bf1295e889bef79c64f6241f105e245c558241d93f,0,,768,960
SANAS_NUEVAS_186.jpg,train,own_field,declared_by_author,d86eddfdc528cc3c516e78e1476ec61c884c8caee240a6cb9818ac9bc03ac02b,0,,576,960
SANAS_NUEVAS_187.jpg,train,own_field,declared_by_author,927f5fb2f6d8b87c95269247db1ab4b1f18fb731cacb0c7768915a79ae3fbf0b,0,,576,960
SANAS_NUEVAS_188.jpg,train,own_field,declared_by_author,3a68649d959e17b4bbaec09bbf492709311c06f0798f9e2c9c1d861fdb16eede,0,,576,960
SANAS_NUEVAS_189.jpg,train,own_field,declared_by_author,a77db68ddf3e8416cae8f62074e10b0f1f65cdc6ac7bdc2f4e49c75ca0a61763,0,,960,768
SANAS_NUEVAS_19.jpg,train,own_field,declared_by_author,8e7aac7ceacdec5a7165beb23e42c62269761af8e07d543fe2922d8e0a7b9adc,0,,640,960
SANAS_NUEVAS_190.jpg,train,own_field,declared_by_author,b676821decdae4cf544d5f774c5a7665fe0c48e2fc29997fcc3bc8b36ac263a0,0,,960,512
SANAS_NUEVAS_192.jpg,train,own_field,declared_by_author,acdfbd27172465333ba3162404230d5567439c74327ddf5808a6afc6ddf01b15,0,,960,704
SANAS_NUEVAS_193.jpg,train,own_field,declared_by_author,6960961fdfb2a5151dee24085d1d5768ac416a0ab1af5b438fc407ba516028a1,0,,960,640
SANAS_NUEVAS_194.jpg,train,own_field,declared_by_author,08ce6db1a7ba53f62a3462fb5b9885f1f0e095b089019baac969cb86a78b22d8,0,,960,640
SANAS_NUEVAS_195.jpg,train,own_field,declared_by_author,1557a33aca49f0cd33b7ab53c72251903b775a1f720b6b2c2dafeb82c99f8384,0,,576,960
SANAS_NUEVAS_196.jpg,train,own_field,declared_by_author,2dc298b3ab2cf15c3e1dd01792b66c18c6b88ed4519df3257ba7ef1570306047,0,,768,960
SANAS_NUEVAS_197.jpg,train,own_field,declared_by_author,752919c80f6618c7aa2e5eaad07bc447c50e24e092632d44cb7a1ba73af08b7d,0,,960,512
SANAS_NUEVAS_198.jpg,train,own_field,declared_by_author,3e20a891f747afe1b7f32a85acd7d69b9229011914729a05d174fdcab419f8e7,0,,640,960
SANAS_NUEVAS_199.jpg,train,own_field,declared_by_author,cce13c20e8056ce951b6082c72e04e276a9cb4b97ed635500df8960dd019edf7,0,,832,960
SANAS_NUEVAS_2.jpg,train,own_field,declared_by_author,062f14d4554c7efa963ab6eaf82a7e8d7bf38fe72265d526f23912921872370b,0,,896,960
SANAS_NUEVAS_20.jpg,train,own_field,declared_by_author,609ae9262f73036ee11d1a9db61cac8908c32e9ff7cc6fd7e8d12387c3da4a95,0,,960,832
SANAS_NUEVAS_202.jpg,train,own_field,declared_by_author,34badce03526c913d663532743bc13322d592a23b08b001c45d2f9608b3df2db,0,,640,960
SANAS_NUEVAS_203.jpg,train,own_field,declared_by_author,64af854260f82706c97f91eb776ca30b1f82d35d67a35f5d6d12df3f17faef3c,0,,960,768
SANAS_NUEVAS_205.jpg,train,own_field,declared_by_author,c631a01e184c1ebaac682f4881a870ad809dd2dd3f2bb5420d8f249ef20fc302,0,,640,960
SANAS_NUEVAS_207.jpg,train,own_field,declared_by_author,b9e71951f06273a171f2e791c506bb4ac6f51a076969bb57a56cba041f722f88,0,,960,768
SANAS_NUEVAS_208.jpg,train,own_field,declared_by_author,94618c65732d02614b055d5777ce511ccf7cb3288c5f8eb477b7390396abb891,0,,832,960
SANAS_NUEVAS_21.jpg,train,own_field,declared_by_author,a287e72b594e0045a525a5ee8023e4ac97fbacd2d46983a3b0982df214805708,0,,960,832
SANAS_NUEVAS_210.jpg,train,own_field,declared_by_author,63f6ecb7ceb68d883df752b65d1fc458ac34584e51cd234e399bebc9023d2ffa,0,,704,960
SANAS_NUEVAS_211.jpg,train,own_field,declared_by_author,0b9959a9a2b5f6ddc652ed0c7416cbd730fa833c933943acd91fe4a1b1202fb3,0,,960,832
SANAS_NUEVAS_213.jpg,train,own_field,declared_by_author,328948d33181d395e5d0148affdbb06b3b3b41883b6b1af429a8b7d2d42c90aa,0,,960,768
SANAS_NUEVAS_215.jpg,train,own_field,declared_by_author,a66f43c7388af31f997b6b1f5a2e2f581ad26e627c60674b745891d5f05bba22,0,,576,960
SANAS_NUEVAS_216.jpg,train,own_field,declared_by_author,ec3a55cb59f811e635e5392afe0e7d9d013f1f02685b2c418d4459766a3ce6fc,0,,640,960
SANAS_NUEVAS_217.jpg,train,own_field,declared_by_author,4aa938bdb43bd017cd00f11028f4071b1825bd91342c82637ce324224b9b5032,0,,768,960
SANAS_NUEVAS_219.jpg,train,own_field,declared_by_author,1fe0513d1fa4616e2c6ddfd45510149d31f82f37919a375cc4fc226ab03682a6,0,,576,960
SANAS_NUEVAS_22.jpg,train,own_field,declared_by_author,8665b4a199a59042beec9a1cdb08cfa4041fb30d0ee17f5da17fb9eddd403013,0,,768,960
SANAS_NUEVAS_220.jpg,train,own_field,declared_by_author,467c120b7c97a870a776858cfa7131d47fe1d9aa37c19ae6d496adbc3b439e50,0,,768,960
SANAS_NUEVAS_221.jpg,train,own_field,declared_by_author,72f9716acd1922f8659dc39874a7b4962b1057832b87a25e69817b2419467887,0,,832,960
SANAS_NUEVAS_222.jpg,train,own_field,declared_by_author,e63feb3db14cbca6adfcf2c3427e5241a893a963c700a626e951f962712b9ca0,0,,960,704
SANAS_NUEVAS_224.jpg,train,own_field,declared_by_author,ba7824397835166da59ee3fe44fbd6793d7ad736cd3afb62b8a8ad8959d2e775,0,,640,960
SANAS_NUEVAS_225.jpg,train,own_field,declared_by_author,67ab1d9afe4649944e2e6e84610ad26607dd47c1551561d1c01774d8b7123a24,0,,960,832
SANAS_NUEVAS_226.jpg,train,own_field,declared_by_author,ca364ab186e8bd5e83ed76422824cf688073f573ca80b1815067b3baa74b69de,0,,832,960
SANAS_NUEVAS_227.jpg,train,own_field,declared_by_author,3f5a64d98ed1eaa7b32d5e722d51effd7f9db9e397e9eff1db036942a634ee64,0,,576,960
SANAS_NUEVAS_231.jpg,train,own_field,declared_by_author,e6f2118bb8bef19d2511aa2b22bcac30e01ddd12a5ce9f7aca38904421cc838e,0,,768,960
SANAS_NUEVAS_233.jpg,train,own_field,declared_by_author,e679377a4459b9a9dad162c33cc086a2c1ac4805e8ab3d770d1bb0b9948e3a46,0,,960,704
SANAS_NUEVAS_234.jpg,train,own_field,declared_by_author,0e7eda08694a30cdeece474e9b8a37a59772bba348a2ec3befad030f19285f13,0,,960,512
SANAS_NUEVAS_235.jpg,train,own_field,declared_by_author,ca6e5346d7971f3330b3393303d2d095db2ca89d32f48b15384603aef1feba9d,0,,640,960
SANAS_NUEVAS_236.jpg,train,own_field,declared_by_author,40d91b3bc4280cd96b50f55bcb759de01ced8b017b71067e60e548f80e1c63c7,0,,768,960
SANAS_NUEVAS_237.jpg,train,own_field,declared_by_author,ab985a92ac498c3b74440d863bd0ff5d252c073185a909d6e380a88f147e366f,0,,960,640
SANAS_NUEVAS_238.jpg,train,own_field,declared_by_author,bb3d232caa2c6aaa0d8f81e650e30b1fa621e2c6319f138636faf5a07014c85d,0,,960,640
SANAS_NUEVAS_240.jpg,train,own_field,declared_by_author,16b7aa61a8fa07b9b60352746fd723584b40b56205cc8f4d62da479636e1c428,0,,576,960
SANAS_NUEVAS_241.jpg,train,own_field,declared_by_author,a3cd3b0a72569dc8a34a7af9f7f6dae7db080a376332c21f1f0c28ee11d6521f,0,,896,960
SANAS_NUEVAS_242.jpg,train,own_field,declared_by_author,c069d310634bedfc5e04bf5e01bbd79deeb94d3c22377efbd0f6ccd5e57db2e0,0,,768,960
SANAS_NUEVAS_243.jpg,train,own_field,declared_by_author,6f54343c69ac394a7415d234227d4c24116ec363b0030cc16e2de4ced510a7aa,0,,512,960
SANAS_NUEVAS_244.jpg,train,own_field,declared_by_author,4f881522e83c5fc9c4d1bbe04e5bc04b861cdb2c5ed4d8fe3c12ce7b8c15d9bd,0,,960,768
SANAS_NUEVAS_247.jpg,train,own_field,declared_by_author,4b310b2b2a4bf3fcfb3fad8b746567e9e6e17e22f5e51f2677a18f3e860aa75e,0,,960,640
SANAS_NUEVAS_248.jpg,train,own_field,declared_by_author,9d6c8f94d364a2e8130d0d705c8e35eb5289635296820dc26481a676db323655,0,,960,704
SANAS_NUEVAS_249.jpg,train,own_field,declared_by_author,de6f0efe6739edb988a2182512400e75a4cbfdb3a6c6f49412c18ad89f329ada,0,,960,768
SANAS_NUEVAS_25.jpg,train,own_field,declared_by_author,3e86d81aef78b26877fd63472c8814fd362a866e615c87be11f32f60c42787d4,0,,960,640
SANAS_NUEVAS_251.jpg,train,own_field,declared_by_author,3597f2da4c1d12ba773ae70102e9807924d03057fcd34315943a049814accd35,0,,960,896
SANAS_NUEVAS_252.jpg,train,own_field,declared_by_author,496d23cf26b639c0a55af508d759ffa792d0d7440830cf8ffeb92438a419390a,0,,960,768
SANAS_NUEVAS_253.jpg,train,own_field,declared_by_author,95f3bdd9293d64e2ddb331644d1ef638b127595512e06a4991fcae118eee0def,0,,896,960
SANAS_NUEVAS_254.jpg,train,own_field,declared_by_author,43b0d62b0bd845e93d1a1c4d209ad7876e9211ebe26f05f030f8eec833d4e6b9,0,,640,960
SANAS_NUEVAS_258.jpg,train,own_field,declared_by_author,ba002ee12e08d68937dc2d1963db66aad6071de98ca6bb12d4853c69ad9e0b54,0,,960,768
SANAS_NUEVAS_259.jpg,train,own_field,declared_by_author,2fad2aeae757008891c28fdc36cdf6c54fda902a16daa7b40d1624caf691466e,0,,832,960
SANAS_NUEVAS_26.jpg,train,own_field,declared_by_author,f33a7d3e176b9a7fa5c9a58f9d9b1696031db147b5a4e842c6b7ef2b3b558716,0,,960,576
SANAS_NUEVAS_261.jpg,train,own_field,declared_by_author,22d8b6a8f871298b37ea490f1d05b689824e3b529abd534762567c41adff9493,0,,704,960
SANAS_NUEVAS_262.jpg,train,own_field,declared_by_author,70c5ba031742ee1748fdba970eee272123467cc7ec252eb868e14639efc5144d,0,,960,768
SANAS_NUEVAS_263.jpg,train,own_field,declared_by_author,5fa60a76abef20ebc9316f68dc0024cc5f72a0b6ad4e9e7864235be594747506,0,,896,960
SANAS_NUEVAS_264.jpg,train,own_field,declared_by_author,7fcc64308335d54241ce92e8f59157b370cab7be2af8b66a951df73b8229ec85,0,,960,832
SANAS_NUEVAS_265.jpg,train,own_field,declared_by_author,040e5764ae7301921beab171739a030f281334006d6e91d0baa960b671072813,0,,960,704
SANAS_NUEVAS_267.jpg,train,own_field,declared_by_author,ea81f2fb5f1c5712a0936b7d4f8f047a4f218d16a10067ea6c859dca679eb37f,0,,960,832
SANAS_NUEVAS_268.jpg,train,own_field,declared_by_author,4c3c578f747b6ffc8103d062dd5bdd114dcc51df3654cfcffa271ff10f4e1187,0,,896,960
SANAS_NUEVAS_271.jpg,train,own_field,declared_by_author,391b9f53622de61dfa940ff181eccf1dbd6fe8d2f5173e4bd3cd92026b152adb,0,,960,960
SANAS_NUEVAS_272.jpg,train,own_field,declared_by_author,655a2b2641708279a64c4d33e29ebacfc12e61cad0a4cab91b1e74a3328b7913,0,,640,960
SANAS_NUEVAS_274.jpg,train,own_field,declared_by_author,7be6856c6dfe802899a110ba98aafd6d4c6d7fda0e52d48a894a0388d3ddc472,0,,960,960
SANAS_NUEVAS_277.jpg,train,own_field,declared_by_author,6f81a7113737ba73c3406093ff4c284341698912fbbe8a4b6bf35af639177c38,0,,960,896
SANAS_NUEVAS_278.jpg,train,own_field,declared_by_author,eff9bc353046357fc4f72115fb196a84d6e5ec3c166b32269167a6b1dec545a0,0,,704,960
SANAS_NUEVAS_279.jpg,train,own_field,declared_by_author,8e71844d9380a268363a7a489302834b89444343146b994a61865bdea80c62e6,0,,960,704
SANAS_NUEVAS_28.jpg,train,own_field,declared_by_author,02a02a2e044d73a17ba070e66219316153a13672825b3426ff7445be4914057e,0,,960,576
SANAS_NUEVAS_280.jpg,train,own_field,declared_by_author,b83debdf8301977cf191dcad56bd193c0438cf1c8b47110bc89846b3ac62e961,0,,960,960
SANAS_NUEVAS_281.jpg,train,own_field,declared_by_author,02f72c7f9a47ba5bdf87787c9a7c9603e49fb87b4d2457ee433088ad562299c9,0,,640,960
SANAS_NUEVAS_282.jpg,train,own_field,declared_by_author,5c235d59107643e4400e0f5c929fa378edaeb61c0d0d5e29dbf0f0d4950f40d1,0,,960,640
SANAS_NUEVAS_283.jpg,train,own_field,declared_by_author,8886050cd23a1e5ab058ac573b5bb5b70b6a0660b8dc6256f1eb2a24d1c7060b,0,,896,960
SANAS_NUEVAS_284.jpg,train,own_field,declared_by_author,ad6218f90f8a4ac4017d1b7d617c9b7e59d5486b3c770c43ee9222fc7d4bf82e,0,,896,960
SANAS_NUEVAS_285.jpg,train,own_field,declared_by_author,2ecb27daf060dff84bdf231a9fad7b0899f371704f61205a168b3c6a6eecbd6e,0,,896,960
SANAS_NUEVAS_287.jpg,train,own_field,declared_by_author,798c5de97eb22f846bc372c702c583478f85d9d7f6cbfc2652e59bf2f516e186,1,0,960,960
SANAS_NUEVAS_288.jpg,train,own_field,declared_by_author,97f139db76f365a09f385efab0bc241c217891526022d538a5963b2ab580072f,0,,960,640
SANAS_NUEVAS_290.jpg,train,own_field,declared_by_author,61a5248a1a492fbd3f6643b842d88db6d8cc7392474037af0a0fe6fec0bb9556,0,,960,768
SANAS_NUEVAS_291.jpg,train,own_field,declared_by_author,341d3a8f8208a1497401db6f7f9ecb1b424df5f24d25ba33172151baf2ee6eb5,0,,768,960
SANAS_NUEVAS_293.jpg,train,own_field,declared_by_author,93d3b0b19ae4917d0bee41711f1b285f7afde11a980a5c31a53e5e92c3cdede6,0,,768,960
SANAS_NUEVAS_294.jpg,train,own_field,declared_by_author,fab3c6f6861b44c601cd7ae8d8ec575da81c9fdf9efb98ae8ae7f65c858d0388,0,,640,960
SANAS_NUEVAS_295.jpg,train,own_field,declared_by_author,3db250cf73480812dfef3b7251e73a530115eea4d5630af2b3655ccf45b9ea84,0,,960,832
SANAS_NUEVAS_296.jpg,train,own_field,declared_by_author,35f8a4c19f365f9e8e35aa05634253466c6c6bf4a864b1d020bf0ab5b90ea870,0,,896,960
SANAS_NUEVAS_298.jpg,train,own_field,declared_by_author,56810bf1be9068cea504ab74deadd21cbd0a8d3cc0378d0898e82103b0328d1b,0,,960,640
SANAS_NUEVAS_299.jpg,train,own_field,declared_by_author,e3570b40641a455724af39c60076480fe988bda3ff9fdf0f33447e0192822be0,0,,960,896
SANAS_NUEVAS_3.jpg,train,own_field,declared_by_author,59c9513e98a42e6dd197670855bf5106425760784ccc0126d43ec452e5a53ee5,0,,896,960
SANAS_NUEVAS_30.jpg,train,own_field,declared_by_author,301de0874cbf3addb02fb503531258f4aab60c1417b951f8de6eb5b507a751f7,0,,960,704
SANAS_NUEVAS_300.jpg,train,own_field,declared_by_author,2978e7dc328515e23f2280ad7db10190e84ba60d6d22c6da1e82e68272f1a6a8,0,,960,896
SANAS_NUEVAS_301.jpg,train,own_field,declared_by_author,d56423d3cbf5b9faefe676a5f6f68c78c798da06362a19a8952c7825801f5d59,0,,960,768
SANAS_NUEVAS_302.jpg,train,own_field,declared_by_author,82a40779901e5363132e609f80381c6968cb5160b8c804857c6c1e1451f590f6,0,,768,960
SANAS_NUEVAS_303.jpg,train,own_field,declared_by_author,0f4ddabe66180e14bdcb847e1aa7ad03eae6454ed8deaf0e13d5cda57bf29826,0,,768,960
SANAS_NUEVAS_304.jpg,train,own_field,declared_by_author,2e6be5da9e5f9213294ba025187e0a1a4c677036f2d345fd2456ba72317d23fe,0,,832,960
SANAS_NUEVAS_305.jpg,train,own_field,declared_by_author,adeb878cf931a2258614c6336b0cda7c43a8756a03975e3bd9a24cec7290c79f,0,,768,960
SANAS_NUEVAS_306.jpg,train,own_field,declared_by_author,d1a623724e3aa590b421f673019171f2258af07f91c340af08db05eb2a7f8edd,0,,896,960
SANAS_NUEVAS_309.jpg,train,own_field,declared_by_author,2cf7bbfb0b64d0feb7eb95ae72eb11c5832a3815ab9330b4b7a0e17ccad4ec6d,0,,960,768
SANAS_NUEVAS_310.jpg,train,own_field,declared_by_author,0ff282e2bcc8da58542279e3935c993875b0b65f656509d42498d3b60d1b1cb5,0,,832,960
SANAS_NUEVAS_311.jpg,train,own_field,declared_by_author,87acb249b8f9277058a477d255522e0c97be2d46dfc3deaca954a9f81c4ad8fa,0,,960,832
SANAS_NUEVAS_312.jpg,train,own_field,declared_by_author,d978bcea0d43da11745296ad302ce083d9c9fdb8febce7de25a4fdc684357f8d,0,,960,704
SANAS_NUEVAS_314.jpg,train,own_field,declared_by_author,2e2dbd01544ad6f786e3e810e1c5d9d88ef07d155ddeb8845fcec3b88043e70e,0,,960,960
SANAS_NUEVAS_315.jpg,train,own_field,declared_by_author,29b0d6d3be83d38d3be86eb4176f798fd41a266de20c33b4901540d889343de4,0,,960,832
SANAS_NUEVAS_317.jpg,train,own_field,declared_by_author,a9fa8500982d92cf496d89ac5589966f494e8a912c9726ea3d9581dc44b4647c,0,,960,832
SANAS_NUEVAS_318.jpg,train,own_field,declared_by_author,a0763c4f0b966b42ca4f00cf88e5ac42e25dec13384a024fcc8a8a59a9a0d0f3,0,,960,832
SANAS_NUEVAS_319.jpg,train,own_field,declared_by_author,665b60764e2130916362e6916f9a24c8ee73a893e062103f4ae5402f9906c1e3,0,,960,960
SANAS_NUEVAS_32.jpg,train,own_field,declared_by_author,e58e7f769f8b8d0b188af8bc758cc3367c2d403635f5d2c7baa5aa032e1b714f,0,,704,960
SANAS_NUEVAS_320.jpg,train,own_field,declared_by_author,be174d84e18b5282a38fb8922c8767bf01e4c1d4098568e9dd5f9ad48019dca9,0,,896,960
SANAS_NUEVAS_321.jpg,train,own_field,declared_by_author,a22f8273c190b9716b4a67f430418cd833d5e5590791195ffded63bd59cf329d,0,,896,960
SANAS_NUEVAS_322.jpg,train,own_field,declared_by_author,f21009266d1004bf8e8e3c3f739083616508d78955f9540c40448c403c1dc6b2,0,,896,960
SANAS_NUEVAS_323.jpg,train,own_field,declared_by_author,671237419d05f4f445da2977cf1362e4e9e132b21b8a14c923b94d91c78c2a0d,0,,960,704
SANAS_NUEVAS_324.jpg,train,own_field,declared_by_author,5d08aaf83d662213b593f7183d41501fe7fe6540a02dfb4f2f5be881ad02da37,0,,768,960
SANAS_NUEVAS_325.jpg,train,own_field,declared_by_author,5f577007b75c50eadfd485d695090940ffbb9139d282b0ce7f53cdc600f49037,0,,960,832
SANAS_NUEVAS_326.jpg,train,own_field,declared_by_author,a146ab46d5ea565a874cbb742d41da17391f4a593da7332fb619e9f4334d0479,0,,960,832
SANAS_NUEVAS_327.jpg,train,own_field,declared_by_author,5f3a0b7e882f21948c14785f75b948e4c0a6179f4b59815edcb357165bf18485,0,,960,832
SANAS_NUEVAS_328.jpg,train,own_field,declared_by_author,17838877780f1f159645f09550c90e2d347ca85c853a25772d909236e1cfda4c,0,,704,960
SANAS_NUEVAS_33.jpg,train,own_field,declared_by_author,82b950adeead593f2c86a3b896d803b0cd000a58dec9ae06cc972bfe08233429,0,,576,960
SANAS_NUEVAS_336.jpg,train,own_field,declared_by_author,0b13f946045823d7c4febe0118d783abf7bc35418996aedc16aba8c6e0c46e81,0,,896,960
SANAS_NUEVAS_342.jpg,train,own_field,declared_by_author,8cb946e259183d4274380b3b84f2e85b6f16c098fa6644330b8f7775f505ee38,0,,704,960
SANAS_NUEVAS_343.jpg,train,own_field,declared_by_author,2118aae8052f48f9f4bb150f91dae3d5b5a7a95ec2b0f8d5824081286c06fc6f,0,,960,832
SANAS_NUEVAS_345.jpg,train,own_field,declared_by_author,eeddd40218a874f0d940cdeb1685d8cd9d0f7c626210c4885a5eabbc5e60aaf7,0,,896,960
SANAS_NUEVAS_346.jpg,train,own_field,declared_by_author,ac2ffdbb5851fdb62081146dfcefee21ae8306be30f3390a9d83ec7b5a1e3c45,0,,960,704
SANAS_NUEVAS_349.jpg,train,own_field,declared_by_author,35ab3301e7e73e9394881ac1cf36d81c6a22719dd219ae593d97d9549afb6c7a,0,,960,896
SANAS_NUEVAS_35.jpg,train,own_field,declared_by_author,4f2ecceecdbed2bb99450f40171d6e42fa81bd52f6de38b1f2d165dac9f9b4c6,0,,960,704
SANAS_NUEVAS_350.jpg,train,own_field,declared_by_author,8d71f0a7df616d16e5e94ce0a0abd292ae3edce66f72f3c03fd7f21e0f2b5dbe,0,,960,832
SANAS_NUEVAS_351.jpg,train,own_field,declared_by_author,a4fcaf8f09268de0e6cac14b02378a81bdb712107dafd8ef69d532db1cb3b3d2,0,,960,768
SANAS_NUEVAS_353.jpg,train,own_field,declared_by_author,63fa7b1615be69092193e07c9131ea7f92d03d03de9eb1f03bbdef7b7980ed4e,0,,960,960
SANAS_NUEVAS_354.jpg,train,own_field,declared_by_author,d288d53269235545dadd03ac8cab80da6ac40f4559259ab8ed8fc10d17d683d6,0,,896,960
SANAS_NUEVAS_355.jpg,train,own_field,declared_by_author,22c4f939cd9a9e0877d37e4f36606a77202ae3c601272a61cee7ee0b80d19bdc,0,,832,960
SANAS_NUEVAS_356.jpg,train,own_field,declared_by_author,cfe9be659513f0cd847b13714dfcfa9449e0fdfa29a553c1d18913da571b802e,0,,960,576
SANAS_NUEVAS_357.jpg,train,own_field,declared_by_author,6a1254dc99c32ebb0d68f067c778074b06429370e9e77d4e9426f7396d1bebf8,0,,768,960
SANAS_NUEVAS_358.jpg,train,own_field,declared_by_author,da06252355336dec57a64b5b08413a526014e30102c21c00831d19f9a2146002,0,,704,960
SANAS_NUEVAS_359.jpg,train,own_field,declared_by_author,344e532913c716c2fbd780efcf86a7968575ad0aa0ca4e9dead7e62adc6bbd68,0,,960,896
SANAS_NUEVAS_36.jpg,train,own_field,declared_by_author,db264fd8aff2d250580196f8692253325f01f6951848014bfe6a52d3ce3649bd,0,,576,960
SANAS_NUEVAS_360.jpg,train,own_field,declared_by_author,122e7c4d542fa859639e8d255637e3f7ee8a1142286f9845e015dbcd0f5a9474,0,,960,704
SANAS_NUEVAS_362.jpg,train,own_field,declared_by_author,bbb77d81fc63c8fa50fb0d994278b5ed48089d3f545deadfbc80c98d2a8c8e28,0,,704,960
SANAS_NUEVAS_363.jpg,train,own_field,declared_by_author,bb61932084f7ba6e05dbba836fe88291bb4d0c485450eede0621ffcb75c3e8ae,0,,832,960
SANAS_NUEVAS_367.jpg,train,own_field,declared_by_author,170f76d9f103556eb27e04b08a00e4e15a113889d63d1520d9e4bad9651ff8e9,0,,768,960
SANAS_NUEVAS_37.jpg,train,own_field,declared_by_author,03505bbe82630b744c3572773946037c337d707c2b49f86e953ebbd381270260,0,,704,960
SANAS_NUEVAS_370.jpg,train,own_field,declared_by_author,78f94a5b3cbe0740286116757b3f146a5ba82816759c45b72cd10c33e16de78b,0,,960,960
SANAS_NUEVAS_373.jpg,train,own_field,declared_by_author,e8a6e0f46f1ecbe47ecf4c5678f5dc1bac4572ce916fb1665ddde02925eb6658,0,,960,960
SANAS_NUEVAS_374.jpg,train,own_field,declared_by_author,8ed7390992d022a9d974a77fba2fef659148e67e490915c33dedc31636d73bf3,0,,832,960
SANAS_NUEVAS_375.jpg,train,own_field,declared_by_author,979274e51bb114c320b63685d7f568e38f20c5d2c9213c8cf2467cbb196812e3,0,,896,960
SANAS_NUEVAS_377.jpg,train,own_field,declared_by_author,573dbfe2787268c41c3c1b9c92e96558fa4f463ebac311174ecc4c708caa8689,0,,768,960
SANAS_NUEVAS_378.jpg,train,own_field,declared_by_author,0b491677dbda717d64881d8a22ba2c6cdd31972db8a8f5287ea349f6bdf41297,0,,640,960
SANAS_NUEVAS_379.jpg,train,own_field,declared_by_author,e51c5bb996bb1f419c280173399f2704bef17011238c0d1f8e6f693e6ef1165c,0,,960,832
SANAS_NUEVAS_38.jpg,train,own_field,declared_by_author,6bd4bef5cbcce3dd7744446a6b1d3472e3e02bab7b6c075f27483273e6ac261c,0,,960,576
SANAS_NUEVAS_380.jpg,train,own_field,declared_by_author,3b3be9454830a4d08f79c9b58c6d365f31ba33e6c307b51eb4909298a9404bdc,0,,960,896
SANAS_NUEVAS_381.jpg,train,own_field,declared_by_author,1ce248852164325b5d531362121769c8b62badf1f1643d25efa4ec0f30cdfd07,0,,896,960
SANAS_NUEVAS_384.jpg,train,own_field,declared_by_author,c9644baf1bef3a5bf2f46564c560c1699179c9d638f0be38bb90647efb5cc1b2,0,,960,704
SANAS_NUEVAS_385.jpg,train,own_field,declared_by_author,dccb24e930f6cbff25741f230b1219b88eab3ede2d2b72a68737d10c6df0b710,0,,960,832
SANAS_NUEVAS_386.jpg,train,own_field,declared_by_author,ed02f5df1109a0adf04590ee00537461951cc1034e63fc3cbaee1dce400fe23a,0,,960,896
SANAS_NUEVAS_39.jpg,train,own_field,declared_by_author,308c6b698c35391712bb494e01d0340a53a0bdaaeedb384f72ce3db9c743b96e,0,,640,960
SANAS_NUEVAS_391.jpg,train,own_field,declared_by_author,5ec59e7f22258bf1bc8b5baba95b6eab703b21bba9ee5e53edf729c056850841,0,,896,960
SANAS_NUEVAS_392.jpg,train,own_field,declared_by_author,e5fcfa6e1075f5fa059949094d29e1e8fd806f10bb66e16c4eb8f222ae20a05c,0,,960,896
SANAS_NUEVAS_393.jpg,train,own_field,declared_by_author,139eb91c82441123f7a2db547bb7e59b3b470fccf92863c40583f76332e08b87,0,,640,960
SANAS_NUEVAS_394.jpg,train,own_field,declared_by_author,f6d3246a6490ea19b1fd164091711495e7ea2a508e2c29e84fda6420c3ab3d78,0,,896,960
SANAS_NUEVAS_395.jpg,train,own_field,declared_by_author,64422df9e6c59c6983e304372cbf7377f1e3ebf71cc046653ee36be148e8dbaf,0,,960,896
SANAS_NUEVAS_396.jpg,train,own_field,declared_by_author,044804935bcec67fc7ee7b2c6b5d823f2e84ef2c81472e5683563e71de4f4586,0,,832,960
SANAS_NUEVAS_397.jpg,train,own_field,declared_by_author,f3b9048b56aca8a67996f174ef353bac08dd2a4ef561d55ef37f0688e7bc959a,0,,960,768
SANAS_NUEVAS_398.jpg,train,own_field,declared_by_author,b032aaa4d6880aa64b6d3bd68c43033229ed2e39a158e02e9ab72ab9179bf16e,0,,960,896
SANAS_NUEVAS_399.jpg,train,own_field,declared_by_author,ae02451e17191899cbdeed722ec0752dd9fa501ca9809187c9747055eec87128,0,,896,960
SANAS_NUEVAS_4.jpg,train,own_field,declared_by_author,6108a58a888fad401715fbf559a4d937b7e8e1429b7156d8d37680f5578206c1,0,,896,960
SANAS_NUEVAS_40.jpg,train,own_field,declared_by_author,060ce2a684e468b4c7528a354999c26932c422205d6bea95455fcc475b3b68e1,0,,960,704
SANAS_NUEVAS_400.jpg,train,own_field,declared_by_author,6e5a919cb2ea4f0d7f16e5dfa1c08b0faab5540cced67f9d4f1f14640a868de3,0,,960,704
SANAS_NUEVAS_402.jpg,train,own_field,declared_by_author,93de6c87e9a9f0d509e89e52ad5844f8b9f55211df2daa93d2103aa5cb8131ea,0,,960,704
SANAS_NUEVAS_403.jpg,train,own_field,declared_by_author,90a41c5782e87eaf5c195e6cd2b1cde566c747ba0440a6796bc62dd82394d4bd,0,,832,960
SANAS_NUEVAS_404.jpg,train,own_field,declared_by_author,fa639a09e26be2e75c3f00d13d26f5f91848c1638acb24f2990eef3f5b3348ef,0,,960,960
SANAS_NUEVAS_405.jpg,train,own_field,declared_by_author,2d4d70af026a7e49fdf69cdc481fa40232bfdc8458e905b670d186483745c847,0,,960,896
SANAS_NUEVAS_406.jpg,train,own_field,declared_by_author,0ab68ce2ba5c5e902c29806ec01624459c6c44133ac483ca61956f18d5c1d6e1,0,,960,896
SANAS_NUEVAS_408.jpg,train,own_field,declared_by_author,d286a3175d0a0f699ef55337cba0963feb3e40515741779fd0aeeda01f6b5261,0,,896,960
SANAS_NUEVAS_409.jpg,train,own_field,declared_by_author,f3e75b3401320d29c3ad3479dc27338f9db7cba6a65357fa3db95795ccc3aafa,0,,832,960
SANAS_NUEVAS_410.jpg,train,own_field,declared_by_author,51502f50243fc08d2c23d1b1fa35b8847c6c76010d920028fbc3b5ab84f84622,0,,896,960
SANAS_NUEVAS_411.jpg,train,own_field,declared_by_author,aefd73e795e3f42524a822378dbcb31bcbce6451b5b84446253d2e541f5aa57f,0,,960,832
SANAS_NUEVAS_413.jpg,train,own_field,declared_by_author,6bb0561925267fcdbd0b444384c102ccbca44dbc62e74abd4d2b53fcd187ea32,0,,960,832
SANAS_NUEVAS_414.jpg,train,own_field,declared_by_author,4d94adb0a739d296856c3c07c2e4e32480c4eb2634692f783e216d4f06727a61,0,,960,768
SANAS_NUEVAS_416.jpg,train,own_field,declared_by_author,10934266292c5939ce1c8b01f1f9864f1dfcb8530baab911ae03c8f6c3809398,0,,960,832
SANAS_NUEVAS_417.jpg,train,own_field,declared_by_author,d3378c2b5771259b165ac59a9f7668c4948429cb7837ffa2846657075fe2ebee,0,,960,704
SANAS_NUEVAS_418.jpg,train,own_field,declared_by_author,9896b9e6b5227ab400acc8e378d833ba2f11d9db4cb3baabeedebf78d345be55,0,,960,960
SANAS_NUEVAS_419.jpg,train,own_field,declared_by_author,d7345b39ae2866133f9d531b70bfb743b5d512983da3528c644fab7d4a7301e1,0,,896,960
SANAS_NUEVAS_42.jpg,train,own_field,declared_by_author,5d00c12c3b25dc79fa0c58d9234282b81ed1e9b3f75510d7bbca9238b6d0c0b8,0,,960,640
SANAS_NUEVAS_420.jpg,train,own_field,declared_by_author,a2fae224fc2475c6fcf9fbabd6c19fb2c953b77cc80dbe8d6fb2632edb1882a4,0,,896,960
SANAS_NUEVAS_422.jpg,train,own_field,declared_by_author,16adc22566535333a0fc37bf9bdc1e029d8e16b2f1008b132bd0b7e8992f48a4,0,,960,768
SANAS_NUEVAS_423.jpg,train,own_field,declared_by_author,ec8ac35f475faf06005b4d2998a1777fea1ed8e6170eacde5fddcd948983b100,0,,896,960
SANAS_NUEVAS_424.jpg,train,own_field,declared_by_author,d887659ae46bbb3e26896cd09d840791f72dcdcb7c318e894742a4e7831ccd56,0,,896,960
SANAS_NUEVAS_425.jpg,train,own_field,declared_by_author,8660fb8111285e31d9dd71663986ce381a037add6a16227b8aad580f821ec852,0,,960,896
SANAS_NUEVAS_427.jpg,train,own_field,declared_by_author,ea38e131059878ac84ee073a9e00fcde50eba7cdbb1467c284855f83e6a636d6,0,,768,960
SANAS_NUEVAS_428.jpg,train,own_field,declared_by_author,76405978cc8a340e6744f534a87260bb7e9af15a9be35939e0906f3fe17209b9,0,,960,960
SANAS_NUEVAS_429.jpg,train,own_field,declared_by_author,4ad04ef7d1839c1d84e21d6bc62376d199120e7b488a9b5fb2c00f9a7ae10370,0,,640,960
SANAS_NUEVAS_43.jpg,train,own_field,declared_by_author,e23ac2ba20c01a136db488846ed6bd9868fa99022076810ecfa829493d55d604,0,,960,576
SANAS_NUEVAS_430.jpg,train,own_field,declared_by_author,bd97a9db1f20ee728ca24f6fbf98ea1c712d9f3cc9ce2abf174f1335187f3431,0,,960,704
SANAS_NUEVAS_431.jpg,train,own_field,declared_by_author,d1598e90b7bd5a41e1f839e5dca4885eede09872e3c726c53c9946ef58a7a034,0,,896,960
SANAS_NUEVAS_433.jpg,train,own_field,declared_by_author,12a9b69b91cb396175690bc4b831147210f8af1c47783352e0b32d09102a5073,0,,704,960
SANAS_NUEVAS_435.jpg,train,own_field,declared_by_author,72459cb6801ddb65895e238749b0e4b31e9b3d74b203f863731fbf29592fbcfe,0,,896,960
SANAS_NUEVAS_436.jpg,train,own_field,declared_by_author,ae490158e7905d0f735c9c537aebf5a42496613bea61f6b6009b4aac798c2fe3,0,,960,896
SANAS_NUEVAS_437.jpg,train,own_field,declared_by_author,c3559daaa1ba6c9e99a7b0be1a738c59ff771b26fc48e45805f53ae32eab9baa,0,,832,960
SANAS_NUEVAS_438.jpg,train,own_field,declared_by_author,7c2a3fe22dec8002fbf73e9aeac4de0b132793784e46125f0df600a19b5c3422,0,,704,960
SANAS_NUEVAS_44.jpg,train,own_field,declared_by_author,7397804258fdae7a030662f2189960ec10f021c4b4b30b445de77d092106d226,0,,448,960
SANAS_NUEVAS_441.jpg,train,own_field,declared_by_author,327156d7296c5f6d7832bee7d5c8b015a0ca49a1a09ed8909f4b9f338375b87b,0,,960,768
SANAS_NUEVAS_443.jpg,train,own_field,declared_by_author,86fb661c9b6bd77cb91df061a4e5b2eb5e1de3f8da6ab472b67b3dbda1bdde1f,0,,960,832
SANAS_NUEVAS_445.jpg,train,own_field,declared_by_author,47bf1bea001271ecb1ce377fb6287fb5b4ff52afb45906b474f0d5607756439e,0,,960,768
SANAS_NUEVAS_446.jpg,train,own_field,declared_by_author,8efa9fbb50184f7fbf1f9fe2521de5b466f5bff3be54cd6247807bcbcbf9481d,0,,704,960
SANAS_NUEVAS_447.jpg,train,own_field,declared_by_author,bed846f1d866948b83ab18fab9658a2c43a9abfc03a0713fc8c5905722fe253e,0,,960,960
SANAS_NUEVAS_448.jpg,train,own_field,declared_by_author,c14a4c74f08200feec19bd0bb97a0030daac2d91a93b16261681150cdcc404c5,0,,960,960
SANAS_NUEVAS_449.jpg,train,own_field,declared_by_author,d1507dc4b85ab23992f761dd8849e75e9fa0f3f27b6f4e41724f72e6177c7770,0,,960,768
SANAS_NUEVAS_45.jpg,train,own_field,declared_by_author,939f1fbe3dc49533b03d283070c37aa4bf252e3142fcda0801900d02c095a4b9,0,,704,960
SANAS_NUEVAS_450.jpg,train,own_field,declared_by_author,c2436a408e4270ca795d9c8ec7e27f41cff6a5ca575b23133f56cbb1e006450a,0,,896,960
SANAS_NUEVAS_452.jpg,train,own_field,declared_by_author,30d3b77d13e41400e0c3a25fda9e34268274e6c5edaabd517ebd538a08806112,0,,960,832
SANAS_NUEVAS_453.jpg,train,own_field,declared_by_author,1c4bcf3809e28009c4eecf858bbc4f03b4550e3bca910d0ebc3ad4e41f4a3d82,0,,960,832
SANAS_NUEVAS_455.jpg,train,own_field,declared_by_author,d8142cee16559be0e05e4b54b9575a931d4be18bf1509d48bb91e1be61d42c8a,0,,960,896
SANAS_NUEVAS_456.jpg,train,own_field,declared_by_author,3d1a5b7b26c9474d06ab80f766c155dd9a92a5ff20c3c470cf27465379aca5a3,0,,640,960
SANAS_NUEVAS_457.jpg,train,own_field,declared_by_author,f0582c07a0988e05c541e092f38ac7c2a9961f6f18ca21e4900d7fb82058dbf9,0,,960,768
SANAS_NUEVAS_458.jpg,train,own_field,declared_by_author,9ca0620be8d150974cb100b4e19701349ead1aa01c23f3c90d3769c0390ce570,0,,640,960
SANAS_NUEVAS_459.jpg,train,own_field,declared_by_author,2e83ec90fcf9fb800cf9edbb7a16e4dd8f26169edf4ac19ba1558b24cb07b1a6,0,,960,896
SANAS_NUEVAS_46.jpg,train,own_field,declared_by_author,303ae494276972273ae90c21d044b39b21a8978086dac332dd489b7030d97069,0,,960,576
SANAS_NUEVAS_460.jpg,train,own_field,declared_by_author,87245b2b2135ce67f9e1a37a9cd02f984f48dec90cac12cc1d3df39c90cb4ca9,0,,960,960
SANAS_NUEVAS_461.jpg,train,own_field,declared_by_author,a6ecead21b6ab55df41a090913053c7057bd638108b8c50220c3a3a0f1b3bf70,0,,768,960
SANAS_NUEVAS_462.jpg,train,own_field,declared_by_author,39f8efb75094cced96e257ac7eccea4ed6052bc93d01a9cffbc61a44f449b521,0,,704,960
SANAS_NUEVAS_463.jpg,train,own_field,declared_by_author,bd09220eb46f18c4a33d28245116260c03ac9c345a2a0b1ca3d65a736ec54655,0,,832,960
SANAS_NUEVAS_465.jpg,train,own_field,declared_by_author,0f83e29066c91d5df650d484ab29fc3b03a075717ba61ff7b018fddc76c22c60,0,,640,960
SANAS_NUEVAS_466.jpg,train,own_field,declared_by_author,8c8745c57f39b752bbcb62c214dffe06e870baba8ab669a537928a8b0dac3829,0,,768,960
SANAS_NUEVAS_468.jpg,train,own_field,declared_by_author,5e8548e6aec7c81f8d9d709ca5e197542e3843abe33946a9fb7eea9ad343ca8c,0,,896,960
SANAS_NUEVAS_469.jpg,train,own_field,declared_by_author,9fa57d1fc3496c1c38937a5138803d4248a477db0aba881b522a9684d7e6dd73,0,,960,896
SANAS_NUEVAS_47.jpg,train,own_field,declared_by_author,9acb35a46b3d7e3029e6c40e1fa5a01aaa925ccd2a640941bb3d9ed138319844,0,,960,640
SANAS_NUEVAS_470.jpg,train,own_field,declared_by_author,f3cbd6cf4965cf2e8a36ee27dd260edd1a0748035cff91acbbf3ac2dd7a9e686,0,,768,960
SANAS_NUEVAS_471.jpg,train,own_field,declared_by_author,bafb133a6e4a4d2ec7205cf58141a5996a9d0463358cfe39baec707fa0403cae,0,,960,896
SANAS_NUEVAS_472.jpg,train,own_field,declared_by_author,dd48d6d17cb4653439e3d6a75727506889cc8826072e1ed969e3135f14160001,0,,640,960
SANAS_NUEVAS_473.jpg,train,own_field,declared_by_author,bad3cb5560efe8988f7e72868b01c0339fc5a6f7f0d3a69db2a1799e52452c4d,0,,960,832
SANAS_NUEVAS_474.jpg,train,own_field,declared_by_author,3038e5712d6ae6eb3e6e52ce0e736fa09a5936a5c1f4f0a1dc009c8bf0857251,0,,960,576
SANAS_NUEVAS_475.jpg,train,own_field,declared_by_author,41d22eb6ec4892b611202f94b727ec170ca712cc60e7b47151395968033f8909,0,,960,960
SANAS_NUEVAS_476.jpg,train,own_field,declared_by_author,dabd56a1e8497ffe8811fddc5fb48dfe899178a273d3fcf4f7c98d727807b3f3,0,,960,768
SANAS_NUEVAS_477.jpg,train,own_field,declared_by_author,b086a604963d9c6aebe1d998a0553ac95a21fb7c5cc58e3c93de99896f20493f,0,,768,960
SANAS_NUEVAS_478.jpg,train,own_field,declared_by_author,b9f0846cab8eca795e050af00ed048f437fddf119061ee2c9ebe7cfd2b97442c,0,,704,960
SANAS_NUEVAS_480.jpg,train,own_field,declared_by_author,5c740e2e282a599b0a4afb257d3a4770e7112881a5ea69dc586763c94c630bf1,0,,896,960
SANAS_NUEVAS_482.jpg,train,own_field,declared_by_author,8e9bfc6e6ea8abce91b7a41d1e04f2cb4e69f020d39f7f7731b1efae9c031cde,0,,960,576
SANAS_NUEVAS_486.jpg,train,own_field,declared_by_author,cefdf1e06e304d79c9a7b1c9dd15dc1cdd5ce345e08dcb97196eb1dac72be0c6,0,,960,768
SANAS_NUEVAS_487.jpg,train,own_field,declared_by_author,e468fa025ce8deda092b4a01fd41002c5bae5ecd35c17773b8842bc55166a718,0,,960,576
SANAS_NUEVAS_488.jpg,train,own_field,declared_by_author,6b166e2a0546282e3f9000e25e6d3afb3335ab74b82e04c11bad7541b89349ba,0,,960,640
SANAS_NUEVAS_489.jpg,train,own_field,declared_by_author,0765f530cd0f7b5888a79c8a6c66f0845bc94f09343933ea7f8402d02f725c10,0,,576,960
SANAS_NUEVAS_49.jpg,train,own_field,declared_by_author,c9124c202c6d1b2ad29c3c379fb6bfc8c4cf9545b9a8cb9a6061b6c3e3241e0c,0,,960,576
SANAS_NUEVAS_490.jpg,train,own_field,declared_by_author,2496c3b7cbd97f6313928cda1d7d6afdc7f58597ef1f9dbdc4cd8586f9799965,0,,960,704
SANAS_NUEVAS_491.jpg,train,own_field,declared_by_author,8a514e0fac421fa905d1f3242e9fb4da23b525b39baeb7ed51492f5ecff92b20,0,,960,896
SANAS_NUEVAS_494.jpg,train,own_field,declared_by_author,5613626bb34b61d0ac3ed70f13a42f526aa646200db19974ff85446a58b76775,0,,960,960
SANAS_NUEVAS_495.jpg,train,own_field,declared_by_author,0b8933dc25d03a243e007271484e62d0a7feb773b8eafa3167194f7f8370009d,0,,960,704
SANAS_NUEVAS_497.jpg,train,own_field,declared_by_author,1e61a856dbe382add2ed598eaee85912fc736edc2701321293d1ac0f922ae61c,0,,960,896
SANAS_NUEVAS_498.jpg,train,own_field,declared_by_author,ec8932d610ab09d84cfe904ce8619a6a37f4521a4d3f4f64f5ada911fdd116b7,0,,576,960
SANAS_NUEVAS_499.jpg,train,own_field,declared_by_author,ae38df032a9480b1e1b9886d5c8b17acbd413ef0d6196440d93bc7d17e15eebb,0,,960,704
SANAS_NUEVAS_5.jpg,train,own_field,declared_by_author,e1c0a3fb2707619252ce80b278c1a3b142fe8da1159830d2a2c89c7f4d861a5b,0,,704,960
SANAS_NUEVAS_50.jpg,train,own_field,declared_by_author,088056ddc9135e02ab1e2499dfcb443b6f4c36b95e34eedcb777e7b2a7259d36,0,,960,512
SANAS_NUEVAS_501.jpg,train,own_field,declared_by_author,70a2ea88701f98cebb2c7bf7cee3f9b174b7a91ad67de35fdf79aeee58f62919,0,,896,960
SANAS_NUEVAS_502.jpg,train,own_field,declared_by_author,be8df5b62387469b58cc951c1ae882edbcb22652de98d2258ddce6034724e333,0,,960,704
SANAS_NUEVAS_504.jpg,train,own_field,declared_by_author,2942e8d9c124174013910c4a309ae79aeab00ef1dbcb5b229dc539a7ad57e31f,0,,640,960
SANAS_NUEVAS_505.jpg,train,own_field,declared_by_author,3e3f79bf40da0dda1a3948aaeab59fd44a275db9e6558ceb62210169a9ee5fdf,0,,896,960
SANAS_NUEVAS_506.jpg,train,own_field,declared_by_author,b0e49e81599948ff73664861cd61edd919585cf3582b996c51a6c01596608c96,0,,576,960
SANAS_NUEVAS_507.jpg,train,own_field,declared_by_author,e73af4bb5d0c57198e0cc81a3c826507015b019a5b7db1c60e1abfe110416d6f,0,,704,960
SANAS_NUEVAS_509.jpg,train,own_field,declared_by_author,4391f8601003a09866423f41d912fa27ed05fb7c111eb63283538a8990833f6e,0,,704,960
SANAS_NUEVAS_511.jpg,train,own_field,declared_by_author,37f7d00f6095223b831fe7a2f506d4e955a8dfbc15917da672262741688b0524,0,,704,960
SANAS_NUEVAS_513.jpg,train,own_field,declared_by_author,b91fabbbf32a1af8fd493c619df88da337317b906b211dc6bd0d4573c915893a,0,,960,896
SANAS_NUEVAS_514.jpg,train,own_field,declared_by_author,00d6a3906fbcbd46b92b59dbac0d0158aff44e803e6793e1c6d3ce91d7c8863c,0,,960,896
SANAS_NUEVAS_515.jpg,train,own_field,declared_by_author,029ca8d07214444ca8df724f6f5f2064424cf30d20299866bfe2c6253b635bc1,0,,704,960
SANAS_NUEVAS_516.jpg,train,own_field,declared_by_author,54036ebf0ebda40064f5f46a48e7e906d9cc85a65d3d55e130a8661f1f9b750f,0,,832,960
SANAS_NUEVAS_517.jpg,train,own_field,declared_by_author,219381434c3a5b8468d21169151834f4941ba8c98c8847a0043fb2be07537f8f,0,,960,768
SANAS_NUEVAS_518.jpg,train,own_field,declared_by_author,8c0c4a2f64f61a2ba3af5f177a2a715749ee1fb4b5aadf996efd957c51b264ce,0,,960,896
SANAS_NUEVAS_519.jpg,train,own_field,declared_by_author,e003c5cd281d5af3af8b2d19ef48eb03bebda969b8654ccd102815b2b1d9e9c3,0,,960,960
SANAS_NUEVAS_520.jpg,train,own_field,declared_by_author,49d4e7006aae1fb2a35eafddec641c9c03ba4d9c2460c33c3c1e146fef3a6f52,0,,960,832
SANAS_NUEVAS_522.jpg,train,own_field,declared_by_author,30482b1a7e0b6862eb4edcdc1e7be416c68e353b24f72a50acb0f7114bf719cb,0,,960,640
SANAS_NUEVAS_523.jpg,train,own_field,declared_by_author,ab552b86737550f673a040b29c4c6c771d77b28668b3fe776c5bb5cdd065ea8a,0,,704,960
SANAS_NUEVAS_524.jpg,train,own_field,declared_by_author,2c147a19bb816f2a43ef1faa2eddaf15b5518fc3fb3285689faa550610b1cd71,0,,896,960
SANAS_NUEVAS_526.jpg,train,own_field,declared_by_author,2a1f73c221e6f8f44831b6a04ab9a3561ef0a349fdbc4469c418e1b0fb3d28ce,0,,960,704
SANAS_NUEVAS_528.jpg,train,own_field,declared_by_author,1b6ec8ab5e477062a9fe9f38c061a4b62ba1b9c6dd3a3edfb4597b6081aa4e47,0,,704,960
SANAS_NUEVAS_529.jpg,train,own_field,declared_by_author,6d3091941720cbde41fd0c13d69fd34beebe0f6c7a4d4dcce4eb304b6ab5ad5d,0,,896,960
SANAS_NUEVAS_530.jpg,train,own_field,declared_by_author,ed60eb175ed3a1cc2dce9655300ddf5d62401e007ae88a437ff06aab5b155013,0,,704,960
SANAS_NUEVAS_532.jpg,train,own_field,declared_by_author,2c5ed170be816a9a89cdc133068c7b95692d153aa6c08ff7de43c2d41c30f4ea,0,,960,640
SANAS_NUEVAS_534.jpg,train,own_field,declared_by_author,c583a8c66483b9137458a91471a390fc14a6809cc99493658c7a686e70451fc7,0,,960,896
SANAS_NUEVAS_535.jpg,train,own_field,declared_by_author,ebff0d731d6cf1c46d794ebeda27ce78fe265c3d10366323e654a902df3a2a42,0,,768,960
SANAS_NUEVAS_536.jpg,train,own_field,declared_by_author,44b51cc9d7b5bc24a33de25c89cc14b79b48567b23b4fd97adb0ae53df02b3d5,0,,832,960
SANAS_NUEVAS_537.jpg,train,own_field,declared_by_author,2703c910f54432dc6e5a1e007d61cfb767df6be3b0d436ad4062bc3e5499fbd6,0,,960,896
SANAS_NUEVAS_538.jpg,train,own_field,declared_by_author,5dded582f2cd008b8003be370aac0ea7b8536433e91a14a596a99f692ed34c37,0,,704,960
SANAS_NUEVAS_54.jpg,train,own_field,declared_by_author,5a342894a8773fb22e16b8230569e97b91019d47691f56c81a582d8d1f669397,0,,640,960
SANAS_NUEVAS_541.jpg,train,own_field,declared_by_author,4cfcb27c796a43eb962d40dfef9c2b1d69b08c7f70510558a5ca867a158b2468,0,,960,640
SANAS_NUEVAS_542.jpg,train,own_field,declared_by_author,805e1546bb5afc1d1127744f7cf46f92972d60c51db9b0dd972fc43f60ff78e0,0,,768,960
SANAS_NUEVAS_543.jpg,train,own_field,declared_by_author,ec878e067479b7764f88b710b889bbc73aab061fb8c3fb6de4775b59053af68e,0,,960,704
SANAS_NUEVAS_545.jpg,train,own_field,declared_by_author,43f309e07ed1af8b0a20f28f6de55a197904379e097f0ba6a3041fd636b706ae,0,,896,960
SANAS_NUEVAS_546.jpg,train,own_field,declared_by_author,b949e30096cf3f18c2736590f2a75092c54e67a3581d467429f7e9e26d862c6a,0,,960,896
SANAS_NUEVAS_549.jpg,train,own_field,declared_by_author,cd3f88973ca257386ede6640e9ce80aa1e946227462d89dcc60c4e12392e4014,0,,512,960
SANAS_NUEVAS_550.jpg,train,own_field,declared_by_author,ba6d155f7713608816d0fad373cf6eeaaeaa4ec5fe9c6a3de5788f35ad6907eb,0,,896,960
SANAS_NUEVAS_551.jpg,train,own_field,declared_by_author,6d068b641d345d1ff2505a83d54b0628e57de926a18f8f58c55fdc6b7052a59e,0,,960,896
SANAS_NUEVAS_552.jpg,train,own_field,declared_by_author,ba93b4d08cfd0634fe8b0d82803d3e2e41fad38e4640ffe8ca864e889513ca3c,0,,768,960
SANAS_NUEVAS_553.jpg,train,own_field,declared_by_author,db3c435dfdbcf8a45e0a8294a3c009de31c331a8e518b8544347696433743cf5,0,,960,832
SANAS_NUEVAS_554.jpg,train,own_field,declared_by_author,6f1f20ef84833966b0535cbe54a884e9ba3d246af2c3cef8ed403b2721159d7f,0,,960,640
SANAS_NUEVAS_555.jpg,train,own_field,declared_by_author,4e8fb4d92fe7997d770a19704e021494d15d03c5dc97af807d1d4d8224751be3,0,,704,960
SANAS_NUEVAS_556.jpg,train,own_field,declared_by_author,d4b1c7658943cbbeb8ae1c8974e40ed3eb2e08f837114ce47c5e904427b8c984,0,,640,960
SANAS_NUEVAS_557.jpg,train,own_field,declared_by_author,5be335ff75d145bbdef2fc37f3bd6b0ca95a27d45cac42573100d75dd6c9b1e6,0,,960,704
SANAS_NUEVAS_559.jpg,train,own_field,declared_by_author,ee8ced6a5af614dbbc13a977cca61f35f9db179a5b3ee394d41d5f6e2025458d,0,,960,768
SANAS_NUEVAS_56.jpg,train,own_field,declared_by_author,ef5029e7df2f06c457c352e884232a945afe9ecec982b5c77af3eb2e7de301f1,0,,960,704
SANAS_NUEVAS_564.jpg,train,own_field,declared_by_author,4d9fe5f6217b302a0f4db3ca750880bd99871a073786bfb65f664fddd0ba8590,0,,640,960
SANAS_NUEVAS_565.jpg,train,own_field,declared_by_author,55936c1f55e195ad248b6574522ab2c637366740aaa54310a6d0a0b9022bdda6,0,,640,960
SANAS_NUEVAS_567.jpg,train,own_field,declared_by_author,e0d30c631e880adf18002d6a013cee8fcf0601c9a7c151461759629b25d5ec91,0,,960,768
SANAS_NUEVAS_569.jpg,train,own_field,declared_by_author,868e550b4afe64dd1ea12417ff838611fa965acf97716760db014b3598fdc692,0,,832,960
SANAS_NUEVAS_57.jpg,train,own_field,declared_by_author,723ac8106bd9b2bd36ec80133efe5bd2c904ff58e0925f1293b7dc1173e515a1,0,,640,960
SANAS_NUEVAS_570.jpg,train,own_field,declared_by_author,7489c0b986ee9579562741c17c185e20ef1f315c04a604470bea9817d340aa3f,0,,960,704
SANAS_NUEVAS_572.jpg,train,own_field,declared_by_author,a4abf4fd66916cbe06defaee15bf2cdb5fc00465035a8b60325020278ec507f6,0,,960,768
SANAS_NUEVAS_573.jpg,train,own_field,declared_by_author,62ca7e36f8b5bc58af3f5499b07f8ee7c490768a7dfb63351ba8b29fefca5c85,0,,768,960
SANAS_NUEVAS_574.jpg,train,own_field,declared_by_author,91577a39b710648276ad63f701e4c48090c2fa6625448a2dfb2284bd31307d71,0,,832,960
SANAS_NUEVAS_577.jpg,train,own_field,declared_by_author,f1964a5329549773855761265c9ba42368da2043ac56316d76af59b7f3c04569,0,,960,768
SANAS_NUEVAS_579.jpg,train,own_field,declared_by_author,b902c4d43e203d6ccf847c2704a6a1f5bf3aa95c938fd38548043e40433e0d5c,0,,960,704
SANAS_NUEVAS_58.jpg,train,own_field,declared_by_author,09733d0ab7f7f31313d1e44e66cb23218311db9cde8707f72cebd3098e4bd4b7,0,,832,960
SANAS_NUEVAS_580.jpg,train,own_field,declared_by_author,3a2690e565c3dc145b859be8a3183c0821ac2a1272aa4c599d05798d458aa6f7,0,,704,960
SANAS_NUEVAS_581.jpg,train,own_field,declared_by_author,aafda787d3a69a423d49946266993645cda1009d7613890e7ba265f9b70987df,0,,768,960
SANAS_NUEVAS_582.jpg,train,own_field,declared_by_author,3aee77096c2a708a7264da17c0a86e8ce08b502c79c027f75099477f95fa9f65,0,,768,960
SANAS_NUEVAS_583.jpg,train,own_field,declared_by_author,f00cf7f5e67b16472df17f0ffffc131572030b42d5a206f69e42c02ac95fc252,0,,960,896
SANAS_NUEVAS_585.jpg,train,own_field,declared_by_author,1af77810b30db2b33db5662e294daf33af860aa2fb20596d86f3703940eefca1,0,,960,896
SANAS_NUEVAS_586.jpg,train,own_field,declared_by_author,7c2432fbeb795c434e9d25f13f5e7cb35e9bdbdc83313f5f18b6800711e40f53,0,,704,960
SANAS_NUEVAS_587.jpg,train,own_field,declared_by_author,f43a9bef4e3b0ad15ddfbf35273dd800461d03c2871423bde6278cf2587d1089,0,,960,704
SANAS_NUEVAS_588.jpg,train,own_field,declared_by_author,96edf802a80b646daed02675964ec38e7c17698d8684d559e83b103eb9ab6ff0,0,,960,960
SANAS_NUEVAS_59.jpg,train,own_field,declared_by_author,47d9a4fa9e4a2850028279d12689d31bae173fee0a0da6727998547654fa757d,0,,832,960
SANAS_NUEVAS_590.jpg,train,own_field,declared_by_author,094dc97361d3d52869fe2eaf881d01f50ab2ca6261f72573c3853ef4698c27e8,0,,704,960
SANAS_NUEVAS_591.jpg,train,own_field,declared_by_author,8ca83a747bdfe75d714705b1fab83c63f71412f87436c3f6d45fa1ddcbc81982,0,,768,960
SANAS_NUEVAS_594.jpg,train,own_field,declared_by_author,ddc87f051a79b7a1cc58ee8ef4c13e85a04dc4bb00fcda9c36ee284d480c7498,0,,704,960
SANAS_NUEVAS_595.jpg,train,own_field,declared_by_author,8f03f6aad301ea878d88f6265377afba7a6af29c2eb3aa6e9883cf3a3f2d862d,0,,704,960
SANAS_NUEVAS_597.jpg,train,own_field,declared_by_author,a0d76cdf12f94b267d0e9671644955aa8ab853766e9229d59c57f5e40ead1e58,0,,832,960
SANAS_NUEVAS_598.jpg,train,own_field,declared_by_author,b3b40adbdfebffcacea2a1c7febbcd54200245cc93291f5149f789a7d5ebf779,0,,704,960
SANAS_NUEVAS_599.jpg,train,own_field,declared_by_author,13f1ca39c368ddb9dab95ba3b188f416b51bcd96f99bde24a5e360444ac43656,0,,960,896
SANAS_NUEVAS_60.jpg,train,own_field,declared_by_author,d191a969ac339d0c9f08bbc35a398623ecb11b08aa2d175b7b37fe41006cb627,0,,960,640
SANAS_NUEVAS_601.jpg,train,own_field,declared_by_author,4b5c0dd39432354243337f4a674c1efaa43fdd48107a154caf09c54a79b3ec2c,0,,960,768
SANAS_NUEVAS_602.jpg,train,own_field,declared_by_author,77fdafb128cd7980696c30183d53dd8eaf5630bd2d0dcd39d3b14e6802b1fbee,0,,960,832
SANAS_NUEVAS_605.jpg,train,own_field,declared_by_author,cdedea0efafd35a8051aabc74279bb06c87917c4aeb74a969be1053683f3e8b1,0,,960,640
SANAS_NUEVAS_608.jpg,train,own_field,declared_by_author,795cd1eb0e82091d6a832156ab358b7a76944c9995b938d9643ee6204f5d67c5,0,,896,960
SANAS_NUEVAS_609.jpg,train,own_field,declared_by_author,c2c5f3a728e7612bd83bf1a0f6727400b962cfbadd2aa0286c1b2df658e087c8,0,,640,960
SANAS_NUEVAS_61.jpg,train,own_field,declared_by_author,5b00c8b49a3bfb8cc07f82b619dd3a388f54dd25541ec41ea3b449868dc9b5a4,0,,704,960
SANAS_NUEVAS_610.jpg,train,own_field,declared_by_author,1e9181cbf8bb895a669ffc60c6ee0f3363adc501ddd8efd0fa84e456b4556a78,0,,768,960
SANAS_NUEVAS_611.jpg,train,own_field,declared_by_author,56dbc0e40542e3a555bfa009292c2d115148c54d64329d1559f1c2dc8618015f,0,,768,960
SANAS_NUEVAS_614.jpg,train,own_field,declared_by_author,4310a0dc392abcd62b5524337f80267806ec1bda340ab5a8ac9820e854ea40c6,0,,960,896
SANAS_NUEVAS_615.jpg,train,own_field,declared_by_author,d855ce6d1846f1066234c671cd613841bedca0634f52e3e67c2d91aeb5e024d6,0,,960,896
SANAS_NUEVAS_616.jpg,train,own_field,declared_by_author,04ac024b76c277f6f2607a28c53369949cff388df3a12ff32550ca75bc893094,0,,512,960
SANAS_NUEVAS_617.jpg,train,own_field,declared_by_author,2b6c5bebb0c2721d1135f8ad53b48d7b35a0aa3aec7ae4ac361a1950fffb96c0,0,,960,768
SANAS_NUEVAS_62.jpg,train,own_field,declared_by_author,d3b87b459019a0d2a1b73a9a8b442eb524efcda801100a253e9d8c2a4919d6ba,0,,960,704
SANAS_NUEVAS_620.jpg,train,own_field,declared_by_author,41ccf89533caa9b8ead26ccf6c8c8b7553636083ba0609040e0209f720ac7597,0,,960,896
SANAS_NUEVAS_63.jpg,train,own_field,declared_by_author,1dd8f6bd84d8d7eaee4810b93020616c87a1328e933f2e920e10c443c586d76b,0,,576,960
SANAS_NUEVAS_64.jpg,train,own_field,declared_by_author,0f678ce7d2c2d2757da1bbf1011a082b3f6068844d46af3463082ae721be31a1,0,,960,704
SANAS_NUEVAS_69.jpg,train,own_field,declared_by_author,8a6ab114ab325c568bf644fb2224fb8802b991c572bb95d650b7090d3e218fd3,0,,960,640
SANAS_NUEVAS_7.jpg,train,own_field,declared_by_author,516b1fbd5f57abfe58f79abd31ba7f3a06bda1bb0143a1006729393c58f18106,0,,768,960
SANAS_NUEVAS_70.jpg,train,own_field,declared_by_author,b549632afb37be933a4031e2d2b900be9a43591bb0d429690be233d8e170db82,0,,960,704
SANAS_NUEVAS_71.jpg,train,own_field,declared_by_author,b008dbbdc75283c905dfc473a82cda12afa28acffbc200fb0e48e998318ba82d,0,,960,832
SANAS_NUEVAS_73.jpg,train,own_field,declared_by_author,1d03b3738457bd7213283618d385ec4c464cbb5975be0f5652c5ee4bae129c09,0,,640,960
SANAS_NUEVAS_74.jpg,train,own_field,declared_by_author,8c68c85b701fa4202abc781f3298632a6fc9d72bea6f9a018171109974960e31,0,,960,832
SANAS_NUEVAS_75.jpg,train,own_field,declared_by_author,ea8bb3bd746890e4ef6d662e6525094a813378c59a75b8201da8772766d5a2e4,0,,960,640
SANAS_NUEVAS_76.jpg,train,own_field,declared_by_author,9cae43bc2a6eeb04d887599e75bfa8b07f846e2ff73d7cb5cabce291d760547e,0,,960,768
SANAS_NUEVAS_77.jpg,train,own_field,declared_by_author,feb69c4610d045139821366a9928b09333d948c0541cbd616d1ae3855498dd24,0,,960,640
SANAS_NUEVAS_79.jpg,train,own_field,declared_by_author,b2e52c5ebdaaffdc7e939203af6cb8ce5a6cc35bedb01ed4fdb73b64141929d1,0,,576,960
SANAS_NUEVAS_80.jpg,train,own_field,declared_by_author,7b7a213ce2409ad72ad2de0806ded6a50c32f35cca0ccaca11998d83d0230589,0,,960,512
SANAS_NUEVAS_81.jpg,train,own_field,declared_by_author,ca3363f3fabc71ae950d1100e56a0d9fd100cb9876c5ac535559f8619dcde2ba,0,,640,960
SANAS_NUEVAS_82.jpg,train,own_field,declared_by_author,0dadba8f59da79f72df56520d5b76a7ef03718fce110820eef8a4d4fb81f5e52,0,,960,512
SANAS_NUEVAS_83.jpg,train,own_field,declared_by_author,99df3e59606f15f3fdebee505e727cffbde7285de843dd4775e19fec876135e0,0,,960,640
SANAS_NUEVAS_84.jpg,train,own_field,declared_by_author,db3f49c35bb6c1982ea74d3c00db41a665dddba264f049928ebe17a444aee919,0,,512,960
SANAS_NUEVAS_85.jpg,train,own_field,declared_by_author,2d20aa2339a7efc03bf5982f7e361dbd074fcd494c1ccbc2c49dad58a4d0d678,0,,960,768
SANAS_NUEVAS_86.jpg,train,own_field,declared_by_author,f46292012d8bccc4a34e40c0cb06a9bdad089d44daafe69d303abcbcd025e79f,0,,640,960
SANAS_NUEVAS_87.jpg,train,own_field,declared_by_author,c56cab0b1faad11740990b58ede57bf979b648f8e82d65edaff0cff75a2fd912,0,,960,640
SANAS_NUEVAS_88.jpg,train,own_field,declared_by_author,407495c5b05c72a83be9184e0b9353a99a85c98e7735027d14b63a51cc57dabc,0,,960,704
SANAS_NUEVAS_89.jpg,train,own_field,declared_by_author,d2a63c80a10f11d755ea2afa08f4f34d0d2cc5164bed5526ef3c7f6b14431a5d,0,,960,640
SANAS_NUEVAS_9.jpg,train,own_field,declared_by_author,4c12477bc6a3d0cdb7c06ee89690e163680c1601c5d90096e1c5c2c222277d7e,0,,832,960
SANAS_NUEVAS_90.jpg,train,own_field,declared_by_author,837de45b65e9894cbb50d8e156c28fc3f7ba93728809e2efdade4ef9eecc16f9,0,,960,512
SANAS_NUEVAS_91.jpg,train,own_field,declared_by_author,d4f17b70a4e96dcfbcf8de47b886f45122b4f257a80e30d7afce234b3eb1079c,0,,960,640
SANAS_NUEVAS_92.jpg,train,own_field,declared_by_author,1b6f0c31ddbf9e3ecd9dac1dea271e0c1fb3e3753422818d25b25ae6e26b63cb,0,,704,960
SANAS_NUEVAS_93.jpg,train,own_field,declared_by_author,cf5d2f703e55663bba42313a7094547acb234f31118aabcf14ac06ecfefa4cea,0,,576,960
SANAS_NUEVAS_94.jpg,train,own_field,declared_by_author,789b1c1c3fa319a47113604077400fd75a6ea54fc5427d29cac48cac0260ff6f,0,,448,960
SANAS_NUEVAS_96.jpg,train,own_field,declared_by_author,fc546eccdec4a0d885dba300fb270cff68f5ac0c8c1cb16a5b7092bd9fe8ac7c,0,,704,960
SANAS_NUEVAS_97.jpg,train,own_field,declared_by_author,3c4c521baf1c00dc531d471206039aad41d78284fb45d00d6ea50752b8a970da,0,,960,768
SANAS_NUEVAS_98.jpg,train,own_field,declared_by_author,574b2b4d41331d1cedfcbe8aa5ed5c5b7011d0ddd148cf347f15cef4f8aa28b2,0,,640,960
SANAS_NUEVAS_99.jpg,train,own_field,declared_by_author,3ba46a7bea0a6253b530c19ae71852dd59aa21f4859e3687b58d4295f63a7d2e,0,,960,640
SANAS_ROCOLE_1.jpg,train,rocole,declared_by_author,2be016c4c30743645c5092252c977eb6dcb57b03beec0ef0943d44b2ff5ab611,0,,448,960
SANAS_ROCOLE_10.jpg,train,rocole,declared_by_author,68fa1cf862f7ceaeac189b0c67fc359181ba14e66e8e9e3aed79f20fa43947d4,0,,960,448
SANAS_ROCOLE_100.jpg,train,rocole,declared_by_author,ab72d3830bfd021b53b94d1fd482696812c57c3e39f74460720483bd41ebbdb8,0,,384,960
SANAS_ROCOLE_101.jpg,train,rocole,declared_by_author,64478c4bd5fff41dcce8b59c8731e32ba347c6e2436e5e514884c6d99c9fd2cd,0,,320,960
SANAS_ROCOLE_102.jpg,train,rocole,declared_by_author,dcfac88936ef294772d1779422b72ec7186c8498b5e4b90fd775428968699182,0,,512,960
SANAS_ROCOLE_103.jpg,train,rocole,declared_by_author,92601b0204cbf7fe65587058cc455fdb2b75a24233328697842493cb9c0401a7,0,,384,960
SANAS_ROCOLE_105.jpg,train,rocole,declared_by_author,0e601757bf5808e027a1d84ec21f66c6a81d9794aaaae914482eeb3d0b8a6592,0,,512,960
SANAS_ROCOLE_106.jpg,train,rocole,declared_by_author,c5ee810f8e37667f3346a46eb4f679a79b587723208f2ea48f0170ce63579ee5,0,,512,960
SANAS_ROCOLE_108.jpg,train,rocole,declared_by_author,45f2439fd5a99abb30226fa8b8dca29f6b0c1517bd6920c430c464f8ef1a2051,0,,960,512
SANAS_ROCOLE_109.jpg,train,rocole,declared_by_author,556ea7f13e760f11c672b6dcb9bd980b9468b7b9168f9fd96285acc1cdb2af61,0,,448,960
SANAS_ROCOLE_110.jpg,train,rocole,declared_by_author,dcc393e0ad4cf706bd4bc3dafa531324b3d004aeb6fc6ec1e95df85c37371f98,0,,960,384
SANAS_ROCOLE_111.jpg,train,rocole,declared_by_author,0220826b627ce25411c74de6b2c326cd58b8563191f2a65eca224b7a5d518199,0,,512,960
SANAS_ROCOLE_112.jpg,train,rocole,declared_by_author,0e454dc1fef7167a1885e8e4a26b4760669dfe092d1685f73ae6306043d4dc00,0,,960,448
SANAS_ROCOLE_113.jpg,train,rocole,declared_by_author,caae6a2cdb242f4ec8cfb800ee43edad55869fa540d6e953412a433538825c53,0,,960,512
SANAS_ROCOLE_115.jpg,train,rocole,declared_by_author,cef8fa404b38ee3e8db41d33ce0bbd01805ca2eac9cf410825d22f3afe79c155,0,,448,960
SANAS_ROCOLE_116.jpg,train,rocole,declared_by_author,c1d49a4297681ebc50d15007ce39055f0356b60bede695c6d349044f05fd1648,0,,384,960
SANAS_ROCOLE_117.jpg,train,rocole,declared_by_author,2931b603edb02578749404927c67685926ab0dd77e07ccaeff2f2de351bd659b,0,,576,960
SANAS_ROCOLE_119.jpg,train,rocole,declared_by_author,4f57db289454f9d9b055b2fcd3258a374ebab7ba38ffdcb7a842c0c2d5cfdbaa,0,,448,960
SANAS_ROCOLE_120.jpg,train,rocole,declared_by_author,656b143990442882b7e86d743a50d3a86032cf57b2f90336251aed8c01aa080a,0,,960,448
SANAS_ROCOLE_121.jpg,train,rocole,declared_by_author,b99150b983ebac4e242e99937ebb98126c568edd9109e08fe9896422fed8da3f,0,,448,960
SANAS_ROCOLE_122.jpg,train,rocole,declared_by_author,0e5c4d9172cd4aac5830c0a2bbefd258d17ff5dd12988ee77f876fff587573b9,0,,576,960
SANAS_ROCOLE_123.jpg,train,rocole,declared_by_author,9180ac27b4cc459c438390ef6349aeb66adf82ff8ccd6acaaa0398528bf051bf,0,,512,960
SANAS_ROCOLE_127.jpg,train,rocole,declared_by_author,b6448b126a003987bf71d12f50ad0bb3e08b329b11751cb66ec6186dccfecb21,0,,960,512
SANAS_ROCOLE_13.jpg,train,rocole,declared_by_author,273cc53c0c2c0db353a3e8f86d62e1ed94fddf2d6f354da8c4d2295a0c36c5d0,0,,960,448
SANAS_ROCOLE_130.jpg,train,rocole,declared_by_author,8f355e6a01dc600640fed9428be2f71c8ab260f2cc3b130f8784bf9a767e9542,0,,448,960
SANAS_ROCOLE_131.jpg,train,rocole,declared_by_author,7bd71e1029f97a32f2ac5f4abb2c77846a99f6c6a8790284adeba431107d454f,0,,384,960
SANAS_ROCOLE_136.jpg,train,rocole,declared_by_author,2c729e58fee3835543ac2dfd9d15ba32eb70e555a076122a70e9e85d58bb8708,0,,384,960
SANAS_ROCOLE_138.jpg,train,rocole,declared_by_author,5d928ce9a16e5713eccb6a64039f2bada50341fb7c9a02140186e79089cd7350,0,,960,384
SANAS_ROCOLE_14.jpg,train,rocole,declared_by_author,2cdedab93ed25d884fbe239c9559c49ad8103212b956ae0f94d69d8efe9a5326,0,,576,960
SANAS_ROCOLE_140.jpg,train,rocole,declared_by_author,8186ddcb223b9aad57fa04a16cf43ace11fef6e4f0c0cefdf820a34a3089b911,0,,960,384
SANAS_ROCOLE_141.jpg,train,rocole,declared_by_author,a427523f62db094ceff3bcdfd118a320369ea522f1a0003fdfc3aaba28449a2c,0,,320,960
SANAS_ROCOLE_143.jpg,train,rocole,declared_by_author,573246608f6a06e5685caa818fe51dbd9788b3e4b91e456b817849307d05fca2,0,,576,960
SANAS_ROCOLE_144.jpg,train,rocole,declared_by_author,4378d59aa27eb12014cffa35dfb81e4fccb9d8fabbc9d945f5fff870b02fc2b2,0,,960,384
SANAS_ROCOLE_146.jpg,train,rocole,declared_by_author,5c2460bef9a5af15c09fafc26a328ff43d983a5769e713b025e25a0788e0e6ed,0,,960,448
SANAS_ROCOLE_147.jpg,train,rocole,declared_by_author,66f4df0ad179f06a0ba1dbd95148a4fb8cfd35f3ecc227754c87e35c268d6c04,0,,960,512
SANAS_ROCOLE_148.jpg,train,rocole,declared_by_author,821ad21e88eace727cfb57adbbaff0ea2de3db187fd1adfa06c0d684a9634a19,0,,384,960
SANAS_ROCOLE_149.jpg,train,rocole,declared_by_author,03df9dd2f389a4538303d215dd1cc56b846eff4f1495d71e78a50e90edf94774,1,1,448,960
SANAS_ROCOLE_15.jpg,train,rocole,declared_by_author,9ff4065515c24594b4e40e8ea727abdeb70c1e7b367a50b64448de5166b0073e,0,,960,512
SANAS_ROCOLE_151.jpg,train,rocole,declared_by_author,5ebf862a5055e93603a87f0463f0c09172d2620ebfa00672ddfd83ca78c54b85,0,,448,960
SANAS_ROCOLE_153.jpg,train,rocole,declared_by_author,320add518cdd2e20a6019ce6428f5d20f955fe86378bf353aa891a51974174cf,0,,384,960
SANAS_ROCOLE_154.jpg,train,rocole,declared_by_author,ec23266720e3927336043456c97c14134ad6c5d9235433bb664fa35249f341a5,0,,960,512
SANAS_ROCOLE_155.jpg,train,rocole,declared_by_author,f792cf9038865c0ce6d88747c9bf66cec53e254963c34ec2bcf4c9501dc1dc82,0,,960,512
SANAS_ROCOLE_157.jpg,train,rocole,declared_by_author,384f59a2fab8977128d5303cb74bce51e1256a8d9493c731875b4c36474b3b48,0,,384,960
SANAS_ROCOLE_158.jpg,train,rocole,declared_by_author,3928878c7dbd024263f14cef0b124268b2b60346e0ad9e9246926ac110a4127f,0,,320,960
SANAS_ROCOLE_159.jpg,train,rocole,declared_by_author,e647d4d07ecf5adaed8802d577af3114af130300c48c8e94da18e0c0d530941a,0,,960,448
SANAS_ROCOLE_16.jpg,train,rocole,declared_by_author,ee2efb6d3d1203f5af71bb2c0260bff5c20f0c0bb297c37398b1972b3af3dab9,0,,448,960
SANAS_ROCOLE_160.jpg,train,rocole,declared_by_author,f170fedd8bf5456f300d6688a856d0669ee1c48da1f61e05b4e03992825441a8,0,,512,960
SANAS_ROCOLE_161.jpg,train,rocole,declared_by_author,0b0c3a4ac59f6fd18d59ec72da0e85c1a71aedbd6ab17fca051e80ae3494bd32,0,,448,960
SANAS_ROCOLE_163.jpg,train,rocole,declared_by_author,3a4db0290d8fe4ea04525c3b87060c22d742290b4fb7323cbe675a0597ebe492,0,,960,448
SANAS_ROCOLE_165.jpg,train,rocole,declared_by_author,e801ef39e64153c58eb13feaea01dd780b44ccc0e2c8938fd6bd20091f96343b,0,,960,512
SANAS_ROCOLE_166.jpg,train,rocole,declared_by_author,b10a2d1f8e3da9f8c2011079cd4eecde590376818b296b6153127ee493edabc6,0,,448,960
SANAS_ROCOLE_167.jpg,train,rocole,declared_by_author,3ff1989f3c3cda877c8f9691b28f0a4275cfe46931fa09633f9c674b7e75a8ac,0,,960,448
SANAS_ROCOLE_168.jpg,train,rocole,declared_by_author,164841a6a3b5962e708d47dc7c35f0fc5d4dbfadbd6e647c4e85d3e2eb7a4104,0,,448,960
SANAS_ROCOLE_169.jpg,train,rocole,declared_by_author,d4c88e37d8f13cfc9321da951c5d2c51f822ebdf40766f7e225e2f12efdddfbd,0,,960,384
SANAS_ROCOLE_17.jpg,train,rocole,declared_by_author,2e7a47a87cc0108d573cba93b5606aa8a4b750ade1455edf0a26845e6f3d3557,0,,448,960
SANAS_ROCOLE_171.jpg,train,rocole,declared_by_author,1bf06a1795181a7554c3694f39439bc7ec67e6dfff95943bb1f21e6096d19d5e,0,,448,960
SANAS_ROCOLE_172.jpg,train,rocole,declared_by_author,a5e05e81c5f3edf022ee7ad52db0341980beba081102601c7511ba76925721de,1,1,960,384
SANAS_ROCOLE_175.jpg,train,rocole,declared_by_author,02e8e08c4286add462b5857d03626cd55bc3562853c695b4cf914d85d606d6bd,0,,960,448
SANAS_ROCOLE_176.jpg,train,rocole,declared_by_author,d0a1a2c7c6f65ae90300d4a6abb74e98cbf9d254a1150f22fe966d23fba2bff5,0,,960,384
SANAS_ROCOLE_178.jpg,train,rocole,declared_by_author,8d342f550993e9ce2d9a868c77774771416ab3d5aee3a28093669d4c1a074077,0,,960,448
SANAS_ROCOLE_18.jpg,train,rocole,declared_by_author,6e0e4bab939b6d3647651365ea24b77eff501f3bbce8f7be0728d16189f54f59,0,,512,960
SANAS_ROCOLE_181.jpg,train,rocole,declared_by_author,d5d991c4c3633aed587f3e4af1511b3d24d2d02d9c62ee854e099b322b1a18c2,0,,512,960
SANAS_ROCOLE_183.jpg,train,rocole,declared_by_author,57683c5e91d3ac2704ab69af363ba97304ad4a06b01026d7f0561c6823da597e,0,,512,960
SANAS_ROCOLE_184.jpg,train,rocole,declared_by_author,3a3c105c89c164b7bc8f01ee0dd40333dd5197237c3c7150ad0f448f1e562af0,0,,512,960
SANAS_ROCOLE_186.jpg,train,rocole,declared_by_author,2ef7672bd37b86b59fad92ec6652ac951929c7dea9ea89a22f17a630a52ca3c4,0,,448,960
SANAS_ROCOLE_187.jpg,train,rocole,declared_by_author,dd0bc91831733f3ab7d10d5c65fcbce4c0d1b698f4e39d35a33f3d73104cc5f6,0,,384,960
SANAS_ROCOLE_19.jpg,train,rocole,declared_by_author,30dc99c6f7312255341caa749db8de039cd731b68c3a25b3c60e95b77777af1f,0,,384,960
SANAS_ROCOLE_190.jpg,train,rocole,declared_by_author,3908b773ecf2f7c175d06bd8361954062a6c9c4988c8d3f9eefb19eade7c5d36,0,,512,960
SANAS_ROCOLE_191.jpg,train,rocole,declared_by_author,f64ad483da98c119f1a7c390e755d5f35e84b282acc0af2f7894e058efda7eed,0,,512,960
SANAS_ROCOLE_192.jpg,train,rocole,declared_by_author,f6c522af7b168eff86ac03b1f2ada5da85e13ff741e78fa0816ebc046d7e8d6b,0,,512,960
SANAS_ROCOLE_193.jpg,train,rocole,declared_by_author,1ec5826f33c560fc07ffa95e85c757a7e0e5a48a0c5405c73546a9fc92a08e41,0,,384,960
SANAS_ROCOLE_195.jpg,train,rocole,declared_by_author,1a668ec37c3038886049833d95380e4fbc6ad7fa621bd118385b0c1c18c2961d,0,,960,512
SANAS_ROCOLE_196.jpg,train,rocole,declared_by_author,fcb5445a39efc23cac7ff26434ede5012ac3faf0ea71efbe4e8838632213dd1d,0,,960,448
SANAS_ROCOLE_197.jpg,train,rocole,declared_by_author,da21d29cbe740a200773d606698fa3b3e5892263da31ec1a82a229762b73c9cb,0,,960,448
SANAS_ROCOLE_198.jpg,train,rocole,declared_by_author,97062e37043f09a898c22508b7bcedeb1bd4c2783f1e2839c0124ace805cec48,0,,960,448
SANAS_ROCOLE_199.jpg,train,rocole,declared_by_author,c2cfa73449a8f428b1a9213f1d3133057a959cf5dfd2502c8f0f8fc3b9274166,0,,512,960
SANAS_ROCOLE_2.jpg,train,rocole,declared_by_author,e4bdd1e003aa227b1de52991039eef3c8fb815416134c8d1ba9393284ad342dc,0,,448,960
SANAS_ROCOLE_20.jpg,train,rocole,declared_by_author,c6c3f93c9e388d341501fac9a9fc7997dfa8ca422467bb4e31dc30488e32dc46,0,,448,960
SANAS_ROCOLE_202.jpg,train,rocole,declared_by_author,00b6cdcb9c6b92e5b9fe93fc972105f46d94f094cf58fd537ed167d1aea1ba08,0,,512,960
SANAS_ROCOLE_203.jpg,train,rocole,declared_by_author,d29a8abc2ff6054e55481bc8904d16b28f6e6b4fee14c2108406f8a7c926b654,0,,960,448
SANAS_ROCOLE_204.jpg,train,rocole,declared_by_author,d79bb3525a5208870fd5cefb356e2fddb047f5682decac46c8b2a85a6aac2794,0,,960,448
SANAS_ROCOLE_205.jpg,train,rocole,declared_by_author,cacab28393195647663e150f19d15d36e06e5ca1e6770bb9d2e7a22d255a44f3,0,,960,384
SANAS_ROCOLE_206.jpg,train,rocole,declared_by_author,c3bc0d27cb898ad65c5f6ae9b88b42f12f4a8e72872203c8cee37246e4c01ec3,0,,512,960
SANAS_ROCOLE_207.jpg,train,rocole,declared_by_author,ddf05caef08664f428db0e68a690d90d6a4b21e811a96f4f3137a25a1c541b46,0,,960,512
SANAS_ROCOLE_208.jpg,train,rocole,declared_by_author,2f2384382123d2de19f33536622784e16f24b26bb9a5f3bf12d76618a6a06d00,0,,384,960
SANAS_ROCOLE_21.jpg,train,rocole,declared_by_author,bbe3e64a4f482d6f8bb6a61281e4ec842e0d9485b6edac6cd895c9b57a7ed082,0,,576,960
SANAS_ROCOLE_211.jpg,train,rocole,declared_by_author,0d8040277147e5cc84668c6cf2cdb276d930e36eb80538979ca7c8ef12510e06,0,,960,384
SANAS_ROCOLE_212.jpg,train,rocole,declared_by_author,921004494d3dcf03320b0ad1df958c500dc65e802a9654bb298eb798a5d23704,0,,512,960
SANAS_ROCOLE_214.jpg,train,rocole,declared_by_author,2bce020ff671a4723bf70bae3fb395e246e9f5730d8ef600c277b65906a9dcf8,0,,960,512
SANAS_ROCOLE_215.jpg,train,rocole,declared_by_author,6e8b318953ceeb9c7fa70351f8d5a004b478c2659c62fed011c35fdf86b747ea,0,,448,960
SANAS_ROCOLE_217.jpg,train,rocole,declared_by_author,89f3a602b40cf88954679b19a39390ffa80047b30b71358e2f2767cf194fb5d8,0,,960,512
SANAS_ROCOLE_220.jpg,train,rocole,declared_by_author,c4d57d51aebfc1d1a942f7b19e5785e691ead5116257acc2d5e029b34474f526,0,,384,960
SANAS_ROCOLE_221.jpg,train,rocole,declared_by_author,0b9ad2baba34f8053a4d8dedf342c9dc8a05c0e2485f12d41790287a66beb3e0,0,,512,960
SANAS_ROCOLE_223.jpg,train,rocole,declared_by_author,3890881a3bdecae54543fd3cf32155e5f929d56d07ef217b1652f0e3cdfbe960,0,,960,512
SANAS_ROCOLE_224.jpg,train,rocole,declared_by_author,01cad2af70ef143734a0e0c60713fcd29d6d6bee2d168d40e203f739bf305917,0,,576,960
SANAS_ROCOLE_225.jpg,train,rocole,declared_by_author,3c196c358164d806d506a96cc88201bd1758ec0e16a4ab85ca1965daf55eeaf7,0,,448,960
SANAS_ROCOLE_226.jpg,train,rocole,declared_by_author,826cda173805466eab67d20aae59ea9f2539bb85384f7068f904155657c0488d,0,,384,960
SANAS_ROCOLE_227.jpg,train,rocole,declared_by_author,b61d4fd37bc19d9eb3f9caacc27051811d79d10d8697bd4cece0278d28700ce7,0,,320,960
SANAS_ROCOLE_228.jpg,train,rocole,declared_by_author,b44bfdfbfc462f1a0d94246436054f72b9b4b80c283389c5f2a7f007882bce29,0,,960,384
SANAS_ROCOLE_229.jpg,train,rocole,declared_by_author,a51c377d21b5a12c161fd1d20f346a0c581a921de65793956e0a23f99f0700c9,0,,320,960
SANAS_ROCOLE_23.jpg,train,rocole,declared_by_author,dfb27e20d976ce157b16c5c05ef5cd280ef8c24a998624c7a66cad7e535270e2,0,,448,960
SANAS_ROCOLE_230.jpg,train,rocole,declared_by_author,08cecc176bb3a0a9a6b046b28426c195171bc1f8050c4fa130463de8a9becada,0,,960,448
SANAS_ROCOLE_232.jpg,train,rocole,declared_by_author,6837a5dda4dea11e01fbd66dccc399c86a251a2cd889f5aea6ecd863f78da14b,0,,448,960
SANAS_ROCOLE_234.jpg,train,rocole,declared_by_author,81252247b4a0945d085eae9f5ff192994f41b9427f2315ab776ae4920b61b5d9,0,,384,960
SANAS_ROCOLE_237.jpg,train,rocole,declared_by_author,ffcef9d0075c337caf4a634f433c85b40d6c9443adeb4d538f89b8c3d3ca305e,0,,960,512
SANAS_ROCOLE_238.jpg,train,rocole,declared_by_author,cf952f794ef678e834731b17642e19a11d51fb31f419ce37e3be6c8ed5f82758,0,,512,960
SANAS_ROCOLE_239.jpg,train,rocole,declared_by_author,772451ad445858edf55852fb540e743078a8ad783a98255b6f985ee4aeab94f6,0,,960,512
SANAS_ROCOLE_24.jpg,train,rocole,declared_by_author,e840f3a7109c0c19d014a0c81ef8e847ee9297e82b55a4f6d05bca5083dad159,0,,448,960
SANAS_ROCOLE_243.jpg,train,rocole,declared_by_author,3a2c2fab6dc283122836c4bd8f6afdc75fba772cf6f1854e910a7b39dd278a4d,0,,960,384
SANAS_ROCOLE_247.jpg,train,rocole,declared_by_author,8c538c681f7d86350959fe880cd77696bf5d776b57ee7c265d11e013e7da5c6e,1,0,960,448
SANAS_ROCOLE_248.jpg,train,rocole,declared_by_author,f322ebc8d99719541175615fab8a6a24c7c35bd462111a24fb9e2f0c80c49f5b,0,,960,512
SANAS_ROCOLE_249.jpg,train,rocole,declared_by_author,1797e9effad494b29a5a2a181e59a71d2f8a72b5bdf9ad8bfa4dc4b7ac5f4f6b,0,,768,960
SANAS_ROCOLE_250.jpg,train,rocole,declared_by_author,4523bc164847a8aed3c9874bc389b3b42cebb7baa28e52ee23fa234231d374df,0,,960,512
SANAS_ROCOLE_251.jpg,train,rocole,declared_by_author,51658c407950b83f37f29b7499a1a0fb34ec18e657a1ee608af7d5003db18691,0,,448,960
SANAS_ROCOLE_252.jpg,train,rocole,declared_by_author,cba00ca049b8458867b348294a6c2a4384d5ed367c005f1deec13efc2eda5c47,0,,512,960
SANAS_ROCOLE_253.jpg,train,rocole,declared_by_author,f85e443b0e6d163bbd32aba6b4504e4764a855ff42820ddeb61ddb8398737258,0,,960,448
SANAS_ROCOLE_254.jpg,train,rocole,declared_by_author,9fca97f1344651956cb0cd212e2eb8a561b0a7cdd0eea286be4eef7cda42355d,0,,960,384
SANAS_ROCOLE_255.jpg,train,rocole,declared_by_author,b2c4f7edd9825856fc779a2dace5f7158936d1d8c2af436d4a6de72511142305,0,,960,384
SANAS_ROCOLE_256.jpg,train,rocole,declared_by_author,6d81f2cd6cd58bc8da01796697079454c065bb1e71aa9acfbfcb7dfdb35e84d7,1,0,960,448
SANAS_ROCOLE_258.jpg,train,rocole,declared_by_author,9925ffa30fcc74a54f2e0c10337a0b4389858f9b6358af14d2040b93fcd29007,0,,960,512
SANAS_ROCOLE_259.jpg,train,rocole,declared_by_author,04264c7037064763b44a0586ff0794af91df1d27f18622f928fae2874f149427,0,,512,960
SANAS_ROCOLE_26.jpg,train,rocole,declared_by_author,88e3577e0fb91b89a907caaa1047c091d7d852bcba9b91b719d09a7cb3bcb6f8,0,,960,512
SANAS_ROCOLE_261.jpg,train,rocole,declared_by_author,e707d1c790b52cdd9787e69dd022653b8711eeeec6801c56cc14f8c599d0985d,0,,960,448
SANAS_ROCOLE_262.jpg,train,rocole,declared_by_author,a3e65a044701b5deb5a2ae93545436eaa898fa030fb472c6bdb488e6e2ecdf99,0,,512,960
SANAS_ROCOLE_263.jpg,train,rocole,declared_by_author,c38d1156dd079dcf45cdb521d6e26c22e14848915eec0151f1cb96eeed8d5715,0,,448,960
SANAS_ROCOLE_264.jpg,train,rocole,declared_by_author,3ec0d7e6fc844f66bf580252d57a7ddde1265909141e3ee18c70b39d8494df56,0,,384,960
SANAS_ROCOLE_265.jpg,train,rocole,declared_by_author,5404a4de48dc90c88a3186133ce258ee9cffebb2994f14e5e3fe4790d1373378,0,,960,320
SANAS_ROCOLE_266.jpg,train,rocole,declared_by_author,2afb5c7500955c6a01bd459fc60c7ccdfc80cf4b30ccb478fec48f897ab664f1,0,,960,448
SANAS_ROCOLE_267.jpg,train,rocole,declared_by_author,9e4b9c51bfe04cf578595a36ca53da29b0fd13b1d36ce6488fea87ea5a9983b1,0,,960,384
SANAS_ROCOLE_268.jpg,train,rocole,declared_by_author,ae9f4cbee2f36c23ce73fc785d8f3d8b5d79e44ad93f4bf38a2cd1521b76d29c,0,,960,384
SANAS_ROCOLE_269.jpg,train,rocole,declared_by_author,84877f45cc939097815cdc1cfee3d06db06caeef6a585aae8b1beece98b5f842,0,,320,960
SANAS_ROCOLE_27.jpg,train,rocole,declared_by_author,76ca6a29cabf15f7a768b683293a01d2697aaf9f4cbc708486078082f2cad7c7,0,,384,960
SANAS_ROCOLE_270.jpg,train,rocole,declared_by_author,e84723d0921df8abd2f38fe8a217d9c87b0332fd7b67499ff9a9d5e076297854,0,,448,960
SANAS_ROCOLE_272.jpg,train,rocole,declared_by_author,68e0003e33d7f6682278b6293c85135843d1e9cf57dc493dba63a7b258e57784,0,,960,448
SANAS_ROCOLE_274.jpg,train,rocole,declared_by_author,5eda9d7e9a001dc8765093b01dc29d5ea9b5acec4ccc81ed9e82bc1217b78921,0,,448,960
SANAS_ROCOLE_276.jpg,train,rocole,declared_by_author,86e21f9bc8d4400c06294c04f3de3e38a6915242c81570a55078c4247b2f7fe3,0,,448,960
SANAS_ROCOLE_278.jpg,train,rocole,declared_by_author,35f43cfb8d96e8131485539cd497e6328d1d53d96359424536e49f96d1d52323,0,,960,448
SANAS_ROCOLE_279.jpg,train,rocole,declared_by_author,b992c63ff694168456add3bebb184f6ae2453a429a91c527ab2915fdc73740c6,0,,320,960
SANAS_ROCOLE_28.jpg,train,rocole,declared_by_author,d985b57470b76f552a00989ad518a6c438560e47b2097e58c16b3f4274394e05,0,,960,576
SANAS_ROCOLE_280.jpg,train,rocole,declared_by_author,979a08a318c1d64b115b5006960a4c095271ccc189ce07b0d524db4ce43ec73b,0,,320,960
SANAS_ROCOLE_285.jpg,train,rocole,declared_by_author,594bddf45a572a9669ce8225a0089fcb6ce04e3bd9a763a74060fc6309279b8a,0,,512,960
SANAS_ROCOLE_287.jpg,train,rocole,declared_by_author,131833fd6da78deaf03fb10ba7b9d70d2ee6484b167449cbb64825b3fb6e4117,4,0,960,384
SANAS_ROCOLE_289.jpg,train,rocole,declared_by_author,a1b2560106bbafb0f256f2e18f2ac456d25811ffad98ce3cbdcc7bb49c2eecd4,0,,512,960
SANAS_ROCOLE_29.jpg,train,rocole,declared_by_author,a111b3c9f8cbc954b4ddf66e05acd3de889198848e3490161f2767f49478976d,0,,512,960
SANAS_ROCOLE_290.jpg,train,rocole,declared_by_author,8a39f1b0b0cfcfc5bb7134947a48c5d9141cda52600c92e2d9e53b05b5b8a55f,0,,384,960
SANAS_ROCOLE_291.jpg,train,rocole,declared_by_author,b287a5f7a37b580f3917ec01920dc469d3df91fc9527deb43f9676ac4c34c1f3,0,,960,512
SANAS_ROCOLE_292.jpg,train,rocole,declared_by_author,b3384ca223545e0cd1c6a172de13a19be6e2ec572e72b069a74dd83544489380,0,,448,960
SANAS_ROCOLE_293.jpg,train,rocole,declared_by_author,925cfdd0a9857e1221e8c0b556bda2078c2250347dc9c0bb6c650c6c44fe2bbc,0,,512,960
SANAS_ROCOLE_295.jpg,train,rocole,declared_by_author,27b43a4fbe831895ca5b531d0dcd05e19fa9882c7c4559a73dadf7aba3158885,0,,448,960
SANAS_ROCOLE_296.jpg,train,rocole,declared_by_author,6c87a83f1ad0c212ba77de0c72c75c5c3483a9fe0df9e1865f85153897e0986f,0,,960,384
SANAS_ROCOLE_297.jpg,train,rocole,declared_by_author,fc63aa6e293cca438aa947fdfa273552329a4bc1100204348c0576897d468a1c,0,,960,512
SANAS_ROCOLE_298.jpg,train,rocole,declared_by_author,a8e0fb78ff5a051815637b5e4d4770e8618082179f2be874b322f3ec785380ff,0,,960,512
SANAS_ROCOLE_299.jpg,train,rocole,declared_by_author,2986a6d44efbd8271ed7a6ee4304153576368c8155e64551997b101df01694a4,0,,512,960
SANAS_ROCOLE_30.jpg,train,rocole,declared_by_author,855debe295ec61b815cf516d1663a98190843e02468233ef60d0c7c4492060cd,0,,512,960
SANAS_ROCOLE_300.jpg,train,rocole,declared_by_author,4957b9d6ed9a7fb69008aa63a00c21f2975fc1e073b3c1b3e6d0c50171b8d2ea,0,,640,960
SANAS_ROCOLE_301.jpg,train,rocole,declared_by_author,51631e03fe7acfce825af1d77047fecb46b423a26a41ddd542736d2c60ba88cc,0,,448,960
SANAS_ROCOLE_303.jpg,train,rocole,declared_by_author,5d61c9a583f2d7b90b60eba8191f3d1d762f5c63cf549fa37828548b599a1ee7,0,,960,512
SANAS_ROCOLE_304.jpg,train,rocole,declared_by_author,182c84f97824083cc6841893d9625627b872eb567c89fe578b43e537d6517a02,0,,448,960
SANAS_ROCOLE_305.jpg,train,rocole,declared_by_author,4dee32e876ea35f1c58e50f70ebf94648b00849ec4e38a5daf8e8c579ea68f19,0,,512,960
SANAS_ROCOLE_306.jpg,train,rocole,declared_by_author,ddc1beaff8f227ace92b89a296a901296f18c2e917de38e097569dd930d071ac,0,,704,960
SANAS_ROCOLE_307.jpg,train,rocole,declared_by_author,228a8103f9cacdc6b02d0ecb703b60ad725be3580cdb5c4e472ea7112e51b770,0,,960,320
SANAS_ROCOLE_308.jpg,train,rocole,declared_by_author,c0974454d253b351da31f58174f5ffd8c1eeef116e7a2c8cc31ba790288227d7,0,,960,384
SANAS_ROCOLE_309.jpg,train,rocole,declared_by_author,5527de6b455db2036729e4eaa1071138b2c6251f1d2d7bb94735f57b3e2fed81,0,,512,960
SANAS_ROCOLE_314.jpg,train,rocole,declared_by_author,c51399e1d769d5fd487d4b6ae262f52d2ff45c63640855c8f1a2ec5b8fc53432,0,,384,960
SANAS_ROCOLE_316.jpg,train,rocole,declared_by_author,6080aae53b0933706a3d5faee9850fc24e9a3f774b14118b6f502bbf6bdab1ad,0,,576,960
SANAS_ROCOLE_318.jpg,train,rocole,declared_by_author,ed7f8811477c7bf7780a027afb4f0f8d22fb48cf9729baef70f81a906581fbda,0,,960,320
SANAS_ROCOLE_319.jpg,train,rocole,declared_by_author,79fc4d62073e0f14d33cf55eacc24b1b3d22f1d09e5e08f3b9428951af51f5c3,0,,384,960
SANAS_ROCOLE_320.jpg,train,rocole,declared_by_author,2755cd18ecb5209f6db6ef0b7c2deb055fd3f54bdf332e89c9fb09e484567a98,0,,384,960
SANAS_ROCOLE_321.jpg,train,rocole,declared_by_author,90034d593933a509dc33ab66180df3800552350e029e339f5cdea85dca9724cc,0,,960,512
SANAS_ROCOLE_322.jpg,train,rocole,declared_by_author,bb9f796b7071c1764232fb3b1ed6dba431948c0f9d2ce6d4847c563b7ee17af1,0,,960,384
SANAS_ROCOLE_326.jpg,train,rocole,declared_by_author,3545f8130a577e876f5f07a14ba3f7fa02dbc367ab1b6e867587611de3992012,0,,512,960
SANAS_ROCOLE_328.jpg,train,rocole,declared_by_author,59fe7b3f555df033faa6253215bc5d114a064402f42ffbfe8cccf175c4f8a6a8,0,,960,384
SANAS_ROCOLE_329.jpg,train,rocole,declared_by_author,fc601573940d67e217c07981f2765ac81651983c386884d70c02ffa66ad9a7f8,0,,384,960
SANAS_ROCOLE_33.jpg,train,rocole,declared_by_author,9e9ff46f477224044a0fd32ebdbfced10b2560345d5045a1b38086fcffb606c1,0,,960,448
SANAS_ROCOLE_330.jpg,train,rocole,declared_by_author,5d73bf2e0ee21a4416cc1481094ad7585051889426e0202a64e153fb9803b431,0,,384,960
SANAS_ROCOLE_331.jpg,train,rocole,declared_by_author,41117ff8fe99f221e5e8df97a4feeeab0cdc37ef3cd1da21d22eb6472dd2a65d,0,,960,384
SANAS_ROCOLE_332.jpg,train,rocole,declared_by_author,2e7f40cff74ba4b1682bf9497c57c7e7a2452d8bf5f2a1cbd747ad1f1fcff613,1,0,512,960
SANAS_ROCOLE_333.jpg,train,rocole,declared_by_author,67a9aa33db0eb60c642c5782eb904c16310b2559656d0e5b3a60cf683591ba73,0,,448,960
SANAS_ROCOLE_334.jpg,train,rocole,declared_by_author,9608757c1e52631d41df37e87ad5d259bf4b170ed88393926c4a00413a0ea17c,0,,384,960
SANAS_ROCOLE_335.jpg,train,rocole,declared_by_author,21296a0addb7b859950098c3103f9bbc79c7929675313fa0cf87a6dfb34dea17,0,,512,960
SANAS_ROCOLE_339.jpg,train,rocole,declared_by_author,ebbc3fd77f4c9ff65007739313b6bcc860fa932814a4f4e17abdab67f82e4568,0,,512,960
SANAS_ROCOLE_34.jpg,train,rocole,declared_by_author,12df816145ed9195811b080783bcc06fd4a287258c25e7f804d02759dcec5621,0,,448,960
SANAS_ROCOLE_340.jpg,train,rocole,declared_by_author,e8160f8b95334021aff65fcf37b28f86d6925a63648be96f7f99985c13117214,0,,448,960
SANAS_ROCOLE_341.jpg,train,rocole,declared_by_author,5854374256acec619dcdab31d093e3dbb4785f0b64d348da167603f3c2be1932,0,,448,960
SANAS_ROCOLE_342.jpg,train,rocole,declared_by_author,0bae3348f6b99c06bdeabc96d16d29aa4f52a22ccc5fc3e2992c72b6d5065dee,0,,960,384
SANAS_ROCOLE_344.jpg,train,rocole,declared_by_author,eae82cdf34d3f9297fe064ca4177867d5e250e403eacdd262d0e342dac7e4402,0,,960,512
SANAS_ROCOLE_346.jpg,train,rocole,declared_by_author,9e4d39436750c2ad6bf01d49213a41c03f7b8db4229a113de0dbe30dd37ad373,0,,256,960
SANAS_ROCOLE_347.jpg,train,rocole,declared_by_author,1a545b11abc2e89dab971a0de57c6b6902b4b7240a83e8d8b0b1accdec10bcc2,0,,320,960
SANAS_ROCOLE_348.jpg,train,rocole,declared_by_author,047ab83a45a4e9b28e11db95c36c8dd87ec208ee05b69901d02b04e58398ad26,0,,960,512
SANAS_ROCOLE_349.jpg,train,rocole,declared_by_author,6bda9408bb9f1ea1130fd78f4fd776ec3d5ad4f765b9dac258b83438d6604e85,0,,960,384
SANAS_ROCOLE_35.jpg,train,rocole,declared_by_author,404ca043ed72bc48da9242f03c9c2d2f305551ada68533e483564c18c8894674,0,,448,960
SANAS_ROCOLE_350.jpg,train,rocole,declared_by_author,07eed59a5680392217861b13c5f11046fdad12209fefc1f909901307fa19cd0a,0,,960,448
SANAS_ROCOLE_351.jpg,train,rocole,declared_by_author,c4c3d16118fa3c8618639b1561ba25d33903c9fa9e7fb4841c22447abddff5ab,0,,448,960
SANAS_ROCOLE_352.jpg,train,rocole,declared_by_author,a7b50f63ce21ce630263ef624a957eac36a9c740f66588a2757ebb24d7fd9d80,0,,960,512
SANAS_ROCOLE_354.jpg,train,rocole,declared_by_author,dd91e7f73fe27f31af23faaadc0552403abd7286955eb5fb4a409ca43f70ee3b,0,,960,512
SANAS_ROCOLE_355.jpg,train,rocole,declared_by_author,bc2c9de0acefce4bd4155baa538c4eae3372c11e2e4fb220787c570105e75ced,0,,960,512
SANAS_ROCOLE_356.jpg,train,rocole,declared_by_author,b80c28bfe6d74c0e0443d7f267bb918762351a186abe0a3555dba95107f76d75,0,,512,960
SANAS_ROCOLE_357.jpg,train,rocole,declared_by_author,7b7a8d138a12a14dad914017fb9c0bff27e7681df934e3b5ddd9636df27f4e76,0,,960,512
SANAS_ROCOLE_358.jpg,train,rocole,declared_by_author,b26e69f0dfd34509d5d538fc74438694628cacf9940a69efda6e26a47a7f94ea,0,,960,512
SANAS_ROCOLE_360.jpg,train,rocole,declared_by_author,5c8b499b22bc8391a39e70ba176043b2f722de58e9b666bcb4714fe2ee328ede,0,,512,960
SANAS_ROCOLE_361.jpg,train,rocole,declared_by_author,291ca711df6d78e2c69a5c3f01cf565fbd76dbd4e4f7ea5d013bb0f81ee892ef,0,,960,512
SANAS_ROCOLE_362.jpg,train,rocole,declared_by_author,5d976d3cf42eaf65253348391fa4766cd14aa80336d985e58790cb8f607dd453,0,,960,512
SANAS_ROCOLE_366.jpg,train,rocole,declared_by_author,04a4a5d270f55f0b2a49f33ccd1d3bbcdf810ef4a85c52051e4a35e5341f1b3b,0,,448,960
SANAS_ROCOLE_37.jpg,train,rocole,declared_by_author,6da1c2037d665c4c2f5b1ad14c62ccf0b770985ec02cea92d1f6289418b2be40,0,,960,384
SANAS_ROCOLE_371.jpg,train,rocole,declared_by_author,cfdf14a8df53a18389a38d7a0e9bbc297b8ae616988f3c6f608fd521ee0c69a0,0,,960,384
SANAS_ROCOLE_373.jpg,train,rocole,declared_by_author,90a87400b53daab52ed5d0b48a4daed43577aed8b5718b1dc2712a43396dc571,0,,960,512
SANAS_ROCOLE_374.jpg,train,rocole,declared_by_author,59064da2292a0f713f6f46026b46cdd578a65b32628f7b7177a1a6d768453d27,0,,512,960
SANAS_ROCOLE_375.jpg,train,rocole,declared_by_author,65765ab9e71927c6057bf7d2df885110505eaef389e5d9078fd88738b08bcc17,0,,960,512
SANAS_ROCOLE_380.jpg,train,rocole,declared_by_author,d369899103c990d284f85e5d2a37bfe1247650e852b5689ffb4ee8ac71e2c196,0,,960,512
SANAS_ROCOLE_381.jpg,train,rocole,declared_by_author,112f226d07df157384f6f8824c75be125a9f60524f8bedb1460a3815e1e6d405,0,,960,512
SANAS_ROCOLE_383.jpg,train,rocole,declared_by_author,724200fb08386d4c17f368f5677d286122729482470f19b4b4af2730760e4296,0,,512,960
SANAS_ROCOLE_385.jpg,train,rocole,declared_by_author,83dae98e44772270766f3ef9a33a465af008b66e0588f3db10c29710088d4c9a,0,,384,960
SANAS_ROCOLE_386.jpg,train,rocole,declared_by_author,bc5cc556b3608baca5966a94be007a14d20351dcc693f5c5b062a642c40f929a,0,,960,512
SANAS_ROCOLE_387.jpg,train,rocole,declared_by_author,70977e70fc786be5de4bac172a90223e27e9b63577f8e4204e562812a6a7d23a,0,,960,448
SANAS_ROCOLE_388.jpg,train,rocole,declared_by_author,7641bb454c5b5e15c7d9ce6346571b9b439e129c1df3a4d11049e5c20d96c7de,0,,384,960
SANAS_ROCOLE_389.jpg,train,rocole,declared_by_author,5cb7bc8daa2cd2711cf06f5799b2dd497379ee263a009f9c27bebd450bd3d3f6,0,,448,960
SANAS_ROCOLE_39.jpg,train,rocole,declared_by_author,a088290d226c01207ba28c2e9a5da8aa51d80e408fa019ad66b5032a088ee24b,0,,960,512
SANAS_ROCOLE_391.jpg,train,rocole,declared_by_author,6d4c0fc49cb6a070bbf199a0856ea375a3c257c56f8018737f6e365e866cc250,0,,960,512
SANAS_ROCOLE_392.jpg,train,rocole,declared_by_author,ce371d3e8eaaafc8cc33e4adae63cf954695d74ec87cd654400cd746afa99005,0,,448,960
SANAS_ROCOLE_393.jpg,train,rocole,declared_by_author,ea7dfdf1fb36ced42c2790c7ddfc68997f57573d0fb657edf1b01a2530d5a25d,0,,512,960
SANAS_ROCOLE_394.jpg,train,rocole,declared_by_author,d7ad82a03cb04ccc4f589f72bf36e6dce60dbf05b0af6395f5e9c73c4f8e87d3,0,,960,512
SANAS_ROCOLE_395.jpg,train,rocole,declared_by_author,eb53679712f760381a9206b700ddf329ea0a10c3dae167c9248bdebbe2426c6e,0,,960,384
SANAS_ROCOLE_396.jpg,train,rocole,declared_by_author,4e1bfd0f693436eefa41cc6edf64b1f627e17b12aa3d58294745a525abba79ec,0,,512,960
SANAS_ROCOLE_397.jpg,train,rocole,declared_by_author,b0ad147263ec5acb64c3b35c22a5fb7daba12e1e60812e22655a54978e0fa068,0,,512,960
SANAS_ROCOLE_398.jpg,train,rocole,declared_by_author,944b3db9a1614a6ac0bdc05593861c58b15c27d9df487ba27736d6c505aaca81,0,,512,960
SANAS_ROCOLE_399.jpg,train,rocole,declared_by_author,c04e499a29394c155d83a5d1afbb1f6bc1bdd8229b8dcd099d31f785fa68e63c,0,,960,512
SANAS_ROCOLE_4.jpg,train,rocole,declared_by_author,e30d36be0b45d6f1a290cf1c9ce11a25d6f4aff8bb67ed5e90efebf248830738,0,,960,512
SANAS_ROCOLE_400.jpg,train,rocole,declared_by_author,79b04fe5a0eb4b7ac94fa4ac3349d974ed12e7b9b47a8fd9d3470857044a0b81,0,,960,512
SANAS_ROCOLE_401.jpg,train,rocole,declared_by_author,bd2ca6b7033b9ac671fd65ca130c8da3fd665b6dbd357ae039d07897ec82a462,0,,960,512
SANAS_ROCOLE_402.jpg,train,rocole,declared_by_author,110dacbcdca4c6af1f282d39f804afebe450c831aa4c60096c0080afd288c392,0,,960,512
SANAS_ROCOLE_403.jpg,train,rocole,declared_by_author,59a0812334396005b4e656e5d11192b522c0bb9ed0acebceb3b7c177092d6ff1,0,,512,960
SANAS_ROCOLE_405.jpg,train,rocole,declared_by_author,6fc2660a5319a28cc0d4cf71a1ea8b131691997068ed7b81d5f33ea94c30b5ba,0,,960,512
SANAS_ROCOLE_406.jpg,train,rocole,declared_by_author,70d654069e5812a70f3fc2dffa1048818a77bc2ef9586a5ca166610f4ce4a28f,0,,512,960
SANAS_ROCOLE_407.jpg,train,rocole,declared_by_author,b8a42fddcb0a73438cbeefa851b3b3d08e5b90abf88871593f1ef49a0110f3e5,0,,960,384
SANAS_ROCOLE_408.jpg,train,rocole,declared_by_author,283aa0bfd05432aeb04c6a86f42d05e47780dae8f42e13e48cec19310bf67c31,0,,448,960
SANAS_ROCOLE_409.jpg,train,rocole,declared_by_author,2ab245e208a70a704840ddb978da2a2bccccd049389cf8f0999cdda5fd53e41f,0,,960,448
SANAS_ROCOLE_41.jpg,train,rocole,declared_by_author,9e8b749818e65d420c75a521cf5f2704d082cade18d6aee69336ed9f990dcedb,0,,960,384
SANAS_ROCOLE_410.jpg,train,rocole,declared_by_author,af3c23d114a9daeff7def4c2eabf8ace699a232a2ca422847afe8b2f527dca7b,0,,960,576
SANAS_ROCOLE_411.jpg,train,rocole,declared_by_author,e46a3c69767293031dff72e27e430d83f5cc09ea85e256e55ca6d8d12111b214,0,,512,960
SANAS_ROCOLE_413.jpg,train,rocole,declared_by_author,9b7fd7eedb0492538a1b3323c7d8e491eb42b3ead360b223f499babca4d3d2cd,0,,960,384
SANAS_ROCOLE_417.jpg,train,rocole,declared_by_author,bc2c9de0acefce4bd4155baa538c4eae3372c11e2e4fb220787c570105e75ced,0,,960,512
SANAS_ROCOLE_418.jpg,train,rocole,declared_by_author,5e4c86409a733f3bd9a5171dfdbba26e8b22f6e68c50130b05f008f9d4597bd8,0,,512,960
SANAS_ROCOLE_42.jpg,train,rocole,declared_by_author,eba6e09630f959419ed5aade4a02ae5fada1fdc2dca05e84323f93db7be362a1,0,,960,384
SANAS_ROCOLE_420.jpg,train,rocole,declared_by_author,947e2e29438028a9be5fe45ce8bfb60c19b11d634aebb7685dea33017b371e34,0,,512,960
SANAS_ROCOLE_422.jpg,train,rocole,declared_by_author,f822c1831a4e8292fce498305858f8b2a5820728c1e2c205c5201fe7cfc0c22d,0,,512,960
SANAS_ROCOLE_424.jpg,train,rocole,declared_by_author,a7b50f63ce21ce630263ef624a957eac36a9c740f66588a2757ebb24d7fd9d80,0,,960,512
SANAS_ROCOLE_425.jpg,train,rocole,declared_by_author,a30212362576257c5db0f6447bcc4c20a63cc57740b7feb3c696f3178a1a85a5,0,,960,448
SANAS_ROCOLE_426.jpg,train,rocole,declared_by_author,2d5bbd7e78ccb2ee74ed5b8f3dedac2c4648c763a64682078c49d146674876fc,0,,320,960
SANAS_ROCOLE_430.jpg,train,rocole,declared_by_author,7c5121bce6d78139a2d683f30b481a86a2da34f72f5739d9c8d6a6c5139de91d,0,,960,384
SANAS_ROCOLE_431.jpg,train,rocole,declared_by_author,828e0ec808c0c87560470c1c3cfe07bf7604315b5bcfa3dbc3a2675c5f0f6a25,0,,960,448
SANAS_ROCOLE_432.jpg,train,rocole,declared_by_author,89c04c03ae05042c533e5f94ecafc5ba64ad8112d624b35cec05eaaa19698186,0,,960,448
SANAS_ROCOLE_433.jpg,train,rocole,declared_by_author,c16db13ea46d1b95536e27c1c4e66ded6b97ccc52df3f9bd3c20fba865ce719b,0,,384,960
SANAS_ROCOLE_434.jpg,train,rocole,declared_by_author,d958d01d87d57da46fd90f40e99c1a0223bb7c0daff83fe1336f964e8877b52e,0,,448,960
SANAS_ROCOLE_436.jpg,train,rocole,declared_by_author,6a82f0e6d780aa8400073001778310604b5c837d8e2ed08660619aaaea983f0c,0,,384,960
SANAS_ROCOLE_437.jpg,train,rocole,declared_by_author,0d6ec1a7910350d5e1e4d1d6c80d39f6329c486bde9b85f584923b722b47ced9,0,,960,448
SANAS_ROCOLE_438.jpg,train,rocole,declared_by_author,5d4994c1bf68e9f35c452a886bd566f24355ad4fdce85b8268cddad337be6ee0,0,,384,960
SANAS_ROCOLE_44.jpg,train,rocole,declared_by_author,41ad5dc606f2776c49ba45ff89c63c2d2c5a2e29fd071fee6fe5e900105dc142,0,,448,960
SANAS_ROCOLE_440.jpg,train,rocole,declared_by_author,a41989a1f53f41fa92daff574cd74e858cf77d8a208fdb5267c13901bf13112b,0,,512,960
SANAS_ROCOLE_442.jpg,train,rocole,declared_by_author,8a06d11a97c419b6e1ed721073030bacaa34379d1c00c62594e2717540992e04,0,,960,384
SANAS_ROCOLE_443.jpg,train,rocole,declared_by_author,e08df1af30aec2b900147f036c4f170add908238eeeecdc893bf11bc4fcbfb31,0,,512,960
SANAS_ROCOLE_444.jpg,train,rocole,declared_by_author,473cc979b902be8969faee43ff7a2bd4cdf762236512644532e8557fb988d1e6,0,,384,960
SANAS_ROCOLE_445.jpg,train,rocole,declared_by_author,46601a1c845a8fa49f04a818548c2796a746b14a64b54bb1affc27215621041e,0,,384,960
SANAS_ROCOLE_447.jpg,train,rocole,declared_by_author,363790ca5c35a242c99aec08e19f196d2e86adb2d7acda46f1c2068825242585,0,,512,960
SANAS_ROCOLE_448.jpg,train,rocole,declared_by_author,1c6b0076afdc87201e0a7dd1a7fbc8c52a0b6b06a55ea3be6552cafbdd62b93a,0,,960,512
SANAS_ROCOLE_449.jpg,train,rocole,declared_by_author,02a6e4521f8a6335fb7b96c6882f7c266e9ee758275c1ef0579a5e8f96c124b1,0,,960,448
SANAS_ROCOLE_450.jpg,train,rocole,declared_by_author,baf082a85706924d6fd5c5c21c337ea6db69d368356e2ffd0ee74f90ed68fe71,0,,960,448
SANAS_ROCOLE_452.jpg,train,rocole,declared_by_author,590b03910b11a407a97df50f5022574af8181f06c9a7eb06b36268acf6b4a0da,0,,960,512
SANAS_ROCOLE_453.jpg,train,rocole,declared_by_author,90393c4babf2bad5ef8ee7afd83dfdd53649b755619ff98c1edadc4e6784628d,0,,960,512
SANAS_ROCOLE_454.jpg,train,rocole,declared_by_author,6981f7e2f7cfe013954ff06ae6b928e64583499ba434d5e82fa228c9552037f9,0,,640,960
SANAS_ROCOLE_46.jpg,train,rocole,declared_by_author,3e99ba3cc3d6e3c4b84c393acb69d83c573ad419573a795b3c21cf059a017c66,0,,512,960
SANAS_ROCOLE_47.jpg,train,rocole,declared_by_author,e52377e3b6b52d7bf4242ae7128e854d8b85dd1bf3201ed857485605f6de8e9e,0,,512,960
SANAS_ROCOLE_48.jpg,train,rocole,declared_by_author,72a5e5d7c094b51cd13b00e672fa41aede8516203a286badba99927e453362fc,0,,960,384
SANAS_ROCOLE_49.jpg,train,rocole,declared_by_author,de047203d83f1764cca327e2a2fbead01bba8a9843b71932b2eb880130864151,0,,960,384
SANAS_ROCOLE_50.jpg,train,rocole,declared_by_author,bfbdb700ad3bd02f727801dbc85389246691b4904ddaa1bde3864dc7a19154c5,0,,448,960
SANAS_ROCOLE_51.jpg,train,rocole,declared_by_author,dc83d36660220d71d67b378444aae01bf53a0b171a9177ce5e65cb13ebd499ef,0,,384,960
SANAS_ROCOLE_52.jpg,train,rocole,declared_by_author,1381d4e76aa7c8bca1671a21ab416df16b2b31917ecbbdaa73a16b8242d330dd,0,,448,960
SANAS_ROCOLE_56.jpg,train,rocole,declared_by_author,5a99772b5470ab64a0e30c0a6b2bd9a5bb393eed53027768360947cefa079371,0,,384,960
SANAS_ROCOLE_57.jpg,train,rocole,declared_by_author,db4d4e8f55ff8ed43af02ca7039475ef712f80d2188a83aedd8c321a45db457a,0,,448,960
SANAS_ROCOLE_59.jpg,train,rocole,declared_by_author,94c00faa0d43cdf50264ebb990405b9a598978dc3d06886990306a4c74bf27f6,0,,960,448
SANAS_ROCOLE_6.jpg,train,rocole,declared_by_author,a70bcd4f5e71c604dec9d6b3e48102a1cafe3c73bcef86ed150b2eebd874e9e3,0,,960,320
SANAS_ROCOLE_60.jpg,train,rocole,declared_by_author,a17e1c3baf0ed47cf3438815e8c63c34b84f4ac5a0e78802e671a00146dcc0c7,0,,512,960
SANAS_ROCOLE_62.jpg,train,rocole,declared_by_author,1525996709f7a99f9ffca270f804e8a1bbf3b725cfc2b3668c28b374fd8fc9ef,0,,960,384
SANAS_ROCOLE_63.jpg,train,rocole,declared_by_author,82a6354cb8f6dd7523f4b85e814462717916a85f42c7d8d849098348d98ee85b,0,,448,960
SANAS_ROCOLE_64.jpg,train,rocole,declared_by_author,a9e575c00288d48f831f6c00df822d1b572fdc21dd00c73edf597a7b615f728c,0,,448,960
SANAS_ROCOLE_65.jpg,train,rocole,declared_by_author,b5d54c5338dcc7a1cfbb9973f051d3c09a6471ef665c6642c43a46eaedf0fde2,0,,960,384
SANAS_ROCOLE_68.jpg,train,rocole,declared_by_author,ef22cb2870d4538eea5890ea7fedee7b061829beee1a6a58d065fa5f6daf919d,0,,512,960
SANAS_ROCOLE_69.jpg,train,rocole,declared_by_author,21cfc8816cba02980ce783bc1ab48c2e00b78289b748603b6fd8c1fd8d65132c,0,,960,384
SANAS_ROCOLE_7.jpg,train,rocole,declared_by_author,17cae87bba80743002a6a99cdb3a6cf52d778139a0f0aa61ec859cfe4661a00b,0,,896,960
SANAS_ROCOLE_71.jpg,train,rocole,declared_by_author,b2bf74b57362b47f9ec7972c1062eaa58915dde02bcb93da7fb1f34059f8f2aa,0,,960,384
SANAS_ROCOLE_72.jpg,train,rocole,declared_by_author,9feb81f205bee1f7196905b30d071bf8985c4575ca7844fe0eed548627075a8b,0,,448,960
SANAS_ROCOLE_73.jpg,train,rocole,declared_by_author,92de53be1c30457cf22ea62b397a0963d11163d90b295ec2a9eee90557f73adf,0,,384,960
SANAS_ROCOLE_74.jpg,train,rocole,declared_by_author,ecd3aaf257d8ff3c2c403f1d0fde2be493cfa11ecfb289703c0589ae2fd2b900,0,,384,960
SANAS_ROCOLE_75.jpg,train,rocole,declared_by_author,2c4f932becde7a065a51d8a88aeb35b156003bd808ae86ee1304b5faa5a09ff3,0,,960,384
SANAS_ROCOLE_76.jpg,train,rocole,declared_by_author,118b12da263ad3f106b53fc6d7bf5c7f057c1c3cf02e84225c75cdb96022a3b2,0,,960,384
SANAS_ROCOLE_77.jpg,train,rocole,declared_by_author,e8022cad7de7fd7c23cadaa8f4c2dd355d4bc2d5a7c00f2053c8a7cfaafd3ec3,0,,384,960
SANAS_ROCOLE_78.jpg,train,rocole,declared_by_author,7044bb571ed919e328c7fd36b9795953e75df275848b384db34730a2fba3220a,0,,384,960
SANAS_ROCOLE_79.jpg,train,rocole,declared_by_author,c271d826add89ca2329afef50096542c3ba52ef57138def80ffecd3f8df06ea6,0,,512,960
SANAS_ROCOLE_8.jpg,train,rocole,declared_by_author,c857a3c308bec46d5610bd6eed838ef95f00bc1cadfc757da5c585737b93cc6d,0,,960,448
SANAS_ROCOLE_80.jpg,train,rocole,declared_by_author,ee30903475fddb9f2ddfd92d1d637b0e60419e4e937cddf2e243b1f2d7c644f3,0,,512,960
SANAS_ROCOLE_83.jpg,train,rocole,declared_by_author,1a453516c51fac15bcf4d86023b6bf2e7b3a777ccc7ca4ecdea3441005d9c84b,0,,448,960
SANAS_ROCOLE_84.jpg,train,rocole,declared_by_author,e67da01fd7ad844d24d9730336fa448d7eae56aa52b28faf73d8bf1289a66a4b,0,,960,512
SANAS_ROCOLE_85.jpg,train,rocole,declared_by_author,3a993c68e44b8616656cdcccbe4ab04f28578628a3c5b302cb653a4a1bde2897,0,,960,448
SANAS_ROCOLE_86.jpg,train,rocole,declared_by_author,b55a80fa6e1313b1b474664ffaff1649acf9101f9de27a18bcffd42c0654d456,0,,960,512
SANAS_ROCOLE_9.jpg,train,rocole,declared_by_author,5fcc512a54446b75550a7f4f21bd183f5b45cf858cde219b68de35fd58c99c2c,0,,960,576
SANAS_ROCOLE_90.jpg,train,rocole,declared_by_author,bfe4f8b0c64bed0427e3176c8ac9e1de3020cdb5e14068c863136e530e3d4df2,0,,448,960
SANAS_ROCOLE_91.jpg,train,rocole,declared_by_author,b4daa3b0351d3b9334164d393637eda878e3095efe5d82d1ca55c6b8ee93f892,0,,960,448
SANAS_ROCOLE_93.jpg,train,rocole,declared_by_author,c96bec22f965a478ee3222d5ce4c4f0e66ae5523ed5b7d2ace475d8db7abc2f1,0,,960,512
SANAS_ROCOLE_94.jpg,train,rocole,declared_by_author,5b85cd4d02d1d2e30d4fcb3e31d76a047c6a67d4c591940d9137a83dec702456,0,,960,512
SANAS_ROCOLE_97.jpg,train,rocole,declared_by_author,961f5bebe5d564ceaf75f03f5ad7a1c19831762bd000b1ee050054edce404bd8,0,,512,960
SANAS_ROCOLE_98.jpg,train,rocole,declared_by_author,94e9d6b4a6a4c89ec5140daa337bc7049be26ea4288147188601232d15b3a474,0,,448,960
SANAS_ROCOLE_99.jpg,train,rocole,declared_by_author,b0fb668723b2ed4724f2e4d2357ca216a31d084926dbd73ffbf456926b1339dd,0,,960,512
SANAS_SOCORRO_10.jpg,train,own_field,declared_by_author,bab3b1f9e0370a388bfe360e9a66447e9acdea9fe0f1b6123b8c41e18a2c9855,0,,576,960
SANAS_SOCORRO_100.jpg,train,own_field,declared_by_author,380aa060816f6ff8130eb6305e6a7b12545b420f6c1c2651fb2175a16f15d27b,0,,768,960
SANAS_SOCORRO_101.jpg,train,own_field,declared_by_author,7e3da50c57cab32319563f179f14940192a7c6af8918d03273fde545ce527d74,0,,832,960
SANAS_SOCORRO_102.jpg,train,own_field,declared_by_author,91d0743528c8eda528f91863101f02e8be56ea2851b378bbb558a5aec5d13912,0,,832,960
SANAS_SOCORRO_103.jpg,train,own_field,declared_by_author,d404d9476a9fe0f23cb7595addd34ff48d58537533cffe855d0cd8821db3c17e,0,,960,832
SANAS_SOCORRO_106.jpg,train,own_field,declared_by_author,2df1eec698330ee8268e17462021a88c8b3a105a93095ce46b31616c12565bbd,0,,832,960
SANAS_SOCORRO_107.jpg,train,own_field,declared_by_author,93d6bb65fcdd441445739524aedc4e379f915392458118c478ef3aee2eb7698a,0,,960,704
SANAS_SOCORRO_108.jpg,train,own_field,declared_by_author,7a9d974aad04830edf7dece27b9bdfe5fcde978d52d9c828589286fcc184663d,0,,960,832
SANAS_SOCORRO_109.jpg,train,own_field,declared_by_author,c414b7221eeec71e54db29d41aac3469de1f65bb7acceeabafd2e571612181a6,0,,960,704
SANAS_SOCORRO_11.jpg,train,own_field,declared_by_author,2185ab2a07fcab048ca77ceb60567f36c60ba4a7eb9c89e946c984d77d21f058,0,,960,512
SANAS_SOCORRO_111.jpg,train,own_field,declared_by_author,53455715ac4baaf803bfc3c066ca3ee3189bc6c1631461ab69675f5adc7f8f60,0,,704,960
SANAS_SOCORRO_115.jpg,train,own_field,declared_by_author,723ce529803646a0a633c87bf5f1adba7590baa7872e90750ecc1125d92bfa72,0,,960,448
SANAS_SOCORRO_116.jpg,train,own_field,declared_by_author,6d7805e25783ada798b857e1f7352bdba0ca2d537c1eb6617bbe495c54ad44f5,0,,960,512
SANAS_SOCORRO_12.jpg,train,own_field,declared_by_author,5282178bf8ccc8e7a40af442cb4fbc69a2d10959652e5cd4a5bc9e3e87afe15c,0,,704,960
SANAS_SOCORRO_120.jpg,train,own_field,declared_by_author,d9d1a12565755484a5c584c29749bc8a68319c16c196282af399a903256c1c14,0,,960,576
SANAS_SOCORRO_121.jpg,train,own_field,declared_by_author,a4bf9b3bb11eadc764f740f90573fffef825133ca1b1d4113f394b3fb325d108,0,,960,960
SANAS_SOCORRO_122.jpg,train,own_field,declared_by_author,5b5717c2d891fbc4af28a35c8efe87f6cd2a3f93cb689dc9a4e7b4c1a8af0be0,0,,768,960
SANAS_SOCORRO_123.jpg,train,own_field,declared_by_author,e3ca5522cfd6c32486517268d33539c31aa9cd15bbb98464aa70c661a5d56a97,0,,704,960
SANAS_SOCORRO_125.jpg,train,own_field,declared_by_author,4a6d71bda33d5daafe42879b7d9f42302d3dcd5ae924778e3f4b074b544f7b1a,0,,960,960
SANAS_SOCORRO_126.jpg,train,own_field,declared_by_author,ec0d6eb9dbbe9f8b1c9a9714ffd93d92063f2ca761621288ddfdc7363d41017f,0,,960,640
SANAS_SOCORRO_127.jpg,train,own_field,declared_by_author,1029dad776cf5f9bb2ed2aae0c7b384eb00ecbed742d771bac4d97bf0b241067,0,,960,704
SANAS_SOCORRO_128.jpg,train,own_field,declared_by_author,c9e5a041ea8f703753264eff6c67b379c27e4fac9e2d213d46f8cdd9f2f0e8ea,0,,704,960
SANAS_SOCORRO_129.jpg,train,own_field,declared_by_author,065546b0e4c4ef42040a9f2747771f1749f003cfaf4804c1ff1e5bb6eeaff8ea,0,,960,576
SANAS_SOCORRO_130.jpg,train,own_field,declared_by_author,0d2233ff5ece1c565b11f003e96c737f1a3cceae4027a9dfb5a0b6138c3334ba,0,,960,640
SANAS_SOCORRO_132.jpg,train,own_field,declared_by_author,d30f51d2386f6af7f1bd4811347f6a1a6b57c15cd3908610fd13be272138df90,0,,768,960
SANAS_SOCORRO_134.jpg,train,own_field,declared_by_author,02324c36a8d44c2e31973d9eed149d54415cc6ce1daa5029ba4fc100bba50184,0,,960,704
SANAS_SOCORRO_136.jpg,train,own_field,declared_by_author,a5097656986ac64d24cf99575a0a058b10f84dce09f251924c1ddd00549e53fd,0,,960,704
SANAS_SOCORRO_137.jpg,train,own_field,declared_by_author,6883dbf77e2297c2bce1e52844aeb5fa51111324412f4fb624cacdcd0b090b65,0,,704,960
SANAS_SOCORRO_139.jpg,train,own_field,declared_by_author,45068cc713d992e747a9532ea6914ca10f60c5738b208115aea92a26aebbaa89,0,,960,768
SANAS_SOCORRO_14.jpg,train,own_field,declared_by_author,195e7b7874fffd2b4f34f4a3b0b249f6656b56dabc33492f881eb9061d7747fa,0,,448,960
SANAS_SOCORRO_140.jpg,train,own_field,declared_by_author,898ac1a5012ec3523815c05d45f34bc722a3b5c4588311dbeaad28c4bda2dac7,0,,960,832
SANAS_SOCORRO_141.jpg,train,own_field,declared_by_author,c440a267558bd09a3555657d68ba3e79745bcd1b7d70a8fc8c2a5040bbea1a29,0,,576,960
SANAS_SOCORRO_142.jpg,train,own_field,declared_by_author,4d0b2a00ea7806f71b991c8dead8e90d847c1c43ea962963e5376b8ee8615a80,0,,768,960
SANAS_SOCORRO_144.jpg,train,own_field,declared_by_author,e0c979d5f3c5f69329bf6fb21cf422858622290cdb59c265e072306844c964dc,0,,960,960
SANAS_SOCORRO_145.jpg,train,own_field,declared_by_author,55330d20599a9bdb4e256b54fe980bac1d90a7ed8affa9a3682ac6487d35eb89,0,,896,960
SANAS_SOCORRO_146.jpg,train,own_field,declared_by_author,4520ef0d299e10a23778720a6e0b65dd5f45fbec1fa273bee4f71d962f1060f2,0,,960,704
SANAS_SOCORRO_147.jpg,train,own_field,declared_by_author,5e60968de56fdf4b7eaf2698d48938a077ac500b7ee588a604f9faa0e9970f33,0,,704,960
SANAS_SOCORRO_149.jpg,train,own_field,declared_by_author,75858896af1600b9fedd8ec28008152cb720eb9c73ebf8751a898d27b1ca5c44,0,,512,960
SANAS_SOCORRO_15.jpg,train,own_field,declared_by_author,8a835aac2a01d8f897f298c96068a61db5b8ec5d5bde50f78d0cffafb4f849e6,0,,896,960
SANAS_SOCORRO_150.jpg,train,own_field,declared_by_author,c3439df32610282703524cd662def69166a26213b737302815e92fa00a09e7fb,0,,960,704
SANAS_SOCORRO_151.jpg,train,own_field,declared_by_author,17892a1fd707d92ffc8ace6f07c33374967273201d9c2a318ef6db0f70b57aa7,0,,960,640
SANAS_SOCORRO_152.jpg,train,own_field,declared_by_author,40ecae5c2f7cede049fcfe54c0a2c9750d14659f1a4c518f0e231fb35b92fcc3,0,,640,960
SANAS_SOCORRO_153.jpg,train,own_field,declared_by_author,1cb6cdea9783096e0130831657c2d17bce6574f104c7a379469af279459ba31d,0,,704,960
SANAS_SOCORRO_154.jpg,train,own_field,declared_by_author,1755483db296f55af6794e1c604463bc9c5a30563c529f5f44d89766f357487c,0,,704,960
SANAS_SOCORRO_156.jpg,train,own_field,declared_by_author,7217b67f3a1960891ee61c729bd024f120cd695d5c0c8478dcae20461809d848,0,,960,512
SANAS_SOCORRO_157.jpg,train,own_field,declared_by_author,10cd5ec4e68a630ee12c844b5df2b7d84a95cef48e580370164a68082084f92f,0,,960,384
SANAS_SOCORRO_158.jpg,train,own_field,declared_by_author,ba25ed36eb779d132ac9f2d0d83d34c5fb795add71d067ca6b624429bc4f4564,0,,960,640
SANAS_SOCORRO_16.jpg,train,own_field,declared_by_author,5096e895e42c24644e1de6e1afdd6d84d8ed0b5a8eb5ea36f9b860399c9da40b,0,,960,576
SANAS_SOCORRO_160.jpg,train,own_field,declared_by_author,94f64b3537104a4682f1f8fc46fb209148e3607b162dac0f048faf128e6764a8,0,,576,960
SANAS_SOCORRO_161.jpg,train,own_field,declared_by_author,e5120c57767f0157320a992aefa306c310746e964bafda52136debf80e1cca54,0,,448,960
SANAS_SOCORRO_162.jpg,train,own_field,declared_by_author,649b895ef2dc7b483cd6ac5671c745a33ea0a3eeb7213a7c2a8c61ba3c3ae309,0,,512,960
SANAS_SOCORRO_167.jpg,train,own_field,declared_by_author,709be59e544a3e17170aed059400923f225edd908591b0cee8508155a03925ae,0,,960,832
SANAS_SOCORRO_168.jpg,train,own_field,declared_by_author,40c1c724713123adf8c4f17b37688613c27b03b202563b311e9c4195ffeb25d4,0,,384,960
SANAS_SOCORRO_169.jpg,train,own_field,declared_by_author,0e9f7e542e446dcdd0e1de3c3124b34e64108d228e2edbd7e405c68abb6dc024,0,,704,960
SANAS_SOCORRO_170.jpg,train,own_field,declared_by_author,97fc0b4444026376815add883eae9ea79066914e956ed27bd8acd6d8f5328c1d,0,,960,704
SANAS_SOCORRO_173.jpg,train,own_field,declared_by_author,9888ec8fc526307d1165d7db9f81e9cc10fb2af132dc35b268b06494efc46c46,0,,832,960
SANAS_SOCORRO_174.jpg,train,own_field,declared_by_author,419abe3921f69c28ebff7e83b3f9060d8c23c7e5e9b20ef5a5bc31d9caab390b,0,,640,960
SANAS_SOCORRO_175.jpg,train,own_field,declared_by_author,5bc118f836ad9ea6cc79cf0afbe9f8ed1d2f796ae4166ad26eaf1960a20ed051,0,,960,704
SANAS_SOCORRO_176.jpg,train,own_field,declared_by_author,afe2205c71a07c3e607ab82e636d1970cee957834e7d30e87e3006017a8cacf4,0,,960,704
SANAS_SOCORRO_177.jpg,train,own_field,declared_by_author,ca7e3762b6fbaadaddea54d5720e0081bd0b66a46ce6078c1dc85ef521c0ace7,0,,704,960
SANAS_SOCORRO_178.jpg,train,own_field,declared_by_author,bdf6b3e60b1c44d3a0965c7b2e95f01ff0e90f7a660ee67b8a4c65e463fb17ac,0,,384,960
SANAS_SOCORRO_179.jpg,train,own_field,declared_by_author,5f9aa441a7226b9e4136ea4deaba17503fcd3fc01d77db0b93ead1b860e8c943,0,,832,960
SANAS_SOCORRO_18.jpg,train,own_field,declared_by_author,10f66a50b934ff335f0a149df55171d1769b6a701413c4c00135ca20e8051607,0,,960,512
SANAS_SOCORRO_180.jpg,train,own_field,declared_by_author,3ba782e6257584e64fb446cf6837b3471091298914c56ca25df9f103411cab4e,0,,512,960
SANAS_SOCORRO_181.jpg,train,own_field,declared_by_author,241f60674c973f4ff2a6fb36f25bc149e5a839549d569848af1d3f730ee9abdc,0,,960,704
SANAS_SOCORRO_182.jpg,train,own_field,declared_by_author,8f9af33938112f83eb3b27ff13eb9e5f0e9bfa57dfafa2834f79613433c64173,0,,960,960
SANAS_SOCORRO_183.jpg,train,own_field,declared_by_author,f9454c78c92227ff36d8d7c983de25dd9157084c1e39766040682ad5fdf3c526,0,,960,704
SANAS_SOCORRO_184.jpg,train,own_field,declared_by_author,0f9be964305f27cebc5ff075b85b8d16d5b1c056b085f5ee229f99adc76a36d8,0,,704,960
SANAS_SOCORRO_186.jpg,train,own_field,declared_by_author,9aa325bd0feba168ca221fff2b3afb5976be41db5408e59b962413fea6468315,0,,448,960
SANAS_SOCORRO_188.jpg,train,own_field,declared_by_author,b00178ba9d7446bc34a62b7632ee66de1e4da39c5f8d9667fe35e9154873a7e6,0,,896,960
SANAS_SOCORRO_189.jpg,train,own_field,declared_by_author,366db64bdb06904473b8a66e46cdbc54a08cabc2b9c928ca7063b6d1dac9dd19,0,,704,960
SANAS_SOCORRO_19.jpg,train,own_field,declared_by_author,ee70a6af37c6e64140170cddc878dde73ba54ae0773f16bdd41c0419b794b775,0,,832,960
SANAS_SOCORRO_190.jpg,train,own_field,declared_by_author,28f0f3fdbc48fa8d8219c295b469b1ff3578af907d293cecfc4b64d5c01027d9,0,,640,960
SANAS_SOCORRO_193.jpg,train,own_field,declared_by_author,8d50d92ba0e8ec7d1bb536e0c848eb13f5fb31c0a074c55b1d1feb74fcdd4d41,0,,960,704
SANAS_SOCORRO_194.jpg,train,own_field,declared_by_author,745bf579f5128c47454c1742c61bbec630f87b056acab9fe935d487c6edba3a6,0,,960,640
SANAS_SOCORRO_195.jpg,train,own_field,declared_by_author,e2fd56af956978706c9764034d766afac2fc1c9b53de664c781d22a30cf72b8f,0,,640,960
SANAS_SOCORRO_196.jpg,train,own_field,declared_by_author,8d6b60c2e2c9cdf95700c44f7300949dd236bd79afe96d80d080617a7f60db9e,0,,576,960
SANAS_SOCORRO_197.jpg,train,own_field,declared_by_author,d61aa9f04913bf49e847d743b00c0cf9840217ecb931b066432ee207892bdcb2,0,,704,960
SANAS_SOCORRO_199.jpg,train,own_field,declared_by_author,5177c1586b710e9617cd1dddf93d86796e87a5769a6c640e017544fd03eb5f90,0,,640,960
SANAS_SOCORRO_2.jpg,train,own_field,declared_by_author,f8088b4f24e790c1b562c060a0734a5bc8c33ac0bf7b5dff4cbe05e8447ba173,0,,704,960
SANAS_SOCORRO_200.jpg,train,own_field,declared_by_author,1ed9c2034e7e5eb11896aca45685d34a5b5f1ff11a38b361d91a22bf2f52ff0c,0,,768,960
SANAS_SOCORRO_201.jpg,train,own_field,declared_by_author,30ab99a711d9fb331a2be7b827b5e995081aa0c6970a2c1cf54935445b435494,0,,640,960
SANAS_SOCORRO_202.jpg,train,own_field,declared_by_author,e19afcf8c81dea599c986964c849f27bebdbc635d5c36accaca25ccbff7d18ba,0,,896,960
SANAS_SOCORRO_204.jpg,train,own_field,declared_by_author,2a2b682df44afff64e45397691ed478bb63a07552fd590e3a8bfcdf9501f2cdb,0,,960,960
SANAS_SOCORRO_205.jpg,train,own_field,declared_by_author,67bb7e253c1f259e8115565e0147881828cc3a310d7145c7d04324d48e602084,0,,960,832
SANAS_SOCORRO_206.jpg,train,own_field,declared_by_author,8ef8a39803567107718849afcafdf453f2580d6657c22b69ec396a68d42198da,0,,768,960
SANAS_SOCORRO_207.jpg,train,own_field,declared_by_author,265285482f9d34c7eefc96843c8a1e711db2ea9dc216b27b528a32d7423cb50a,0,,960,640
SANAS_SOCORRO_209.jpg,train,own_field,declared_by_author,c9a63b467453022fc09cb5c5a837a4cff56d2a953d7d13c589ca7b6d06d842ad,0,,640,960
SANAS_SOCORRO_210.jpg,train,own_field,declared_by_author,299f29f2f298613d036015731ed73489161336902a0f2ff604adaba561ad528f,0,,960,640
SANAS_SOCORRO_211.jpg,train,own_field,declared_by_author,7c60b462bf0f5845ec99c8c2d665509f64c82c14045521cbfb90b5769da7706e,0,,896,960
SANAS_SOCORRO_212.jpg,train,own_field,declared_by_author,3a06d28141bdcd468b97a61f8842788b775a908da34f4b06e07e51d292f3a2b7,0,,896,960
SANAS_SOCORRO_213.jpg,train,own_field,declared_by_author,4d92a86c929299903f61ff7f7576fc10c5251198c3a2d5fc94b3e193bb54caa5,0,,960,768
SANAS_SOCORRO_218.jpg,train,own_field,declared_by_author,5d8dbb232cdbc1a652d8bd44322b755fb4a12a575fae6be3df1ad7c6327cecd2,0,,960,960
SANAS_SOCORRO_219.jpg,train,own_field,declared_by_author,2934ab482a246bc93e65d814eae919efb5d71191191511b0540c4393337133b8,0,,832,960
SANAS_SOCORRO_22.jpg,train,own_field,declared_by_author,586ca463d04f2b600ba62072623f0aebb358bdead41973f0465901cc62804051,0,,960,512
SANAS_SOCORRO_220.jpg,train,own_field,declared_by_author,317b7b5ebb69b15650e4bae4ef555528c8b760103d8a2e1044b863029cc74fdd,0,,960,576
SANAS_SOCORRO_221.jpg,train,own_field,declared_by_author,0af7eb2c772576fe154758bbca0286ab294fd27445f256a94d39fe0b06d234c9,0,,960,640
SANAS_SOCORRO_222.jpg,train,own_field,declared_by_author,381e9469e576109e619571f6a36fe3ce9d0f26eefbd647063ca37f0cbeb393d8,0,,768,960
SANAS_SOCORRO_224.jpg,train,own_field,declared_by_author,b4b0dbe19e54751662ead2e4cd557ea30e06fecc688feaa9caf7bb635f3b4d6e,0,,448,960
SANAS_SOCORRO_225.jpg,train,own_field,declared_by_author,16e2a0492ed1d0fb8762149053df8654954e7e7e83f21b9b51e2648491110c1a,0,,704,960
SANAS_SOCORRO_226.jpg,train,own_field,declared_by_author,7fcfe35416f7282bb61732a75df9ae6d50752255c9169d2ab47d2eb27daef2d2,0,,960,576
SANAS_SOCORRO_227.jpg,train,own_field,declared_by_author,cbba4571435f4a34144b2ddc2d05eefe1a61250b68c690dbbb8b206a09facbb8,0,,960,704
SANAS_SOCORRO_228.jpg,train,own_field,declared_by_author,c82ad7d945f249867425ccbd089a108f96679dc923ab256e4b48a3080909f9f8,0,,960,704
SANAS_SOCORRO_229.jpg,train,own_field,declared_by_author,6553e3b889aae32d72bb77a03836b8f4d031c134a4a596ab6f6dd322dc000f2e,0,,960,576
SANAS_SOCORRO_23.jpg,train,own_field,declared_by_author,df26974f35ef97cefc6723193db0d5d8fa6d7db16808b579b014cd068591f27f,0,,960,576
SANAS_SOCORRO_230.jpg,train,own_field,declared_by_author,a7be10c86c750e065e722000285196e9af4be32a1c5a71140bf399e862078a68,0,,768,960
SANAS_SOCORRO_231.jpg,train,own_field,declared_by_author,2c20941f3ba1f9fbef86e6374d88da7fe3d95e6e68e2dd4fef8674a05a2de81d,0,,960,704
SANAS_SOCORRO_232.jpg,train,own_field,declared_by_author,2b36cfc456386c3b231c17332e820e0592c6c2d64f88a5ee9ad9248fbf8c621a,0,,640,960
SANAS_SOCORRO_233.jpg,train,own_field,declared_by_author,bb0029ca04a767c5e59a465d8a9a85c43520d91330a3ae8f7e3217db301ac105,0,,960,896
SANAS_SOCORRO_234.jpg,train,own_field,declared_by_author,2d1d31c55d8f376d8488de280db789c16a6087941d038872baadc31db945ee7a,0,,704,960
SANAS_SOCORRO_235.jpg,train,own_field,declared_by_author,e3cae2bd3fbfb2ef9480a6628b0a44545c262b8386ecd676a2932329c707f273,0,,960,640
SANAS_SOCORRO_236.jpg,train,own_field,declared_by_author,5d8e1521e0c9beed72d264bcdd9f590a547ee1b4762ecdd655f5087e8f553400,0,,960,512
SANAS_SOCORRO_237.jpg,train,own_field,declared_by_author,26c5605e3820840faf43915b5e279c78e12ce7e5bffeca2cfd0d6b46f95aab16,0,,960,576
SANAS_SOCORRO_238.jpg,train,own_field,declared_by_author,3f870fc0ba20e4868b9cb9355944d55f582e445fc983fd2d2a4f36ef7e446812,0,,640,960
SANAS_SOCORRO_239.jpg,train,own_field,declared_by_author,ff846effe48a2d7f6afdfa9b4f03863781d049a45eccf1db8193fea74d141827,0,,704,960
SANAS_SOCORRO_24.jpg,train,own_field,declared_by_author,05eae1872fec5e3c08ed22861deb1258dc25ae30f8c4ac38833c960aa491a7cb,0,,960,768
SANAS_SOCORRO_240.jpg,train,own_field,declared_by_author,25821d27b8159280306933835e9df945b7120996cf986cbb5c2e2479cee3abb7,0,,576,960
SANAS_SOCORRO_241.jpg,train,own_field,declared_by_author,3910516238891d0bf0a96df8cd38c9f1a1005b78381acd45fa516fc74a5a4bef,0,,960,640
SANAS_SOCORRO_242.jpg,train,own_field,declared_by_author,67ad75b8dc51ebfc5c2149d47ff8295b4388f50be68b974bef7a2d146e3b555d,0,,960,512
SANAS_SOCORRO_243.jpg,train,own_field,declared_by_author,34f53cc4d8e2eb92b49a9408acc21c854f01906d8bd470f5533fb865bec7f2d7,0,,960,704
SANAS_SOCORRO_244.jpg,train,own_field,declared_by_author,12484a017d0c0aa4ed4e02b9a63a13a7c9ed271cc03dd3d8c8629370ea9e947e,0,,576,960
SANAS_SOCORRO_247.jpg,train,own_field,declared_by_author,72bca8a11ec97c2ca47d9abb538c31955d6bac52de5380472c8ca923bc0340d0,0,,640,960
SANAS_SOCORRO_248.jpg,train,own_field,declared_by_author,2ddbc6cc191a1179c1c1555af3fa3073078cc9ce3ff9fdb08025d7010b801387,0,,960,576
SANAS_SOCORRO_249.jpg,train,own_field,declared_by_author,3f83212612c053be6082697668e598976c21003b3c2076d54d82686156d84409,0,,960,768
SANAS_SOCORRO_25.jpg,train,own_field,declared_by_author,7c1d404c2c8835f826e0eea9fc063bd861d024d32d258f065c6638646c176a22,0,,640,960
SANAS_SOCORRO_250.jpg,train,own_field,declared_by_author,f42f28256481b99d0a70fe2c0647678eb5faa62b0fff16bba008e6174661466d,0,,512,960
SANAS_SOCORRO_251.jpg,train,own_field,declared_by_author,157c0a7582d369e25f3f61055eba7d66772f9996b452ab6a4c5ebb4d27cbbddf,0,,704,960
SANAS_SOCORRO_257.jpg,train,own_field,declared_by_author,e0e5426006771f5f6799a39dbc86846517227b471f00c3a56168d9218634bfc2,0,,960,704
SANAS_SOCORRO_26.jpg,train,own_field,declared_by_author,0ab61829c5a1b2945bc03b2b4b85b647bcf05799b53991c2e85eff2ff650f359,0,,896,960
SANAS_SOCORRO_260.jpg,train,own_field,declared_by_author,a4875a0bd22911e86849fc01964adfbb6a42b0e70f0920b0c754fc4517b6a1c8,0,,512,960
SANAS_SOCORRO_261.jpg,train,own_field,declared_by_author,e29e2db925016f1cd3493ed489f55884448d48fd8b0e2aaca9d19b1335abeb0e,0,,960,576
SANAS_SOCORRO_262.jpg,train,own_field,declared_by_author,fb478cf462cac5953af42ba6c699a5a26acc213bc27c5639560e12c171e54521,0,,960,704
SANAS_SOCORRO_263.jpg,train,own_field,declared_by_author,e894a1168234547bc629f3de9cc87533ef866bc5645a430e7f032b95a5d461bb,0,,960,704
SANAS_SOCORRO_264.jpg,train,own_field,declared_by_author,fe14c13cfd3c5337b95415165fd097831ab6dab575525bfdb1ae50ca6b265576,0,,960,704
SANAS_SOCORRO_265.jpg,train,own_field,declared_by_author,4a05ec00884d07fca7c790443c1b1a0e958fddd6d7280eb7f65e071f068a2631,0,,640,960
SANAS_SOCORRO_267.jpg,train,own_field,declared_by_author,01e547c4a5b97d56a2602b06cc94f79c930d1b2801335a6abddc28fb4f6d8112,0,,960,640
SANAS_SOCORRO_268.jpg,train,own_field,declared_by_author,16e1cc087b9136076176bbec1417b0cee15e6e09fe145791375c5a28667e98ba,0,,960,960
SANAS_SOCORRO_269.jpg,train,own_field,declared_by_author,d20b5bc879f83c6fc1cd9eb3837ff77f99d0d8f0d3835a14c6da21ef5dd56a5e,0,,896,960
SANAS_SOCORRO_27.jpg,train,own_field,declared_by_author,8aaaa16ebabaa638d79035341ecfccea23c606bc08e966410333101f84aeb306,0,,960,512
SANAS_SOCORRO_270.jpg,train,own_field,declared_by_author,4bc5f220eb3f9d914be406998e267a3278d2f81c3f4a13b83f36da4b3ecccbb8,0,,704,960
SANAS_SOCORRO_271.jpg,train,own_field,declared_by_author,15ce3fbe50e6699ccae1111cb5349ace0a36c9f6f512633c0961895161935786,0,,704,960
SANAS_SOCORRO_273.jpg,train,own_field,declared_by_author,4d258541be9c0e93e1f1845688604611bdb81779aa377a25701eeac557aecfeb,0,,960,704
SANAS_SOCORRO_275.jpg,train,own_field,declared_by_author,af109a6029f11504691f65c08fdab3238cd5f34c6295cc920fb3ecfb2a90497d,0,,448,960
SANAS_SOCORRO_277.jpg,train,own_field,declared_by_author,49ec99e3219d822e237ea8d00b6a0e11054c7ef8d8843ed1481b810547031b05,0,,960,576
SANAS_SOCORRO_279.jpg,train,own_field,declared_by_author,d4bc4892599b20617abd64a23f52bfc18e020b66ce3c9b162319da98a8b13089,0,,512,960
SANAS_SOCORRO_280.jpg,train,own_field,declared_by_author,383426597cd127448492eee6f5fd368b49975b9249abfaad009d5777520ae141,0,,576,960
SANAS_SOCORRO_281.jpg,train,own_field,declared_by_author,1d18d2584b9018c535d9eea77c1d50320ec9cbcc656528d8113b5e58a0013971,0,,576,960
SANAS_SOCORRO_283.jpg,train,own_field,declared_by_author,80c42b7cb1b8e60841a6bfe157c22606d422547cc06516ce1ca010537660739d,0,,960,576
SANAS_SOCORRO_284.jpg,train,own_field,declared_by_author,00008ef57ef19ce8471edc968fbef62566c07520abd1eff8a6888003c4785dbd,0,,960,640
SANAS_SOCORRO_286.jpg,train,own_field,declared_by_author,582f086099466c7d7640185cd7533f557affbbcd28b5f77af6a85493daa48875,0,,960,576
SANAS_SOCORRO_287.jpg,train,own_field,declared_by_author,379a87b636b98ee308fb8472ac5cb3cfb6f39402f805d77f37fe9208e10e32f9,0,,960,640
SANAS_SOCORRO_288.jpg,train,own_field,declared_by_author,85cf96b594991115971681d5048c394284400edec92116476e52606b7987e941,0,,512,960
SANAS_SOCORRO_289.jpg,train,own_field,declared_by_author,a45d66f85069876e94e3deba3bebda718c0c96ec439d19ed216a58e378cbb8ca,0,,512,960
SANAS_SOCORRO_29.jpg,train,own_field,declared_by_author,ecc6764dd56f945232a7eddf7d91a4056abb7a319df26035d324af89de6a74da,0,,448,960
SANAS_SOCORRO_290.jpg,train,own_field,declared_by_author,305c7881228a5b5ca10a4c82ae062fa4fe75e263523bb0c6a5232c2b0ad21b94,0,,704,960
SANAS_SOCORRO_291.jpg,train,own_field,declared_by_author,6aa49e3b2cdbf5803eb0e67c8a02a6db8c3c36300d5e736cf8d0ba9b93ce87e7,0,,960,640
SANAS_SOCORRO_292.jpg,train,own_field,declared_by_author,afc6558beea85c26d84af7ed859f77a1e3eba8c6c1af93f2494df2ca790309da,0,,960,640
SANAS_SOCORRO_293.jpg,train,own_field,declared_by_author,3ab1083975fdb68c84ed66e6983652341aacfd7c5ae78e6ee952466393e806b1,0,,832,960
SANAS_SOCORRO_294.jpg,train,own_field,declared_by_author,a01905915c374bf078897758d5542caa881cda5e91e22545818c807cc16ad11d,0,,960,704
SANAS_SOCORRO_295.jpg,train,own_field,declared_by_author,d3f1ed8bd673799950ca7260d998d416a1ad63d460d58edee331fead77a94743,0,,960,704
SANAS_SOCORRO_298.jpg,train,own_field,declared_by_author,b336c197b20d1dd80ee01a5b52b9e0fce68a8ca06b6080e980097c34d77b131b,0,,576,960
SANAS_SOCORRO_299.jpg,train,own_field,declared_by_author,ce802a9f9f2ce0d89b0edee0cb7ddefa0fcd42d81e5dfeb9a67b0b52798e6ae7,0,,576,960
SANAS_SOCORRO_30.jpg,train,own_field,declared_by_author,8f3213bfb76428b1fda02b787ad6a839422278a67f82351521d4a8a42ce9b5ca,0,,512,960
SANAS_SOCORRO_303.jpg,train,own_field,declared_by_author,52de35381b7e994e921b64c7463e4ed9bb896e90961780a2f40084e2556d704d,0,,576,960
SANAS_SOCORRO_304.jpg,train,own_field,declared_by_author,9b90f72ce7691ec4f7bf67d8a7e63b96aca6f2399ea30b99d80f2ad0629cf8b9,0,,960,448
SANAS_SOCORRO_305.jpg,train,own_field,declared_by_author,ba5a1dcbb193058e0ba255f9f54cc29bc284f4bea617348e4dff8eea4f14a14c,0,,960,576
SANAS_SOCORRO_307.jpg,train,own_field,declared_by_author,73e063cd63286a8da8d400ba3a2eb746e83db19a7387021ed0a4345a7cc944f1,0,,448,960
SANAS_SOCORRO_308.jpg,train,own_field,declared_by_author,14b5171a204ff1059c0c4d29416005ba7fcbaae4956dee0b77454cc5d8a96dca,0,,512,960
SANAS_SOCORRO_309.jpg,train,own_field,declared_by_author,097f000188beee5cace58051d0f0f7b7a6f1861e1e89788fb49660fbbe54e840,0,,448,960
SANAS_SOCORRO_31.jpg,train,own_field,declared_by_author,7133239a5eb05b867bb530c1a9bc7a26993b1057b10158b050717c6ff0e7a35d,0,,640,960
SANAS_SOCORRO_310.jpg,train,own_field,declared_by_author,554895e8864b3e58e3e3b48981b9f5bdd37b40ffe9b2d5d8a745aabcfa805f03,0,,448,960
SANAS_SOCORRO_313.jpg,train,own_field,declared_by_author,01c16c9e36a80abc4d01fe8581f1796c82e37a74a14667f8f8970dd3f28c506a,0,,960,448
SANAS_SOCORRO_314.jpg,train,own_field,declared_by_author,f40874566b24f3b25f37052aa819976ba6f700eb95cfc548e4a5b2e90b4a4705,0,,960,512
SANAS_SOCORRO_315.jpg,train,own_field,declared_by_author,602f0d87cee85c1e4768797368edfcaf11423fcb82608b0400825933f8bca0b1,0,,960,512
SANAS_SOCORRO_316.jpg,train,own_field,declared_by_author,9c75823266b12ac164362aa32cb801c42328cea4f2097e2667ce3f732c4bbad1,0,,640,960
SANAS_SOCORRO_32.jpg,train,own_field,declared_by_author,d4daea39a60e2a59e8b8724c6aa8ced6bb42c6950018d56966a8c0d256cbf279,0,,960,704
SANAS_SOCORRO_320.jpg,train,own_field,declared_by_author,f56c2a295bcbb40695385bb2ead261f08710122d63f06682cebd22c854ae7865,0,,960,640
SANAS_SOCORRO_321.jpg,train,own_field,declared_by_author,ba4de826c726b49ad99518ba7092426252ed3ef17f22af6f039c3f8078cf2b3e,0,,960,512
SANAS_SOCORRO_322.jpg,train,own_field,declared_by_author,4f55111dfe548f0dd88bc6cdd3cd37838092b23fcfb960d9be36ddf2d48e63dc,0,,448,960
SANAS_SOCORRO_323.jpg,train,own_field,declared_by_author,29454c1287c1cb7fb6d95df264acc8514c7e1d3a4521c4f7dc4108ae69297c74,0,,960,576
SANAS_SOCORRO_324.jpg,train,own_field,declared_by_author,e36fc5b670291c8d304cccae8bafa65c8d9b9d41a0c58881c5f60d3a48dfab76,0,,960,384
SANAS_SOCORRO_326.jpg,train,own_field,declared_by_author,946c093c5614d436bb72aee0c3fd027e877168e9c22d31ba45c4f372088a42e9,0,,512,960
SANAS_SOCORRO_327.jpg,train,own_field,declared_by_author,8420f264246683787d3b68008831fcfbcf5dc2ccea5d8e2de62a1c302911b309,0,,512,960
SANAS_SOCORRO_328.jpg,train,own_field,declared_by_author,29ff9e2aeb4f84dfc42679c97f5947bde6b563fce7dfc98e2c0b853aa773b012,0,,960,512
SANAS_SOCORRO_33.jpg,train,own_field,declared_by_author,3dc187acd69646282d9fdb64b122f93ad16f29f1178a7f407e61c7e7d3064a18,0,,960,448
SANAS_SOCORRO_330.jpg,train,own_field,declared_by_author,812662e7a69d28cf9a54a4c30e281e17fafa7cdcc5c9d51d747636132782fcd0,0,,960,704
SANAS_SOCORRO_331.jpg,train,own_field,declared_by_author,6e76544111c5c92a29742ddde223e22b09d355013287fcc1e2b625001abca759,0,,960,704
SANAS_SOCORRO_333.jpg,train,own_field,declared_by_author,ea65e66a8c4463f4107ae0257782f8da5f69098ee57e511f9025003176e245e7,0,,704,960
SANAS_SOCORRO_334.jpg,train,own_field,declared_by_author,204110d5e7f071ddc4dd69ccd33bcd73179a37a90ad74517878b07d2d2ae5169,0,,960,704
SANAS_SOCORRO_335.jpg,train,own_field,declared_by_author,1d84726bebf6cd2053a9a78b6f36c97bc458d482939ff16b4fed3248f1bfdd7c,0,,960,448
SANAS_SOCORRO_337.jpg,train,own_field,declared_by_author,dbb71fedbef929ca5341f1c7fa9859f3b0fd572a7fdc5914c2f641ed09b892e6,0,,832,960
SANAS_SOCORRO_338.jpg,train,own_field,declared_by_author,f1d86b589a5db7067beb930403ce087cdddb35d1ed76aeb1908d6fcebbe32fb4,0,,768,960
SANAS_SOCORRO_339.jpg,train,own_field,declared_by_author,bb385695a0f0e48c3bb56c379287beecddd1e9008959a2a857b660f8496f508d,0,,960,832
SANAS_SOCORRO_34.jpg,train,own_field,declared_by_author,ed382aa8709c4800c98b23214e453775f81ca8086a6a3e8f1952112a1a4aa6a4,0,,576,960
SANAS_SOCORRO_340.jpg,train,own_field,declared_by_author,6f47e76e7345ed877ae1a2f4c743938cab43edf9ab3126308f24fe62d7eedabf,0,,448,960
SANAS_SOCORRO_341.jpg,train,own_field,declared_by_author,c83a5a0f7c28d824240639452136b1f2e2485a36ee4680d8899a5965bb7be4fe,0,,960,512
SANAS_SOCORRO_343.jpg,train,own_field,declared_by_author,8b1ad9f37f70b4514fcce2de330d0602e5f8e0963dc712a9d7a2b98aad979869,0,,384,960
SANAS_SOCORRO_344.jpg,train,own_field,declared_by_author,0c2236280592021258f812b8eaa1c5fc8c6856f8ac473017fb097580ae25b3a3,0,,448,960
SANAS_SOCORRO_347.jpg,train,own_field,declared_by_author,7c01ce0f9112c72a90dd44b8d9e0094629b4ec86ef8cf9af4ed4a1d36892462c,0,,960,512
SANAS_SOCORRO_348.jpg,train,own_field,declared_by_author,e7a5df8a20f3b5535d132387f0dd2753d56e59e3fb1bad6acfa866cacc98ab15,0,,704,960
SANAS_SOCORRO_35.jpg,train,own_field,declared_by_author,07218757552bc07470be07e964dba439a1c7580f1a07d23bfa0b9c778f5eb86d,0,,960,576
SANAS_SOCORRO_350.jpg,train,own_field,declared_by_author,e049b66f315a22484daf0915e0dfd2a0a01e6417a82b53307c7271cdf2bbb2e6,0,,960,512
SANAS_SOCORRO_353.jpg,train,own_field,declared_by_author,7e4794712be20463fee9a1c919e2ba45bdebc28f30b0b85649df25b3df11a16b,0,,704,960
SANAS_SOCORRO_354.jpg,train,own_field,declared_by_author,285c4e54dfd7a3f968117ba3887e3ef587aaf58fabe1e0f8d6232b8c81ac3f50,0,,384,960
SANAS_SOCORRO_357.jpg,train,own_field,declared_by_author,6c862a9991a41b3a7354dee5a8035241e26b32db9d5fb04d24df4558b31d0a6c,0,,960,704
SANAS_SOCORRO_359.jpg,train,own_field,declared_by_author,ec5935e3572d895dda84bd8117dbd4a0cbdc3d273eeda37d1e6f50fdf508559f,0,,960,512
SANAS_SOCORRO_36.jpg,train,own_field,declared_by_author,457308c5e00e6c93f59bc4782ff3046fed97d26084d3ff1177f168f17a7a11e5,0,,640,960
SANAS_SOCORRO_360.jpg,train,own_field,declared_by_author,95c65d3803bf91d5c77b4150f7fd72c93882f604bc45122cda47f6312f8f77f1,0,,512,960
SANAS_SOCORRO_361.jpg,train,own_field,declared_by_author,addf82b936d000277faa317a1590685a66c77685b90df3d44a7e792f2e6c8ef4,0,,960,448
SANAS_SOCORRO_362.jpg,train,own_field,declared_by_author,1367c441a0d89fb2c5d19822b30e8ada1c9152f663d668189559f3ccab91b9e5,0,,960,576
SANAS_SOCORRO_364.jpg,train,own_field,declared_by_author,b8f933ae1e1d6d10c6596e16c18af6f0b6b45fcd11e6c1a056878c5102b2a25f,0,,960,384
SANAS_SOCORRO_367.jpg,train,own_field,declared_by_author,84d8f49a39bc31cabf0a14d7c526583dcd90dcc1eff2cf9811d21120c69a20a6,0,,512,960
SANAS_SOCORRO_368.jpg,train,own_field,declared_by_author,4975f2197c4c3d93be565ce7f0b4d4612e6b3f6cb0a82ec676dfb38daf85ce1f,0,,640,960
SANAS_SOCORRO_37.jpg,train,own_field,declared_by_author,48283c3e22e797da2ca15f894be29b99fbc21fff449c4df7266b26b80ab014c8,0,,960,576
SANAS_SOCORRO_371.jpg,train,own_field,declared_by_author,7be18f2f7f77cd7b2181f03e93a864551f1b1660ac31ce6d5de26d940faeb332,0,,576,960
SANAS_SOCORRO_372.jpg,train,own_field,declared_by_author,071196ded791bfdc27e83b39cb320833b2dd3acfd71085337286ae16bc7d37c1,0,,960,640
SANAS_SOCORRO_373.jpg,train,own_field,declared_by_author,9d37d6141500144a204e67c5666e66fbcdf1f8a60bde5951dcc538b590e0a643,0,,960,640
SANAS_SOCORRO_374.jpg,train,own_field,declared_by_author,f4c348da2a98397210dedf60faea915b674da16f8ab3abc6d0297e663ee399bd,0,,960,448
SANAS_SOCORRO_375.jpg,train,own_field,declared_by_author,c34f88f77d3a0c31c25c3aaa79cc1b4e0003ad7f204f79e916d97b6b7c6a7d59,0,,960,512
SANAS_SOCORRO_376.jpg,train,own_field,declared_by_author,8fa1fb1b05e79acd6012876ffc730eed15bd982ca3a2045558da304b44c11481,0,,768,960
SANAS_SOCORRO_377.jpg,train,own_field,declared_by_author,cba847ff6c910c48ea0762d4c6671104c526645cec00b98e51b6f319df8f16e0,0,,512,960
SANAS_SOCORRO_379.jpg,train,own_field,declared_by_author,ec435644e3a2522858b16e98a8baeb0551c27e1057193be2c246668941d3c0af,0,,960,640
SANAS_SOCORRO_380.jpg,train,own_field,declared_by_author,2d15449326bbf3beef50b0f0706d0f0838522d0c0e269e59d27709ebdf49852f,0,,576,960
SANAS_SOCORRO_382.jpg,train,own_field,declared_by_author,568a82312e187e3b80ed7abf80b00f1c1480384d910706875d4ec8ac9e971649,0,,960,576
SANAS_SOCORRO_383.jpg,train,own_field,declared_by_author,a644fa336b2fd684acaabd761dd3b2adca579767f5d9c36b96aa60c2f0e695ef,0,,960,448
SANAS_SOCORRO_385.jpg,train,own_field,declared_by_author,0c403efb17f8e023fdb6ed7c4b44fc25d1997996450029d5d1e6019d4ac55a52,0,,960,512
SANAS_SOCORRO_387.jpg,train,own_field,declared_by_author,bc18c7fa8022886eba85a414ce8a58c53aee11361a812eeed1566d1a9ff6ab90,0,,512,960
SANAS_SOCORRO_388.jpg,train,own_field,declared_by_author,505cf26c458190353232d560153c4d0fc2c65ee798ca97b9726c7d2169e74154,0,,960,448
SANAS_SOCORRO_389.jpg,train,own_field,declared_by_author,618aeb1a4e0e8ff41b79976b320afc0e4c4285c14455b04180bbc6137c837add,0,,960,704
SANAS_SOCORRO_391.jpg,train,own_field,declared_by_author,772efcba0ffd300123eca42a76715f2014a262239dab0def21af9fc9091b3c39,0,,704,960
SANAS_SOCORRO_393.jpg,train,own_field,declared_by_author,b3531050da39077e24b24ff26bc48994f9cd208396b6fb943e87e8ae2f0359e9,0,,960,448
SANAS_SOCORRO_395.jpg,train,own_field,declared_by_author,7ad444951594084b066a75fde5754cf1b198b5def2af71d4b479d5453ec6ab94,0,,448,960
SANAS_SOCORRO_396.jpg,train,own_field,declared_by_author,db8218cff49118e2429655fb8e9e6506a23414e3eb22a174b5848dd779f474c4,0,,960,512
SANAS_SOCORRO_397.jpg,train,own_field,declared_by_author,de0c18b3f0d15b9072109b3c22a8c3b9b23c857b627c38f9394eb1a29616bb5d,0,,960,704
SANAS_SOCORRO_398.jpg,train,own_field,declared_by_author,131aba36f686b2b8718e667743b945bdd11d46a0e307db3c3bcddcf8fa62b406,0,,704,960
SANAS_SOCORRO_4.jpg,train,own_field,declared_by_author,a65676b4de18df98171f834c5bbee5e5977857c1514a18e15cffa2a7dbc4ca4e,0,,704,960
SANAS_SOCORRO_401.jpg,train,own_field,declared_by_author,61393132a30f489be607ea89af3d5ffaf550df89ffcfc231afed62fe46bf60da,0,,512,960
SANAS_SOCORRO_402.jpg,train,own_field,declared_by_author,fe06ddaf2496f093e6b332bcc62647a6151ece357e5a7bdfecb8e2440519a8d2,0,,960,576
SANAS_SOCORRO_405.jpg,train,own_field,declared_by_author,dcd5b1c5fd4b2a34caad8320ecc614e0bdbe2534200344d8f1f40d265f8996f9,0,,960,448
SANAS_SOCORRO_407.jpg,train,own_field,declared_by_author,13cd0c3cf4f600bccf577cbf2354a85d7bf734c99c451fa37ab79617a578c9f1,0,,448,960
SANAS_SOCORRO_41.jpg,train,own_field,declared_by_author,9b0366712b54fe46bdea3f4e6a816de77c7a6a55d4885af1e76e6de63a82c7b0,0,,960,960
SANAS_SOCORRO_410.jpg,train,own_field,declared_by_author,c0196a407208f0579694bb78dc3f7a3ce670caecb9cfaf537832de358284825e,0,,576,960
SANAS_SOCORRO_411.jpg,train,own_field,declared_by_author,0a9b208a761c1412bf240c291360a5b858bc77cdb726373cf5fb9710ed9904c9,0,,960,512
SANAS_SOCORRO_412.jpg,train,own_field,declared_by_author,91f983c819b18682e90d7fdb70e4a9efbe1e026679ef807b19d74c5a9ee23e4c,0,,960,448
SANAS_SOCORRO_414.jpg,train,own_field,declared_by_author,24207761a249721ff0c7b1ea8964f8171df87d3981917ce45d6feba822d5b697,0,,576,960
SANAS_SOCORRO_415.jpg,train,own_field,declared_by_author,d77b7e47a84e2a87872ea715819e63d2f3961d683087034b98e9185f254b615b,0,,704,960
SANAS_SOCORRO_417.jpg,train,own_field,declared_by_author,392a0b1691a8478b0a8301886feca0eec7f3dcb24c001ff43b6215495e54faf1,0,,640,960
SANAS_SOCORRO_419.jpg,train,own_field,declared_by_author,d05ed2c94a1dcebdc5d3411ff700c7038f2b8a4eb8d3e015c3ec930391501ba7,0,,576,960
SANAS_SOCORRO_421.jpg,train,own_field,declared_by_author,226d2384ea7edf37224f01fa464c31a2c9d0e8947754f014ab8cd43fa7541e3c,0,,512,960
SANAS_SOCORRO_425.jpg,train,own_field,declared_by_author,4e518cb58f42ba26fdb1fa08f4e4fdc296282999eb5c5c2af4539fd4319e9580,0,,960,704
SANAS_SOCORRO_427.jpg,train,own_field,declared_by_author,161924904d559c011c540495f1862037fa1fc854b22032a4eb3b398efff8256a,0,,960,704
SANAS_SOCORRO_428.jpg,train,own_field,declared_by_author,ca6b859fb3a4950415ecce68ac99d348815c4f48af0cbc9f30a75aebde2078cc,0,,640,960
SANAS_SOCORRO_429.jpg,train,own_field,declared_by_author,1475f4d87ba9e0b9ac8b1b39b3189b4e39fa5ec342b5d9aee8df852bc9cc80d6,0,,576,960
SANAS_SOCORRO_43.jpg,train,own_field,declared_by_author,130c426c6e71c18283fdb416b3035d1f8ed3e99d5f641f22a546b1d3a3552b95,0,,960,896
SANAS_SOCORRO_430.jpg,train,own_field,declared_by_author,ecd1f925fe3e549c7a4caffc5bfd26a81932288aebdb18418b484a3652ee3173,0,,960,704
SANAS_SOCORRO_431.jpg,train,own_field,declared_by_author,1a7808c6fd93e15588c3a6ad4e4301a230a58d4481540371dd402a95dd1522a1,0,,960,960
SANAS_SOCORRO_432.jpg,train,own_field,declared_by_author,8ecdf443f87ffe459f9850d6540a76071d2805f0a5c5105cd5be558481b5243c,0,,960,384
SANAS_SOCORRO_433.jpg,train,own_field,declared_by_author,aa4faad9dfa58d9a6c2cd7057f32d55ece03b0ebe1ea6667ac0f81a2b3546c3e,0,,960,704
SANAS_SOCORRO_434.jpg,train,own_field,declared_by_author,f6963e76adcf221964bbc3cf74c5da5bef907f63c8101d4360b59d50f37b516b,0,,960,704
SANAS_SOCORRO_435.jpg,train,own_field,declared_by_author,62bf5153c8ddf0d9a7fa7da67fa464b67ea67c484806f290e740e8679dcc9cd3,0,,704,960
SANAS_SOCORRO_436.jpg,train,own_field,declared_by_author,41e57d9d7a945fb727a655f2a109f958b1d21595cfe33fad6e63ed359baa7195,0,,576,960
SANAS_SOCORRO_437.jpg,train,own_field,declared_by_author,9ff587ebd5f0a26fad38bda57b645d216bb9254a0ffb87fd3e4fbf478ce1263a,0,,512,960
SANAS_SOCORRO_438.jpg,train,own_field,declared_by_author,de0725b1905dc18a55c51a31cc67d01b4e4052315c767a56a0fa6cc15f82127c,0,,960,576
SANAS_SOCORRO_439.jpg,train,own_field,declared_by_author,5fa6afdedf42a8c028006cd3acad5af04c5e40cd9259087252c97906e0d09ab5,0,,448,960
SANAS_SOCORRO_440.jpg,train,own_field,declared_by_author,8767fa031742e4f9ce6d04025145444585a0ed18e8601c27dfdd1e7ffb16e0f9,0,,448,960
SANAS_SOCORRO_441.jpg,train,own_field,declared_by_author,3c9c2661d2c523e9bd0d5d2ebd604c81352fb1d74ac6d2d7fff8938f2cfed07c,0,,448,960
SANAS_SOCORRO_443.jpg,train,own_field,declared_by_author,933a2ae9f53796c801283de13232459a59326b1050b47ae60f44c29ccb5582c7,0,,448,960
SANAS_SOCORRO_444.jpg,train,own_field,declared_by_author,5b706009426011bb97293f68c07d6f4f08cc4271904b3c9ed186b1799134b7b8,0,,576,960
SANAS_SOCORRO_446.jpg,train,own_field,declared_by_author,806c8293ec8423cc8e4ddd26b8b32439da91a5cb4165a0e228ad749796143cfa,0,,960,448
SANAS_SOCORRO_447.jpg,train,own_field,declared_by_author,92e6bf34d714e6698915afc945b4a83ec970c5053efcb150fbca2c175473fc55,0,,448,960
SANAS_SOCORRO_448.jpg,train,own_field,declared_by_author,d495970f30b3df6fa19e809c5b72e170fa5b16b51b952d86ec5842d37922da2c,0,,960,576
SANAS_SOCORRO_449.jpg,train,own_field,declared_by_author,50e7bcb4db4bf6827a68738472e1894094ca7ce5f3aa6ed0a8eb70e8b6b6a1fe,0,,640,960
SANAS_SOCORRO_45.jpg,train,own_field,declared_by_author,0e4e228fe7957ab31a343893d35d9fbd44b77248f19404a96d0fbfe2e532bb65,0,,448,960
SANAS_SOCORRO_450.jpg,train,own_field,declared_by_author,678b0165b1ff239d00b32d8e649e6c3d9b924836d422297fc5a15e0792236e3c,0,,384,960
SANAS_SOCORRO_451.jpg,train,own_field,declared_by_author,d16cb1b57d7dd9f2008776311dd5dd2ea938e4483fd52460b618df4dc055f6ea,0,,960,448
SANAS_SOCORRO_453.jpg,train,own_field,declared_by_author,ff51f99009b718900f772cbb1a60067540e5af4386df4b6a105a0f8159f7ae04,0,,640,960
SANAS_SOCORRO_454.jpg,train,own_field,declared_by_author,ec81d4bbfacb2fdff9dea8e675ab005140841bae60e0c603f02e24c190d6f77c,0,,960,576
SANAS_SOCORRO_455.jpg,train,own_field,declared_by_author,40cd9c37ad27f47f07ff90886393d4effde92e4389e0a0777e72f42cc80297bb,0,,384,960
SANAS_SOCORRO_458.jpg,train,own_field,declared_by_author,1327f8564b98d2323621e5d36b934c0e72053a7f9dc8cd53857d6825200b2675,0,,960,448
SANAS_SOCORRO_459.jpg,train,own_field,declared_by_author,ff2df517a858d3cca76b89f75d4a1c8a02c88e4f30d82d5d4404208f7b6985eb,0,,960,448
SANAS_SOCORRO_46.jpg,train,own_field,declared_by_author,b00b66b6309a37ef58ebdaa5addb1a1d1067e51f3f6327bbdcd3aeffb29e42d9,0,,576,960
SANAS_SOCORRO_461.jpg,train,own_field,declared_by_author,0dc9b0f4b704e2e83f49ba11552c7be54b13138ec2a23b4e924c4c7229028864,0,,960,512
SANAS_SOCORRO_462.jpg,train,own_field,declared_by_author,077891a091943b7f1be71320971beb03ca6b15b4b40d22746e68cb86126028c2,0,,512,960
SANAS_SOCORRO_463.jpg,train,own_field,declared_by_author,f5ed2e2b97935ca168cf091a4a5a5d4bbdbebbc24cd7f089946d8e54292104f0,0,,576,960
SANAS_SOCORRO_465.jpg,train,own_field,declared_by_author,972331bfd7c3d0580da0d822b520c3686a638b6eface67c894e9b4a40d36450b,0,,960,448
SANAS_SOCORRO_466.jpg,train,own_field,declared_by_author,57d71255f5709b08eccfa2b53f23e460d239a72a36c9682b4f4fe4cc8886b1ee,0,,576,960
SANAS_SOCORRO_467.jpg,train,own_field,declared_by_author,116045797f58be4047771aecd23ed37ec82ffc6bab8134aed8434f0c2dbbf482,0,,960,512
SANAS_SOCORRO_468.jpg,train,own_field,declared_by_author,dbb02adc03b07626fde87017db4afe029a3247636877aeec3b67f03a09ead5a5,0,,448,960
SANAS_SOCORRO_469.jpg,train,own_field,declared_by_author,86aed470043c106314f5d4a8ee7d8f8b9ba2fd314d6eef40e3d059585f2ea51a,0,,512,960
SANAS_SOCORRO_47.jpg,train,own_field,declared_by_author,1b8d3eae510477975545d3c78543d772c6f79fae7c348fa8af963e8fb42484bf,0,,960,448
SANAS_SOCORRO_470.jpg,train,own_field,declared_by_author,ea4ce86da6e93dd3e3ba979489feccc137ce3d691fce38ad20aea34273b0b528,0,,512,960
SANAS_SOCORRO_471.jpg,train,own_field,declared_by_author,796082e1f755b2874ad9e166b3776cba49fbcba88fdfdf92041e78f394695c39,0,,512,960
SANAS_SOCORRO_474.jpg,train,own_field,declared_by_author,ec9bb8480a608962a9bec6ad7c6219668e2e03b254d80d74de7b0067f2b20d8f,0,,704,960
SANAS_SOCORRO_475.jpg,train,own_field,declared_by_author,56ba79def4a6b2a2c807944be3e570d9a704223f7b3f3906120ad52ab4290aa1,0,,960,576
SANAS_SOCORRO_478.jpg,train,own_field,declared_by_author,95ea7b63bceb5e20bd39286f6f7a2e8badfbd79b0c4d993effaeda7dbb3709d2,0,,512,960
SANAS_SOCORRO_479.jpg,train,own_field,declared_by_author,f124cfc5b567a42302fd3929a295de761abeee6fd75289201c82849518cb954b,0,,448,960
SANAS_SOCORRO_48.jpg,train,own_field,declared_by_author,0b6e39a3d7716ba0794f3ca330db1d285d298078f41bdcc428690bc418482a8c,0,,640,960
SANAS_SOCORRO_483.jpg,train,own_field,declared_by_author,e513745cc0c538ea0a1059a1930041305db0def1a99bcbba0d27953b2db4a201,0,,960,512
SANAS_SOCORRO_484.jpg,train,own_field,declared_by_author,21c217b3266a5837eb5f0c92fd754c60429126c3a4f2adce145d7ee007a8f85c,0,,960,640
SANAS_SOCORRO_486.jpg,train,own_field,declared_by_author,f09d55307791b4570fe8411e4f1414e88511f5a4b61c1903a20a98df48fe866b,0,,960,512
SANAS_SOCORRO_487.jpg,train,own_field,declared_by_author,4d513814b4fd02a7f1e091258235e5e61c4701f28e17679881567dcf414d0c08,0,,960,512
SANAS_SOCORRO_488.jpg,train,own_field,declared_by_author,827074d2a5b508625bc1524749dcd146cc5862510fd2cf592a0aed150b4c47fd,0,,960,512
SANAS_SOCORRO_490.jpg,train,own_field,declared_by_author,73f1f10823a6f045a17b2735a7ca81885148dec3b2dd2ae11e09842160fda801,0,,576,960
SANAS_SOCORRO_491.jpg,train,own_field,declared_by_author,f48a828c1e8611525db9e87556255973a9af432097d48b5d9223c581c2702af1,0,,576,960
SANAS_SOCORRO_492.jpg,train,own_field,declared_by_author,612c0723fac02183942cdacbfd65f7e11d5d6351ca9973bfbd77ff5f1909b082,0,,960,512
SANAS_SOCORRO_493.jpg,train,own_field,declared_by_author,8bb4f7c742d6a3f8d65a6483995df150909ccc8fdc3d43e9963a6d6e772aae05,0,,960,640
SANAS_SOCORRO_495.jpg,train,own_field,declared_by_author,f6a8f1ef66f5c43553aafb2c3951af852afb70085c425606cb695d1a5cebae90,0,,512,960
SANAS_SOCORRO_496.jpg,train,own_field,declared_by_author,b9324ee4ad24262449ff070b811b635c56339242e9101ec0f12a9c907a4ad7da,0,,576,960
SANAS_SOCORRO_497.jpg,train,own_field,declared_by_author,423c64207686726e42f7a991fefac29c913caf75dec970eb50c08a1fbf66749d,0,,960,576
SANAS_SOCORRO_498.jpg,train,own_field,declared_by_author,8c97b8839292681d5801062347fbcd0e55233a7eb6038b5c1d41c59bb0a47f0d,0,,512,960
SANAS_SOCORRO_499.jpg,train,own_field,declared_by_author,91f0ec323dc316b2ff0d21d1e114fd115bc4b109f4ea4d129cffd14c7bb0b746,0,,576,960
SANAS_SOCORRO_5.jpg,train,own_field,declared_by_author,054ca598b197c397fefc233a6892a08c4b3ce9da31ed40c3663535955588fb42,0,,704,960
SANAS_SOCORRO_50.jpg,train,own_field,declared_by_author,12cd82ce382e97a79ba62f4b9abfed7925093c7e3901a240abbaf6b52d09d9bf,0,,960,448
SANAS_SOCORRO_500.jpg,train,own_field,declared_by_author,d87377ae14e60c8f2edb0e3b52dffca7a5651f27e08191698da31ab32b7abc09,0,,448,960
SANAS_SOCORRO_501.jpg,train,own_field,declared_by_author,4b346839d73072989ce4ce440bc3d5eee284e576aa07ba8e0ea57ecf467e2877,0,,960,512
SANAS_SOCORRO_503.jpg,train,own_field,declared_by_author,aa08e3bd097d6a3b1fad70851c5bfbbc90683b081447826dadbd6807bb215945,0,,576,960
SANAS_SOCORRO_504.jpg,train,own_field,declared_by_author,5320f864fb924d0e7731bd2356c3c75ab3a210be0c21027226a341876e6d62f0,0,,960,704
SANAS_SOCORRO_505.jpg,train,own_field,declared_by_author,307bd8ccf63c6bee5274514e15c2353e89e40dd85abb11d92a2f7f1408c0ea02,0,,960,448
SANAS_SOCORRO_506.jpg,train,own_field,declared_by_author,c96e78806ca4f52ed2b22ddce1b08b4e5268c547dfb0ce2030b3a235e980b2ce,0,,768,960
SANAS_SOCORRO_507.jpg,train,own_field,declared_by_author,19e8e92654bc1b6cbd8d717d904cd1981e33d2e363512be34599943076cf9e58,0,,960,512
SANAS_SOCORRO_509.jpg,train,own_field,declared_by_author,bdb69d9f4acd3032b9157221492ad18e21b23ff7053b1f0aba449d0dc0005c54,0,,960,512
SANAS_SOCORRO_51.jpg,train,own_field,declared_by_author,842bd20d9fe7d36abb4d8840390b0735755d960bc37cfb8c8c5794e32c020346,0,,960,512
SANAS_SOCORRO_510.jpg,train,own_field,declared_by_author,e41aa3d3b5ee3c622d082fbe1cc1032e7dc3b59ad8cb46db8e996f7fda4cbba6,0,,960,704
SANAS_SOCORRO_512.jpg,train,own_field,declared_by_author,a71fb3aacbe608f938b7ceea5f6094ed7918e561fddd326428d04bb055896e76,0,,960,512
SANAS_SOCORRO_513.jpg,train,own_field,declared_by_author,89da657930bf4c1263a2e1f0711ed762f13e7a42a4a5ffb9a09941cd59bd5521,0,,576,960
SANAS_SOCORRO_515.jpg,train,own_field,declared_by_author,3ac8ea674aaba0d5b508ea5481a3728fa553ebc7bf6f45b1902f06e840737870,0,,512,960
SANAS_SOCORRO_516.jpg,train,own_field,declared_by_author,d5b41a55d653d57073ba644e31bb2e3997ccbbe99d4168d6bd101329a1d620a4,0,,960,640
SANAS_SOCORRO_517.jpg,train,own_field,declared_by_author,f35ca7433a6acb25d8cfbabe851f01774f4e9b503208a1417bf414d3cdcc7ce7,0,,960,448
SANAS_SOCORRO_518.jpg,train,own_field,declared_by_author,378c958e05c962cea6e9ae2d76f979f6a4a0063ba7f22764b33ab2b810053932,0,,960,576
SANAS_SOCORRO_53.jpg,train,own_field,declared_by_author,020f5294c4a209dba353df18ae8be2a436681872390184e47e2af1304df4dbbd,0,,960,576
SANAS_SOCORRO_54.jpg,train,own_field,declared_by_author,2d0fa82cc0cb7bf2cbc703ed69ae568970e212accb2964c11a2121c68bdb6888,0,,960,512
SANAS_SOCORRO_55.jpg,train,own_field,declared_by_author,38f5075dce5b48204ec988da0f6b444eb28aeba12747a900b46b77bcbc8cf771,0,,576,960
SANAS_SOCORRO_56.jpg,train,own_field,declared_by_author,adfe132fa43deed3ac21a0eabe3fff85fd4d8f617370e96b5c2e1393dd5c9bc1,0,,960,512
SANAS_SOCORRO_57.jpg,train,own_field,declared_by_author,9df8e3a91c8781297cc5abcc733a27a820d93feb125f9fa94f7bac56764ba4cf,0,,576,960
SANAS_SOCORRO_58.jpg,train,own_field,declared_by_author,7912b3bde8ce1a3d3aa42867f9c283857e90360ef25f2b64f24b5e558f5ae450,0,,960,640
SANAS_SOCORRO_59.jpg,train,own_field,declared_by_author,a980d707632053b295271e75e8ec9da065abf4b53993100ecb524481c451a19f,0,,448,960
SANAS_SOCORRO_6.jpg,train,own_field,declared_by_author,58c3ce695f1b52c23fb71c9c73d5cf6e8f3cb75f60848eaa30c6448c17a19056,0,,960,704
SANAS_SOCORRO_60.jpg,train,own_field,declared_by_author,394431a2c6e774fe755f65baf83492beb04a85b1645e062a55dca41089b57f79,0,,960,448
SANAS_SOCORRO_61.jpg,train,own_field,declared_by_author,5748c47519c6144aa56d24608824fbbe27e57b92e84a74ee3677b0894f53f14b,0,,960,448
SANAS_SOCORRO_62.jpg,train,own_field,declared_by_author,d293f7656fd6ed445bd07b544450733847c0add3bf20a108bfbbaf4618a8e42d,0,,960,768
SANAS_SOCORRO_63.jpg,train,own_field,declared_by_author,9eb705bc0c8b1b0e73d31b7cb6db8b4543216145a97c186179e4c779401a18ce,0,,960,512
SANAS_SOCORRO_64.jpg,train,own_field,declared_by_author,1d18186fbbf4cc14eec11230aefbdd4c07e692bfeccf1cdc7e1063a3afe4f8e8,1,1,960,704
SANAS_SOCORRO_67.jpg,train,own_field,declared_by_author,f15cf80ff37427759eeb22318cb2b2319fd264afc58ccbd616946a323cac88dc,0,,960,704
SANAS_SOCORRO_69.jpg,train,own_field,declared_by_author,212d1e4056ed4b52d7ebc6aca705ee33c7bf0437af01b7975b07a51f41936d74,1,0,960,704
SANAS_SOCORRO_70.jpg,train,own_field,declared_by_author,5bdcb0bd31a559d54b30d195fd6689511ef1987bf4ddd48c010446fcb5e5e967,1,0,512,960
SANAS_SOCORRO_71.jpg,train,own_field,declared_by_author,2343ec47fc34a32ac255f3f08f5d8893c4b14e2f3d3867ef3673a7367725e200,0,,512,960
SANAS_SOCORRO_72.jpg,train,own_field,declared_by_author,2c3e39914ea486ecee6cdc98791d2452d57eb6f9ebe48b31429823c3aa05e095,0,,960,448
SANAS_SOCORRO_73.jpg,train,own_field,declared_by_author,615af83fa0db68e18365d67626c36526f54f477ac884cd1b355ff315f77aebd0,0,,576,960
SANAS_SOCORRO_76.jpg,train,own_field,declared_by_author,1b04afc3ce1e78a5b4003503b04a7bea5848ab8344e25defeac2484480485ab0,0,,512,960
SANAS_SOCORRO_78.jpg,train,own_field,declared_by_author,50863f62aada10077a5e421d5207abf2affc8f038b5d6f7cde6b69286449fac9,0,,512,960
SANAS_SOCORRO_8.jpg,train,own_field,declared_by_author,0c28fb592ddd341fee19606c29d4070250ea5f6b355f01a4f148b2a50b9fc0db,0,,640,960
SANAS_SOCORRO_82.jpg,train,own_field,declared_by_author,bd6d0cf1938bd320efda30070495ac32bdf23f858a5c32c160a26de3fd45059b,0,,960,576
SANAS_SOCORRO_83.jpg,train,own_field,declared_by_author,41485a079ce21ed51c9e0f057dd5b34f23523fb3f3f6f9c0cafff44b39d769ae,0,,960,576
SANAS_SOCORRO_84.jpg,train,own_field,declared_by_author,8e8751dae23a7cd1c160f7d0d144ab0089a202d5bb971ae1c1a67331d0f43592,0,,640,960
SANAS_SOCORRO_85.jpg,train,own_field,declared_by_author,93023938d6d39f68c3f11a7a5d10fa86d80d43ed490fe96c611f99d20f6534d8,0,,576,960
SANAS_SOCORRO_88.jpg,train,own_field,declared_by_author,b9fa7087f8485c7955b05d05c129bb95f9829e2e61b47729752033025e9f87bf,0,,704,960
SANAS_SOCORRO_89.jpg,train,own_field,declared_by_author,cdd76569dbf6ffe7a65c71ca67bb324905b31f87e78a65e7dff49dc6708c15ef,0,,960,704
SANAS_SOCORRO_9.jpg,train,own_field,declared_by_author,c02b5ab141df8827be5c8748df53f31a5358d4a4288e8e16ae2e5c857fbe91b5,0,,960,448
SANAS_SOCORRO_90.jpg,train,own_field,declared_by_author,543266f39df97b3277003f9c96f8a9059516ca4c76aa9289df1f769cdce6546a,0,,704,960
SANAS_SOCORRO_91.jpg,train,own_field,declared_by_author,daa57f27fa44d0dc16cb4ad9b9ae4c26ff66dff3beef4db8cc58938a9f5143dd,0,,960,448
SANAS_SOCORRO_92.jpg,train,own_field,declared_by_author,102c1489ddd5322522486c00d17ea96a9feec949d6e958ea865c2a1c18171ccb,0,,960,512
SANAS_SOCORRO_93.jpg,train,own_field,declared_by_author,384ad5bf939d7ff6e61e3bc9b5e7fa14f70b551f89b7cfe3709697e384bf67a3,0,,640,960
SANAS_SOCORRO_94.jpg,train,own_field,declared_by_author,ca1a064fc7f0a360a6d4512e29a617b323aa67a2a8816ea5ecd9282ce21a76c4,0,,704,960
SANAS_SOCORRO_95.jpg,train,own_field,declared_by_author,9db5f409e61cdfb00b0cb3af19361c51c0abcc08e02529a2712b048904d6aa77,0,,704,960
SANAS_SOCORRO_97.jpg,train,own_field,declared_by_author,4c84a9e7e561469b032b21210b7e915a6cd81f636d269d987d78c1fafb2467f5,0,,768,960
SANAS_SOCORRO_99.jpg,train,own_field,declared_by_author,28f68d983712e259720a389c90f89e780179d05ff52ea7bccb929768be53b84b,0,,768,960
COCO_M_A_1.jpg,val,own_field,declared_by_author,474e04bcc5f23206ac2a57a117e73145d4b05bb110d71cc4e5ea2e9e62784244,27,1,512,960
COCO_M_A_104.jpg,val,own_field,declared_by_author,11ee5ae3590b2c23fd2b26e6f6fab136e280d6bc2330a037dfd0968f09a8bbf5,7,1,448,960
COCO_M_A_13.jpg,val,own_field,declared_by_author,70a45a7c9a65467404e6bc929959ba6de73eaa3d57207aa7cf88b8c3f806e7de,17,1,960,512
COCO_M_A_18.jpg,val,own_field,declared_by_author,def82c268d4ad67cacd079b3cf8dbc38f1c3ea3ef647b46230f55e4e701924e1,20,1,960,512
COCO_M_A_2.jpg,val,own_field,declared_by_author,4a76454b67569eced53a6a98d2551fdbf16bab828623bf0e025614994fe2cfb8,3,1,576,960
COCO_M_A_20.jpg,val,own_field,declared_by_author,4a7161ef68edaea98ef5b75bda39fb6aab0dc023ba6c78bae1ff794b39c139a6,17,0;1,960,512
COCO_M_A_34.jpg,val,own_field,declared_by_author,604e9aa87581f0d366077f75b3d18754172b8646f1f1aaadf801d23e711ae9f7,12,1,960,576
COCO_M_A_39.jpg,val,own_field,declared_by_author,e83427a0a0e10f85e5f6703600932e104926ea1b2c49a01edab6e0e7207ba9b9,11,1,384,960
COCO_M_A_41.jpg,val,own_field,declared_by_author,9e3a19141bd5bbd90083257f86599dbc79b4045443df083f7c10121aef8e2436,14,0;1,704,960
COCO_M_A_48.jpg,val,own_field,declared_by_author,d4000e2551f302bed33d63f81c51956787d83f8e9ccebe823636a4510a020c72,22,1,960,512
COCO_M_A_49.jpg,val,own_field,declared_by_author,761ba6285eca8ab9ef9442fe187bfd29ebe3063f4c6876c05264a6db3890d989,15,1,448,960
COCO_M_A_62.jpg,val,own_field,declared_by_author,2eef9f2971c3246547d0cfd04f63b5fe34f86d2726d8d9bdaa6c32ff194dc021,26,1,960,576
COCO_M_A_65.jpg,val,own_field,declared_by_author,402dd3c9aa84540c8bb09f0668cd5e8dbb8935aa118fc95adb0cdc47d89c6bc9,16,0;1,960,896
COCO_M_A_75.jpg,val,own_field,declared_by_author,e1a87cc5c431f59993b17c0fb9477679c25c6bc95324c39e7428a760fab22a75,17,1,512,960
COCO_M_A_83.jpg,val,own_field,declared_by_author,cecf71ccdedf4521d9c1b6549fdf1b14407af63c838caf65438beaeb5068e363,6,1,960,448
COCO_M_A_85.jpg,val,own_field,declared_by_author,7a5295ef328ec77ae227865b94934c6f24b246d7a6c38bbc1f47708a31af8eb0,16,1,576,960
COCO_M_A_88.jpg,val,own_field,declared_by_author,4d411988105d6b8e5acbec0216007558fc3430b2ac8ec9a3ad5e3e1e04159291,7,1,960,704
COCO_M_A_89.jpg,val,own_field,declared_by_author,1d94fa39ef6b5e7b374f1014fa93f285af342c9a15a4128cce526cc4d4482024,17,0;1,512,960
COCO_Muy_A_101.jpg,val,own_field,declared_by_author,bb3fb93c4a2ae3b0bb28ff03e0c1afb86371cfdf05064b01c1600aa8d4b13d5f,43,1,960,512
COCO_Muy_A_105.jpg,val,own_field,declared_by_author,401fb38b4118dec7fecbbabf5df9b109e90bdbb1599b6c8bec57f664252d4b86,22,1,960,448
COCO_Muy_A_22.jpg,val,own_field,declared_by_author,95bf3c1caa1368da854456107262ec031a99cac3d5e020a37856c71108a846c7,34,1,576,960
COCO_Muy_A_26.jpg,val,own_field,declared_by_author,7e99831d7334b098666bb166b1d92688e14fbedce09a3997e55c45b41f184800,14,1,512,960
COCO_Muy_A_3.jpg,val,own_field,declared_by_author,7798cb085b9fe2256975f672f1d908af3c0f883c98bef95bb735271d1ad45a5a,25,1,960,576
COCO_Muy_A_44.jpg,val,own_field,declared_by_author,19045e2d5e6f9900aec7efd92d7200da639d089295176a62f9b1e8131439282c,53,1,960,576
COCO_Muy_A_53.jpg,val,own_field,declared_by_author,64787b253c6a48421dbef280ba599c31f3858dd13909ad338a1c659ed8f923a0,43,1,960,512
COCO_Muy_A_56.jpg,val,own_field,declared_by_author,8a0331d108864e2224ab11392f16358fcc42d0cd709dc0bcbe5401b05649198c,26,1,448,960
COCO_Muy_A_66.jpg,val,own_field,declared_by_author,57b2ff3c5117a3c50996341c8099f43973dec1832f3b3c574bbd59f466863262,41,1,960,512
COCO_Muy_A_70.jpg,val,own_field,declared_by_author,d3b046ffffe63f14d26a90ce99c9075634129995d191ab9858351aa801050a22,33,0;1,576,960
COCO_Muy_A_73.jpg,val,own_field,declared_by_author,545029792739e227856182b140da795366836982b98aa9e325c74e302884efbc,26,1,640,960
COCO_Muy_A_74.jpg,val,own_field,declared_by_author,592938ce8a0c9563c54762a16fccfe39db5de3c65df5fd9dfbe589c64b887caf,35,1,576,960
COCO_Muy_A_76.jpg,val,own_field,declared_by_author,ba975cec5c21cff38a07ee1eeefe5f3e35222198d9cbe8c33cc551b73b3e1cff,25,0;1,512,960
COCO_Muy_A_81.jpg,val,own_field,declared_by_author,9da39a3553f0aa81a9353c9f13a985834e4abad02e17a309823a1357b77aa255,34,0;1,512,960
COCO_Muy_A_83.jpg,val,own_field,declared_by_author,83069ae86a29d6731cd5af211af4b4d9f08eaa92e213ba0be74ac40c7b4adde2,26,1,512,960
COCO_Muy_A_94.jpg,val,own_field,declared_by_author,a76b899adb243cbbbc79bbd551f5bdce34d9b91c80683835fac14f7de8a47963,43,0;1,448,960
COCO_Muy_A_95.jpg,val,own_field,declared_by_author,da4081da5745e999c052ea6cd9e6ce4dcc2a67aaeaab40dc9ce70c33314666de,18,1,640,960
COCO_P_A_11.jpg,val,own_field,declared_by_author,ec6f930ac7b1ce287a19c1390caf8fb6ca6220e7a2b305382f30247824a53a64,6,1,960,768
COCO_P_A_14.jpg,val,own_field,declared_by_author,876f61e70c67b97cf723847bb1cb5a1e7bb8515d6cf65dc50124150cd0372091,10,1,960,640
COCO_P_A_15.jpg,val,own_field,declared_by_author,b0ed6410afef7e772b544b4634e92fa000e7d8fa7a6ba729c96e120428f0208b,5,1,576,960
COCO_P_A_17.jpg,val,own_field,declared_by_author,b1a27d76f7f37247c6e5638a6128d21a7437870d99a468023c02b81499171950,2,1,704,960
COCO_P_A_21.jpg,val,own_field,declared_by_author,72d97a309ea4cc2f70a1f6b59b90e78933f896ac8d12f86b78784b8b073d4945,5,1,960,576
COCO_P_A_28.jpg,val,own_field,declared_by_author,fb0fbc7dcf0e6f5bc7e0e5fec0aa6138249a0d879da887f489a8a84dd9e0de7e,2,1,960,640
COCO_P_A_32.jpg,val,own_field,declared_by_author,4ab0d19850cd7fc2058e87dae8697878209af0a2b3c2061f9d047a360dfb4997,6,1,960,576
COCO_P_A_35.jpg,val,own_field,declared_by_author,042a6d0986eab9fd12d6cfd74951ee4e9b38b6f892ac5158be54b396dc1092bd,6,1,960,576
COCO_P_A_39.jpg,val,own_field,declared_by_author,5f6c59baeba00fae7dec185f078074c9df63750f6825308b8fb1f1005b0f83dd,9,0;1,960,576
COCO_P_A_45.jpg,val,own_field,declared_by_author,08d788d0e4d0f7e1dc10efacec7b19b725eff1c4a3ed15a85e78105948bc9c6c,4,1,960,576
COCO_P_A_6.jpg,val,own_field,declared_by_author,0b8ab85765a4ada35b3dc3289080ff413c548421cca023406eca9a71d36099e0,6,1,960,576
COCO_P_A_64.jpg,val,own_field,declared_by_author,7846bc98dbd06dd878a38dca6b8c4065271dfbfa3ecf3cb824cfc9d3a74ffdf9,8,1,960,640
COCO_P_A_69.jpg,val,own_field,declared_by_author,49a450dbd7b6f5994a642948b81c54c24eefd9a6177ad974b3bdc93fca10f097,9,1,960,576
COCO_P_A_7.jpg,val,own_field,declared_by_author,33bc36f19742e85988af2af6b28cecd11a10755bd5f14ee7f0222885ed794a3d,7,0;1,960,576
COCO_P_A_70.jpg,val,own_field,declared_by_author,1a3707b7b01d8f4be38c494aa6350ec42951ebc1220e77b052409bd3490a3f2a,5,1,960,576
COCO_RECORTE_102.jpg,val,own_field,declared_by_author,7c6da5db633f5a9d5ff86c9ffc1fe1d983a23480eeace003abd5b5e274fc318c,7,1,448,512
COCO_RECORTE_11.jpg,val,own_field,declared_by_author,73cb66e10ad705e3d2a8771eb26e838293b8a1990dd70348a05086bfd7baf658,4,1,512,448
COCO_RECORTE_112.jpg,val,own_field,declared_by_author,0247f7e1e3fecd49ab455c340e24ebf326ed8addd780fcf207e1e893781af526,7,1,512,448
COCO_RECORTE_116.jpg,val,own_field,declared_by_author,755e3f0e169b8ce93d4a54191521f1448eeef918525474c1dca03b90af7ed245,8,0;1,512,512
COCO_RECORTE_12.jpg,val,own_field,declared_by_author,8c190dfc1e4442e2b9413d2be13b67ccd91b97abede95f604f5dbadac7cd49fe,1,1,512,512
COCO_RECORTE_124.jpg,val,own_field,declared_by_author,59a9d5e870be26930b76b767eda31e88d39543b28863e0a085deb58798fb84de,5,1,512,448
COCO_RECORTE_133.jpg,val,own_field,declared_by_author,ef53b4ace717c4fcbbac8ee2877129ec03b886c6d79d50f7d728114ccdfb69f9,9,1,512,320
COCO_RECORTE_135.jpg,val,own_field,declared_by_author,574b2decd5acc8a19f77687054e170794dc23ea11873bbe05b86d6cd31673b2d,7,1,512,256
COCO_RECORTE_142.jpg,val,own_field,declared_by_author,c6bd03e201599f2de9141438dba9abc3e263177312114cd12d2bd7a1a3847edc,16,1,512,320
COCO_RECORTE_149.jpg,val,own_field,declared_by_author,11c85ffe45813bfa195da9fcc76c018746879af767c40e3b7fe857ed417f7b49,11,1,512,448
COCO_RECORTE_150.jpg,val,own_field,declared_by_author,b4fa811859b5d7adbcad7b9d9795f9e5fdcbe45e2ae312daba2635abae64732d,4,1,512,512
COCO_RECORTE_153.jpg,val,own_field,declared_by_author,8dd004525c04f02dd2758414430fb1863cce94bf1d63df04dce0dd8719c3eca2,22,1,512,448
COCO_RECORTE_156.jpg,val,own_field,declared_by_author,7fb9119853ed12d50ef61338462474510458e5ea4f936e0d07e3f4ccd4fbf3ad,7,1,512,384
COCO_RECORTE_22.jpg,val,own_field,declared_by_author,e419560dc2d57cc9cbf75fdefd2a65043a6c69908f7f2380f2913266915f6919,6,1,512,512
COCO_RECORTE_3.jpg,val,own_field,declared_by_author,32f20a1c289f5713cef1b069c32bc5f119abb1a92102906e8103aa8f7c759bb5,3,1,384,512
COCO_RECORTE_30.jpg,val,own_field,declared_by_author,7343de97d3904f2408c70eb9c27269c860664aa825a4325b5758b20446b6d160,6,1,448,512
COCO_RECORTE_34.jpg,val,own_field,declared_by_author,609af996dc12a1fc2d764b55b9c34e0c260205958d0c71efed92c4dd328aea60,3,1,384,512
COCO_RECORTE_40.jpg,val,own_field,declared_by_author,4428483c19b88f0adf0e7cd254339fe98d9c13c524ce7fb1d1eecc3789b34572,5,1,512,512
COCO_RECORTE_44.jpg,val,own_field,declared_by_author,ee8ec1931015675339ae76e7e8e678c1b167c1094660f0feb769c395481f94ac,4,1,512,320
COCO_RECORTE_45.jpg,val,own_field,declared_by_author,9625b083b8afc083ee8a1d2aac301d41b3452e2072b1b22daae2e160b02d1804,3,1,512,384
COCO_RECORTE_47.jpg,val,own_field,declared_by_author,3fd61e60f9fae855593ab8a3ca0dc892c22e85633286c6821f73ca396e982b05,2,1,448,512
COCO_RECORTE_48.jpg,val,own_field,declared_by_author,e36c9e6a8d33bdf41c7b7295e0704543ee14fd5dc6481b3cf84b455a3b2874fd,3,1,512,448
COCO_RECORTE_52.jpg,val,own_field,declared_by_author,b25ab551bfea27c9b1e95340919c5f8e15aeed00d81300902b8f2d2a73e79ab9,5,1,512,384
COCO_RECORTE_6.jpg,val,own_field,declared_by_author,74d5833ba498fef2943e92b54c76d99edd1e41d1615527292b14493a93b35fc1,2,1,384,512
COCO_RECORTE_60.jpg,val,own_field,declared_by_author,63f8e0337fe41b720b00b44a3aad819135588b6909a639d4acecac797eb8acbd,6,1,512,384
COCO_RECORTE_61.jpg,val,own_field,declared_by_author,1bd6764c2bfc9af0278983ff6d0e572cb92c41c4e3e670bda68d0478155f0756,4,1,384,512
COCO_RECORTE_7.jpg,val,own_field,declared_by_author,c0cb99ad0b8d81c8a92cb4cd87a7c054bfc0f378a0a428510ba527fe88c5299d,7,1,512,512
COCO_RECORTE_73.jpg,val,own_field,declared_by_author,ce956b0f02d4850c7e7062c29e44bacbc41e90c74dc0ad9d52d82ef0082f04d7,5,1,512,320
COCO_RECORTE_8.jpg,val,own_field,declared_by_author,d6dc97fbd45dbf8963ac88162b34328a13255178d68f3ad1494fa4c7a99df68f,6,1,512,512
COCO_RECORTE_86.jpg,val,own_field,declared_by_author,eb374dd0abe9f93a2d3dd38d9999d445a631712d95a983c9c81b87cb07acdc90,5,1,384,512
COCO_RECORTE_95.jpg,val,own_field,declared_by_author,5eaed1d97e98190cc0d0b69cf77cfbcd38572bec6adb907e0a19d4de821cef6d,8,1,512,384
MINADO_RECORTES_100.jpg,val,rust_and_leaf_miner,declared_by_author,c6d105da39009a8a9468087fe0c089c79db1a1865d96e9457ba9ebeba94d2868,3,3,535,494
MINADO_RECORTES_114.jpg,val,rust_and_leaf_miner,declared_by_author,5040b767a95c135e558b8aeed166e9e316fb8b5d289c926c97498aae955257bd,8,3,715,623
MINADO_RECORTES_119.jpg,val,rust_and_leaf_miner,declared_by_author,3de3e11f44265cf44cd32973b971b22324c841bb95c7369827a015a43f1bb87b,5,3,615,634
MINADO_RECORTES_130.jpg,val,rust_and_leaf_miner,declared_by_author,e2581172c01d5ccda16220d92b6b9793775f7673da2e13639789e7eb096a7cac,8,3,715,623
MINADO_RECORTES_132.jpg,val,rust_and_leaf_miner,declared_by_author,30f1650868683c2f3eedf31dadbedcc62b9760938fd8f74871d55682bcb4b9cb,6,3,585,631
MINADO_RECORTES_22.jpg,val,rust_and_leaf_miner,declared_by_author,af17e595f075e2a364d989da65e7d858f6f835da7cf396da53aa9d7945c28bb1,4,3,647,415
MINADO_RECORTES_24.jpg,val,rust_and_leaf_miner,declared_by_author,38fea1087d7f8a3a5f00570918986e44f79258f489377311678c8c0efd83e7cf,4,3,678,534
MINADO_RECORTES_27.jpg,val,rust_and_leaf_miner,declared_by_author,2ed2b5620bc12229fa9fea89b3eb5139135f07ccde26ff362aeede0293f1aef6,3,3,466,465
MINADO_RECORTES_29.jpg,val,rust_and_leaf_miner,declared_by_author,6470bc034603088d4527bf2c8e42d8d88a424b0c448488d4963f0f9d143e57c7,2,3,348,201
MINADO_RECORTES_34.jpg,val,rust_and_leaf_miner,declared_by_author,a746f120e9548e125b9da36c994566acc850dc9a45a9d5eb7dadea9b00d3f36e,3,3,852,477
MINADO_RECORTES_37.jpg,val,rust_and_leaf_miner,declared_by_author,eafa4ca025833217bf96c104c2108df2435358f47c991fc6bae9e153c5816151,2,3,658,546
MINADO_RECORTES_39.jpg,val,rust_and_leaf_miner,declared_by_author,712a2857d7d15465921028f81059eedde24a470cb338873b491a744dccd162d7,4,3,359,275
MINADO_RECORTES_43.jpg,val,rust_and_leaf_miner,declared_by_author,048c0ecfd62cb4de644c4e07d994e47ed6ade637cbe29ef09cb40cb94bf98e93,4,3,393,470
MINADO_RECORTES_44.jpg,val,rust_and_leaf_miner,declared_by_author,5a361c54e6bbe87d4fccc103d57c6a568cb1591b3bb3ea785f56dcf87f9deead,3,3,539,427
MINADO_RECORTES_5.jpg,val,rust_and_leaf_miner,declared_by_author,eb561806b80cf19ef41fe1a854d35a52bac642051c23b6bc4a5ee62a7c0f8ae5,3,3,661,421
MINADO_RECORTES_50.jpg,val,rust_and_leaf_miner,declared_by_author,41e1aeea04060cd64a01f3437e9670c28f37ba20c7ed68f67976725aa64cfbba,5,3,308,614
MINADO_RECORTES_51.jpg,val,rust_and_leaf_miner,declared_by_author,b8c2be18208974fe469e584c66a093116c84de408ea669877d4aa45aacf0096d,2,3,473,499
MINADO_RECORTES_52.jpg,val,rust_and_leaf_miner,declared_by_author,5e107f77e8e3ad4f53ff25198dbf912463bf186638eeacdf12da155c150ea576,5,3,536,352
MINADO_RECORTES_54.jpg,val,rust_and_leaf_miner,declared_by_author,1110383a227bc41dedc36a78b6755a517e785bbee8baeebef70779aed46695d6,2,3,520,427
MINADO_RECORTES_56.jpg,val,rust_and_leaf_miner,declared_by_author,0f851d9b54eee043f143a7fcc5506d47de54adaaf8cd9d52e9ce221ed067da56,3,3,580,569
MINADO_RECORTES_6.jpg,val,rust_and_leaf_miner,declared_by_author,26dc470b25c1b1e6955e0d13e585835f7a38d4f9cb8ccfa90a2462f90d606435,2,3,662,323
MINADO_RECORTES_61.jpg,val,rust_and_leaf_miner,declared_by_author,cb10dc9216170f0b9aeb723f84d771eef16979fb75e320d3539551324928e952,2,3,367,442
MINADO_RECORTES_75.jpg,val,rust_and_leaf_miner,declared_by_author,1db9b54dd45c48e707fec965bc95fe3e1d25a25787af52727497000c9b3891f2,2,3,460,563
MINADO_RECORTES_76.jpg,val,rust_and_leaf_miner,declared_by_author,34b3d928fe8cc63137ed4d52ec717108a3aa8760afc50d555b9d84cd8311e95a,2,3,623,397
MINADO_RECORTES_83.jpg,val,rust_and_leaf_miner,declared_by_author,043af6b1f0bd97402fa8bfe756846d637effdb7d89e1d13e315e0f6a600dea96,3,3,468,539
MINADO_RECORTES_98.jpg,val,rust_and_leaf_miner,declared_by_author,57964c2bd4b147371ec3c768b18d92bc5c1b36ce6b923a6a2a7ec61718ef494c,3,3,725,564
MINADOR_1.jpg,val,rust_and_leaf_miner,declared_by_author,b746a7ed84b4ff33a14352f1fd7a0ea647d931930dbbff59c16b5764e6bfba11,8,3,960,512
MINADOR_10.jpg,val,rust_and_leaf_miner,declared_by_author,2409cf260446cc5ea0954325c6ed53bded8d28803a0f25bb85dfc689bfa9a5c1,4,3,909,512
MINADOR_11.jpg,val,rust_and_leaf_miner,declared_by_author,c02e2302879d2808431e160fe368e8d283dbae7814721bdf1251e230c58222d7,8,3,512,960
MINADOR_13.jpg,val,rust_and_leaf_miner,declared_by_author,375129c5c8fd3b575fcb3f14a09b50ef7f2de10e3cd78ce4c5993d55998306ad,4,3,960,512
MINADOR_21.jpg,val,rust_and_leaf_miner,declared_by_author,7b7791794e6f005fbb048fccfc80b7298c8d45f914ecfb2fa3d7b1bd569d5280,5,3,960,512
MINADOR_38.jpg,val,rust_and_leaf_miner,declared_by_author,79e157da0fa7bd1c21ab5af9a078aaffda456bb31ef2f9a5e296d95a9fe7658a,3,3,960,512
MINADOR_46.jpg,val,rust_and_leaf_miner,declared_by_author,ccea65bea9ab5c770fd8338fb097b211a73f13082fbff4b69418e1d29c88c736,5,3,960,512
MINADOR_55.jpg,val,rust_and_leaf_miner,declared_by_author,5e74b688898188df7e977af05973cc04d55aa6df44153803351f81e883e95321,8,3,960,512
MINADOR_56.jpg,val,rust_and_leaf_miner,declared_by_author,4c1be775a9708e9aa1a325ca54402e774c7cdf65f0d8597a0fd885b17f98bddf,7,3,960,512
MINADOR_59.jpg,val,rust_and_leaf_miner,declared_by_author,d3b59a1d9b0e3359d4c9793ed9c7374836269a0cce3d3b676f67b8f894317090,5,3,960,448
MINADOR_62.jpg,val,rust_and_leaf_miner,declared_by_author,71b296237af524f623cd6da59cc75b80654f83e2fdd8280894caa339a70664e0,3,3,960,512
MINADOR_63.jpg,val,rust_and_leaf_miner,declared_by_author,f65bc197f760b35dc1ac10276843026e901037ae1a749289e181b522e57cafbc,18,3,960,512
MINADOR_69.jpg,val,rust_and_leaf_miner,declared_by_author,7a6eeb458a1f166299107024abc51db23392757274b544541aeeaf4b6632ff3f,4,3,960,512
MINADOR_71.jpg,val,rust_and_leaf_miner,declared_by_author,a6764da5b7b41ad587d22a4fc75972fdbfe85dbfeb622b4fb47ecb27d0fb8095,8,3,960,448
MINADOR_72.jpg,val,rust_and_leaf_miner,declared_by_author,751b8041d58eb96ef3b2b33b3634fa1e27292f04f8da573a3a2dfbef8c264373,8,3,512,960
MINADOR_76.jpg,val,rust_and_leaf_miner,declared_by_author,2f74628bc8e7e74ecab1c3ecee6c8c1ca6dd28a9f0dfa6830d6b7f1e3e35fdc4,9,3,960,512
MINADOR_81.jpg,val,rust_and_leaf_miner,declared_by_author,30f3826a6e44952440fee893bf5c7e84fb825e492603645214c8dc705d56b220,5,3,960,512
MINEIRO_108.jpg,val,rust_and_leaf_miner,declared_by_author,e31dd15c68ce18b1b67c0638e678d9a244df49834429bc957b67b287330f461a,7,3,960,512
MINEIRO_114.jpg,val,rust_and_leaf_miner,declared_by_author,9e2c07df810f17eeda3d5a0e8e1f126324265b2c1dc1e6a536ac9f5572a86e84,6,3,448,960
MINEIRO_119.jpg,val,rust_and_leaf_miner,declared_by_author,6726d102bd05ce34ab639281ab61a144b3bf049720eb7b74a5cd8970d5084fff,7,3,512,960
MINEIRO_12.jpg,val,rust_and_leaf_miner,declared_by_author,56d3f5dfd38f6ec32c0179fd61ca3d8788c2051d6aaf5c5609c43bd5cd19fb90,9,3,960,512
MINEIRO_120.jpg,val,rust_and_leaf_miner,declared_by_author,b71dc15c8a5e37b6892fb561e0c2df629633fa19197cec6483aebef7c0b31c05,5,3,512,960
MINEIRO_121.jpg,val,rust_and_leaf_miner,declared_by_author,cc5788556d2fc522bf3a0aea4af2da4aebde951a79e6e6478a8c819d76cc8a6f,9,3,512,960
MINEIRO_136.jpg,val,rust_and_leaf_miner,declared_by_author,07e66d44416619e7b8e7f4f797a77fb20ea59d9c22c281b9b743ea7ce34154cf,6,3,960,512
MINEIRO_147.jpg,val,rust_and_leaf_miner,declared_by_author,da80e35e888650c821c37f039332342919d991f55a0c68b4285820af1aff962b,4,3,512,960
MINEIRO_164.jpg,val,rust_and_leaf_miner,declared_by_author,248b8d66c82d4d9e42f7a88e61cadad42aed6c48d658ba83699eb66815614a3a,10,3,576,960
MINEIRO_167.jpg,val,rust_and_leaf_miner,declared_by_author,0abc8f95d4a9ab8e71ccf024398914c81c13a370f2fd0afdf5558071783dcd82,9,3,960,512
MINEIRO_168.jpg,val,rust_and_leaf_miner,declared_by_author,6d2d536dfe48af636059b4f32c08108982de6dbf6fe2ff8845d09bcfb6efda71,14,3,512,960
MINEIRO_169.jpg,val,rust_and_leaf_miner,declared_by_author,aa3aabb22196eb1f3b432243bc70b0e8303f47156e4ec0b53570b236617ace33,8,3,960,512
MINEIRO_175.jpg,val,rust_and_leaf_miner,declared_by_author,5986b160ed9f64c53d5c16e107c94fbc4429cf14cbee88c94c7e114bded00e5d,12,3,960,512
MINEIRO_179.jpg,val,rust_and_leaf_miner,declared_by_author,3e20df03ef60a140b0b405bc0f593281c5d58382a17ca501dc98ecb9e0e9d834,7,3,512,960
MINEIRO_180.jpg,val,rust_and_leaf_miner,declared_by_author,f2b0f9199dea612a5e3a77b16170cb6f7b3fa0e2abacab853e62e5e3adfda72f,9,3,512,960
MINEIRO_184.jpg,val,rust_and_leaf_miner,declared_by_author,1361994f91dcdbbb405fa8a7f65f4ac33c014a93f5c96a3e268f1513db57e21f,3,3,512,960
MINEIRO_185.jpg,val,rust_and_leaf_miner,declared_by_author,eb91d62f7e6f2632a0d3182219d6baa56d79a046b56a77f5b7364d2773c89486,14,3,960,512
MINEIRO_187.jpg,val,rust_and_leaf_miner,declared_by_author,3454363c82f11e0654e62065bdbbcb5fc33cbb88ebe66142524d5cbef0ab136f,6,3,512,960
MINEIRO_20.jpg,val,rust_and_leaf_miner,declared_by_author,266eed9897b49eb8960e180140b634b4c0d422fe91ad670bb34b8e55a54db61c,1,3,960,640
MINEIRO_24.jpg,val,rust_and_leaf_miner,declared_by_author,54655aadb094dba91a6e0e67f658c2ac0e78482e201afa23a136ff5288d85def,4,3,512,960
MINEIRO_25.jpg,val,rust_and_leaf_miner,declared_by_author,82a79a41b4e588862fc949014f2a08c4775202c2e91c9e2fe5219ced1e3101f6,5,3,960,512
MINEIRO_26.jpg,val,rust_and_leaf_miner,declared_by_author,98019329d8eec6c588173529c495df257e2a6ce16fc6b288ad66b547866c8ddb,11,3,960,512
MINEIRO_27.jpg,val,rust_and_leaf_miner,declared_by_author,3ed9aac51ce918b53c36394f7b8f1f984b918b49ce4473503a63bd2dc157c38e,9,3,960,512
MINEIRO_28.jpg,val,rust_and_leaf_miner,declared_by_author,7696faced33d7f2c870c560213ea9ba8a4cb392a26777da497b0209099e6269c,7,3,448,960
MINEIRO_37.jpg,val,rust_and_leaf_miner,declared_by_author,28afb8939bcd9450eb7524df6d7eb06845e7e39df79f7a4c546d75025f0d504f,14,3,512,960
MINEIRO_4.jpg,val,rust_and_leaf_miner,declared_by_author,1b40039b7a4059b117f8f3d547c26371fae1006f6df750aea02464efa972e70a,2,3,960,448
MINEIRO_41.jpg,val,rust_and_leaf_miner,declared_by_author,1c97be1dcc0c93f379b03f4ccec651cd4a8e6cb1cd82ee7e9f2da40eb38eef8e,8,3,960,448
MINEIRO_48.jpg,val,rust_and_leaf_miner,declared_by_author,d669cf82b5b9aba25baf3a40b1fa679c481134991fb585457e6a1a4be4e1e315,8,3,960,512
MINEIRO_49.jpg,val,rust_and_leaf_miner,declared_by_author,ddd24ba8a55166d7b9f1853ef05aa4b91eb4877bbf8b358cad420404df64a4db,5,3,512,960
MINEIRO_56.jpg,val,rust_and_leaf_miner,declared_by_author,60e8c97445ed500210c4f2473f702fcb8db422cca4c3fd2467c526d866417da3,16,3,960,576
MINEIRO_61.jpg,val,rust_and_leaf_miner,declared_by_author,590e69ecd11771e19011f507fb8911e64b620373b40ced5396126334458cb625,5,3,576,960
MINEIRO_64.jpg,val,rust_and_leaf_miner,declared_by_author,8b56e16f22b78c85ff2887adf6e1eb76ee38a5b3a09b45f5b20477d090415766,9,3,960,512
MINEIRO_7.jpg,val,rust_and_leaf_miner,declared_by_author,64b93f6359573d3ccbaef08c03019df04eafd7288caa0e053675b0f6ab6d1d0d,7,3,960,512
MINEIRO_82.jpg,val,rust_and_leaf_miner,declared_by_author,1f592c91e234be0089a237f69ebaec119a1f29edbdad8414aa3b32db6adfde78,5,3,512,960
MINEIRO_89.jpg,val,rust_and_leaf_miner,declared_by_author,eb70f7d1689b14b4a8d9cd59846262e34f06fc446db3ac4f9b26e3e40ecb7504,14,3,512,960
MINEIRO_94.jpg,val,rust_and_leaf_miner,declared_by_author,a691458732665025d97f50a644b7dacef143554a4f5f150c393314b371621176,3,3,512,960
MINEIRO_98.jpg,val,rust_and_leaf_miner,declared_by_author,7b2751b0cac9d62664add9291c2faa19992fb08304a6de5dac92a18583c65e91,15,3,960,448
ROYA_FONDO_11.jpg,val,rust_and_leaf_miner,declared_by_author,d7b60fef2888951036866caac9f03056cdf4c2759df49a46edee74bafac0a4ed,3,0,960,448
ROYA_FONDO_15.jpg,val,rust_and_leaf_miner,declared_by_author,76008d6a48f931b4eb7f12f2b2577f1ae428ed420829d718c942cc8f96227ab3,14,0,704,960
ROYA_FONDO_23.jpg,val,rust_and_leaf_miner,declared_by_author,a6db5b4b0c2a137df30e2e4cf53b062a0bd5f434267b2f5803544c0fdf951fd8,9,0,448,960
ROYA_FONDO_29.jpg,val,rust_and_leaf_miner,declared_by_author,5937599bd8c0c141497e6147e80fd8d643d469ab6905bd57c424678193f55f10,5,0,576,960
ROYA_FONDO_3.jpg,val,rust_and_leaf_miner,declared_by_author,8a205e8dc0c0c133be9563bf8d1929dfb1895c664e09aa13b0f5a0b7f8e5f137,13,0,960,512
ROYA_FONDO_33.jpg,val,rust_and_leaf_miner,declared_by_author,28e474b1d88330620423f2586e908167c235451a252daee4f52d5c66ef91036e,17,0,640,960
ROYA_FONDO_35.jpg,val,rust_and_leaf_miner,declared_by_author,fc153b145cde08a20f1e114f8c13d7cb9dd57ef9e7a0e8ed42b7d2a8dc092b83,16,0,576,960
ROYA_FONDO_42.jpg,val,rust_and_leaf_miner,declared_by_author,10637554a06b9e6a53a42f16c0d99ccf770877a2a8647837dc9a0790303084a7,27,0,960,512
ROYA_FONDO_44.jpg,val,rust_and_leaf_miner,declared_by_author,87cdb2fa5f219f9dda6842a72cc5dea543492131a4f2c53bc55ee219bc78b7e4,11,0,512,960
ROYA_FONDO_45.jpg,val,rust_and_leaf_miner,declared_by_author,ddccd4ca1257faf4a04ebadef4f9b5b0f25069eb14c555a9ee80c22d0b2abfd7,12,0,960,576
ROYA_FONDO_57.jpg,val,rust_and_leaf_miner,declared_by_author,5a3d76c170c7ac5aec270611ee963cfd2edb646dee62d30c999711ce8d0151c5,9,0,960,512
ROYA_FONDO_60.jpg,val,rust_and_leaf_miner,declared_by_author,6317f79b30448b8ec6e41e9437a2ed56aa7982a2b33665807bb48526cd93be2c,24,0,448,960
ROYA_FONDO_63.jpg,val,rust_and_leaf_miner,declared_by_author,13d2976fd1dad3c191e261f7ac26c85abeb9e1595ebba19eb02bad0709933eb4,21,0,960,512
ROYA_FONDO_7.jpg,val,rust_and_leaf_miner,declared_by_author,3a37b8a6686e052adcbab3de38baa78568c6b1a93119a38a586009425d048662,10,0,960,576
ROYA_FONDO_72.jpg,val,rust_and_leaf_miner,declared_by_author,526bea4e100316409d1b41dd46f0da44683fef63cb6869c394dde859457c0bc6,13,0,960,512
ROYA_FONDO_74.jpg,val,rust_and_leaf_miner,declared_by_author,d0f44a8644e32a6b224fb8b2f7d6b845b3b057644740cce369c04d1125901c65,7,0,960,512
ROYA_FONDO_76.jpg,val,rust_and_leaf_miner,declared_by_author,70a39cb4854fb8fc0d3242b9067b11ed5020f5f9a6caaac00c3bb32720acfe42,13,0,512,960
ROYA_FONDO_85.jpg,val,rust_and_leaf_miner,declared_by_author,c4fe2c504754347f55f7d1cdebfdda44d9efb373c3c9c777b9877e05565bc7c4,51,0,704,960
ROYA_MA_1.jpg,val,own_field,declared_by_author,2fcbb5f2b69ad19ca6dba77e2eef899c6f4dcb76f5eddec879b7df442e645543,9,0,960,512
ROYA_MA_20.jpg,val,own_field,declared_by_author,7269a350140f86ca42e1ac4a0690c94729bdc53c70723fd3f34829b05f57de01,20,0,448,960
ROYA_MA_21.jpg,val,own_field,declared_by_author,5c7d4de84904e134d657f7b3e6194d03a6a5c8796ec25fc69785052fcf7b3749,7,0,960,704
ROYA_MA_23.jpg,val,own_field,declared_by_author,7205833ec853d0ab19e32da576e87bb703e9533079888dc31bd3bfd7ac7e0fd3,5,0,960,512
ROYA_MA_27.jpg,val,own_field,declared_by_author,20d67da526f76e80ac5831101b80700f9c1f20c5687b8b9e459fa96a419d3d54,23,0,448,960
ROYA_MA_29.jpg,val,own_field,declared_by_author,23e88e1752610db1eb0a712412d89df524f279b2891b468a8d33e52221260805,27,0,384,960
ROYA_MA_3.jpg,val,own_field,declared_by_author,b072bc9c094ffd1b3f552cefa192ec9b51f5ae396c3f9918e564ded070d64ba1,21,0,960,512
ROYA_MA_36.jpg,val,own_field,declared_by_author,5ef4e0512c652aa7f6fafd90c0eb5ac1d6af46ae5a49f07010e42b933597f3b2,55,0;1,576,960
ROYA_MA_4.jpg,val,own_field,declared_by_author,e58ba83c5f41d0355188e570506a8c8ccac396b961f8f9dfb19b41b801d98b65,20,0,960,512
ROYA_MA_45.jpg,val,own_field,declared_by_author,58bf43547f0c72b5526596e880ff3ac4507c32399adc3609665b929f7ef5afed,16,0,448,960
ROYA_MA_51.jpg,val,own_field,declared_by_author,2ffb51505213788ba0bfc32ac04ec036295c06c51f97fdb1d3b9a95bc2182d6b,27,0,960,384
ROYA_MA_54.jpg,val,own_field,declared_by_author,2fdde2cb84b28550354a144e35cb4087a8599e6fd9dbec9339b1097f476378d6,37,0,960,576
ROYA_Muy_A_11.jpg,val,own_field,declared_by_author,69aa788d4141322a08f925dec54db4cdd85454c29ed6daddad29aead897510cf,10,0,384,960
ROYA_Muy_A_12.jpg,val,own_field,declared_by_author,06c04445425f325325739bfd654bf24cd7077acd283150da161920ed8d88a285,42,0,960,704
ROYA_Muy_A_16.jpg,val,own_field,declared_by_author,3c4c5037d888052bd1902d7d26615af64688cabd13d70d49668f5a61db097a2a,38,0,960,512
ROYA_Muy_A_19.jpg,val,own_field,declared_by_author,789e3e2182e9df8100f51e0dc73a488d0ee47c3ea529787b15e83eae59c7024f,63,0,960,448
ROYA_Muy_A_4.jpg,val,own_field,declared_by_author,c22996f83ae764d7136cc167f69d4d2c55c07a995f571c5c3b7cd097b5f6ea2a,44,0,960,576
ROYA_Muy_A_5.jpg,val,own_field,declared_by_author,9190b49916248870fa82f42631044410f74aee95385139290a45df942e70ad6c,16,0,448,960
ROYA_P_A_1.jpg,val,own_field,declared_by_author,ac165bfad4a600fc4991cdacc0b11100fba4434b030e1a276af9abd3930e770f,18,0,960,512
ROYA_P_A_14.jpg,val,own_field,declared_by_author,efcb63bde303b0b64a5ebadc2ec18540e4a797189913ac0f2c4a0c97908656b0,7,0;1,960,448
ROYA_P_A_19.jpg,val,own_field,declared_by_author,73293276e2517a30f7086770fd3bbfa4a035cc5488aa276720f77058d60b3f0b,3,0,512,960
ROYA_P_A_20.jpg,val,own_field,declared_by_author,2aabef1039e4ecbd02620c7216d13d0b9cbe2f4d0e1057df622dfb360264fa89,4,0,512,960
ROYA_P_A_22.jpg,val,own_field,declared_by_author,e89bfc91fb9f538456315c18ed46796b1aad5041ee76e272355f21f5fcb5925e,1,0,576,960
ROYA_P_A_30.jpg,val,own_field,declared_by_author,3a4cf6dda6227dc7158daf65b1003a0e1fc835fe68d2ece55eefb147cb064acb,5,0,576,960
ROYA_P_A_34.jpg,val,own_field,declared_by_author,7f7ce1f3bee63d5e7e78ad87df90e072a396cd993d3764eeb3f82ef396afb48e,4,0,448,960
ROYA_P_A_35.jpg,val,own_field,declared_by_author,b5f543a84f1f996b4cc5ad40cbc04ae009e878ad786719d3cfcdb5c546136c8f,4,0,512,960
ROYA_P_A_39.jpg,val,own_field,declared_by_author,8390a8236c537452415e91bbc139aebffc269bef980dd47fdef508a43e0b73b3,9,0,576,960
ROYA_P_A_40.jpg,val,own_field,declared_by_author,7eda31acf42f0de7aaca87b4e07777b2954dd85627aa4099e2708ad610c2e4da,9,0,448,960
ROYA_P_A_45.jpg,val,own_field,declared_by_author,312321f02d950a4452accf82036f82977356ee8c4d8a9377ee9f037976d05a11,10,0,960,512
ROYA_P_A_47.jpg,val,own_field,declared_by_author,df672fa6b7bbb1139684f5ae7222ca648d792caa93581db6a350ea40195099e8,11,0,448,960
ROYA_RECORTES_10.jpg,val,rust_and_leaf_miner,declared_by_author,9bea9e4a1db1db30bcb7fa56f95c5437dc98fc65808646cc060aa5eb87c5b531,4,0,960,896
ROYA_RECORTES_101.jpg,val,rust_and_leaf_miner,declared_by_author,f47167833e1d072451eadcc66bb4799681593d2a9bc64cf87d4816cfd86c8cc2,12,0,960,704
ROYA_RECORTES_102.jpg,val,rust_and_leaf_miner,declared_by_author,6d00f4cabf0b40a1a94f4fbe072c186dc8656400084dfaef934b4b7de2895776,9,0,960,704
ROYA_RECORTES_103.jpg,val,rust_and_leaf_miner,declared_by_author,d195a221e00eaaa5a8b94472a59da6bfd9a71c27e28b2da9a9c271e4bac9f4d7,7,0,960,512
ROYA_RECORTES_11.jpg,val,rust_and_leaf_miner,declared_by_author,efc9407fa2c42dcb8bec0919f4cacb74101710555c106e0c7f460321b0e432a0,5,0,832,960
ROYA_RECORTES_12.jpg,val,rust_and_leaf_miner,declared_by_author,0e990babecc315c1c4bcf7c6581380662c379ddfe70250cfc2b6fb0569a9f288,5,0,768,960
ROYA_RECORTES_15.jpg,val,rust_and_leaf_miner,declared_by_author,5b58c13267a64a692c9c41c4a3add38d452d5fe043bf18151f15e122ffc60eec,10,0,576,960
ROYA_RECORTES_16.jpg,val,rust_and_leaf_miner,declared_by_author,36c950b97d589e87337ec341c5160e155a28a0bd145025bc93bf6782f033e04b,2,0,576,960
ROYA_RECORTES_22.jpg,val,rust_and_leaf_miner,declared_by_author,2a6700ecd59b30393faa4d8f9423b0ed7be84a93ecdcf4f9c8996605054a5055,12,0,896,960
ROYA_RECORTES_23.jpg,val,rust_and_leaf_miner,declared_by_author,72952ba8b79014e323ff7bb82c116222ddbc8ed9dff4b9ce33c02afa00a799ac,12,0,960,896
ROYA_RECORTES_24.jpg,val,rust_and_leaf_miner,declared_by_author,a03c23d5a38bec6f9e2513121b142e2f660d4d920523bad5bf4949f26d7b5627,7,0,768,960
ROYA_RECORTES_3.jpg,val,rust_and_leaf_miner,declared_by_author,7a53347f468fc947fca36ea576553e8257a522f82bbdb3315c20a44c1796731f,5,0,896,960
ROYA_RECORTES_38.jpg,val,rust_and_leaf_miner,declared_by_author,7a7522846f24f2d0af5edc52f0d520a9f5afa7763c2900f041fbf864d047e6c3,7,0,768,960
ROYA_RECORTES_42.jpg,val,rust_and_leaf_miner,declared_by_author,0a4d81e0152c2f8a039368b0cd2e48c678363e661e90856412f56b79b823d97b,8,0,832,960
ROYA_RECORTES_49.jpg,val,rust_and_leaf_miner,declared_by_author,e176eb747c59fe1807dc7084b650a6dfd867fcb9b53acb091c4393beacad80a7,9,0,832,960
ROYA_RECORTES_59.jpg,val,rust_and_leaf_miner,declared_by_author,74d6909489dff27db19cab3f6dc40482d62d98725edaa5252dea8173ebb90933,1,0,896,960
ROYA_RECORTES_62.jpg,val,rust_and_leaf_miner,declared_by_author,50fe05df2afbc10638cdc10cb76a5bf6361c1ad3c0a8e954e9ac349db4ba47e0,4,0,704,960
ROYA_RECORTES_72.jpg,val,rust_and_leaf_miner,declared_by_author,b2e656d83387760c3d97081b665db132025d7d54e1d3aaf501aa0b84f7a4f2a5,5,0,960,640
ROYA_RECORTES_73.jpg,val,rust_and_leaf_miner,declared_by_author,e68d1e051c99b21a696fed29ff0090b193b598368c980b12307cb89cf7c279ad,7,0,896,960
ROYA_RECORTES_79.jpg,val,rust_and_leaf_miner,declared_by_author,3261c070237a8210696a44d3f8ab3baa7d31ef456c8f142e2191d7be772399ce,4,0,960,704
ROYA_RECORTES_80.jpg,val,rust_and_leaf_miner,declared_by_author,4df98df392706804b8326e64aba5dab392e87e766d20c99579f080567a9ce4a6,4,0,960,512
ROYA_RECORTES_82.jpg,val,rust_and_leaf_miner,declared_by_author,87ab8b64738679111de8df1a76262640e8825caa8ffd18d4be62b150e3517521,5,0,704,960
SANAS_NUEVAS_11.jpg,val,own_field,declared_by_author,30bc13859bbaab00a10e3b08bd78bcaaed891e4afed4b11b6289a99007691b96,0,,960,704
SANAS_NUEVAS_114.jpg,val,own_field,declared_by_author,371b4ac54bf85d012df51acfc12388593ddfa9d63a491c2773b0a993e31f2ff8,0,,960,640
SANAS_NUEVAS_126.jpg,val,own_field,declared_by_author,6b03b242d3df4a5c21af245df6774655f657a844e6cff99e879049d58b9799d5,0,,960,576
SANAS_NUEVAS_133.jpg,val,own_field,declared_by_author,0939f2ee15a5f070e0970adbe8bee7d7b2db71d55d80e9ac5758db046387c95d,0,,960,704
SANAS_NUEVAS_134.jpg,val,own_field,declared_by_author,4032dde260830b58193341826c9a03f9ad64853ff49f52e0c0a4fdf08b4dd012,0,,960,576
SANAS_NUEVAS_136.jpg,val,own_field,declared_by_author,a4ac450f964d0e49f1a335d00828f8cd60834fe4c99ad742780f2ecaf3232893,0,,960,704
SANAS_NUEVAS_139.jpg,val,own_field,declared_by_author,ff6ad267af571173911a23e450e5927e4cd707d529419990b1e11dd57a81ba24,0,,960,576
SANAS_NUEVAS_14.jpg,val,own_field,declared_by_author,f272c5734128071dc5b6a72a7b5278253e2d35c4c6e43ac6f16c2a25f8506e4a,0,,704,960
SANAS_NUEVAS_141.jpg,val,own_field,declared_by_author,7d019501e3d523079bc7096114c1578b4849cdfdfa3f0141d040978f5d71901c,0,,640,960
SANAS_NUEVAS_142.jpg,val,own_field,declared_by_author,d10867f955d2cf8f51a82b76964485c0cb81a83e367a68246b60b28ae9f7f90b,0,,768,960
SANAS_NUEVAS_151.jpg,val,own_field,declared_by_author,fe109556864eb5a4a149130bd8dc43a02e476a295e33882ef1cf16c3003f9029,0,,960,768
SANAS_NUEVAS_152.jpg,val,own_field,declared_by_author,c26721a004bb1536968995c44d3b66e1d733190c5279e3bf3c00d73ed6329980,0,,960,640
SANAS_NUEVAS_161.jpg,val,own_field,declared_by_author,f56c610bb1b2c62d764d22f3f56f63167d4941cda784adf23ce5b2f57d1f488e,0,,960,512
SANAS_NUEVAS_163.jpg,val,own_field,declared_by_author,678134149830237572dd0b4240dc3a3e65b92d36f6060f59f31c4ee44927ee42,0,,960,576
SANAS_NUEVAS_168.jpg,val,own_field,declared_by_author,e85315a36499bc84b766e92d4744dab357ed9862499282327eb5acfc168c9bb1,0,,960,768
SANAS_NUEVAS_170.jpg,val,own_field,declared_by_author,1b16e1104d9479213fcb0eeaebf5c80bf4faafea879613178a051f65890363c4,0,,576,960
SANAS_NUEVAS_171.jpg,val,own_field,declared_by_author,c793b3d22ca0d29ac24b3f588adb5402709ab52d819c690194bd3eb2218a4ea0,0,,768,960
SANAS_NUEVAS_179.jpg,val,own_field,declared_by_author,deece54126bfb5b9761d5402c2e7fa84ee287c6fab74401840e94af340bc1e13,0,,512,960
SANAS_NUEVAS_180.jpg,val,own_field,declared_by_author,c480e91198edf0274d790985ce40590f6886f14c909d2785250d23e7bfc16cfa,0,,768,960
SANAS_NUEVAS_191.jpg,val,own_field,declared_by_author,f132806153ff1cf7cf3b261152cba0206042e2605f4e5b68b640f7012bed687c,0,,704,960
SANAS_NUEVAS_200.jpg,val,own_field,declared_by_author,d6456216bf96898d1b054f98d0da85cfbb297ce03310305ec4333589c4d6c06b,0,,960,768
SANAS_NUEVAS_201.jpg,val,own_field,declared_by_author,34b0b3107dc00c834af04cd2f75b14240bea9378466a0a4bc4b2338522783c55,0,,768,960
SANAS_NUEVAS_204.jpg,val,own_field,declared_by_author,8e24b70d706152d6e3e550110e6914452cffccba7537564fb0b961377b5952ea,0,,768,960
SANAS_NUEVAS_206.jpg,val,own_field,declared_by_author,1f4ead0bc506bfeccc0e21b0811f400a376e4bc214cd56ffca113bf1acd1f1c2,0,,576,960
SANAS_NUEVAS_218.jpg,val,own_field,declared_by_author,78769b5f572bd066ef2b883f1051103687435fe80c2d38a19a8157339bf3eb5e,0,,832,960
SANAS_NUEVAS_223.jpg,val,own_field,declared_by_author,4fe3d5e051ffedb27c15068ba2e8dc9a3d268fa50ffa4d12a3a39c711d293fb1,0,,768,960
SANAS_NUEVAS_228.jpg,val,own_field,declared_by_author,2ce5e07a676bb32c9d939b576fde3d5919056a43c9b318d099447cb971d1c9a1,0,,576,960
SANAS_NUEVAS_229.jpg,val,own_field,declared_by_author,0b700380142a1027233bf26237b74299f4a6babf792a1ec2cc5ff8f5812df79a,0,,576,960
SANAS_NUEVAS_232.jpg,val,own_field,declared_by_author,c258fb6c3181f08676d7c1ccb37bfa53ff47192548da5bd4149fe5f9fd6c8d6e,0,,960,832
SANAS_NUEVAS_24.jpg,val,own_field,declared_by_author,507015183c5c3385a783cb723f757055a31f02446b408ddddbe64ee9f8ffc38e,0,,576,960
SANAS_NUEVAS_245.jpg,val,own_field,declared_by_author,508d22bbb1feb03c950ea1cd83008391e749dab6d93810aa60a9090951e9ca2f,0,,960,704
SANAS_NUEVAS_246.jpg,val,own_field,declared_by_author,b583091f57f8f6c18d6a00f2363c7e27aaf92550c66402017d0b897fc5a708d7,0,,576,960
SANAS_NUEVAS_255.jpg,val,own_field,declared_by_author,9deec05a9077ae746dfe634fe5821127365e5b2f4593d55c10a6cf2fbd06cd0e,0,,704,960
SANAS_NUEVAS_256.jpg,val,own_field,declared_by_author,b2048d64f5d0c36d4bbe52bc2406129f59eb63f0959370e294752c9458fd2dcd,0,,960,832
SANAS_NUEVAS_260.jpg,val,own_field,declared_by_author,2dea0fb71dff14460816ad51157e8ea7a1cbc937793722dca70df45d2a6742f6,0,,960,896
SANAS_NUEVAS_266.jpg,val,own_field,declared_by_author,371d5c36c738daac8236c73a89b031e616bc156867e70abf40de8c54be0d6d21,0,,960,832
SANAS_NUEVAS_27.jpg,val,own_field,declared_by_author,173c52d8d295957fc384efc8a35f5df246bb319d8d2ae0fdacceaeb5f297aebf,0,,960,704
SANAS_NUEVAS_273.jpg,val,own_field,declared_by_author,439a8e202cdc37962cc69b347d919136aae12b0078ecaa71dd05d39626d500c3,0,,832,960
SANAS_NUEVAS_275.jpg,val,own_field,declared_by_author,3fe2e569b04ab24d4c1954265bfa85489c709ae1d547a9fef4c7208727ab629e,0,,960,896
SANAS_NUEVAS_276.jpg,val,own_field,declared_by_author,945eab5887c72290f4f9df2d304c4f2a1bf74f1baebba3086800826940d0c52b,0,,704,960
SANAS_NUEVAS_286.jpg,val,own_field,declared_by_author,1628703835aca0f069229407d23b592e7617065478b256de97ffae776ca9622d,1,0,640,960
SANAS_NUEVAS_29.jpg,val,own_field,declared_by_author,41d5e5fb83d465548050daa68deda7f8eeb8e3a94ce74c584f177c421e1a9cfc,0,,960,576
SANAS_NUEVAS_292.jpg,val,own_field,declared_by_author,6ebe062aee7187252291efffe978954cc9c17deb8d1002c423d476e775483fd4,0,,640,960
SANAS_NUEVAS_313.jpg,val,own_field,declared_by_author,b912f2b85a2d39ea0252fa0021123ca5fdc768c74065dfec7fd73ee3d5365939,0,,960,896
SANAS_NUEVAS_316.jpg,val,own_field,declared_by_author,f837714f8f8390aad8aef40afd125eb16a179f8b48e45c21ad0b0db4e435d7b2,0,,960,896
SANAS_NUEVAS_329.jpg,val,own_field,declared_by_author,7b4ed183c1130de99c0d916bb341e0e501a7e20b8815daef0fcf2a6b08253166,0,,960,768
SANAS_NUEVAS_330.jpg,val,own_field,declared_by_author,dc4da6c94e123310ed5aa5c071b36792b0279d5c67b19040d52b4d69e229d553,0,,960,896
SANAS_NUEVAS_331.jpg,val,own_field,declared_by_author,c2924fb3ba10e619d87772ca7863b9768000160e039ed1d82b869a1e96809a3c,0,,960,896
SANAS_NUEVAS_332.jpg,val,own_field,declared_by_author,f6548661e12d1e7ddbc96e9383b3b633db905066aca48a01bde6d87776e73402,0,,960,768
SANAS_NUEVAS_333.jpg,val,own_field,declared_by_author,2e425b3035431bf398f6246c67fd24ea6309708e594314390aae5771191a6f39,0,,896,960
SANAS_NUEVAS_334.jpg,val,own_field,declared_by_author,cd664de0f5a2cd273db423cfd629b76132df4a1762d2a220c30e4c0ac44d9234,0,,960,960
SANAS_NUEVAS_335.jpg,val,own_field,declared_by_author,391d8f73d5ae75e1eb932c11b3dba9789a58ca6ac16615d1d269706f5912b839,0,,960,960
SANAS_NUEVAS_337.jpg,val,own_field,declared_by_author,389cc5f481fe90d221dc2441d0f2e7466c8ef75423fd660e3d0fc03cb5f5d3fd,0,,960,896
SANAS_NUEVAS_338.jpg,val,own_field,declared_by_author,fe5dd08621582e74ae4ccbae0f1c245cbd640a4c06a00576b933d06aaae4ca05,0,,960,704
SANAS_NUEVAS_34.jpg,val,own_field,declared_by_author,a62e18d38f511f2967ba1ad253a44790fb1c3796f37ec8643bd7f534370d5e0f,0,,512,960
SANAS_NUEVAS_340.jpg,val,own_field,declared_by_author,5ddbc0cb5b1a5609384804c8d9a416ce561844302620b08c9f4ddc74c0c1776d,0,,960,960
SANAS_NUEVAS_341.jpg,val,own_field,declared_by_author,111e3fcd8c846de6138cd51cd8241e3efbdc1663b709834423a41ad806d4730f,0,,960,896
SANAS_NUEVAS_344.jpg,val,own_field,declared_by_author,f56375e6dcb51abf453f8c3fabb96f2748797e4d23406d72153b082fecb70fce,0,,960,896
SANAS_NUEVAS_348.jpg,val,own_field,declared_by_author,99db50f7a83f55ab969a6adc68c8ac273b2b48f7c1013b5ae3b528f66844059c,0,,576,960
SANAS_NUEVAS_365.jpg,val,own_field,declared_by_author,1f6e0aa849fb7521ba9e30383bb8518601e8e87c3169931e8dcbd4f53764098c,0,,896,960
SANAS_NUEVAS_366.jpg,val,own_field,declared_by_author,50cb3168b97cf16c00b5982e9af8c8d47478b42a07dfd254a64c7cbb26cb4b65,0,,960,960
SANAS_NUEVAS_368.jpg,val,own_field,declared_by_author,a88d57d8b0d9db925efb751424eaafe65b146f0e231f619a49762bc1e98af168,0,,960,960
SANAS_NUEVAS_369.jpg,val,own_field,declared_by_author,b2f061a45444c61ab06552f0b6fe7bec98ce1215bc4d11c4464a27aae45f5f0f,0,,960,896
SANAS_NUEVAS_376.jpg,val,own_field,declared_by_author,d8cbf200e2c3890e781225339e32ebba9250991ed91aecf06a8069b4534cdbdf,0,,704,960
SANAS_NUEVAS_382.jpg,val,own_field,declared_by_author,22e9718605edb40c8e8aaf05d2c127ec558f422654b8e9da786c8c65ec46ad35,0,,960,896
SANAS_NUEVAS_383.jpg,val,own_field,declared_by_author,60d55fe85b566772274acee43052b52fd22565813297d7d5fc5931b26e9fc9d0,0,,704,960
SANAS_NUEVAS_387.jpg,val,own_field,declared_by_author,ba6c573a5496a313944a5be61897f2121088f989035b87eca1ac9cd076ea19c1,0,,640,960
SANAS_NUEVAS_388.jpg,val,own_field,declared_by_author,c72c8c8bbeee79d5024670d5891e716a0ed4b4f8f0e580f60a31ecac80d06ea5,0,,960,640
SANAS_NUEVAS_389.jpg,val,own_field,declared_by_author,27330aae38b06e681be042be8fc55ceb8ea7c94637516d76d0bfd8a465e0ee59,0,,960,768
SANAS_NUEVAS_401.jpg,val,own_field,declared_by_author,d70ab569dd147495fd0c5dc2899dc6ff86c3b8d0d155c5d0d818542a442d9b8b,0,,896,960
SANAS_NUEVAS_407.jpg,val,own_field,declared_by_author,43028bb6b936c84cea827f1e8365494fdbd59d6ffdd9f2d2046fe8d75e8ee6c6,0,,960,768
SANAS_NUEVAS_41.jpg,val,own_field,declared_by_author,5f6f909907f62409cb12cbfb720b3d0e97aa07a36abfd0925a36f54bffc63406,0,,640,960
SANAS_NUEVAS_415.jpg,val,own_field,declared_by_author,1a18e8c18878bfb1fc543ef857004a0cd02cf73284847ce1724846af2311ddb3,0,,960,896
SANAS_NUEVAS_421.jpg,val,own_field,declared_by_author,d8256a74590243ff626ab8bd9647d4464f9cc6fdc04b7f060e87623a97d2809b,0,,768,960
SANAS_NUEVAS_426.jpg,val,own_field,declared_by_author,aa6978018d218b5faa0030d80e7450947409ef99957a0b6a4652a3fee48b1dfd,0,,960,896
SANAS_NUEVAS_432.jpg,val,own_field,declared_by_author,69196e1eed5865d5b02eb82dad304f8ff58cf9fad8cccc32da753c695cc6fc30,0,,768,960
SANAS_NUEVAS_439.jpg,val,own_field,declared_by_author,8bbbf525eea32324551b25ff81f7e41415b64505423eca2112fc347757c44e61,0,,896,960
SANAS_NUEVAS_440.jpg,val,own_field,declared_by_author,bb9f07f96b37d6d45060a745ad1d2d6dbf59a7b733a769a4ed09309e4bb94f5d,0,,960,832
SANAS_NUEVAS_442.jpg,val,own_field,declared_by_author,73f1534234a28b72ec0523fcb8f9175df875fe45ade1163f64603ec1e6bb91a3,0,,960,576
SANAS_NUEVAS_451.jpg,val,own_field,declared_by_author,7ea69845abee5dc3e40ff340b1fee28cd0bcb4d9d0660d94b4fb3c6c46753f2c,0,,960,896
SANAS_NUEVAS_454.jpg,val,own_field,declared_by_author,44ac8179df3c8d9f61c855a41ee670a63457c38d07a6a89f3573c30266337c24,0,,960,768
SANAS_NUEVAS_464.jpg,val,own_field,declared_by_author,35647d01a3ef1be217e4190358eac4897b71e1eefa8afd6b2d0430b3b31a6edf,0,,960,640
SANAS_NUEVAS_479.jpg,val,own_field,declared_by_author,13fe36908dd4ba0effea29b73e06afd6662ce791909d9ead4802a4ff8bcc2ae8,0,,832,960
SANAS_NUEVAS_48.jpg,val,own_field,declared_by_author,665ff33526cac94ad8684a9bbd4780d5a112e268c7fda47ea639d8b99fa5b643,0,,576,960
SANAS_NUEVAS_481.jpg,val,own_field,declared_by_author,d6c78e83401f8cf234485e604f6e57122b28e47683c2467a44f3352e68db0cf7,0,,960,896
SANAS_NUEVAS_483.jpg,val,own_field,declared_by_author,5eee3ce24dbc28dfacc02692d20c56d484b8e6bb11e3155402711abc285f5a2c,0,,960,768
SANAS_NUEVAS_485.jpg,val,own_field,declared_by_author,cafff94627ce77fb01b81cfd158c6e9d5d338d3ea3026cd1f4832d70da0b4de0,0,,960,768
SANAS_NUEVAS_492.jpg,val,own_field,declared_by_author,f7011cf4dec1e97f4e8680e77ab1e7cd25bad9d9f3f73c1d7dc57fefb8337d00,0,,768,960
SANAS_NUEVAS_493.jpg,val,own_field,declared_by_author,988088462dedfe50b926471afe5541ee424fae71cdfd5064df2e6652db8bc833,0,,960,896
SANAS_NUEVAS_496.jpg,val,own_field,declared_by_author,86431407aeef97923fead73fa7199693802775b4d5443aa76f2319476fa32dcf,0,,640,960
SANAS_NUEVAS_508.jpg,val,own_field,declared_by_author,5e26b4cbc3ea397c762921ce3898bb4b85ef427d28755739673d599aaea24719,0,,832,960
SANAS_NUEVAS_510.jpg,val,own_field,declared_by_author,a988517cb48a897854592917152b130fa7de072ae8a61234eef3dfe7a91c99c6,0,,960,960
SANAS_NUEVAS_512.jpg,val,own_field,declared_by_author,8a24f017aab2550e8682ee2f464bf61ae52119dbd768e06b4d2d2cdf961a2755,0,,832,960
SANAS_NUEVAS_52.jpg,val,own_field,declared_by_author,e8a5071237c1f1d94daea1059ad6a275cb827219b0b727159ac1d8807901b31c,0,,832,960
SANAS_NUEVAS_525.jpg,val,own_field,declared_by_author,dca5c723c4a16de38ef0595389c04a211bac1403fb7b5cf5427778ce9fbd9646,0,,768,960
SANAS_NUEVAS_531.jpg,val,own_field,declared_by_author,c13d444dfb23c3bccb83dca6cdb7afb440b908c967e3ad1e5e82f688ad5776e7,0,,704,960
SANAS_NUEVAS_533.jpg,val,own_field,declared_by_author,6096ab639e0152d1450abbf906286fa3dbf7e6a24e21ee8bf7261fd19214e63c,0,,960,896
SANAS_NUEVAS_539.jpg,val,own_field,declared_by_author,630244840e7cb09af0ccf59a9c0559bde79adc4d41895a1ee65f00e0e7fdc3d6,0,,704,960
SANAS_NUEVAS_540.jpg,val,own_field,declared_by_author,cbeb279271a3511bd1f5a66194f66c6676076cf1866f1970f019efbafdf2d641,0,,960,832
SANAS_NUEVAS_547.jpg,val,own_field,declared_by_author,2244d8d64003f2b99a591c53ca578112b921cfe322ffb6f367added2051d1593,0,,896,960
SANAS_NUEVAS_55.jpg,val,own_field,declared_by_author,22244a2cfb87ce2267fe95f2ad2b98b9b932938af029fc66be55d80c6523b6d3,0,,768,960
SANAS_NUEVAS_558.jpg,val,own_field,declared_by_author,bf71896052852f9066e73da27944ddf6187871844500822f6d2fae5aa80f78ba,0,,704,960
SANAS_NUEVAS_560.jpg,val,own_field,declared_by_author,1e6ee747077f9fe581005a39191498c4d1db18bd3c951d91a8ef4324d1ff2ce9,0,,640,960
SANAS_NUEVAS_571.jpg,val,own_field,declared_by_author,45456d321a27fa7f87b295e2eec17fbaa170919734f6b03d1864a554c4eb9f0a,0,,640,960
SANAS_NUEVAS_576.jpg,val,own_field,declared_by_author,d41cc87c47d6b5fe8350d00fae72c1fe874dc96147380a870de5e8030ab1f076,0,,960,704
SANAS_NUEVAS_578.jpg,val,own_field,declared_by_author,119cc1b73cf251ba48f569e8ee37909a6e5e90c445eff5717780e5ee7634e9c5,0,,960,704
SANAS_NUEVAS_584.jpg,val,own_field,declared_by_author,b70bd634fccc9aecd88e041b477e5d0a7cf7ee11497a4fab3d94aecac8d717b2,0,,960,832
SANAS_NUEVAS_589.jpg,val,own_field,declared_by_author,757e9be3c182c1dc7bbd0aa79fc81176d4c119bfb2f901f56149460abb63850f,0,,768,960
SANAS_NUEVAS_593.jpg,val,own_field,declared_by_author,463f7542dc0aa61fabedf9669bd598896005d40a34073408f2760e98ae6c0392,0,,704,960
SANAS_NUEVAS_596.jpg,val,own_field,declared_by_author,fd6c14a58b206588eaf1a6035968f3c37b46675276fda812b4b8759982d1803b,0,,960,640
SANAS_NUEVAS_600.jpg,val,own_field,declared_by_author,189c4ae9fe286aa8b3c326d3d0ca13fee8bb27528b25726bb5d6c05bf3c7925d,0,,960,768
SANAS_NUEVAS_603.jpg,val,own_field,declared_by_author,c79652c77fe0c50559133bbe6b31331f23e9727154ce486c627d6f21722754e0,0,,960,704
SANAS_NUEVAS_606.jpg,val,own_field,declared_by_author,19344475c9ce5448387b7c05dc977b7d52c2453b047c573b702f11b0d3855117,0,,960,640
SANAS_NUEVAS_612.jpg,val,own_field,declared_by_author,930e26189c103b9a1e8eb661553d5d66d655d698e7ca286b5fb0504e952e1725,0,,960,768
SANAS_NUEVAS_613.jpg,val,own_field,declared_by_author,1d2b850a4edae1d9e33a68a20630ccff4e935a039fe6c328ae6948e042e3fbd0,0,,960,896
SANAS_NUEVAS_618.jpg,val,own_field,declared_by_author,557a7e75a9a5e8335fd9164324ba3752814602e8a3c9a4e3edfbb77be769720e,0,,960,960
SANAS_NUEVAS_65.jpg,val,own_field,declared_by_author,06856d907c62eb95f7cae5ff4eed0b375369d87336f7ae00012c2108e4d5664e,0,,704,960
SANAS_NUEVAS_66.jpg,val,own_field,declared_by_author,6b2e9fee7649c6dd60fe56018e84db08ea2eb0e3f95e5a8817548cbb614aa1e7,0,,640,960
SANAS_NUEVAS_67.jpg,val,own_field,declared_by_author,989f3c466af37660e008975ddeaa28f638425149628448a919b66dc0ad47c41b,0,,576,960
SANAS_NUEVAS_72.jpg,val,own_field,declared_by_author,cf102f0fdf7463a0786a4fb0a374fc3a93f6660fbc76c0da23e9737c4d939ec9,0,,640,960
SANAS_NUEVAS_78.jpg,val,own_field,declared_by_author,66cef7d1f998c4f8dc7b231d1e044a27659507617eb00b9cdfe414c97db20809,0,,960,640
SANAS_NUEVAS_8.jpg,val,own_field,declared_by_author,5a194449d3eb74f260e8381d334d488d86d1b5aa0b12362497880833eb1ec0b5,0,,640,960
SANAS_NUEVAS_95.jpg,val,own_field,declared_by_author,555d3631f3f6b8955cc159639c71a8538221ef5c843f2cf5a00ce92c98c557b3,0,,960,704
SANAS_ROCOLE_107.jpg,val,rocole,declared_by_author,5ae93ce62fc0dad01c267d8ce843ccc0d050711eadf5f103b1188ee8c648b26a,0,,512,960
SANAS_ROCOLE_11.jpg,val,rocole,declared_by_author,e4fbe3d2f4480c6da4dd529d01c11511c9d1c7e3c7afa01d058956b29e290766,0,,960,320
SANAS_ROCOLE_114.jpg,val,rocole,declared_by_author,a61a8444e2aebfafb98f247ef75d52aa92881d9a1ca88f1a15a726634e26af8a,0,,960,448
SANAS_ROCOLE_118.jpg,val,rocole,declared_by_author,4a5e94b85b26d913a5f8c23526b639e8935a967ae8c1fb85aee9a464c2c9fbd2,0,,448,960
SANAS_ROCOLE_12.jpg,val,rocole,declared_by_author,e97f12627fc71c76dcc213ecacb57615165761c18e35a8aa24e63939aef3c0c7,0,,960,512
SANAS_ROCOLE_124.jpg,val,rocole,declared_by_author,698ecdca6a106985592ef361892a8e07ae040ec4c8db30e033cc08c9c809d148,0,,960,448
SANAS_ROCOLE_125.jpg,val,rocole,declared_by_author,724b3dde32095e3895e7874b29700dc1c6536f10ec178673d8e9b5884166a2b4,0,,512,960
SANAS_ROCOLE_129.jpg,val,rocole,declared_by_author,d965e2fd75af89f800a6a15822bb34835e13daea380ba83aa2204bf157a4f3f8,0,,448,960
SANAS_ROCOLE_133.jpg,val,rocole,declared_by_author,32c9a21db2c6d71338274682ec1066f00f12f5a49b3fbb41ee92202fb3b62fc4,0,,384,960
SANAS_ROCOLE_135.jpg,val,rocole,declared_by_author,df478e95a5b3743aa874beb3b4c83a489b30f76ca3aab508377d2c6c50f0822e,0,,448,960
SANAS_ROCOLE_137.jpg,val,rocole,declared_by_author,17bac49aff81070459a05235cff35b463dbda6811c907971e644b27e7388e29e,0,,960,448
SANAS_ROCOLE_142.jpg,val,rocole,declared_by_author,30c2d3a47c75e039c7b717d9bd97a90184e2282843132e4dccc43fef924c8889,0,,512,960
SANAS_ROCOLE_145.jpg,val,rocole,declared_by_author,2072c3345a92df92f2302e66b207ecd6aff0e428ce8fb01bb66ebaf2c8684a56,0,,448,960
SANAS_ROCOLE_150.jpg,val,rocole,declared_by_author,0935c753cbb17daed0ced1cf23ce539131a835d7cc2168708c470e57e4fe33bf,0,,960,384
SANAS_ROCOLE_152.jpg,val,rocole,declared_by_author,be2799333688924223fa1d485ec4dd3e54d1f4c04ab1e4a2781991d5013fbe17,0,,448,960
SANAS_ROCOLE_156.jpg,val,rocole,declared_by_author,a2106e676ab08d0152692431741b9c34cf56c1a6a4ad4d3112bb48ae69d3fcdb,0,,448,960
SANAS_ROCOLE_164.jpg,val,rocole,declared_by_author,47b2aed1ae305a391443d48173e7382ffd0fc6b728f7140d9f0b6bbb37967310,0,,448,960
SANAS_ROCOLE_173.jpg,val,rocole,declared_by_author,b3e9a19ca8a2b5f77e23b6d5496e4bc802605a505159b94b4bbd6271061fe641,0,,960,512
SANAS_ROCOLE_174.jpg,val,rocole,declared_by_author,808c9e6946717bfdac5afa330c3bd2e175fc124b205f5d790a3877f9de28b442,0,,960,384
SANAS_ROCOLE_182.jpg,val,rocole,declared_by_author,42b7737190641644c7a6b3ae8fb8b5f5782f909502c2d4e23831a7400dbbd020,0,,512,960
SANAS_ROCOLE_185.jpg,val,rocole,declared_by_author,65a539c9bf0f22961b16b9b8a71e8f13650492a09c1a6db506153922def5e30c,0,,960,320
SANAS_ROCOLE_189.jpg,val,rocole,declared_by_author,764947a232d8af931f89d43aa73a9b11461964031f7623dfaeb7d00dc5ba3159,0,,960,384
SANAS_ROCOLE_200.jpg,val,rocole,declared_by_author,880c7bbf0a3da2a5e9eadbeaee830a94123963024edbc4508ef5cc7ea8b902c1,0,,960,512
SANAS_ROCOLE_209.jpg,val,rocole,declared_by_author,92beb94fecae3cecd5f58c9bdb8e54bcccff98ea8c2bbaaea8db4716a68afb62,0,,960,384
SANAS_ROCOLE_210.jpg,val,rocole,declared_by_author,24e5e9395b2091eb640a49e395e34096eaeca820a7b42ac0e15346baa3159ffb,0,,448,960
SANAS_ROCOLE_218.jpg,val,rocole,declared_by_author,f9d34b27e3c0f31a9cd52b20ac6846492814ea61704445b785ff26cf5e0c93b7,0,,960,448
SANAS_ROCOLE_22.jpg,val,rocole,declared_by_author,0b1db6f4d7b54787cc23c40d9b784ff1aa54034a64f56070190a4fae24f0fadc,0,,512,960
SANAS_ROCOLE_231.jpg,val,rocole,declared_by_author,64ea1d4e8cba780e1909fb08f52401075cb1ff8a85a5a9ce31702d5f716d6569,0,,960,448
SANAS_ROCOLE_233.jpg,val,rocole,declared_by_author,664b17d4c774cf126f84ac081c1b6b183156f71c9f73c1c2c3efef3d6654dc45,0,,960,448
SANAS_ROCOLE_236.jpg,val,rocole,declared_by_author,62bfdefc240fccb522847d46e3034c61873a5570d19b4bfaac1cbbf8f0c8af5a,0,,576,960
SANAS_ROCOLE_240.jpg,val,rocole,declared_by_author,94924a51ac0d210f6281af6d28a140239a824c7fa399d04f727fa9f1cd8524a6,0,,576,960
SANAS_ROCOLE_241.jpg,val,rocole,declared_by_author,0348ccaf0b77f1a74e90b770ab06e125db6804c252b5a857cbb55e1009629ea9,0,,960,448
SANAS_ROCOLE_244.jpg,val,rocole,declared_by_author,fd4a7a9ce5f27fc6ce36599dcb47f81ac5b72ac71bd693daf107162cdd63142a,0,,320,960
SANAS_ROCOLE_245.jpg,val,rocole,declared_by_author,c7c014273109c23f2e246411aeed9ad07d3248d670bd9072b50e2821c27f8273,0,,960,448
SANAS_ROCOLE_246.jpg,val,rocole,declared_by_author,223f28ca470a506d3dea20d5aca06bf3947c52654f21ebf131ce146533efc77f,0,,512,960
SANAS_ROCOLE_25.jpg,val,rocole,declared_by_author,39c50eb1b598d570a61d679708058c6b8795a37218cad86596bfafefe44c844c,0,,960,384
SANAS_ROCOLE_260.jpg,val,rocole,declared_by_author,a7faa76e83da7db0625d489ebebcc20f1130c5299de5f4cf82f07429f94ce61e,0,,576,960
SANAS_ROCOLE_271.jpg,val,rocole,declared_by_author,21ffe4b76ea383af7094dee2423386c9b8906f9d0823d0ef0655564eb5ecd0a9,0,,384,960
SANAS_ROCOLE_275.jpg,val,rocole,declared_by_author,cc0832f0c33b16b4001155e542c3b0bbe3f7c738c6abf435e28ab373f68622c4,0,,960,448
SANAS_ROCOLE_282.jpg,val,rocole,declared_by_author,02b8e02be8803d6ad712eb674c639d034692c75285afd6b6ecf98650adefbd6a,0,,960,384
SANAS_ROCOLE_283.jpg,val,rocole,declared_by_author,d021b5ff903a7b4658434bbc13200aee792ee598c9e7e046736fb09229d8661d,0,,320,960
SANAS_ROCOLE_284.jpg,val,rocole,declared_by_author,92aa0d76007e95664dd56dd89c4f3d8bf6b38426faba38f919e1fad57118c292,0,,384,960
SANAS_ROCOLE_288.jpg,val,rocole,declared_by_author,64af59b1bf052d7370266d4cd2e8512e6ad403e46121f0bf67380fe5b5ae1eeb,0,,960,448
SANAS_ROCOLE_294.jpg,val,rocole,declared_by_author,e164f2bd60273844f5369f789a4b86a8a087ca6408478d6b83bb887748090a71,0,,960,576
SANAS_ROCOLE_302.jpg,val,rocole,declared_by_author,abde1a600c72eaef9619a71e28871890fe5c72e7673cec22c41dca062877c753,0,,448,960
SANAS_ROCOLE_31.jpg,val,rocole,declared_by_author,2881b113406dc61241e76c2e08c94ab862cd87af3d0fc09b4b46ede74db9c53a,3,0;1,512,960
SANAS_ROCOLE_310.jpg,val,rocole,declared_by_author,93eee3f05405c859d57bddb718068c09778dcdd3aeb9bb106000c8f7d018ea1a,0,,512,960
SANAS_ROCOLE_311.jpg,val,rocole,declared_by_author,5606a2439626e2c2eb3bb9b4aa138484e525dc4d44c91ec51abcd8eb0d9ecf22,0,,448,960
SANAS_ROCOLE_312.jpg,val,rocole,declared_by_author,9cf51248aa26a3a8ff8c7f078650ff6acaf7bbfdddf43db13c14e27871808c12,0,,448,960
SANAS_ROCOLE_313.jpg,val,rocole,declared_by_author,9b55143267af255561395c9f576b53739e375c4070d3c361e0fe178f2effb278,0,,512,960
SANAS_ROCOLE_315.jpg,val,rocole,declared_by_author,09fe88ad2e70d9d75812900bf177644b8cf2459dde3676181700d737edd82576,0,,320,960
SANAS_ROCOLE_317.jpg,val,rocole,declared_by_author,885222735e29bccfef96b0b16cd1c5ae8a9d262f9297400549beaecab498f7f9,0,,960,576
SANAS_ROCOLE_32.jpg,val,rocole,declared_by_author,58d060c150a85cc4731ee501f69eb9e663515f889eb86c4d447227d73a2cf409,0,,512,960
SANAS_ROCOLE_323.jpg,val,rocole,declared_by_author,7440ff42efbc5457c829bbf478ac4d6a766dc8dfa671beb002b615a46f068c74,0,,960,512
SANAS_ROCOLE_324.jpg,val,rocole,declared_by_author,7710f1b6b0a1be18308ced6c742a7669413cd030256a3ab6034efeea9f82aefa,2,0,448,960
SANAS_ROCOLE_327.jpg,val,rocole,declared_by_author,3a64e856da53a9d58cf5a8249beaef5aa9ce32f7470f3b144ab099c3c062d39a,0,,512,960
SANAS_ROCOLE_336.jpg,val,rocole,declared_by_author,79dd941781d34b1e91cf91d4e7c627c3aa9ac5afc87be9e3769f86316a0c2b2a,0,,960,320
SANAS_ROCOLE_337.jpg,val,rocole,declared_by_author,3c1da5826190389af5775ebe2bee24fb6ec76118e5cf55d9340f3a075181c1e5,0,,384,960
SANAS_ROCOLE_338.jpg,val,rocole,declared_by_author,66b707b4d8136a4c2163278f43d62d20ce58160b6e0bab3b14d3e2961e5f058f,0,,448,960
SANAS_ROCOLE_345.jpg,val,rocole,declared_by_author,88faf46b4b29a2066748bd61aa827115362ffe8867c3bc9ae6e2e27d1da4e3b1,0,,448,960
SANAS_ROCOLE_353.jpg,val,rocole,declared_by_author,1b43fc4cd8c4bd7435a50150ab251aeaffd66f48e45909273cf17d6ca869fee7,0,,960,512
SANAS_ROCOLE_363.jpg,val,rocole,declared_by_author,8d78d5910fb55f96a3e0c8ae0534cd99df7e229b4189dccf16d3d7727e484ed0,0,,960,512
SANAS_ROCOLE_364.jpg,val,rocole,declared_by_author,3937a13518e6b5bb5b616698d8ab1e08afe90136716749b8e50f4b252a2bebcf,0,,960,512
SANAS_ROCOLE_365.jpg,val,rocole,declared_by_author,2b84085e6c93b23d5a94f4efd60db2508a833ddcf30df7cd00a372641414deae,0,,960,512
SANAS_ROCOLE_367.jpg,val,rocole,declared_by_author,b6701d3a7287508b048eff197647f474453664ba83a1b125f5ff0042c2065126,0,,960,512
SANAS_ROCOLE_368.jpg,val,rocole,declared_by_author,5b8cd91e18f126febab67b0a118d4788792842a6442fc3f06b9489b9ed3a1809,0,,960,512
SANAS_ROCOLE_369.jpg,val,rocole,declared_by_author,7a1740014b0c1bd9ed275870e98d00d1df2a161711553ebeba40434b289a9ae9,0,,960,512
SANAS_ROCOLE_372.jpg,val,rocole,declared_by_author,d08848c98fb607daa174431c25f3bb9b0a683b49bcdd8da89b128ada935805ee,0,,960,512
SANAS_ROCOLE_376.jpg,val,rocole,declared_by_author,2bcefb8cff62373bd7fc18082134a36a95d796bd1eb07a0d040376c67fe97a7f,0,,512,960
SANAS_ROCOLE_377.jpg,val,rocole,declared_by_author,3e40e7ffd2cc659b3343390f361d341b6acac47a3f72d4fcd280ea84e642d119,0,,448,960
SANAS_ROCOLE_379.jpg,val,rocole,declared_by_author,3de3a86baff15f36471653b30dba8b71f3d9153bc28fd00626aa9231937ef011,0,,448,960
SANAS_ROCOLE_38.jpg,val,rocole,declared_by_author,40cf0fcfb8b139bf1afa6af6dabb4e0fa4a9f24ae57b6edaa0f6114bd2a940bc,0,,960,384
SANAS_ROCOLE_384.jpg,val,rocole,declared_by_author,1d751058df0fdd31e06e43f4ca0f651541eb079dbbb8cafbad7038b390df2d53,0,,960,448
SANAS_ROCOLE_390.jpg,val,rocole,declared_by_author,8538b7fb060af1b96353f874f8f3a24004a1de5e79a932b3c51fb0f17ce1597b,0,,960,448
SANAS_ROCOLE_40.jpg,val,rocole,declared_by_author,d447eb7d7b0accaf799241a20a1a568fb8382b6f407a8ac0dce70e8461915f22,0,,384,960
SANAS_ROCOLE_404.jpg,val,rocole,declared_by_author,caf76880eb2a5461215b2183c5600b4acccb8b734870d86ce80dd059157908cc,0,,512,960
SANAS_ROCOLE_412.jpg,val,rocole,declared_by_author,bc8e197f5e3e82afbb6c175b50ab879885b29511b93ca41132e18238491bb58d,0,,960,384
SANAS_ROCOLE_414.jpg,val,rocole,declared_by_author,7029264748545399214951d619f536540de83db74a07de40591787009f532b3c,0,,448,960
SANAS_ROCOLE_415.jpg,val,rocole,declared_by_author,f2665b23c481128921bf3f27e78b8f9c5b25cac6532831e64334ebf386ae176d,0,,448,960
SANAS_ROCOLE_419.jpg,val,rocole,declared_by_author,7b7a8d138a12a14dad914017fb9c0bff27e7681df934e3b5ddd9636df27f4e76,0,,960,512
SANAS_ROCOLE_421.jpg,val,rocole,declared_by_author,05b370fa982d21003c38221e4b3f43c60c23ce28ec113742e43b7e83fac579db,0,,384,960
SANAS_ROCOLE_423.jpg,val,rocole,declared_by_author,e06c7478abaf0dbc2d20b82bdb5d03ec9c1c1fa367821865ac731cf7dfbad3d9,0,,512,960
SANAS_ROCOLE_427.jpg,val,rocole,declared_by_author,040d0abe5fa8e5f0d37c0fa8b61b5cb9fa198bd7b42842bb389ba3a7639b18b2,0,,960,448
SANAS_ROCOLE_428.jpg,val,rocole,declared_by_author,a94c0249cde3cf8c7c8e204b598fbdb2edb15a1059de73d9428efb4faec2ca14,0,,960,448
SANAS_ROCOLE_435.jpg,val,rocole,declared_by_author,d98003ac543300c883a566d5897d018f880d58dafd055c0629add177fb36962f,0,,960,320
SANAS_ROCOLE_439.jpg,val,rocole,declared_by_author,581f021243dd563636d23c5b42749017f94353e845868f1e9d9693db6baea0f7,0,,960,512
SANAS_ROCOLE_45.jpg,val,rocole,declared_by_author,8b8060c4839692e46c81a1b865f340e9abd17a2c1dec157ac0b93aa721d42ee3,0,,960,448
SANAS_ROCOLE_451.jpg,val,rocole,declared_by_author,2de3c78a90a7074f970207bb499be71dcca18f4df6340ad219dc5d017c9dec74,0,,384,960
SANAS_ROCOLE_54.jpg,val,rocole,declared_by_author,8aef182f52e7e80a285eea753394dd24ab6f17225e9f30c97be354a98ad2e1c3,0,,960,384
SANAS_ROCOLE_61.jpg,val,rocole,declared_by_author,e8e58cf51f40f0430de66981f858f74035ed5a9e8793dbfd5b957f04e9e36b87,0,,448,960
SANAS_ROCOLE_70.jpg,val,rocole,declared_by_author,45bb42aff433896caadd861d66b9ac14e9c723f2a10b14155b3e06c0403db4a5,0,,960,448
SANAS_ROCOLE_81.jpg,val,rocole,declared_by_author,2f8e9fefbd121266176ffd1f5be3a06efeb5a7d200e5177f45e2412163c360f1,0,,960,320
SANAS_ROCOLE_87.jpg,val,rocole,declared_by_author,a150a7dd088a4a41693cdd61ac8adff4ecc1616ad7169332ad6bdaa52bf87564,0,,512,960
SANAS_ROCOLE_88.jpg,val,rocole,declared_by_author,b70a59742abacce34532b3724396b5088328b971f741cdc00eb9c0c55cf10691,0,,448,960
SANAS_ROCOLE_89.jpg,val,rocole,declared_by_author,cf9e4056a29a59b80ce509f7d3574bb9d50e9b4860743a5dc1e9b3f361dd3a73,0,,384,960
SANAS_ROCOLE_92.jpg,val,rocole,declared_by_author,0e3de618baaa6d9dac0e86a310cabc6ccf0968c0a0e0994602d94fc58de409ad,0,,960,512
SANAS_ROCOLE_95.jpg,val,rocole,declared_by_author,68f8cbfc3047653907bf76799c3a927d938cfa9890cc0d957e43f15e2ec0a3fb,0,,960,384
SANAS_SOCORRO_104.jpg,val,own_field,declared_by_author,c0e18ade30508929db6fd0baa29e33beb28eb062633072fd0057f8e777bbfa21,0,,960,832
SANAS_SOCORRO_105.jpg,val,own_field,declared_by_author,52860f7de67196730a63325362ef75f1b34c8f7b70512c955e886ea6b334b4c6,0,,960,768
SANAS_SOCORRO_110.jpg,val,own_field,declared_by_author,ca868c21c8167fbfec31e6054f6b25c8ab89da3e7ec122f055331de464ced712,0,,576,960
SANAS_SOCORRO_112.jpg,val,own_field,declared_by_author,392d8a44dbbb0c03de0a1e33b90bd8df3318f7f398ad7deff107d6f2a972f2d2,0,,704,960
SANAS_SOCORRO_113.jpg,val,own_field,declared_by_author,aeb0590dad07fa6ca06b86f5be38b9c0464a223191b7d2a0cd267f873b46e722,0,,960,704
SANAS_SOCORRO_114.jpg,val,own_field,declared_by_author,6d3c1276599e9475e0cad008a8c030d836318f09de120c7d51dcbb765817644a,0,,576,960
SANAS_SOCORRO_119.jpg,val,own_field,declared_by_author,10281f595a08a58be2f4377e84fb290b97cf4e8dd0026a56dd4d02d87775315c,0,,960,704
SANAS_SOCORRO_124.jpg,val,own_field,declared_by_author,2381c8ca1e3e71ba81a6ba9bacaf351dae628c47335bb8610a6d1fe72b6bec0d,0,,960,768
SANAS_SOCORRO_131.jpg,val,own_field,declared_by_author,2645a880bcb06d2f1561afa4535a8e0071630299f8b0a7a661ecf6a69bdba7a0,0,,960,768
SANAS_SOCORRO_133.jpg,val,own_field,declared_by_author,9737319e7dc914da99edc61074094e54454dd398060bafe20d488d1c823349f4,0,,960,640
SANAS_SOCORRO_138.jpg,val,own_field,declared_by_author,52c50f4133db9b31a6da54bc37b5ada401acc51af834853484eafa35b1400ea5,0,,960,896
SANAS_SOCORRO_148.jpg,val,own_field,declared_by_author,8239deaada28d6d78fbc7df83087b8f5170b0f1bb68731251866035c1127df3f,0,,704,960
SANAS_SOCORRO_159.jpg,val,own_field,declared_by_author,cfeb20635e36bc1fdeb4a644b490b3a83a72c9ab88d7f07ae8164ff9dd0ba1e3,0,,960,704
SANAS_SOCORRO_163.jpg,val,own_field,declared_by_author,3ab9125049e30a2171c4274537997f2ce49c64d2800fbe48d83779d087261143,0,,576,960
SANAS_SOCORRO_164.jpg,val,own_field,declared_by_author,a03aa9df045e1ea3427a69a808e44e0650d7cb10b398ba17609b8a694ae33cca,0,,704,960
SANAS_SOCORRO_165.jpg,val,own_field,declared_by_author,74353e102c56dbe1b7f50d2fbd1a37ab492a169c2eb6984af091b67c25f3035e,0,,704,960
SANAS_SOCORRO_166.jpg,val,own_field,declared_by_author,9fd135498ae98f9f99227e56a8d3ea4b48658c29a185c4e6d5187afc888d2a8c,0,,960,896
SANAS_SOCORRO_17.jpg,val,own_field,declared_by_author,80c8b41e54aa4c5253fb306639a82375a2f438c55dce325a0c0e5aacb7e608c1,0,,832,960
SANAS_SOCORRO_171.jpg,val,own_field,declared_by_author,f17691284cf9b9ae612b080d422c2d0da0eb23b855884847dc6fde5bcc04c9b1,0,,576,960
SANAS_SOCORRO_172.jpg,val,own_field,declared_by_author,c4fc9205eff816bbd1ec51bdf56b285316a27592317cfce823a6baa648bb1308,0,,832,960
SANAS_SOCORRO_185.jpg,val,own_field,declared_by_author,0eacd7063f88a54798d3553041d2c5441bf20249c09c3caa786459af824e4814,0,,960,960
SANAS_SOCORRO_187.jpg,val,own_field,declared_by_author,1c3a01b7b60e20145d9371df6e89b5ba7532b199bce3b3cd53ce6687b73acc8c,0,,960,768
SANAS_SOCORRO_191.jpg,val,own_field,declared_by_author,e07ba097aed3cec074feac43a45238e7bc4aa6ac8278ea7f4994b44b68fb85ae,0,,960,512
SANAS_SOCORRO_203.jpg,val,own_field,declared_by_author,121598643da001e537c53329b3493d2c8dd2a60fab5350c35182261522a0a9ca,0,,832,960
SANAS_SOCORRO_208.jpg,val,own_field,declared_by_author,3f510b21dfccdcfd3a391b67bef3269fd27f63b1227a653e266ad99176b3c6af,0,,704,960
SANAS_SOCORRO_21.jpg,val,own_field,declared_by_author,3c2f6e7e1bd815272148e712c0d082bdf8d2b8c08eb0cd5911c0984a5d7cc6cb,0,,960,832
SANAS_SOCORRO_214.jpg,val,own_field,declared_by_author,45fc0872e773366fb3cc5cc9dc66b102011b03b7d722e818d1f4cfc6e386a4e8,0,,960,768
SANAS_SOCORRO_215.jpg,val,own_field,declared_by_author,22428c879458118e14191b3b3d12b608d586875c81289fda03180b810af0d8e1,0,,960,704
SANAS_SOCORRO_216.jpg,val,own_field,declared_by_author,8dfda1e026fd78adb5eecb861213ec1f1db1bec421df8aeabb0922fedefef34d,0,,448,960
SANAS_SOCORRO_217.jpg,val,own_field,declared_by_author,7e613624805b4f50d7d03fe3a6bcd2db94378317dde2dd91ed3405b5713cc7c0,0,,896,960
SANAS_SOCORRO_245.jpg,val,own_field,declared_by_author,68eeacc1ef799f6c5132ae08d4c9ef74e13fb955c953e7d43f9fa4ff09e2a174,0,,960,640
SANAS_SOCORRO_252.jpg,val,own_field,declared_by_author,6e8ca8076d57a6aeb7b5f562ea4e65ab518187153a3181813d717529f267de4d,0,,960,768
SANAS_SOCORRO_253.jpg,val,own_field,declared_by_author,2c09c25b22598aea079fe230f46455b60f3a9e7c9531d8f31acadd53ca4cc276,0,,576,960
SANAS_SOCORRO_258.jpg,val,own_field,declared_by_author,0f09e8a0979c482f4c5a27ed8e2747a7eaf2e6ea257c44b355d0e8c72dd2d646,0,,960,832
SANAS_SOCORRO_259.jpg,val,own_field,declared_by_author,6fbad735d8d7e385c92829ba1a9e6562ab35c1d3d02c6cc5795162d4b6cad0f0,0,,960,448
SANAS_SOCORRO_272.jpg,val,own_field,declared_by_author,af73b748aa45a0e802184a2ba7b825812900157137fa4c79b6a6b98248ace260,0,,960,896
SANAS_SOCORRO_274.jpg,val,own_field,declared_by_author,69b529599435e8faf96662a7dd76a43106d0ca72b3f90e62e48267c5b478c7e6,0,,896,960
SANAS_SOCORRO_276.jpg,val,own_field,declared_by_author,f37a0e282b69b4c9c5237895b0a7592540cedbd229cb68295ab5e74c2691f289,0,,704,960
SANAS_SOCORRO_278.jpg,val,own_field,declared_by_author,0b8f53c3da8ec3ae5998b937439e49130c27337f3fb9435dd0f9101490ff57fc,0,,960,576
SANAS_SOCORRO_28.jpg,val,own_field,declared_by_author,86b1513f6be432f1211669e635d72fdb70fa06d5638f9a903433502433cee256,0,,960,704
SANAS_SOCORRO_282.jpg,val,own_field,declared_by_author,76de650088264100da16517cf8dd849179017a94e7c8ebf0ab17f0e536993ca1,0,,576,960
SANAS_SOCORRO_285.jpg,val,own_field,declared_by_author,541e099d70d9020628335393c9e0f6ef806981fa929efa10bf3c3fa3e60934ce,0,,384,960
SANAS_SOCORRO_297.jpg,val,own_field,declared_by_author,d4884832780bc9b3e962906ce46c1a2b57b466b2309ba7be0b1428cdd9275ca7,0,,512,960
SANAS_SOCORRO_300.jpg,val,own_field,declared_by_author,0207cd5297206891d6bfc33a42fbd77a79b30ecfa82622ca88f0320200d946d1,0,,832,960
SANAS_SOCORRO_301.jpg,val,own_field,declared_by_author,7b390e1ff6bb866a8a85af06c8aabd685cabd0c5dbe71e936cced1cf5c374c27,0,,704,960
SANAS_SOCORRO_302.jpg,val,own_field,declared_by_author,2e99337840d019164fb6adaf5c76797667bb63adebdfe6d3b108998785a37f29,0,,448,960
SANAS_SOCORRO_311.jpg,val,own_field,declared_by_author,5aef7b6599601e1406f323cac99171ff9cad466f73073158380f479e89cb997b,0,,576,960
SANAS_SOCORRO_317.jpg,val,own_field,declared_by_author,6697b7baf381f27686f4f1303b9263bcf8c38d33070a3342baa74a6213b95132,0,,640,960
SANAS_SOCORRO_318.jpg,val,own_field,declared_by_author,4437812fe05c8b979b78c92c30eb3689c593b21010b45d8f8994b247fc82b4f3,0,,512,960
SANAS_SOCORRO_319.jpg,val,own_field,declared_by_author,500687605f797e4562b0819f397b7da9997c8fd4c902effeb5bfa51f3b72ff29,0,,512,960
SANAS_SOCORRO_325.jpg,val,own_field,declared_by_author,0ae2c81b76ccc403aa9967fa671122091683e254e60276dbb7cf4600145bfb12,0,,960,704
SANAS_SOCORRO_329.jpg,val,own_field,declared_by_author,101d4fca8882dcffc7bf30b4a1cb4a9a60edcf7dbe9a9f82a340abaffb6c83c6,0,,512,960
SANAS_SOCORRO_332.jpg,val,own_field,declared_by_author,25d84206fc45ae268357655f05c910aafffba687c365db5945f678037533a1dd,0,,704,960
SANAS_SOCORRO_336.jpg,val,own_field,declared_by_author,d629b1cc0b5d1797117b976ac374281c1edb5a0e9c6c66d6679db76c7e907bfb,0,,960,512
SANAS_SOCORRO_342.jpg,val,own_field,declared_by_author,3d5542c98bee685cbc840a8f5d7ed3a8579afe0ea7f1e0fcf9665d4965bfe1aa,0,,448,960
SANAS_SOCORRO_345.jpg,val,own_field,declared_by_author,90a49a2f459408ffa3c83e72c8c007e8acdbdd7b068fdedb0b08dc04f822a724,0,,704,960
SANAS_SOCORRO_346.jpg,val,own_field,declared_by_author,e637c888c8db59da475a3e829ee2f652f3b24786ed30ac31ee8dc3470fe97fac,0,,960,576
SANAS_SOCORRO_352.jpg,val,own_field,declared_by_author,07cb87fc3ee65643353798f5ab6b28db1309c4f50f349d4604ad3ecc98684118,1,1,576,960
SANAS_SOCORRO_356.jpg,val,own_field,declared_by_author,a0c37976a030b944faeaa0e106cb67392fd04503173ec4b8dac0ce5ff68edeae,0,,448,960
SANAS_SOCORRO_358.jpg,val,own_field,declared_by_author,89c02f98da5d6ed503c2d01dd9f4f24bafee22a804852b6fa4b3d19be04672fb,0,,960,704
SANAS_SOCORRO_363.jpg,val,own_field,declared_by_author,d77b12edd77987764206857af60bb9d8531b13f5e55a6fe137f3807387f91d07,0,,960,448
SANAS_SOCORRO_369.jpg,val,own_field,declared_by_author,a440652682e9aac3a4aeae8eb83a9e2c3e000ef24d43fd40782dd0b41dc2e869,0,,960,512
SANAS_SOCORRO_370.jpg,val,own_field,declared_by_author,5e38d5290558e8e64b31b5642ae1b16a58204ef1bac1c74816bf7241bb31aac5,0,,640,960
SANAS_SOCORRO_378.jpg,val,own_field,declared_by_author,cbaf92c8a863de8be5d23bd6ea2af5cf7c2b986432030c7d4bc18ce02f775aa1,0,,960,704
SANAS_SOCORRO_384.jpg,val,own_field,declared_by_author,f71e8824ea2584d16d760fc7dfc044af8a1a1cfb3756a862cded1aa054b01cc5,0,,448,960
SANAS_SOCORRO_386.jpg,val,own_field,declared_by_author,6ad47bcc1201ccf62b18aaf4f1117503c8c89457a6facf061d2e3361ce2d31d5,0,,640,960
SANAS_SOCORRO_390.jpg,val,own_field,declared_by_author,c946aa267f9fff5c513071596fc64f465f83a5d8ddd6fea1d763bb7143633164,0,,960,512
SANAS_SOCORRO_40.jpg,val,own_field,declared_by_author,859d13b19fe4525989db67b866020cf565757b06b13ec8afd70d4ba7ee4e640c,0,,704,960
SANAS_SOCORRO_403.jpg,val,own_field,declared_by_author,9ef4f4a1b7091c2c07afd2f47ab869d334631d2bf9ecb94b7de5b02564a63e32,0,,704,960
SANAS_SOCORRO_406.jpg,val,own_field,declared_by_author,6180961cfa7109b0b15d14feb04fe1154f0dfc35d3fea8a8bba5ab1c8f0cb74c,0,,576,960
SANAS_SOCORRO_408.jpg,val,own_field,declared_by_author,ffaca20b4a05a7745f5319ac678ed478771b435d984cb4931b8af8bc73202e77,0,,960,576
SANAS_SOCORRO_409.jpg,val,own_field,declared_by_author,42ba1a3bf2abee7062e423e0e979d8e5f61864569ddb7e09ccf25360d00d8e20,0,,960,640
SANAS_SOCORRO_413.jpg,val,own_field,declared_by_author,46eb84601adac6a1f3337b46a7f80235801d6f20d7ff11c0a5a76a41eb1ea415,0,,576,960
SANAS_SOCORRO_416.jpg,val,own_field,declared_by_author,717096573be1eaad8a8ff762879f69cecd3a759318cca4e3ee3d58016541c8fa,0,,704,960
SANAS_SOCORRO_418.jpg,val,own_field,declared_by_author,bb7bc00f2a712e74edbea5c910bd817f6f45af27e47a4c796948dd788373ff51,0,,960,832
SANAS_SOCORRO_422.jpg,val,own_field,declared_by_author,3816b6528690a19309e72a01de2cb1543dd9fbb9765b8f4c774f1c1af0401764,0,,960,576
SANAS_SOCORRO_423.jpg,val,own_field,declared_by_author,486be247ed729eb98a470978ad9e813343f414d6cf248f233a66f8ba39d49d3c,0,,960,640
SANAS_SOCORRO_424.jpg,val,own_field,declared_by_author,c409721212dc34094b0b6d2fab2efa43aaf2192fc8f3796e7e94fc3b022a5079,0,,704,960
SANAS_SOCORRO_426.jpg,val,own_field,declared_by_author,073bbf39b1094e01f2258f9979336dbcf6563e895d2dcf5d4ec7a63dcb392229,0,,704,960
SANAS_SOCORRO_44.jpg,val,own_field,declared_by_author,57066e4935a7c667f6fb1d2b9cfe2c77fe80d66144efd9e9148ac4548dac2473,0,,960,704
SANAS_SOCORRO_442.jpg,val,own_field,declared_by_author,356ba9b4389a4233bdcf7b4199a7d83093cf91da57013f5ece775b49d4bf9490,0,,448,960
SANAS_SOCORRO_445.jpg,val,own_field,declared_by_author,75c8e015c370c92a42a5aee9a21690fe14dd498165950638b82ae5a123b8c4b4,0,,960,448
SANAS_SOCORRO_457.jpg,val,own_field,declared_by_author,bf9a1ac89cda5f53b2e10698ddbcc9719eaa07dddc44552461eaa802735fd3f3,0,,448,960
SANAS_SOCORRO_476.jpg,val,own_field,declared_by_author,2faff18400533d49afc36a75f4e26c1009845ae75aa796ca965eecfbc80d8e3a,0,,960,704
SANAS_SOCORRO_480.jpg,val,own_field,declared_by_author,cf7a03697ad5e99d9f1f7c930001e21ca604e72293c30dc548fca946b2890226,0,,960,640
SANAS_SOCORRO_485.jpg,val,own_field,declared_by_author,34ff9d47a46594160fe6d4ec7313ba1639ae2fe0ef3a00bd37f142b38aa9e96d,0,,960,512
SANAS_SOCORRO_494.jpg,val,own_field,declared_by_author,49aa42537e181050cb8c6714a47363ca7e50ce620f649adda19254cf14cacbd7,0,,512,960
SANAS_SOCORRO_514.jpg,val,own_field,declared_by_author,93a61cc4e09127179221fd09e70ed8beb183f2bab12d6e164a41436546b4a2df,0,,320,960
SANAS_SOCORRO_52.jpg,val,own_field,declared_by_author,dda7d3eda587b2dd6da4c6eca3e5ef9edfa196c9ced94d0feaa59897b3aafb37,0,,576,960
SANAS_SOCORRO_65.jpg,val,own_field,declared_by_author,49cf3368ed168a51d7f4848bfb2fab64620ec4d2366e2c24331c7dab17574c06,0,,448,960
SANAS_SOCORRO_66.jpg,val,own_field,declared_by_author,a6671b953c6b46e5e695a7ccf23d8ccde16e2701c3cc06de284a7f35eb73b4e7,0,,640,960
SANAS_SOCORRO_7.jpg,val,own_field,declared_by_author,624cc79d859415a2728666d7ade7e83fb6d8726b37d067057e7accd7f62d7154,0,,960,576
SANAS_SOCORRO_74.jpg,val,own_field,declared_by_author,3742d6a47068d21168f8c7c3d85ac6423c2c31d6335116f136f37635dc0d1d7a,0,,704,960
SANAS_SOCORRO_77.jpg,val,own_field,declared_by_author,90fe099650c313cc6ab44a923020e92254396418cb391b8badac7b62db8119c4,0,,448,960
SANAS_SOCORRO_79.jpg,val,own_field,declared_by_author,7aa36bac16d49fa72be3483cc2a0399fd24774ec18c7b955dcf8c5c73d68c23d,0,,448,960
SANAS_SOCORRO_81.jpg,val,own_field,declared_by_author,d4b96ae6cd96d112f78bbdb769b7c093d1cfdd04fe5bdf507409660748e4ea4d,0,,448,960
SANAS_SOCORRO_87.jpg,val,own_field,declared_by_author,bd263b6ce18d75e7ad6f36ae983e5504817e9bb03a3e074b33b973b9dc0a3e8e,0,,640,960
SANAS_SOCORRO_96.jpg,val,own_field,declared_by_author,98a5182ba7846cf1dd354650aa2c7ec60fcc6ccd9913b2f76e6902338ef7c8d8,0,,960,832
COCO_M_A_10.jpg,test,own_field,declared_by_author,089ee85e6440faff75c346e24fdb9e18cfb4deec65a495f0304b80b673b01e75,9,1,704,960
COCO_M_A_21.jpg,test,own_field,declared_by_author,9803101014dc72ae6b54c2436c0f4c56207f925b09967458d909d46929f6dbf9,12,1,640,960
COCO_M_A_23.jpg,test,own_field,declared_by_author,d94dfe8a35b26fd1075ed7db066d886cc1c5b0d1c70b408d62cd8aebf81f060b,14,1,960,448
COCO_M_A_30.jpg,test,own_field,declared_by_author,939de69b5c29feb0fe1e60918aa9de6d44ac4bb95bc92b8688ec63532aee9c99,12,0;1,512,960
COCO_M_A_44.jpg,test,own_field,declared_by_author,00eb842e00852879c98d061daf5a42dd60624fed4ad1dcd3955a6f49c5a23c72,13,1,960,512
COCO_M_A_46.jpg,test,own_field,declared_by_author,caf0078f037aeddf75a85f52745761c041f128ab14d4af2cd658e7cbe13a9c07,12,1,512,960
COCO_M_A_56.jpg,test,own_field,declared_by_author,5c0dbc8a9b2e85945f186bf937d926259f4132e70a494decf78054004a5ee08d,13,1,960,448
COCO_M_A_71.jpg,test,own_field,declared_by_author,131986ddaa41ef16b45fe69a6488f6d1f0fddbb33037b30c9ca38f548f9e1cf1,14,0;1,960,512
COCO_M_A_9.jpg,test,own_field,declared_by_author,765d12c8cc66fff65b7e8f8acb7c638accc572f6159ba56a68a67dc004385c25,13,1,960,448
COCO_M_A_93.jpg,test,own_field,declared_by_author,870b99604d6545ff3c169386dca26f9656821da4a8ef9c270af981bfd1d6229b,17,0;1,576,960
COCO_M_A_99.jpg,test,own_field,declared_by_author,a0217199cc4aca2bcedef01761376cf68854bca798bbfb2a90833cc5b6f69bb3,17,0;1,512,960
COCO_Muy_A_1.jpg,test,own_field,declared_by_author,11ff65cc823c67aa48fba85d3c9acba5e5e452bf4f171eb79abe6abfcbfcd66b,34,0;1,960,640
COCO_Muy_A_10.jpg,test,own_field,declared_by_author,263cea076b73ed1433cef8c9636ff261f83ad11d1d7374726bac9e7903bb4fda,17,1,960,640
COCO_Muy_A_100.jpg,test,own_field,declared_by_author,da1fd733c5902ad54b142a819b484d6da85fdb59848181717bfb3377a8e26704,43,0;1,576,960
COCO_Muy_A_110.jpg,test,own_field,declared_by_author,8f0986c97278ae005e474585f8ed79055cc471ac0ed26b6a13de91c8af776241,21,0;1,576,960
COCO_Muy_A_71.jpg,test,own_field,declared_by_author,bb42f7390bc8e1fc8a64c2a954c65b5c94beaee1917c63ab256ff23f1a1874e8,15,1,960,576
COCO_Muy_A_77.jpg,test,own_field,declared_by_author,14fc0a8ba8911bf84c6c1fcb897fdee65280d5b7abb3e6951fba556299e6c791,27,1,576,960
COCO_Muy_A_9.jpg,test,own_field,declared_by_author,8fa61b8a9f0b8727d90b249e0908a2abd4cdde7a82fa4875a9b4edda4255728c,20,1,512,960
COCO_Muy_A_99.jpg,test,own_field,declared_by_author,13745b3960b4d5a4cf897784194dc5c3fde0d5dabc4e8a2949438b94bb6513ac,36,1,512,960
COCO_P_A_20.jpg,test,own_field,declared_by_author,781332be073f719208dfa70dc79987339ed29eacf13d4dc069a38794a3d73297,14,0;1,960,512
COCO_P_A_22.jpg,test,own_field,declared_by_author,bf9b13fa697630a134fb5cb807b99c9353e8cb31c93757801236eaa844cf1dca,5,1,960,704
COCO_P_A_24.jpg,test,own_field,declared_by_author,d013324f558061dc3953ff5abf3d747676ee8e896c4a335b061db20a3c877e00,2,1,960,640
COCO_P_A_34.jpg,test,own_field,declared_by_author,1efe449b0cc707ac684c96371d041d97d542c4c36ad745ea129efca04f45683b,5,1,960,640
COCO_P_A_38.jpg,test,own_field,declared_by_author,229e36ee8826b73542fff403b40526d85818368b8fc8f7c2f600ff3b0c66aefa,6,1,768,960
COCO_P_A_4.jpg,test,own_field,declared_by_author,b0e4a8ed695521c00111cf5493897a0001c66434575ed446eafc66290515b128,6,0;1,960,576
COCO_P_A_40.jpg,test,own_field,declared_by_author,90b02eec467191291970a0bec68731725553d0aeb74440947fbecd02ee56ea21,9,1,576,960
COCO_P_A_46.jpg,test,own_field,declared_by_author,7c3daea9ba2993075c8766b3094efa6f547614c42beaa98165433aaf8d7809bd,3,1,960,512
COCO_P_A_61.jpg,test,own_field,declared_by_author,41aaa234b59f647e1e895ae2cd204451757a95a7a9e8c08b89dbe1847a907032,13,1,960,512
COCO_RECORTE_115.jpg,test,own_field,declared_by_author,b7664a681f0a3d307c0300223c0bc533a7dce46987912818198ff8c6674d2172,8,1,512,448
COCO_RECORTE_119.jpg,test,own_field,declared_by_author,962ca75935b32977a42c27490f42657f44e2f168a6da9289b059458558d00cac,7,1,512,320
COCO_RECORTE_122.jpg,test,own_field,declared_by_author,2dfefe6e67d6252f763f7a0b634bfe9e9672e818e956c29f25c700ee01497130,16,1,512,320
COCO_RECORTE_129.jpg,test,own_field,declared_by_author,765204e695fb03ac24cf5d137427ab2c4f2d8afae7f443a19fbcf1124146b863,4,1,512,384
COCO_RECORTE_136.jpg,test,own_field,declared_by_author,065536425a7cd75f45da2282f95cc252faceeca0dcdea6eb05bb2e5d0a06468a,7,1,512,384
COCO_RECORTE_138.jpg,test,own_field,declared_by_author,931940f26bbad6f2b3ab6c2d549727185ad4d1c865143dc66d63683741e26625,3,1,512,384
COCO_RECORTE_151.jpg,test,own_field,declared_by_author,62c5514b9bda3ae41ff523bfe9846742214c48c8d5b4668656245724af055864,6,1,448,512
COCO_RECORTE_17.jpg,test,own_field,declared_by_author,ab9dc0f8e60bdde6799c9c61cdf01b4684bf0ed910d7f01aaf60b13181efa1a0,4,1,384,512
COCO_RECORTE_21.jpg,test,own_field,declared_by_author,906981d44f254aa9bc34593b6ead294381341e5acde71a865d75b221c381549e,5,1,384,512
COCO_RECORTE_24.jpg,test,own_field,declared_by_author,da6de36919c97a27630a2956f0239947f89cdb95ab853d2a76d90c5459379f16,5,1,512,320
COCO_RECORTE_43.jpg,test,own_field,declared_by_author,7b145c5f721d57ce125c1723f5c2214a50a4db7ebe6399d693fdbab16a1ad51c,3,1,512,256
COCO_RECORTE_65.jpg,test,own_field,declared_by_author,f94051ea1c0d58e644e906b3c3242e6f4f37281aa4d9332d72240f8b6035a58b,2,1,448,512
COCO_RECORTE_91.jpg,test,own_field,declared_by_author,b188e18ff653190520ee7b5930e676c82579c7555e413469b15ba1293b399c66,3,1,512,320
COCO_RECORTE_93.jpg,test,own_field,declared_by_author,5e3b5157b069dcbef01e4caa5628e6ddff9d817d7b7dc00697d5b12e32aee8d9,4,1,512,512
COCO_RECORTE_96.jpg,test,own_field,declared_by_author,795db40901793304e427a2510430ad4de65311b73ce2cdbf9eae24c1688a2279,11,1,512,320
COCO_RECORTE_99.jpg,test,own_field,declared_by_author,687ef9bede91bed95758ed71d07a822dd618c3dd1e5f6648d59e78c5c6203cc1,6,1,512,448
MINADO_RECORTES_10.jpg,test,rust_and_leaf_miner,declared_by_author,c8446c08aa12c9108e48526acd0580fb7ab4700815e25a3b62b814015d7c1826,3,3,521,464
MINADO_RECORTES_106.jpg,test,rust_and_leaf_miner,declared_by_author,e1381daaaaf2e839655249bccd3be06f4584b416031d205fb0f0c297606a2f1f,3,3,682,561
MINADO_RECORTES_123.jpg,test,rust_and_leaf_miner,declared_by_author,0401f0d6cb57123efd4169ddaaa3829e92e1f604dacfb6b896465427d37531b9,7,3,376,831
MINADO_RECORTES_13.jpg,test,rust_and_leaf_miner,declared_by_author,f47f5742b1b268de38dbc74832e799eb90ba88013715f12d87e0cf7ebe12f448,5,3,611,536
MINADO_RECORTES_18.jpg,test,rust_and_leaf_miner,declared_by_author,c8e9ecbc847f68d69bb9d0e220e08e71ef28c08bb3410dd82c42fa69bb509977,3,3,537,257
MINADO_RECORTES_21.jpg,test,rust_and_leaf_miner,declared_by_author,4d08db3a742176d25b8fe9dcd332a4a340b42bda87cee4ba0f408c33fec978df,4,3,664,482
MINADO_RECORTES_28.jpg,test,rust_and_leaf_miner,declared_by_author,6fc5c8c9c92f3b053c666f9cd1de6d6c7c40960d465c6da79a2d8d817d4a73e7,3,3,643,509
MINADO_RECORTES_3.jpg,test,rust_and_leaf_miner,declared_by_author,53a02f7ca4820f8add2fdfb06d24252673556e15ca3cc5ad536b8bc92211d802,4,3,668,423
MINADO_RECORTES_32.jpg,test,rust_and_leaf_miner,declared_by_author,4535a67a33868107eb4322878d6c246bf8649ee3572e625f1d69cab4b01c989c,5,3,863,396
MINADO_RECORTES_42.jpg,test,rust_and_leaf_miner,declared_by_author,719a1f5f119be8abca9737ecac2d3e60a083bf8417a2d86c060f3ceddf09b497,2,3,453,343
MINADO_RECORTES_47.jpg,test,rust_and_leaf_miner,declared_by_author,8ad96a4d903bfb49efebb7b9d46b34c027dff9f0bc589d255d9de75f69e1ff33,2,3,618,614
MINADO_RECORTES_69.jpg,test,rust_and_leaf_miner,declared_by_author,a12e6edead312f28f762d488f0de39359a2d66b9b7607ad7d91e7fc61f6ed07e,2,3,628,472
MINADO_RECORTES_74.jpg,test,rust_and_leaf_miner,declared_by_author,01a226e03b5769b279667072dc15e626961d336fd6cb34752ceee1ac8ac9763a,3,3,727,580
MINADO_RECORTES_89.jpg,test,rust_and_leaf_miner,declared_by_author,ee39d96663520b7bb0819df7ee1980e46dba105ef126817ba04b04cbb454cd1b,2,3,464,534
MINADOR_30.jpg,test,rust_and_leaf_miner,declared_by_author,fe356b23aba9c2984e8363b8294e51683fa1f93e64f78a9942c483b19d698179,9,3,512,960
MINADOR_39.jpg,test,rust_and_leaf_miner,declared_by_author,d6eec8f107bb22ba5587ccefc69aa2ba99d5ee9759471c06f63be5ca40b2165d,12,0;3,960,512
MINADOR_47.jpg,test,rust_and_leaf_miner,declared_by_author,3c33ac8155821c463625d89b48836f0329c4286538891e912feeb2c6b0bb7951,8,3,960,512
MINADOR_6.jpg,test,rust_and_leaf_miner,declared_by_author,063e5d9732de67cadfb757dcf003cdf9ad636a480c3388775944d87df763e472,3,0;3,960,512
MINEIRO_100.jpg,test,rust_and_leaf_miner,declared_by_author,80c5e72c1a835e933583d23ff214b230a28eb606cc0af53e7b3138924140ba9b,6,3,960,512
MINEIRO_129.jpg,test,rust_and_leaf_miner,declared_by_author,8bfafb1c75d293d75ce8d62d3314486626b64bc2fafb51c3a58bbce98d454ad3,11,3,960,512
MINEIRO_13.jpg,test,rust_and_leaf_miner,declared_by_author,413276975038adb1ae10cf9d6fa32ca1dc60f1bb288fe5ae96ba189129ea322d,2,3,832,960
MINEIRO_139.jpg,test,rust_and_leaf_miner,declared_by_author,131e14222f7246b0e4e7ad351e9ebd2cc2428d9c9ba890ba352e255931cf576c,9,3,512,960
MINEIRO_141.jpg,test,rust_and_leaf_miner,declared_by_author,cfb3fcc98289508a8d5d694c8c5c3093327e8fff812b5e09fb6f538553b1fc7b,12,3,960,576
MINEIRO_148.jpg,test,rust_and_leaf_miner,declared_by_author,0fb6089e1ec7e63d574253eeebe3aa777d87ccc64c201a38ea1d4150bced38a5,6,3,960,512
MINEIRO_149.jpg,test,rust_and_leaf_miner,declared_by_author,efa48e6530adedb51bcd9ded894fefdb462e6d885e0416227de8f0e2169c29de,10,3,512,960
MINEIRO_15.jpg,test,rust_and_leaf_miner,declared_by_author,8223b996d564e6c461545868f8bdcceca0f742dfc8b41554881df8433fd946f0,9,3,448,960
MINEIRO_152.jpg,test,rust_and_leaf_miner,declared_by_author,23fe40b2758341fad8a64a0f921b82227d314782a9bcbb0abd83cc7e5f84120d,3,0;3,960,448
MINEIRO_159.jpg,test,rust_and_leaf_miner,declared_by_author,1e823e8849ece2871f0dc4fdef18c25bb66e53f8af181f59653852fa54fd6da9,3,0;3,448,960
MINEIRO_165.jpg,test,rust_and_leaf_miner,declared_by_author,2e2aba549213364d6598342bb265f1455692bcf9ffc2daf3ceb82344d156b1ed,4,3,448,960
MINEIRO_174.jpg,test,rust_and_leaf_miner,declared_by_author,f156e2fa0257743016aa034d1a45d3e3cf442a1835b8b09dda4c9cbdacdcb572,7,3,512,960
MINEIRO_18.jpg,test,rust_and_leaf_miner,declared_by_author,0ceca0a6abe344faf2d2c5a962a07d183cdbe2e946c0e099b9dc0dd6d57a3ea2,7,3,960,512
MINEIRO_2.jpg,test,rust_and_leaf_miner,declared_by_author,2731c80cabdf3eb40944e22e530ed5667427d165224ab534aeda8d4b25a4c628,9,3,960,512
MINEIRO_23.jpg,test,rust_and_leaf_miner,declared_by_author,72eb26e55c0749d0561c265b5ece8408e196f0b0515c7b83b8aeb3adc8e6bdb3,9,3,960,512
MINEIRO_40.jpg,test,rust_and_leaf_miner,declared_by_author,ba245d5bd7ee4e2273777d8101503cb984c7883ecf3a0d86fe2a65697fdca343,4,3,448,960
MINEIRO_43.jpg,test,rust_and_leaf_miner,declared_by_author,68f56ae8458c35f20696a6c4ce24ca810b86e10828f60f034ec91f718d54ef54,4,3,960,512
MINEIRO_44.jpg,test,rust_and_leaf_miner,declared_by_author,115eefaebe6656a179b6cfa33529563cdd678dee65b49cab73c4d930fa7e3cb5,10,3,960,512
MINEIRO_45.jpg,test,rust_and_leaf_miner,declared_by_author,15ee9af6934d640cd06c678879311435c7b6f8e90b37cbc6f457e0e740ea7e04,5,3,512,960
MINEIRO_47.jpg,test,rust_and_leaf_miner,declared_by_author,5b978cf58e7e16a7c6ced6c8ac1bfaf28b5459a3818c8931a546ba38c49d5aa8,6,3,960,512
MINEIRO_67.jpg,test,rust_and_leaf_miner,declared_by_author,65fc6c51cb8808159b0b7a26a148ffe6240a41c01094bc36daffd0041b4e1adc,5,3,512,960
MINEIRO_71.jpg,test,rust_and_leaf_miner,declared_by_author,cd035a6789d4fead29bcc9b3c176a8d60999e557c3744b7c5b0fac52ff5bdd67,10,3,960,512
MINEIRO_79.jpg,test,rust_and_leaf_miner,declared_by_author,0ef48dbeec002329b73f87490d048a69a931451dbee8502ac4d7c3f4da917fc6,5,3,448,960
MINEIRO_81.jpg,test,rust_and_leaf_miner,declared_by_author,cf5ce5088e9b38091ea1b4812473e34b306d1de378bca701e145fadb3a24040e,7,3,512,960
MINEIRO_88.jpg,test,rust_and_leaf_miner,declared_by_author,eacc152d39ec99bcf0eee3c5a3f096c654a543dd4d986401cacb19246377eaf4,7,3,960,512
ROYA_FONDO_16.jpg,test,rust_and_leaf_miner,declared_by_author,c312bd83615aa7547bbee7162b664c82c02a2777815b2e24a579dc6cdc7aa42c,12,0,512,960
ROYA_FONDO_2.jpg,test,rust_and_leaf_miner,declared_by_author,4f831394c45fe46ebc08ddb1dee1e6102cbe1779c27d2a1da0bb3c5a00718b65,18,0,576,960
ROYA_FONDO_24.jpg,test,rust_and_leaf_miner,declared_by_author,c9e82b22699b8b2f5b1e8f786854c558b6965dca2353ac355af8d5f1cdbdf653,10,0,512,960
ROYA_FONDO_28.jpg,test,rust_and_leaf_miner,declared_by_author,5e8acf5d83078f1e8b57f57f6c26dc078cf8fdb0756f2c6750e0c1ae5e201c2b,28,0,640,960
ROYA_FONDO_30.jpg,test,rust_and_leaf_miner,declared_by_author,b79a1aec2f8d0fd4efd2c3a4ab11ae2e3d10903071e71102dd35163532d006f3,11,0,960,512
ROYA_FONDO_38.jpg,test,rust_and_leaf_miner,declared_by_author,5012faf55530673285814e70d09e49d08a6621175db095983c28bf94c5785644,2,0,576,960
ROYA_FONDO_39.jpg,test,rust_and_leaf_miner,declared_by_author,26b5e213e074bfa7e30e8e6e51d21a64f3663a635b72c920a7903e10b4245ccd,5,0,960,448
ROYA_FONDO_49.jpg,test,rust_and_leaf_miner,declared_by_author,2947f4deb938c7c3c9eb2c84d8c9fbbadccf49e16accac70d3cb5d56f00437ff,1,0,512,960
ROYA_FONDO_58.jpg,test,rust_and_leaf_miner,declared_by_author,22c20687ad0442ac35ba4c9f0a7c13d969d8c4d54512eb938c205bb133076875,17,0;3,960,512
ROYA_FONDO_73.jpg,test,rust_and_leaf_miner,declared_by_author,43da542c5ac99ecaf3209dea42a8512a36235c7411e0b9add2c32d67274fa614,6,0,512,960
ROYA_FONDO_93.jpg,test,rust_and_leaf_miner,declared_by_author,aa4809b059f12406b7bf3010b08e348c43676443c275434fbf6c13eb2642396f,3,0,640,960
ROYA_MA_16.jpg,test,own_field,declared_by_author,07a83a37e9b5714411a3ec0f8bf2abef4afcaf4aa6ca0519de2ebc8d643845b3,5,0,960,512
ROYA_MA_26.jpg,test,own_field,declared_by_author,74dd583d816ba1bd9814c847e29a7bd45a79f85b648e1ce0f07160b1773c281e,32,0;1,640,960
ROYA_MA_37.jpg,test,own_field,declared_by_author,1852ddb51d8640b3c96fc199d839207abd5536d5880754f3ec3c41bf08e4e1c5,22,0,960,512
ROYA_MA_44.jpg,test,own_field,declared_by_author,62a62bbb3e2c0e8d4e1101da8728540515864f947280e50d4085bbfb8b47855f,21,0,960,704
ROYA_MA_48.jpg,test,own_field,declared_by_author,6752031f4a18db3ab6974756db8b06ab18deda67a3705dd7aaebbfc5424f288d,21,0,320,960
ROYA_MA_49.jpg,test,own_field,declared_by_author,3b4542ea48bb6372afd5cb4d305dd3028bd467b559462a839b8ba64ed3f08a44,44,0,832,960
ROYA_Muy_A_21.jpg,test,own_field,declared_by_author,16c22f760beda8f68dc186fece8369f75b087780721c4ecbab2f387a425b3cdd,16,0,960,512
ROYA_Muy_A_26.jpg,test,own_field,declared_by_author,a35ba9be722106d860324b3555b31d617df6444683a9bb4e9df62874209b4188,18,0,960,576
ROYA_Muy_A_28.jpg,test,own_field,declared_by_author,71d058a37ad6ca196c20bfe3a360bc9a9e4253f4c1626f7c90cb1084f4599fea,41,0,960,704
ROYA_Muy_A_29.jpg,test,own_field,declared_by_author,7a947b1a774bc4bf41df71bc0628a24045d0a095b0b1bdb92e05dfd06cf0a4c8,16,0,960,512
ROYA_P_A_12.jpg,test,own_field,declared_by_author,970a4f0fe7c9b54bda7ecbb2c3bf4399730877b28cbb40b9daa0dba8b9638654,8,0,960,512
ROYA_P_A_23.jpg,test,own_field,declared_by_author,7519ab523db7c5eaa79dbd4408b0b07911f97fc4216b45239867da82ac5002b8,16,0,576,960
ROYA_P_A_49.jpg,test,own_field,declared_by_author,5128bf45fb3098c5c2a3e426cbc5bb2b6d4ee30fdf1b980ee8d75ebaaeaaabc6,19,0,576,960
ROYA_P_A_5.jpg,test,own_field,declared_by_author,4115397336a533ff9f613582a1eba8ff949ef4afae7145136c9e64a3e2d7503d,17,0,448,960
ROYA_P_A_51.jpg,test,own_field,declared_by_author,f8c377b2cff44afb6e515dd9c95247c11dc11b584a6a448169032a45583df410,12,0;1,512,960
ROYA_P_A_6.jpg,test,own_field,declared_by_author,8e46150b3ce412b2fc83d53a197fa4eb5a60023abf4353c143b7c9a086793f58,8,0;1,448,960
ROYA_P_A_8.jpg,test,own_field,declared_by_author,562a5c38780abdd1ab63b1cdce881f6703c8e03c697a7e85483bb0fc5ea06c6a,11,0,960,448
ROYA_RECORTES_108.jpg,test,rust_and_leaf_miner,declared_by_author,13900d7096e4da29c99f0dc748461b7174e37638369e2c42c37a8c15baddaa85,9,0,960,704
ROYA_RECORTES_109.jpg,test,rust_and_leaf_miner,declared_by_author,36186b8554fca20a82dbf8132a17ba8e3e3510adeeaa79cdadf5051b8a8b1604,6,0,960,512
ROYA_RECORTES_13.jpg,test,rust_and_leaf_miner,declared_by_author,9c2eef474d828e8e748a2924e4ed47da6a24010a6dbf51b2ffe3dcc38c6116d1,5,0,960,448
ROYA_RECORTES_32.jpg,test,rust_and_leaf_miner,declared_by_author,fb8b82a43977debbb87d5cbccf71116d5791ad8328e1dab5ce382ac98c9ced44,3,0,960,704
ROYA_RECORTES_37.jpg,test,rust_and_leaf_miner,declared_by_author,bfabf197233f0de50250a465f71c9d4965fec04bcc20417ba784d33f3d08f66b,5,0,960,768
ROYA_RECORTES_50.jpg,test,rust_and_leaf_miner,declared_by_author,b51425ea0983bcaa96bcb36afaad42bd7728dd4b29a9740d4c5a3c393cc70713,4,0,960,640
ROYA_RECORTES_54.jpg,test,rust_and_leaf_miner,declared_by_author,e14e3c296caf9a1f5157da42ab4057a7fc2c9f233909d4b5180dc0a455767e79,4,0,960,960
ROYA_RECORTES_55.jpg,test,rust_and_leaf_miner,declared_by_author,9f7154fe3d32625b4165c9f6d9b95aaacf53273b96fb4913b56945a1612c5efb,4,0,832,960
ROYA_RECORTES_66.jpg,test,rust_and_leaf_miner,declared_by_author,161aa55c7c9a07cfcffc8e111ffc821eeea9bdc69e14f3fc8d782555173a3937,4,0,960,704
ROYA_RECORTES_8.jpg,test,rust_and_leaf_miner,declared_by_author,1d9aa4b60566a332b81298592aff5cd049ce277d4e1d75a0a144398b9cded014,13,0,960,512
ROYA_RECORTES_85.jpg,test,rust_and_leaf_miner,declared_by_author,72300d14f2e1f7ebf48597aa66980b19b5b9b7f950cbad608ea87fa8b495040b,7,0,960,576
SANAS_NUEVAS_106.jpg,test,own_field,declared_by_author,2a308940352afdd776c1121c7980c88a1554f61953059ea764f22fe0db919a0b,0,,960,512
SANAS_NUEVAS_107.jpg,test,own_field,declared_by_author,4e2530c8f106dee32156d73655cd89029db41a81f5c3ad045ce485c7876da465,0,,640,960
SANAS_NUEVAS_121.jpg,test,own_field,declared_by_author,e37e1532448352458e04a9e6336fbdb93f6948024c81bcf40f8ebbd6815aff05,0,,960,576
SANAS_NUEVAS_122.jpg,test,own_field,declared_by_author,1331188dd1312b1b25882ad5d7089b8e91f390261d5de6dd8cf9e80e273b5aa7,0,,704,960
SANAS_NUEVAS_131.jpg,test,own_field,declared_by_author,8ba11fd321159ea7dffb8642a6e075462562d589675f3186393b4717554e5dbc,0,,960,576
SANAS_NUEVAS_147.jpg,test,own_field,declared_by_author,f8e36cf69dbfcf6cd0a48822081802542a7b3f57acf4b0b30aebf5a1d9309a56,0,,960,640
SANAS_NUEVAS_156.jpg,test,own_field,declared_by_author,39bdac0aa184bf0fcf24fcd4790a8ac7f07475092ad0ddefa707e4409c80ee13,0,,640,960
SANAS_NUEVAS_172.jpg,test,own_field,declared_by_author,cd29ee556a734462ab2d2c5e728264696289b5f3aa1baec697de07aa7e96ad53,0,,896,960
SANAS_NUEVAS_173.jpg,test,own_field,declared_by_author,f7b44ee55c35bdc1b9913767f0a6acd6017c7784e1e602139679ac8f4014edc0,0,,640,960
SANAS_NUEVAS_174.jpg,test,own_field,declared_by_author,440368953f10bdc62080c178c7e91d9aec4ce24bfed60869ab76e9e5d73fcc79,0,,640,960
SANAS_NUEVAS_178.jpg,test,own_field,declared_by_author,242c8a76698c2020f9d712d18ea24e95462dab37deaeefaeda08a1793b031626,1,0,960,640
SANAS_NUEVAS_184.jpg,test,own_field,declared_by_author,a36b0e0b51ca36628e7eb3e51926c5d84bf4f9756803fe038a48ee9d94d8e247,2,0,960,704
SANAS_NUEVAS_209.jpg,test,own_field,declared_by_author,1146d30c44bdbaa2760a03bd5ab2829cb67cc8caa6082741b176cedbf8bb5ac4,0,,768,960
SANAS_NUEVAS_212.jpg,test,own_field,declared_by_author,3700f6b562e7fabba4f97255881a3f4bc9da1b62d00ef1b3cabc2ca86fbc4482,0,,960,704
SANAS_NUEVAS_214.jpg,test,own_field,declared_by_author,5afc0409c0e5129a86733eec333a378ac866f434ffd03ec32c94131c4d357a60,0,,960,512
SANAS_NUEVAS_23.jpg,test,own_field,declared_by_author,37f5ae820c6fc929c0e0808480d29aa7e60470e11be2fd52e1a9a0d831c930c8,0,,768,960
SANAS_NUEVAS_230.jpg,test,own_field,declared_by_author,6b6e9a5a5c51f0e5c15f88730d2841f01a13275a365d19db4b814cf02a54d88c,0,,768,960
SANAS_NUEVAS_239.jpg,test,own_field,declared_by_author,f47ca054d57b7e1b45bb72c88c45e19ca6899dee25cb9eca31e7a1486c2aceb4,2,0,576,960
SANAS_NUEVAS_250.jpg,test,own_field,declared_by_author,51a873fd7534afd9133ebd3ad7ae25eab8c2b19256b60d0c1c0ab916c65399f3,0,,640,960
SANAS_NUEVAS_257.jpg,test,own_field,declared_by_author,25a44b840fe58c7dcc1f4323e0105390a5cb26afb4b7deea0732540af52b9fc5,0,,832,960
SANAS_NUEVAS_269.jpg,test,own_field,declared_by_author,a61397cdd9ddb35e248d1184bd21645182621e5ba50c7943abc9afef118b0990,1,1,704,960
SANAS_NUEVAS_270.jpg,test,own_field,declared_by_author,6c54034c3556d070d272b22b3cf344957c1f59787de03b25b4eee2580a940ead,1,1,960,896
SANAS_NUEVAS_289.jpg,test,own_field,declared_by_author,948fa1b3340fc50f6835def83bcf51d535fbd068fe8fbbb6bdd626cdc75f5ad9,1,0,960,832
SANAS_NUEVAS_297.jpg,test,own_field,declared_by_author,c9237127aadb41f8922347d8bca9f868488e66abc99eb6e42ab73dd960983e63,0,,896,960
SANAS_NUEVAS_307.jpg,test,own_field,declared_by_author,3de0c2deee0bbb5f3d1f58ea22a8e5e5cb42412f9a22ab62590a39e358d92689,0,,896,960
SANAS_NUEVAS_308.jpg,test,own_field,declared_by_author,534afeb78fd7e176feeb7faa46244cf2ba12a32477f3dbbd78558d5fcf394b3b,0,,960,640
SANAS_NUEVAS_31.jpg,test,own_field,declared_by_author,f95b68e7432ddf385b13cd8f92860e14f0e66fbb87e6d1dd40b5c0a5f197eb4e,3,0,640,960
SANAS_NUEVAS_339.jpg,test,own_field,declared_by_author,de0c4b969b5d7ba6e066fbde29237f2cdf2373ebbf94dee12831aba579ac0750,0,,576,960
SANAS_NUEVAS_347.jpg,test,own_field,declared_by_author,0363cd9eacf39902427dd2b53344ae4ced31399428bb8e1fb180b36c21904b0d,0,,960,768
SANAS_NUEVAS_352.jpg,test,own_field,declared_by_author,96a3a018f92248faee1589fd65b4df8b565a5d5fdfa4eb9fa441f20cc77885d9,0,,960,896
SANAS_NUEVAS_361.jpg,test,own_field,declared_by_author,65ed5f800d083cd6dd95930f3213ef27b2b6196f40ceb202a1ce105f08776e8e,0,,896,960
SANAS_NUEVAS_364.jpg,test,own_field,declared_by_author,ce0f032c0be7cd444fd7f5980ed0d52d0969d25e542cf4cc191023c76a792fd6,0,,704,960
SANAS_NUEVAS_371.jpg,test,own_field,declared_by_author,dbb416b4ffe59dbedc8361342784ee3dec10b0cdb449f488656e0b7b272b64e7,0,,960,896
SANAS_NUEVAS_372.jpg,test,own_field,declared_by_author,6f5fd31ad279d071c5de9b2e42731aab275f6438beab7fdffab677a7f70a8e97,0,,960,896
SANAS_NUEVAS_390.jpg,test,own_field,declared_by_author,4ce0c6bf0bea66e87edde7c3d467305545cbf9cd09747569bfba991b5d17bcd0,0,,832,960
SANAS_NUEVAS_412.jpg,test,own_field,declared_by_author,2976ee213f5ef8c8c01f5875e494b2bea36dee31434fba3225eb1321fb82da3b,1,0,832,960
SANAS_NUEVAS_434.jpg,test,own_field,declared_by_author,e2805a948c89278bdc5be136f5064da58611a54aa228a6ce6efba3f240b59f37,0,,640,960
SANAS_NUEVAS_444.jpg,test,own_field,declared_by_author,79dd8e19f315982488882979296256efd2316a32cc92702543f99aa7b7320270,0,,960,960
SANAS_NUEVAS_467.jpg,test,own_field,declared_by_author,721ed47a5d1594dbfa7f8a1f0876d182cf3146f31d3f60662b735b2fce92a868,0,,960,768
SANAS_NUEVAS_484.jpg,test,own_field,declared_by_author,43cd7d8f6cfa82ea4920d282727ea6c834b3c274d5a4bc9a2846942e525f118b,0,,768,960
SANAS_NUEVAS_500.jpg,test,own_field,declared_by_author,eff520cf5cbcb8f09e0b1b44f427854c5abe83627c987f05b10ff26bc64023fd,0,,640,960
SANAS_NUEVAS_503.jpg,test,own_field,declared_by_author,bddbf6686680acf875e21ed24a1b032bb37b21683f9969702904bc76e65f1a4d,0,,768,960
SANAS_NUEVAS_51.jpg,test,own_field,declared_by_author,93ebacb3905d7a4e1fa1e72176ecaea4ab74a6ec1f157e37a2907d69ef2ddd83,1,0,960,704
SANAS_NUEVAS_521.jpg,test,own_field,declared_by_author,031e92edb11f1631f221e4856c8d6adb7a0fc9dec57e535eca908b81a73b23cf,0,,640,960
SANAS_NUEVAS_527.jpg,test,own_field,declared_by_author,5af976ca3170a86e607572c9963d9f86ede655ce635c037c731efeda597fd76c,0,,896,960
SANAS_NUEVAS_53.jpg,test,own_field,declared_by_author,6aed889d8d2ce91deeb2213521bb228f6957a69549c302b1fc30d4aebfa0c85d,4,0,960,448
SANAS_NUEVAS_544.jpg,test,own_field,declared_by_author,cce39c80d68ca42fc371f13ca9251f2dac344d5b375970d26c90ca1e3fd729d0,0,,960,896
SANAS_NUEVAS_548.jpg,test,own_field,declared_by_author,b38086bbad58515b6ff93cf280e6dd1e59eebf732b96bbc74d29ce073613ea46,0,,960,640
SANAS_NUEVAS_561.jpg,test,own_field,declared_by_author,402e688d00c35115a1bf550d70beddb55b828f3898aa359409f2023139c2a186,0,,640,960
SANAS_NUEVAS_562.jpg,test,own_field,declared_by_author,56a952d83679541f7b614a758a1c5cf1d5f53ff83cae4a5842e224724e4150fa,0,,960,960
SANAS_NUEVAS_563.jpg,test,own_field,declared_by_author,eb199a2bf3e19d9a36dea938a14361e5d75c5326f943c078b0db01f4714c9f17,0,,960,512
SANAS_NUEVAS_566.jpg,test,own_field,declared_by_author,894131ac6b220b670c556c5c77189d02408ebd1e2710790b4f4537965ab75254,0,,896,960
SANAS_NUEVAS_568.jpg,test,own_field,declared_by_author,20d4f222342baf36de9819061ea1469d2fc7a8f69fa15e695add4fb5737f4aae,0,,960,576
SANAS_NUEVAS_575.jpg,test,own_field,declared_by_author,47116941dc971b5511a6977adfda43e3e257a4f65c693b5bc81d8ebc0fedd833,0,,768,960
SANAS_NUEVAS_592.jpg,test,own_field,declared_by_author,7758f6cbac10cb5e16227de755027c1b8abc5ad3c74ffb43388c077d49496cd8,0,,768,960
SANAS_NUEVAS_6.jpg,test,own_field,declared_by_author,592dcf336c000c7ddaeb255c91daf2f0f32b24c7e30772aece48f20fcb10a284,0,,832,960
SANAS_NUEVAS_604.jpg,test,own_field,declared_by_author,76abb9e8ef195bc378f25cc35e2b712c3e6b4e1a2111e285aed5c62ddb32b933,0,,832,960
SANAS_NUEVAS_607.jpg,test,own_field,declared_by_author,8c8a8343e113b8cbc8f7416deaefcfda5c38eb9918d07cccaa22bbc770ed82ae,0,,832,960
SANAS_NUEVAS_619.jpg,test,own_field,declared_by_author,5a10e72657e304d3c7ebf595616d421718470fd52d467423e76945dc4f7ddfca,0,,960,640
SANAS_NUEVAS_68.jpg,test,own_field,declared_by_author,6a3a2be62aa7e27ccc8dc58de956ed5f9af20d5004fd6a14e003b809157039e2,0,,704,960
SANAS_ROCOLE_104.jpg,test,rocole,declared_by_author,434713a893a03e9480b7e52996e70b99253654081c1fd773b307d65500f22b85,0,,512,960
SANAS_ROCOLE_126.jpg,test,rocole,declared_by_author,27fcf4b9f400327afaf81dc57f5f4d7ab5ee778dd43d4d0d1221e39e07a7e7ef,0,,960,512
SANAS_ROCOLE_128.jpg,test,rocole,declared_by_author,91746145b78e9f7e1554270af91b9f4267b0c8451572cc13b1f68e64c0a3d670,0,,960,448
SANAS_ROCOLE_132.jpg,test,rocole,declared_by_author,28a7de9723206eb428493cf04575e83ae89e66dcdf8ee3a15ec0cb7d1e2bc326,0,,448,960
SANAS_ROCOLE_134.jpg,test,rocole,declared_by_author,ec2468b4814137baedf70c5163787d88eff7f16a988f96d01bdafd63a142729c,0,,320,960
SANAS_ROCOLE_139.jpg,test,rocole,declared_by_author,f4814dfa72c1e26eae695cabde5d24914de158e3c33861708239ebf62cb2bccd,0,,512,960
SANAS_ROCOLE_162.jpg,test,rocole,declared_by_author,b35dc3416af215cb7707bba2ae185193c62b614fed456a138e03a9de5e283d28,0,,960,512
SANAS_ROCOLE_170.jpg,test,rocole,declared_by_author,0ca557b1bdcd29da6331de471a08d8ee9d2d129229f9115f7fe2d70b303b4e37,0,,448,960
SANAS_ROCOLE_177.jpg,test,rocole,declared_by_author,f08e2df102b3d0fb65729a79fbcffeb006b255fe214a68143bd0d8c01a463077,0,,960,384
SANAS_ROCOLE_179.jpg,test,rocole,declared_by_author,ff25946ed6d985770b41c63bf8ca3ea2f6663e36162babac5fc8ec71beec65cc,0,,384,960
SANAS_ROCOLE_180.jpg,test,rocole,declared_by_author,e553b771c65e3ed8152608a32e4c08e4c7ea512ff72d64bf2cf527a68b5f82c8,0,,960,448
SANAS_ROCOLE_188.jpg,test,rocole,declared_by_author,eb0d9057b19b3607c6ccee1d10ce334758fd30d45dd54781174414f04e33c647,0,,960,512
SANAS_ROCOLE_194.jpg,test,rocole,declared_by_author,55484710dbdb5f6eb9296d2495a9234034015143e81f0a47df9ff6e5cc23adda,0,,960,512
SANAS_ROCOLE_201.jpg,test,rocole,declared_by_author,2b63772e3b28b42e37f825a265268ca05e66c4ac149458a5c7391981ec6aaf91,0,,960,448
SANAS_ROCOLE_213.jpg,test,rocole,declared_by_author,166ca35a18cbf5dc3e297d6b9c1acce4da6721705eaa5566bdae7cadf755a6a9,0,,960,512
SANAS_ROCOLE_216.jpg,test,rocole,declared_by_author,72541aaafcbe74ba033cca47cb7e228cf4dc8f5d5a02bcd90750ff1178fc91d3,0,,448,960
SANAS_ROCOLE_219.jpg,test,rocole,declared_by_author,e72d41a31714bd41e62614cf1c24fa4782588af5843f15c834d2114a135439fc,0,,448,960
SANAS_ROCOLE_222.jpg,test,rocole,declared_by_author,253c1da9e802a1baf51e2be2c17004ecfa5236d3032f409094f1055d9ec6dea8,0,,960,448
SANAS_ROCOLE_235.jpg,test,rocole,declared_by_author,e3823e4dab4f3d23a83d8c265b0364504e9d32204d93a2a1176e25f59909cc33,0,,960,512
SANAS_ROCOLE_242.jpg,test,rocole,declared_by_author,0a1b5554aca73c2b9be65aa50acfc993f7b6ef874d0735f441ebab76d6d7333b,0,,960,448
SANAS_ROCOLE_257.jpg,test,rocole,declared_by_author,13dc49171aa4b8fb9dd202beed10b52008224db3ee8c0cd794fba417540d1c73,0,,512,960
SANAS_ROCOLE_273.jpg,test,rocole,declared_by_author,e7270ae87ab15ab079e9c8531a73b8f6c6b2bc653f0588dfa6a40e2a166c3a72,0,,448,960
SANAS_ROCOLE_277.jpg,test,rocole,declared_by_author,dcf1908df3c3975262c207084113527273e1781ea97afdc416ef828869576bd0,0,,512,960
SANAS_ROCOLE_281.jpg,test,rocole,declared_by_author,04907074f3704edd90b2e4632c73a9921e21429dbf8b759e1d01ff4fac321030,0,,960,512
SANAS_ROCOLE_286.jpg,test,rocole,declared_by_author,3444d90b3633e4528498dca3c6842d8db983cdfed95479d8601a555f5f99c7da,0,,448,960
SANAS_ROCOLE_3.jpg,test,rocole,declared_by_author,9af51d2306a844f5855a42bdb0a4709fb29dcaae6d49f3aeceb2e76881f66ed3,0,,960,576
SANAS_ROCOLE_325.jpg,test,rocole,declared_by_author,b459d09455d9979327dde889e574502e1ec6af58d010a827beb112db2e9aa649,1,1,512,960
SANAS_ROCOLE_343.jpg,test,rocole,declared_by_author,6fc2660a5319a28cc0d4cf71a1ea8b131691997068ed7b81d5f33ea94c30b5ba,0,,960,512
SANAS_ROCOLE_359.jpg,test,rocole,declared_by_author,5a9033fc85567aa444fb6082873c20c32ab8baf18719d652b1a6bd04c8100e2b,0,,960,448
SANAS_ROCOLE_36.jpg,test,rocole,declared_by_author,b680d1e0a1fcee1f1f987e59ad1168f523750c5d63e05431aa32e4fe2a2d5986,0,,448,960
SANAS_ROCOLE_370.jpg,test,rocole,declared_by_author,bd087cd89d36e7e988ad45df167b46954cd011548a9ef3a597cc5be0051948be,0,,960,512
SANAS_ROCOLE_378.jpg,test,rocole,declared_by_author,5850d134e43751c22fa7b0cffb61aacd9288d8aaad0f51fe17c9b72b2b4c23fb,0,,384,960
SANAS_ROCOLE_382.jpg,test,rocole,declared_by_author,7585122e05ecddbbed0b4b1a58fb4148f6bdf35f838fa84d25e41e9dc6fa6c69,0,,512,960
SANAS_ROCOLE_416.jpg,test,rocole,declared_by_author,dd91e7f73fe27f31af23faaadc0552403abd7286955eb5fb4a409ca43f70ee3b,0,,960,512
SANAS_ROCOLE_429.jpg,test,rocole,declared_by_author,cde4330ffc099bbf8011d93ef4df41747ab7e25902a533023520494afbde9a59,0,,960,512
SANAS_ROCOLE_43.jpg,test,rocole,declared_by_author,7b1b4807b7e8ebfceca64130d58b4d7cf8b2a538721c0d1da9447fed4989900f,0,,960,512
SANAS_ROCOLE_441.jpg,test,rocole,declared_by_author,3f9b4a632004e1f0aa3f4eab00b7619ebd3ddbc582a190be9999d6025c4fbdee,0,,640,960
SANAS_ROCOLE_446.jpg,test,rocole,declared_by_author,c61401a306696eec680734b1045a40735e1b647c90146d6be213e68d831ec0d1,0,,960,512
SANAS_ROCOLE_5.jpg,test,rocole,declared_by_author,ae33b1a3bfd0677c724c3d4ffae7e7f266705eb77c943ca9659c43aa17db184a,0,,512,960
SANAS_ROCOLE_53.jpg,test,rocole,declared_by_author,6edb4363b4cf91de8107f076127383a536fd1d8b53aa3d305f9f1649ec51645b,0,,960,384
SANAS_ROCOLE_55.jpg,test,rocole,declared_by_author,130ee61811ad47aceef39386cec979625bae5a3db04afdd5791d55df76dd1a2f,0,,960,512
SANAS_ROCOLE_58.jpg,test,rocole,declared_by_author,59a0c467bc0c9915d20f245d3d0af45d7a56638ff635bd0930c5e1ce992e06ce,0,,448,960
SANAS_ROCOLE_66.jpg,test,rocole,declared_by_author,ac4e0cb4844ebd42fd26e6456fee49922c8c8e32bfa3f8a5a30c7e75ec4df9a2,0,,960,384
SANAS_ROCOLE_67.jpg,test,rocole,declared_by_author,e89385893d1a11cdd446a71b11034f0750c1b8a91b0102928231d32b899e8962,0,,960,320
SANAS_ROCOLE_82.jpg,test,rocole,declared_by_author,a16598e4ba1d8e12cdb645b21aad0d1d5610b316f7cfad448d0eceaeb7534092,0,,960,512
SANAS_ROCOLE_96.jpg,test,rocole,declared_by_author,f8bf11e602cb49438e04216f17f28ac16e82071b7cc58407385671829631e714,0,,448,960
SANAS_SOCORRO_1.jpg,test,own_field,declared_by_author,e7d96fa8c5301fff5ab147eb9a5f2f034f1a80ef0cfa9f92fdc0491d7003ed57,0,,960,704
SANAS_SOCORRO_117.jpg,test,own_field,declared_by_author,4341515ecf274ee5a7dc2af3d285a559ea8fb69f90d05e2733472cfc7d3b49ce,0,,960,576
SANAS_SOCORRO_118.jpg,test,own_field,declared_by_author,40038929ed04ae82190e56d941b03dc59a42384130660537858d6bd3b971ff3a,0,,960,576
SANAS_SOCORRO_13.jpg,test,own_field,declared_by_author,eecc600460366d9c0c4e39c403c0a7ccb7e2b24da1390cbcc3f8bc3aaafec20e,0,,576,960
SANAS_SOCORRO_135.jpg,test,own_field,declared_by_author,d5a8416b08ae2978739585b450b63ff80b5544888cef2b7f1bdb99a2baba0665,0,,960,640
SANAS_SOCORRO_143.jpg,test,own_field,declared_by_author,7b2f517c87259268de1424727fe7b5b469a46f61e7d09a4db03b1d5b90e9d224,0,,960,768
SANAS_SOCORRO_155.jpg,test,own_field,declared_by_author,c2b2dc6192b79594395392deab21f2a202fc42fd58301e351aa247af8d801786,0,,704,960
SANAS_SOCORRO_192.jpg,test,own_field,declared_by_author,2e44d13ddf5f02fad9a686722945aea88d65ef9ab0de1d054b44f0929c01cbe2,0,,640,960
SANAS_SOCORRO_198.jpg,test,own_field,declared_by_author,f0eefecce74f3da0d3725612c35895b166942e27b1acba8534d1e677be2c5c77,0,,960,640
SANAS_SOCORRO_20.jpg,test,own_field,declared_by_author,efe66cb250d89e3f3454e25d0ddd9c351e6fae4a0b7267428effdc859f4d714d,0,,768,960
SANAS_SOCORRO_223.jpg,test,own_field,declared_by_author,b0d526ca00e727bbdbf2406f4e2a653686981a8365fee58a4c55808dc0cdfab4,0,,704,960
SANAS_SOCORRO_246.jpg,test,own_field,declared_by_author,d1570fc3dd7bf8772893e01dd446741adc4b20a31706e35a3942189a40756005,0,,960,768
SANAS_SOCORRO_254.jpg,test,own_field,declared_by_author,1c2793863ae9fa2af8fa455c0f5d5ea8d5d60e143e08e611e6409a50523e4154,1,1,960,512
SANAS_SOCORRO_255.jpg,test,own_field,declared_by_author,6c9859fd6a8348ebdc5ecdcd8eb5d0638f75fd23c884fcbbd53ef39476aee99f,1,1,960,704
SANAS_SOCORRO_256.jpg,test,own_field,declared_by_author,e434effaf25c0cb63c97cbd7ee7a77b884ef46ac487d9d5828e20199eac6fe16,0,,960,704
SANAS_SOCORRO_266.jpg,test,own_field,declared_by_author,f204f3586645553236c1e16265bafb3bb5289b7e5343eb70bf89555f4d61cdc3,0,,512,960
SANAS_SOCORRO_296.jpg,test,own_field,declared_by_author,e61eedc5fe1ea00a92af695f4a0f0f5d494d46a8e05a6e1f535bb4060b1f7fcf,0,,960,512
SANAS_SOCORRO_3.jpg,test,own_field,declared_by_author,f6ba1d478f836c231df2f041be7b502adb60f2e935729efe6d321ab0e972dd28,0,,704,960
SANAS_SOCORRO_306.jpg,test,own_field,declared_by_author,5ebf1aebaa065b95682b36f34eea33e1104869931dfa5c092ce8753eb3c71fef,0,,640,960
SANAS_SOCORRO_312.jpg,test,own_field,declared_by_author,07ab0181aa1ff17468f4e7250f58d0b121b5077ea00da51d972ad3c957004804,0,,960,384
SANAS_SOCORRO_349.jpg,test,own_field,declared_by_author,8a9949dcb37067af49a4a39bd69f923d0d58ad76d95e462b35b265da420cc9ff,0,,704,960
SANAS_SOCORRO_351.jpg,test,own_field,declared_by_author,6ad69f7381d82c6ea84bb842319890861476782da9da76ec81536c7d235f31d2,1,1,384,960
SANAS_SOCORRO_355.jpg,test,own_field,declared_by_author,bad3ed953ba7b3d0085e6bcda61d8ca2e0767f98699d1cc3e3da4b9cad153ec1,0,,960,512
SANAS_SOCORRO_365.jpg,test,own_field,declared_by_author,d78251a69fb1ce6c5959961f8c3ca13d6619b94fab62f35c824880ecf1e405aa,0,,448,960
SANAS_SOCORRO_366.jpg,test,own_field,declared_by_author,f2804585b7a493ddaef394f9152c3ffdbe0fb2df0fc33b890703805c8325ba7b,0,,960,512
SANAS_SOCORRO_38.jpg,test,own_field,declared_by_author,ed01ba6ab93daad3316d7ad79f07c602d3269aadc1efb1495bc1666c6f0b4447,0,,960,640
SANAS_SOCORRO_381.jpg,test,own_field,declared_by_author,5758626a9f157dc9c9ebcf189e770654941a2858b5acd67e4c2b8c0df1eb4d63,0,,960,448
SANAS_SOCORRO_39.jpg,test,own_field,declared_by_author,17535fce2b9838abea9d6f799bedfe26a6ac9c18507156fd10a8d0b3a50e65c8,1,1,960,896
SANAS_SOCORRO_392.jpg,test,own_field,declared_by_author,e759c982c6e7981d4c5e146d6d361ead6ea343769d092d81bb3953e76edc1d57,0,,512,960
SANAS_SOCORRO_394.jpg,test,own_field,declared_by_author,05a4acb83569a90ea60298a3388989406943c0038e180460ea55e6fcf6d193b0,0,,512,960
SANAS_SOCORRO_399.jpg,test,own_field,declared_by_author,d4cd1dac5915a5a251eb3b83ccd8accf6074593f3a6d8ef0905d4b83523ad006,0,,832,960
SANAS_SOCORRO_400.jpg,test,own_field,declared_by_author,06b309e0bec365cd8dba33c8082ef0e00cc2b4ba87e22dbc34d34f5acb079a3d,0,,960,448
SANAS_SOCORRO_404.jpg,test,own_field,declared_by_author,62fdbbec13b20c85c983f71780af7dc3d495f379bd4ec6547526dc69fbe19297,0,,960,576
SANAS_SOCORRO_42.jpg,test,own_field,declared_by_author,521c0befb70ff8098922498348d1f0298252c6433686925549fcd9ad6042fc84,1,1,960,640
SANAS_SOCORRO_420.jpg,test,own_field,declared_by_author,2bf35e03341ad1192353cf93fe51afc13324943ec5974bb2de7ee50ef346aeaa,0,,960,576
SANAS_SOCORRO_452.jpg,test,own_field,declared_by_author,c746b0bf707996c10d3f5e30aadfa5fc398f8b7156a69499ad72ad7adcc3bcbc,0,,960,448
SANAS_SOCORRO_456.jpg,test,own_field,declared_by_author,297014fe86de4c5846635cc1e5c6f55a3f9dcf477a8405ea3800468577d14bb8,0,,960,576
SANAS_SOCORRO_460.jpg,test,own_field,declared_by_author,92cf118dc871c5a3111fdd9df979bfb85d8530940d91216bbc858e516fd45449,2,1,448,960
SANAS_SOCORRO_464.jpg,test,own_field,declared_by_author,848973a5cf293474e0747985bef13eadd6486077deed7445209a4348f70f3832,0,,512,960
SANAS_SOCORRO_472.jpg,test,own_field,declared_by_author,dd76cf7e8bb3be759ab3c4f42a4282f5417435df38891a6d95d102cedbe3cbb1,0,,960,512
SANAS_SOCORRO_473.jpg,test,own_field,declared_by_author,2d87e9d36ce1391128ba445c6f96ae8404c6574a4589300d2c54ee18a3cfe00c,0,,512,960
SANAS_SOCORRO_477.jpg,test,own_field,declared_by_author,49aa8c8de57ea21fb327d9aad4128e4eb8b6c704451b8b98fa293c3a0315cd34,1,1,960,448
SANAS_SOCORRO_481.jpg,test,own_field,declared_by_author,757b7b7af29b72fa1e58d8f769bde7e44c9b9a8db12004f3c4052e3c35165c1d,0,,960,512
SANAS_SOCORRO_482.jpg,test,own_field,declared_by_author,cb10fda3e0153a8b740604fb832dfd275c3da588b717db409fc5e281c334703d,0,,960,512
SANAS_SOCORRO_489.jpg,test,own_field,declared_by_author,24478c76da29d576e54d1b3091b5e2e5aa8334e713ba0f7116a7052ad7281595,0,,960,448
SANAS_SOCORRO_49.jpg,test,own_field,declared_by_author,03a692f1829c82c146bdddd64e5808e2c3ec156329845f17d94d47ecc0f0f60d,0,,640,960
SANAS_SOCORRO_502.jpg,test,own_field,declared_by_author,6323a5ba3228de41b1b3577cca02072d81d3d3e8f521fd95d4cc70e0bb39ad3f,0,,448,960
SANAS_SOCORRO_508.jpg,test,own_field,declared_by_author,32755d476132240a4f55afdece0faf4d16c36787f75d762194b000c5f11dc815,0,,384,960
SANAS_SOCORRO_511.jpg,test,own_field,declared_by_author,c368476a80f7c497a3196a4375311ab7b9f23d5d017f7d621c99ac9dae4e69ef,0,,704,960
SANAS_SOCORRO_68.jpg,test,own_field,declared_by_author,1c251a594dc276a8ad0dc658bdf58a094811c686b261e6ae46473df26387786c,1,0,960,448
SANAS_SOCORRO_75.jpg,test,own_field,declared_by_author,7bf20094386416959de6b9b379cbf19031aeb5da15dfbd74e756ec11672b4ad3,0,,960,512
SANAS_SOCORRO_80.jpg,test,own_field,declared_by_author,fb04a894b0cd0de99d86929bbdb92fa607d18dc09da53d9e54611712fe544b58,0,,640,960
SANAS_SOCORRO_86.jpg,test,own_field,declared_by_author,8d8559b1d2e4468831393bc751275de20d4325591dcbe85d0fdaa94e05fdf199,0,,960,640
SANAS_SOCORRO_98.jpg,test,own_field,declared_by_author,df6c49469dc9d79efe3f63fabda245121a0355d1456c9ac7dfa141a77b79b6cb,0,,960,768
