crop_path,crop_split,crop_stem,parent_path,parent_split,parent_stem,evidence,sift_inliers,containment_a_in_b,containment_b_in_a,area_ratio
C:\Users\luise\OneDrive\Documentos\DECAFIA_v2\01_dataset\decafia_clean\images\test\SANAS_SOCORRO_102.jpg,test,SANAS_SOCORRO_102,C:\Users\luise\OneDrive\Documentos\DECAFIA_v2\01_dataset\decafia_clean\images\train\SANAS_NUEVAS_302.jpg,train,SANAS_NUEVAS_302,sift_containment,3567,0.9993405,0.9224681,
C:\Users\luise\OneDrive\Documentos\DECAFIA_v2\01_dataset\decafia_clean\images\test\SANAS_NUEVAS_547.jpg,test,SANAS_NUEVAS_547,C:\Users\luise\OneDrive\Documentos\DECAFIA_v2\01_dataset\decafia_clean\images\train\SANAS_NUEVAS_549.jpg,train,SANAS_NUEVAS_549,sift_containment,1364,0.817988,0.46742168,
C:\Users\luise\OneDrive\Documentos\DECAFIA_v2\01_dataset\decafia_clean\images\test\SANAS_SOCORRO_506.jpg,test,SANAS_SOCORRO_506,C:\Users\luise\OneDrive\Documentos\DECAFIA_v2\01_dataset\decafia_clean\images\train\SANAS_NUEVAS_610.jpg,train,SANAS_NUEVAS_610,sift_containment,493,0.9991148,0.9991148,
C:\Users\luise\OneDrive\Documentos\DECAFIA_v2\01_dataset\decafia_clean\images\train\SANAS_SOCORRO_212.jpg,train,SANAS_SOCORRO_212,C:\Users\luise\OneDrive\Documentos\DECAFIA_v2\01_dataset\decafia_clean\images\test\SANAS_SOCORRO_210.jpg,test,SANAS_SOCORRO_210,sift_containment,1197,0.7504912,1.0506877,
C:\Users\luise\OneDrive\Documentos\DECAFIA_v2\01_dataset\decafia_clean\images\train\COCO_P_A_36.jpg,train,COCO_P_A_36,C:\Users\luise\OneDrive\Documentos\DECAFIA_v2\01_dataset\decafia_clean\images\test\COCO_P_A_30.jpg,test,COCO_P_A_30,sift_containment,337,0.877263,0.97473663,
C:\Users\luise\OneDrive\Documentos\DECAFIA_v2\01_dataset\decafia_clean\images\train\SANAS_NUEVAS_545.jpg,train,SANAS_NUEVAS_545,C:\Users\luise\OneDrive\Documentos\DECAFIA_v2\01_dataset\decafia_clean\images\test\SANAS_SOCORRO_425.jpg,test,SANAS_SOCORRO_425,sift_containment,2833,0.99883074,1.2712392,
C:\Users\luise\OneDrive\Documentos\DECAFIA_v2\01_dataset\decafia_clean\images\test\SANAS_NUEVAS_284.jpg,test,SANAS_NUEVAS_284,C:\Users\luise\OneDrive\Documentos\DECAFIA_v2\01_dataset\decafia_clean\images\train\SANAS_SOCORRO_64.jpg,train,SANAS_SOCORRO_64,sift_containment,900,0.9981837,0.7842872,
C:\Users\luise\OneDrive\Documentos\DECAFIA_v2\01_dataset\decafia_clean\images\train\SANAS_NUEVAS_367.jpg,train,SANAS_NUEVAS_367,C:\Users\luise\OneDrive\Documentos\DECAFIA_v2\01_dataset\decafia_clean\images\val\SANAS_SOCORRO_190.jpg,val,SANAS_SOCORRO_190,sift_containment,657,0.9089911,0.7574926,
C:\Users\luise\OneDrive\Documentos\DECAFIA_v2\01_dataset\decafia_clean\images\train\SANAS_NUEVAS_536.jpg,train,SANAS_NUEVAS_536,C:\Users\luise\OneDrive\Documentos\DECAFIA_v2\01_dataset\decafia_clean\images\val\SANAS_SOCORRO_406.jpg,val,SANAS_SOCORRO_406,sift_containment,356,0.7790469,0.5393402,
C:\Users\luise\OneDrive\Documentos\DECAFIA_v2\01_dataset\decafia_clean\images\train\SANAS_NUEVAS_1.jpg,train,SANAS_NUEVAS_1,C:\Users\luise\OneDrive\Documentos\DECAFIA_v2\01_dataset\decafia_clean\images\val\SANAS_SOCORRO_2.jpg,val,SANAS_SOCORRO_2,sift_containment,691,0.99958014,0.7853844,
C:\Users\luise\OneDrive\Documentos\DECAFIA_v2\01_dataset\decafia_clean\images\val\SANAS_SOCORRO_426.jpg,val,SANAS_SOCORRO_426,C:\Users\luise\OneDrive\Documentos\DECAFIA_v2\01_dataset\decafia_clean\images\train\SANAS_SOCORRO_428.jpg,train,SANAS_SOCORRO_428,sift_containment,1862,0.9209285,1.0130213,
C:\Users\luise\OneDrive\Documentos\DECAFIA_v2\01_dataset\decafia_clean\images\test\SANAS_NUEVAS_552.jpg,train,SANAS_SOCORRO_436,C:\Users\luise\OneDrive\Documentos\DECAFIA_v2\01_dataset\decafia_clean\images\train\SANAS_SOCORRO_436.jpg,test,SANAS_NUEVAS_552,sift_containment,957,0.91780156,0.6883512,
C:\Users\luise\OneDrive\Documentos\DECAFIA_v2\01_dataset\decafia_clean\images\train\SANAS_SOCORRO_202.jpg,train,SANAS_SOCORRO_202,C:\Users\luise\OneDrive\Documentos\DECAFIA_v2\01_dataset\decafia_clean\images\val\SANAS_SOCORRO_203.jpg,val,SANAS_SOCORRO_203,sift_containment,88,0.92130744,0.8554998,
C:\Users\luise\OneDrive\Documentos\DECAFIA_v2\01_dataset\decafia_clean\images\val\SANAS_NUEVAS_469.jpg,val,SANAS_NUEVAS_469,C:\Users\luise\OneDrive\Documentos\DECAFIA_v2\01_dataset\decafia_clean\images\train\SANAS_SOCORRO_317.jpg,train,SANAS_SOCORRO_317,sift_containment,983,0.99915504,1.3988171,
C:\Users\luise\OneDrive\Documentos\DECAFIA_v2\01_dataset\decafia_clean\images\val\SANAS_SOCORRO_230.jpg,val,SANAS_SOCORRO_230,C:\Users\luise\OneDrive\Documentos\DECAFIA_v2\01_dataset\decafia_clean\images\train\SANAS_SOCORRO_227.jpg,train,SANAS_SOCORRO_227,sift_containment,246,0.91524905,0.9984535,
C:\Users\luise\OneDrive\Documentos\DECAFIA_v2\01_dataset\decafia_clean\images\val\SANAS_SOCORRO_301.jpg,val,SANAS_SOCORRO_301,C:\Users\luise\OneDrive\Documentos\DECAFIA_v2\01_dataset\decafia_clean\images\train\SANAS_SOCORRO_302.jpg,train,SANAS_SOCORRO_302,sift_containment,165,0.8424325,1.3238225,
C:\Users\luise\OneDrive\Documentos\DECAFIA_v2\01_dataset\decafia_clean\images\train\SANAS_SOCORRO_187.jpg,train,SANAS_SOCORRO_187,C:\Users\luise\OneDrive\Documentos\DECAFIA_v2\01_dataset\decafia_clean\images\val\SANAS_SOCORRO_186.jpg,val,SANAS_SOCORRO_186,sift_containment,134,0.80246437,0.4681042,
C:\Users\luise\OneDrive\Documentos\DECAFIA_v2\01_dataset\decafia_clean\images\train\SANAS_SOCORRO_135.jpg,train,SANAS_SOCORRO_135,C:\Users\luise\OneDrive\Documentos\DECAFIA_v2\01_dataset\decafia_clean\images\val\SANAS_SOCORRO_133.jpg,val,SANAS_SOCORRO_133,sift_containment,1295,0.9615644,0.9615644,
C:\Users\luise\OneDrive\Documentos\DECAFIA_v2\01_dataset\decafia_clean\images\val\SANAS_SOCORRO_90.jpg,val,SANAS_SOCORRO_90,C:\Users\luise\OneDrive\Documentos\DECAFIA_v2\01_dataset\decafia_clean\images\train\SANAS_SOCORRO_110.jpg,train,SANAS_SOCORRO_110,sift_containment,307,0.7987175,0.9762103,
C:\Users\luise\OneDrive\Documentos\DECAFIA_v2\01_dataset\decafia_clean\images\test\SANAS_NUEVAS_482.jpg,test,SANAS_NUEVAS_482,C:\Users\luise\OneDrive\Documentos\DECAFIA_v2\01_dataset\decafia_clean\images\val\SANAS_SOCORRO_335.jpg,val,SANAS_SOCORRO_335,sift_containment,2341,0.9986427,0.7767221,
C:\Users\luise\OneDrive\Documentos\DECAFIA_v2\01_dataset\decafia_clean\images\test\SANAS_SOCORRO_182.jpg,test,SANAS_SOCORRO_182,C:\Users\luise\OneDrive\Documentos\DECAFIA_v2\01_dataset\decafia_clean\images\train\SANAS_SOCORRO_179.jpg,train,SANAS_SOCORRO_179,sift_containment,149,0.82763666,0.7172851,
C:\Users\luise\OneDrive\Documentos\DECAFIA_v2\01_dataset\decafia_clean\images\train\SANAS_NUEVAS_271.jpg,train,SANAS_NUEVAS_271,C:\Users\luise\OneDrive\Documentos\DECAFIA_v2\01_dataset\decafia_clean\images\val\SANAS_SOCORRO_42.jpg,val,SANAS_SOCORRO_42,sift_containment,284,0.99783134,0.66522086,
C:\Users\luise\OneDrive\Documentos\DECAFIA_v2\01_dataset\decafia_clean\images\test\SANAS_NUEVAS_456.jpg,train,SANAS_SOCORRO_302,C:\Users\luise\OneDrive\Documentos\DECAFIA_v2\01_dataset\decafia_clean\images\train\SANAS_SOCORRO_302.jpg,test,SANAS_NUEVAS_456,sift_containment,393,0.9999395,0.6999576,
C:\Users\luise\OneDrive\Documentos\DECAFIA_v2\01_dataset\decafia_clean\images\val\SANAS_NUEVAS_476.jpg,val,SANAS_NUEVAS_476,C:\Users\luise\OneDrive\Documentos\DECAFIA_v2\01_dataset\decafia_clean\images\train\SANAS_SOCORRO_326.jpg,train,SANAS_SOCORRO_326,sift_containment,330,0.9996694,1.4995041,
C:\Users\luise\OneDrive\Documentos\DECAFIA_v2\01_dataset\decafia_clean\images\val\SANAS_NUEVAS_458.jpg,val,SANAS_NUEVAS_458,C:\Users\luise\OneDrive\Documentos\DECAFIA_v2\01_dataset\decafia_clean\images\train\SANAS_SOCORRO_307.jpg,train,SANAS_SOCORRO_307,sift_containment,109,0.9237505,1.3196436,
C:\Users\luise\OneDrive\Documentos\DECAFIA_v2\01_dataset\decafia_clean\images\train\SANAS_NUEVAS_396.jpg,train,SANAS_NUEVAS_396,C:\Users\luise\OneDrive\Documentos\DECAFIA_v2\01_dataset\decafia_clean\images\val\SANAS_NUEVAS_397.jpg,val,SANAS_NUEVAS_397,sift_containment,280,0.92217803,0.8512413,
C:\Users\luise\OneDrive\Documentos\DECAFIA_v2\01_dataset\decafia_clean\images\test\COCO_M_A_27.jpg,train,COCO_P_A_58,C:\Users\luise\OneDrive\Documentos\DECAFIA_v2\01_dataset\decafia_clean\images\train\COCO_P_A_58.jpg,test,COCO_M_A_27,sift_containment,447,0.8870132,0.8870132,
C:\Users\luise\OneDrive\Documentos\DECAFIA_v2\01_dataset\decafia_clean\images\train\SANAS_NUEVAS_567.jpg,train,SANAS_NUEVAS_567,C:\Users\luise\OneDrive\Documentos\DECAFIA_v2\01_dataset\decafia_clean\images\val\SANAS_SOCORRO_456.jpg,val,SANAS_SOCORRO_456,sift_containment,1336,0.9607434,0.7205576,
C:\Users\luise\OneDrive\Documentos\DECAFIA_v2\01_dataset\decafia_clean\images\train\ROYA_FONDO_58.jpg,train,ROYA_FONDO_58,C:\Users\luise\OneDrive\Documentos\DECAFIA_v2\01_dataset\decafia_clean\images\val\ROYA_FONDO_87.jpg,val,ROYA_FONDO_87,sift_containment,563,0.96909124,0.96909124,
C:\Users\luise\OneDrive\Documentos\DECAFIA_v2\01_dataset\decafia_clean\images\test\SANAS_NUEVAS_591.jpg,test,SANAS_NUEVAS_591,C:\Users\luise\OneDrive\Documentos\DECAFIA_v2\01_dataset\decafia_clean\images\train\SANAS_SOCORRO_482.jpg,train,SANAS_SOCORRO_482,sift_containment,69,0.97942746,0.65295166,
C:\Users\luise\OneDrive\Documentos\DECAFIA_v2\01_dataset\decafia_clean\images\test\SANAS_NUEVAS_554.jpg,test,SANAS_NUEVAS_554,C:\Users\luise\OneDrive\Documentos\DECAFIA_v2\01_dataset\decafia_clean\images\train\SANAS_SOCORRO_439.jpg,train,SANAS_SOCORRO_439,sift_containment,2116,0.9992968,0.6995078,
C:\Users\luise\OneDrive\Documentos\DECAFIA_v2\01_dataset\decafia_clean\images\train\SANAS_NUEVAS_511.jpg,train,SANAS_NUEVAS_511,C:\Users\luise\OneDrive\Documentos\DECAFIA_v2\01_dataset\decafia_clean\images\val\SANAS_SOCORRO_369.jpg,val,SANAS_SOCORRO_369,sift_containment,418,0.999147,0.7266523,
C:\Users\luise\OneDrive\Documentos\DECAFIA_v2\01_dataset\decafia_clean\images\test\SANAS_NUEVAS_489.jpg,train,SANAS_SOCORRO_343,C:\Users\luise\OneDrive\Documentos\DECAFIA_v2\01_dataset\decafia_clean\images\train\SANAS_SOCORRO_343.jpg,test,SANAS_NUEVAS_489,sift_containment,1462,0.99968517,0.66645676,
C:\Users\luise\OneDrive\Documentos\DECAFIA_v2\01_dataset\decafia_clean\images\test\COCO_M_A_25.jpg,test,COCO_M_A_25,C:\Users\luise\OneDrive\Documentos\DECAFIA_v2\01_dataset\decafia_clean\images\train\COCO_M_A_83.jpg,train,COCO_M_A_83,sift_containment,124,0.9607948,0.67255634,
C:\Users\luise\OneDrive\Documentos\DECAFIA_v2\01_dataset\decafia_clean\images\test\SANAS_NUEVAS_385.jpg,test,SANAS_NUEVAS_385,C:\Users\luise\OneDrive\Documentos\DECAFIA_v2\01_dataset\decafia_clean\images\train\SANAS_SOCORRO_213.jpg,train,SANAS_SOCORRO_213,sift_containment,1705,0.9994456,0.92256516,
C:\Users\luise\OneDrive\Documentos\DECAFIA_v2\01_dataset\decafia_clean\images\train\SANAS_NUEVAS_441.jpg,train,SANAS_NUEVAS_441,C:\Users\luise\OneDrive\Documentos\DECAFIA_v2\01_dataset\decafia_clean\images\val\SANAS_SOCORRO_282.jpg,val,SANAS_SOCORRO_282,sift_containment,243,0.998914,0.7491855,
C:\Users\luise\OneDrive\Documentos\DECAFIA_v2\01_dataset\decafia_clean\images\test\SANAS_NUEVAS_548.jpg,test,SANAS_NUEVAS_548,C:\Users\luise\OneDrive\Documentos\DECAFIA_v2\01_dataset\decafia_clean\images\val\SANAS_SOCORRO_419.jpg,val,SANAS_SOCORRO_419,sift_containment,103,0.9013174,0.81118566,
C:\Users\luise\OneDrive\Documentos\DECAFIA_v2\01_dataset\decafia_clean\images\test\SANAS_SOCORRO_425.jpg,test,SANAS_SOCORRO_425,C:\Users\luise\OneDrive\Documentos\DECAFIA_v2\01_dataset\decafia_clean\images\val\SANAS_SOCORRO_426.jpg,val,SANAS_SOCORRO_426,sift_containment,2326,0.9913588,0.9913588,
C:\Users\luise\OneDrive\Documentos\DECAFIA_v2\01_dataset\decafia_clean\images\train\SANAS_NUEVAS_346.jpg,train,SANAS_NUEVAS_346,C:\Users\luise\OneDrive\Documentos\DECAFIA_v2\01_dataset\decafia_clean\images\val\SANAS_NUEVAS_342.jpg,val,SANAS_NUEVAS_342,sift_containment,1108,0.97025496,0.97025496,
C:\Users\luise\OneDrive\Documentos\DECAFIA_v2\01_dataset\decafia_clean\images\train\SANAS_SOCORRO_424.jpg,train,SANAS_SOCORRO_424,C:\Users\luise\OneDrive\Documentos\DECAFIA_v2\01_dataset\decafia_clean\images\val\SANAS_SOCORRO_426.jpg,val,SANAS_SOCORRO_426,sift_containment,1471,0.94477844,0.94477844,
C:\Users\luise\OneDrive\Documentos\DECAFIA_v2\01_dataset\decafia_clean\images\train\SANAS_SOCORRO_104.jpg,train,SANAS_SOCORRO_104,C:\Users\luise\OneDrive\Documentos\DECAFIA_v2\01_dataset\decafia_clean\images\val\SANAS_SOCORRO_105.jpg,val,SANAS_SOCORRO_105,sift_containment,2464,0.9717744,0.8970225,
C:\Users\luise\OneDrive\Documentos\DECAFIA_v2\01_dataset\decafia_clean\images\test\SANAS_NUEVAS_404.jpg,test,SANAS_NUEVAS_404,C:\Users\luise\OneDrive\Documentos\DECAFIA_v2\01_dataset\decafia_clean\images\train\SANAS_SOCORRO_236.jpg,train,SANAS_SOCORRO_236,sift_containment,132,0.9517214,0.50758475,
C:\Users\luise\OneDrive\Documentos\DECAFIA_v2\01_dataset\decafia_clean\images\train\COCO_P_A_43.jpg,train,COCO_P_A_43,C:\Users\luise\OneDrive\Documentos\DECAFIA_v2\01_dataset\decafia_clean\images\val\COCO_P_A_23.jpg,val,COCO_P_A_23,sift_containment,1038,0.9999588,0.9999588,
C:\Users\luise\OneDrive\Documentos\DECAFIA_v2\01_dataset\decafia_clean\images\val\SANAS_NUEVAS_494.jpg,val,SANAS_NUEVAS_494,C:\Users\luise\OneDrive\Documentos\DECAFIA_v2\01_dataset\decafia_clean\images\train\SANAS_SOCORRO_349.jpg,train,SANAS_SOCORRO_349,sift_containment,666,0.9995938,1.3630824,
C:\Users\luise\OneDrive\Documentos\DECAFIA_v2\01_dataset\decafia_clean\images\test\SANAS_SOCORRO_164.jpg,test,SANAS_SOCORRO_164,C:\Users\luise\OneDrive\Documentos\DECAFIA_v2\01_dataset\decafia_clean\images\train\SANAS_SOCORRO_161.jpg,train,SANAS_SOCORRO_161,sift_containment,1756,0.9492768,0.60408527,
C:\Users\luise\OneDrive\Documentos\DECAFIA_v2\01_dataset\decafia_clean\images\test\SANAS_NUEVAS_534.jpg,test,SANAS_NUEVAS_534,C:\Users\luise\OneDrive\Documentos\DECAFIA_v2\01_dataset\decafia_clean\images\val\SANAS_NUEVAS_533.jpg,val,SANAS_NUEVAS_533,sift_containment,405,0.9968956,0.9968956,
C:\Users\luise\OneDrive\Documentos\DECAFIA_v2\01_dataset\decafia_clean\images\train\SANAS_NUEVAS_260.jpg,train,SANAS_NUEVAS_260,C:\Users\luise\OneDrive\Documentos\DECAFIA_v2\01_dataset\decafia_clean\images\test\SANAS_NUEVAS_261.jpg,test,SANAS_NUEVAS_261,sift_containment,1661,0.74425054,0.947228,
C:\Users\luise\OneDrive\Documentos\DECAFIA_v2\01_dataset\decafia_clean\images\train\SANAS_NUEVAS_313.jpg,train,SANAS_NUEVAS_313,C:\Users\luise\OneDrive\Documentos\DECAFIA_v2\01_dataset\decafia_clean\images\test\SANAS_SOCORRO_124.jpg,test,SANAS_SOCORRO_124,sift_containment,1610,0.9992725,1.165818,
C:\Users\luise\OneDrive\Documentos\DECAFIA_v2\01_dataset\decafia_clean\images\val\SANAS_NUEVAS_583.jpg,val,SANAS_NUEVAS_583,C:\Users\luise\OneDrive\Documentos\DECAFIA_v2\01_dataset\decafia_clean\images\train\SANAS_SOCORRO_474.jpg,train,SANAS_SOCORRO_474,sift_containment,701,0.99987596,1.2725694,
C:\Users\luise\OneDrive\Documentos\DECAFIA_v2\01_dataset\decafia_clean\images\train\SANAS_NUEVAS_382.jpg,test,SANAS_SOCORRO_210,C:\Users\luise\OneDrive\Documentos\DECAFIA_v2\01_dataset\decafia_clean\images\test\SANAS_SOCORRO_210.jpg,train,SANAS_NUEVAS_382,sift_containment,1779,0.9998848,1.3998387,
C:\Users\luise\OneDrive\Documentos\DECAFIA_v2\01_dataset\decafia_clean\images\test\SANAS_SOCORRO_36.jpg,test,SANAS_SOCORRO_36,C:\Users\luise\OneDrive\Documentos\DECAFIA_v2\01_dataset\decafia_clean\images\train\SANAS_SOCORRO_35.jpg,train,SANAS_SOCORRO_35,sift_containment,280,0.8843647,0.79592824,
C:\Users\luise\OneDrive\Documentos\DECAFIA_v2\01_dataset\decafia_clean\images\test\COCO_P_A_10.jpg,test,COCO_P_A_10,C:\Users\luise\OneDrive\Documentos\DECAFIA_v2\01_dataset\decafia_clean\images\train\COCO_P_A_63.jpg,train,COCO_P_A_63,sift_containment,341,0.9582676,0.9582676,
C:\Users\luise\OneDrive\Documentos\DECAFIA_v2\01_dataset\decafia_clean\images\test\SANAS_NUEVAS_363.jpg,test,SANAS_NUEVAS_363,C:\Users\luise\OneDrive\Documentos\DECAFIA_v2\01_dataset\decafia_clean\images\train\SANAS_SOCORRO_187.jpg,train,SANAS_SOCORRO_187,sift_containment,544,0.999606,0.9227132,
C:\Users\luise\OneDrive\Documentos\DECAFIA_v2\01_dataset\decafia_clean\images\val\SANAS_NUEVAS_526.jpg,val,SANAS_NUEVAS_526,C:\Users\luise\OneDrive\Documentos\DECAFIA_v2\01_dataset\decafia_clean\images\train\SANAS_SOCORRO_388.jpg,train,SANAS_SOCORRO_388,sift_containment,421,0.9981812,1.5685705,
C:\Users\luise\OneDrive\Documentos\DECAFIA_v2\01_dataset\decafia_clean\images\val\SANAS_SOCORRO_203.jpg,val,SANAS_SOCORRO_203,C:\Users\luise\OneDrive\Documentos\DECAFIA_v2\01_dataset\decafia_clean\images\train\SANAS_NUEVAS_376.jpg,train,SANAS_NUEVAS_376,sift_containment,37,0.9207707,1.0881836,
C:\Users\luise\OneDrive\Documentos\DECAFIA_v2\01_dataset\decafia_clean\images\val\SANAS_NUEVAS_322.jpg,val,SANAS_NUEVAS_322,C:\Users\luise\OneDrive\Documentos\DECAFIA_v2\01_dataset\decafia_clean\images\train\SANAS_SOCORRO_137.jpg,train,SANAS_SOCORRO_137,sift_containment,1634,0.9993471,1.2718962,
C:\Users\luise\OneDrive\Documentos\DECAFIA_v2\01_dataset\decafia_clean\images\train\SANAS_SOCORRO_276.jpg,train,SANAS_SOCORRO_276,C:\Users\luise\OneDrive\Documentos\DECAFIA_v2\01_dataset\decafia_clean\images\test\SANAS_NUEVAS_434.jpg,test,SANAS_NUEVAS_434,sift_containment,63,0.83402044,0.9174225,
C:\Users\luise\OneDrive\Documentos\DECAFIA_v2\01_dataset\decafia_clean\images\train\SANAS_NUEVAS_316.jpg,test,SANAS_SOCORRO_130,C:\Users\luise\OneDrive\Documentos\DECAFIA_v2\01_dataset\decafia_clean\images\test\SANAS_SOCORRO_130.jpg,train,SANAS_NUEVAS_316,sift_containment,692,0.9997347,1.3996286,
C:\Users\luise\OneDrive\Documentos\DECAFIA_v2\01_dataset\decafia_clean\images\val\SANAS_SOCORRO_105.jpg,val,SANAS_SOCORRO_105,C:\Users\luise\OneDrive\Documentos\DECAFIA_v2\01_dataset\decafia_clean\images\train\SANAS_SOCORRO_110.jpg,train,SANAS_SOCORRO_110,sift_containment,972,0.651636,0.86884797,
C:\Users\luise\OneDrive\Documentos\DECAFIA_v2\01_dataset\decafia_clean\images\train\SANAS_SOCORRO_431.jpg,train,SANAS_SOCORRO_431,C:\Users\luise\OneDrive\Documentos\DECAFIA_v2\01_dataset\decafia_clean\images\test\SANAS_SOCORRO_430.jpg,test,SANAS_SOCORRO_430,sift_containment,3184,0.98802817,1.3473111,
C:\Users\luise\OneDrive\Documentos\DECAFIA_v2\01_dataset\decafia_clean\images\val\SANAS_NUEVAS_440.jpg,val,SANAS_NUEVAS_440,C:\Users\luise\OneDrive\Documentos\DECAFIA_v2\01_dataset\decafia_clean\images\train\SANAS_SOCORRO_281.jpg,train,SANAS_SOCORRO_281,sift_containment,248,0.99889445,1.4428476,
C:\Users\luise\OneDrive\Documentos\DECAFIA_v2\01_dataset\decafia_clean\images\train\SANAS_SOCORRO_144.jpg,train,SANAS_SOCORRO_144,C:\Users\luise\OneDrive\Documentos\DECAFIA_v2\01_dataset\decafia_clean\images\test\SANAS_SOCORRO_164.jpg,test,SANAS_SOCORRO_164,sift_containment,62,0.52830726,0.720419,
C:\Users\luise\OneDrive\Documentos\DECAFIA_v2\01_dataset\decafia_clean\images\test\SANAS_NUEVAS_352.jpg,test,SANAS_NUEVAS_352,C:\Users\luise\OneDrive\Documentos\DECAFIA_v2\01_dataset\decafia_clean\images\val\SANAS_SOCORRO_175.jpg,val,SANAS_SOCORRO_175,sift_containment,221,0.79793036,0.62694526,
C:\Users\luise\OneDrive\Documentos\DECAFIA_v2\01_dataset\decafia_clean\images\test\SANAS_NUEVAS_550.jpg,train,SANAS_SOCORRO_434,C:\Users\luise\OneDrive\Documentos\DECAFIA_v2\01_dataset\decafia_clean\images\train\SANAS_SOCORRO_434.jpg,test,SANAS_NUEVAS_550,sift_containment,2685,0.9703037,0.7623815,
C:\Users\luise\OneDrive\Documentos\DECAFIA_v2\01_dataset\decafia_clean\images\train\SANAS_NUEVAS_544.jpg,test,SANAS_SOCORRO_423,C:\Users\luise\OneDrive\Documentos\DECAFIA_v2\01_dataset\decafia_clean\images\test\SANAS_SOCORRO_423.jpg,train,SANAS_NUEVAS_544,sift_containment,2967,0.9998694,1.3998172,
C:\Users\luise\OneDrive\Documentos\DECAFIA_v2\01_dataset\decafia_clean\images\test\COCO_M_A_27.jpg,test,COCO_M_A_27,C:\Users\luise\OneDrive\Documentos\DECAFIA_v2\01_dataset\decafia_clean\images\train\COCO_P_A_37.jpg,train,COCO_P_A_37,sift_containment,440,0.90099573,0.90099573,
C:\Users\luise\OneDrive\Documentos\DECAFIA_v2\01_dataset\decafia_clean\images\train\SANAS_NUEVAS_3.jpg,train,SANAS_NUEVAS_3,C:\Users\luise\OneDrive\Documentos\DECAFIA_v2\01_dataset\decafia_clean\images\val\SANAS_SOCORRO_16.jpg,val,SANAS_SOCORRO_16,sift_containment,94,1.0,0.64285713,
C:\Users\luise\OneDrive\Documentos\DECAFIA_v2\01_dataset\decafia_clean\images\val\SANAS_SOCORRO_167.jpg,val,SANAS_SOCORRO_167,C:\Users\luise\OneDrive\Documentos\DECAFIA_v2\01_dataset\decafia_clean\images\train\SANAS_NUEVAS_347.jpg,train,SANAS_NUEVAS_347,sift_containment,3589,0.9993834,1.0826653,
C:\Users\luise\OneDrive\Documentos\DECAFIA_v2\01_dataset\decafia_clean\images\train\SANAS_SOCORRO_121.jpg,train,SANAS_SOCORRO_121,C:\Users\luise\OneDrive\Documentos\DECAFIA_v2\01_dataset\decafia_clean\images\val\SANAS_NUEVAS_312.jpg,val,SANAS_NUEVAS_312,sift_containment,1230,0.99960726,0.73304534,
C:\Users\luise\OneDrive\Documentos\DECAFIA_v2\01_dataset\decafia_clean\images\train\SANAS_NUEVAS_345.jpg,train,SANAS_NUEVAS_345,C:\Users\luise\OneDrive\Documentos\DECAFIA_v2\01_dataset\decafia_clean\images\val\SANAS_SOCORRO_167.jpg,val,SANAS_SOCORRO_167,sift_containment,1828,0.96382946,0.8949845,
C:\Users\luise\OneDrive\Documentos\DECAFIA_v2\01_dataset\decafia_clean\images\test\SANAS_NUEVAS_547.jpg,val,SANAS_SOCORRO_419,C:\Users\luise\OneDrive\Documentos\DECAFIA_v2\01_dataset\decafia_clean\images\val\SANAS_SOCORRO_419.jpg,test,SANAS_NUEVAS_547,sift_containment,259,1.0,0.64285713,
C:\Users\luise\OneDrive\Documentos\DECAFIA_v2\01_dataset\decafia_clean\images\test\SANAS_NUEVAS_437.jpg,test,SANAS_NUEVAS_437,C:\Users\luise\OneDrive\Documentos\DECAFIA_v2\01_dataset\decafia_clean\images\train\SANAS_SOCORRO_278.jpg,train,SANAS_SOCORRO_278,sift_containment,210,0.99876124,0.69145006,
C:\Users\luise\OneDrive\Documentos\DECAFIA_v2\01_dataset\decafia_clean\images\train\SANAS_SOCORRO_454.jpg,train,SANAS_SOCORRO_454,C:\Users\luise\OneDrive\Documentos\DECAFIA_v2\01_dataset\decafia_clean\images\val\SANAS_SOCORRO_456.jpg,val,SANAS_SOCORRO_456,sift_containment,2013,0.95940256,0.95940256,
C:\Users\luise\OneDrive\Documentos\DECAFIA_v2\01_dataset\decafia_clean\images\test\SANAS_NUEVAS_451.jpg,test,SANAS_NUEVAS_451,C:\Users\luise\OneDrive\Documentos\DECAFIA_v2\01_dataset\decafia_clean\images\train\SANAS_NUEVAS_449.jpg,train,SANAS_NUEVAS_449,sift_containment,107,0.754064,0.6463406,
C:\Users\luise\OneDrive\Documentos\DECAFIA_v2\01_dataset\decafia_clean\images\val\SANAS_NUEVAS_321.jpg,val,SANAS_NUEVAS_321,C:\Users\luise\OneDrive\Documentos\DECAFIA_v2\01_dataset\decafia_clean\images\train\SANAS_SOCORRO_135.jpg,train,SANAS_SOCORRO_135,sift_containment,2565,0.99925655,1.3989592,
C:\Users\luise\OneDrive\Documentos\DECAFIA_v2\01_dataset\decafia_clean\images\train\SANAS_NUEVAS_297.jpg,train,SANAS_NUEVAS_297,C:\Users\luise\OneDrive\Documentos\DECAFIA_v2\01_dataset\decafia_clean\images\val\SANAS_SOCORRO_90.jpg,val,SANAS_SOCORRO_90,sift_containment,1671,0.84165955,0.66130394,
C:\Users\luise\OneDrive\Documentos\DECAFIA_v2\01_dataset\decafia_clean\images\val\SANAS_NUEVAS_423.jpg,val,SANAS_NUEVAS_423,C:\Users\luise\OneDrive\Documentos\DECAFIA_v2\01_dataset\decafia_clean\images\train\SANAS_SOCORRO_261.jpg,train,SANAS_SOCORRO_261,sift_containment,171,0.9960682,1.5494394,
C:\Users\luise\OneDrive\Documentos\DECAFIA_v2\01_dataset\decafia_clean\images\test\SANAS_NUEVAS_510.jpg,test,SANAS_NUEVAS_510,C:\Users\luise\OneDrive\Documentos\DECAFIA_v2\01_dataset\decafia_clean\images\train\SANAS_SOCORRO_370.jpg,train,SANAS_SOCORRO_370,sift_containment,123,0.8462338,0.5641559,
C:\Users\luise\OneDrive\Documentos\DECAFIA_v2\01_dataset\decafia_clean\images\train\SANAS_NUEVAS_600.jpg,train,SANAS_NUEVAS_600,C:\Users\luise\OneDrive\Documentos\DECAFIA_v2\01_dataset\decafia_clean\images\val\SANAS_NUEVAS_598.jpg,val,SANAS_NUEVAS_598,sift_containment,78,0.8845882,0.8108725,
C:\Users\luise\OneDrive\Documentos\DECAFIA_v2\01_dataset\decafia_clean\images\train\SANAS_NUEVAS_424.jpg,train,SANAS_NUEVAS_424,C:\Users\luise\OneDrive\Documentos\DECAFIA_v2\01_dataset\decafia_clean\images\test\SANAS_NUEVAS_422.jpg,test,SANAS_NUEVAS_422,sift_containment,73,0.6923744,0.80777013,
C:\Users\luise\OneDrive\Documentos\DECAFIA_v2\01_dataset\decafia_clean\images\test\SANAS_NUEVAS_344.jpg,test,SANAS_NUEVAS_344,C:\Users\luise\OneDrive\Documentos\DECAFIA_v2\01_dataset\decafia_clean\images\train\SANAS_NUEVAS_348.jpg,train,SANAS_NUEVAS_348,sift_containment,1092,0.8485876,0.5455206,
C:\Users\luise\OneDrive\Documentos\DECAFIA_v2\01_dataset\decafia_clean\images\test\SANAS_NUEVAS_374.jpg,test,SANAS_NUEVAS_374,C:\Users\luise\OneDrive\Documentos\DECAFIA_v2\01_dataset\decafia_clean\images\train\SANAS_SOCORRO_200.jpg,train,SANAS_SOCORRO_200,sift_containment,260,0.99932724,0.9224559,
C:\Users\luise\OneDrive\Documentos\DECAFIA_v2\01_dataset\decafia_clean\images\train\SANAS_NUEVAS_580.jpg,train,SANAS_NUEVAS_580,C:\Users\luise\OneDrive\Documentos\DECAFIA_v2\01_dataset\decafia_clean\images\val\SANAS_SOCORRO_470.jpg,val,SANAS_SOCORRO_470,sift_containment,805,0.99976933,0.72710496,
C:\Users\luise\OneDrive\Documentos\DECAFIA_v2\01_dataset\decafia_clean\images\train\SANAS_NUEVAS_415.jpg,train,SANAS_NUEVAS_415,C:\Users\luise\OneDrive\Documentos\DECAFIA_v2\01_dataset\decafia_clean\images\val\SANAS_SOCORRO_252.jpg,val,SANAS_SOCORRO_252,sift_containment,156,0.9993117,0.85655284,
C:\Users\luise\OneDrive\Documentos\DECAFIA_v2\01_dataset\decafia_clean\images\train\SANAS_SOCORRO_255.jpg,train,SANAS_SOCORRO_255,C:\Users\luise\OneDrive\Documentos\DECAFIA_v2\01_dataset\decafia_clean\images\val\SANAS_NUEVAS_417.jpg,val,SANAS_NUEVAS_417,sift_containment,226,0.79516906,0.79516906,
C:\Users\luise\OneDrive\Documentos\DECAFIA_v2\01_dataset\decafia_clean\images\val\SANAS_NUEVAS_445.jpg,val,SANAS_NUEVAS_445,C:\Users\luise\OneDrive\Documentos\DECAFIA_v2\01_dataset\decafia_clean\images\train\SANAS_SOCORRO_287.jpg,train,SANAS_SOCORRO_287,sift_containment,80,1.0,1.2,
C:\Users\luise\OneDrive\Documentos\DECAFIA_v2\01_dataset\decafia_clean\images\train\SANAS_SOCORRO_183.jpg,train,SANAS_SOCORRO_183,C:\Users\luise\OneDrive\Documentos\DECAFIA_v2\01_dataset\decafia_clean\images\test\SANAS_SOCORRO_174.jpg,test,SANAS_SOCORRO_174,sift_containment,35,0.67960143,0.7475616,
C:\Users\luise\OneDrive\Documentos\DECAFIA_v2\01_dataset\decafia_clean\images\val\SANAS_NUEVAS_427.jpg,val,SANAS_NUEVAS_427,C:\Users\luise\OneDrive\Documentos\DECAFIA_v2\01_dataset\decafia_clean\images\train\SANAS_SOCORRO_266.jpg,train,SANAS_SOCORRO_266,sift_containment,304,0.999437,1.4991554,
C:\Users\luise\OneDrive\Documentos\DECAFIA_v2\01_dataset\decafia_clean\images\test\COCO_P_A_17.jpg,test,COCO_P_A_17,C:\Users\luise\OneDrive\Documentos\DECAFIA_v2\01_dataset\decafia_clean\images\val\COCO_P_A_28.jpg,val,COCO_P_A_28,sift_containment,117,0.9438336,0.85803056,
C:\Users\luise\OneDrive\Documentos\DECAFIA_v2\01_dataset\decafia_clean\images\val\SANAS_NUEVAS_266.jpg,val,SANAS_NUEVAS_266,C:\Users\luise\OneDrive\Documentos\DECAFIA_v2\01_dataset\decafia_clean\images\train\SANAS_SOCORRO_35.jpg,train,SANAS_SOCORRO_35,sift_containment,396,0.9829366,1.4197973,
C:\Users\luise\OneDrive\Documentos\DECAFIA_v2\01_dataset\decafia_clean\images\test\COCO_P_A_48.jpg,test,COCO_P_A_48,C:\Users\luise\OneDrive\Documentos\DECAFIA_v2\01_dataset\decafia_clean\images\val\COCO_P_A_4.jpg,val,COCO_P_A_4,sift_containment,373,0.95888424,0.8629958,
C:\Users\luise\OneDrive\Documentos\DECAFIA_v2\01_dataset\decafia_clean\images\val\SANAS_NUEVAS_425.jpg,val,SANAS_NUEVAS_425,C:\Users\luise\OneDrive\Documentos\DECAFIA_v2\01_dataset\decafia_clean\images\train\SANAS_SOCORRO_263.jpg,train,SANAS_SOCORRO_263,sift_containment,69,0.97917694,1.2462251,
C:\Users\luise\OneDrive\Documentos\DECAFIA_v2\01_dataset\decafia_clean\images\train\SANAS_NUEVAS_319.jpg,train,SANAS_NUEVAS_319,C:\Users\luise\OneDrive\Documentos\DECAFIA_v2\01_dataset\decafia_clean\images\val\SANAS_NUEVAS_321.jpg,val,SANAS_NUEVAS_321,sift_containment,1519,0.8601798,0.80283445,
C:\Users\luise\OneDrive\Documentos\DECAFIA_v2\01_dataset\decafia_clean\images\val\SANAS_NUEVAS_370.jpg,val,SANAS_NUEVAS_370,C:\Users\luise\OneDrive\Documentos\DECAFIA_v2\01_dataset\decafia_clean\images\train\SANAS_SOCORRO_195.jpg,train,SANAS_SOCORRO_195,sift_containment,1533,0.99923754,1.4988563,
C:\Users\luise\OneDrive\Documentos\DECAFIA_v2\01_dataset\decafia_clean\images\train\SANAS_SOCORRO_323.jpg,train,SANAS_SOCORRO_323,C:\Users\luise\OneDrive\Documentos\DECAFIA_v2\01_dataset\decafia_clean\images\test\SANAS_SOCORRO_324.jpg,test,SANAS_SOCORRO_324,sift_containment,84,0.7524676,1.1287013,
C:\Users\luise\OneDrive\Documentos\DECAFIA_v2\01_dataset\decafia_clean\images\train\SANAS_NUEVAS_340.jpg,train,SANAS_NUEVAS_340,C:\Users\luise\OneDrive\Documentos\DECAFIA_v2\01_dataset\decafia_clean\images\val\SANAS_SOCORRO_158.jpg,val,SANAS_SOCORRO_158,sift_containment,2314,0.9993515,0.6662343,
C:\Users\luise\OneDrive\Documentos\DECAFIA_v2\01_dataset\decafia_clean\images\val\SANAS_SOCORRO_298.jpg,val,SANAS_SOCORRO_298,C:\Users\luise\OneDrive\Documentos\DECAFIA_v2\01_dataset\decafia_clean\images\train\SANAS_SOCORRO_296.jpg,train,SANAS_SOCORRO_296,sift_containment,92,0.9129006,1.0270132,
C:\Users\luise\OneDrive\Documentos\DECAFIA_v2\01_dataset\decafia_clean\images\test\SANAS_NUEVAS_390.jpg,test,SANAS_NUEVAS_390,C:\Users\luise\OneDrive\Documentos\DECAFIA_v2\01_dataset\decafia_clean\images\train\SANAS_SOCORRO_220.jpg,train,SANAS_SOCORRO_220,sift_containment,51,0.9996802,0.69208634,
C:\Users\luise\OneDrive\Documentos\DECAFIA_v2\01_dataset\decafia_clean\images\test\SANAS_SOCORRO_430.jpg,test,SANAS_SOCORRO_430,C:\Users\luise\OneDrive\Documentos\DECAFIA_v2\01_dataset\decafia_clean\images\train\SANAS_SOCORRO_427.jpg,train,SANAS_SOCORRO_427,sift_containment,3052,0.9267865,0.9267865,
C:\Users\luise\OneDrive\Documentos\DECAFIA_v2\01_dataset\decafia_clean\images\train\SANAS_NUEVAS_351.jpg,train,SANAS_NUEVAS_351,C:\Users\luise\OneDrive\Documentos\DECAFIA_v2\01_dataset\decafia_clean\images\val\SANAS_SOCORRO_171.jpg,val,SANAS_SOCORRO_171,sift_containment,593,0.99920404,0.74940306,
C:\Users\luise\OneDrive\Documentos\DECAFIA_v2\01_dataset\decafia_clean\images\test\MINEIRO_20.jpg,test,MINEIRO_20,C:\Users\luise\OneDrive\Documentos\DECAFIA_v2\01_dataset\decafia_clean\images\train\MINEIRO_170.jpg,train,MINEIRO_170,sift_containment,1020,0.99881625,0.8989346,
C:\Users\luise\OneDrive\Documentos\DECAFIA_v2\01_dataset\decafia_clean\images\train\COCO_P_A_74.jpg,train,COCO_P_A_74,C:\Users\luise\OneDrive\Documentos\DECAFIA_v2\01_dataset\decafia_clean\images\val\COCO_P_A_55.jpg,val,COCO_P_A_55,sift_containment,513,1.0,0.9,
C:\Users\luise\OneDrive\Documentos\DECAFIA_v2\01_dataset\decafia_clean\images\test\SANAS_NUEVAS_486.jpg,test,SANAS_NUEVAS_486,C:\Users\luise\OneDrive\Documentos\DECAFIA_v2\01_dataset\decafia_clean\images\val\SANAS_SOCORRO_338.jpg,val,SANAS_SOCORRO_338,sift_containment,712,0.85683537,0.85683537,
C:\Users\luise\OneDrive\Documentos\DECAFIA_v2\01_dataset\decafia_clean\images\test\SANAS_SOCORRO_389.jpg,test,SANAS_SOCORRO_389,C:\Users\luise\OneDrive\Documentos\DECAFIA_v2\01_dataset\decafia_clean\images\train\SANAS_SOCORRO_388.jpg,train,SANAS_SOCORRO_388,sift_containment,179,0.74818325,0.47611663,
C:\Users\luise\OneDrive\Documentos\DECAFIA_v2\01_dataset\decafia_clean\images\val\SANAS_NUEVAS_421.jpg,val,SANAS_NUEVAS_421,C:\Users\luise\OneDrive\Documentos\DECAFIA_v2\01_dataset\decafia_clean\images\train\SANAS_SOCORRO_259.jpg,train,SANAS_SOCORRO_259,sift_containment,144,0.6083559,1.0428958,
C:\Users\luise\OneDrive\Documentos\DECAFIA_v2\01_dataset\decafia_clean\images\train\SANAS_NUEVAS_353.jpg,train,SANAS_NUEVAS_353,C:\Users\luise\OneDrive\Documentos\DECAFIA_v2\01_dataset\decafia_clean\images\val\SANAS_SOCORRO_175.jpg,val,SANAS_SOCORRO_175,sift_containment,1073,0.99896497,0.73257434,
C:\Users\luise\OneDrive\Documentos\DECAFIA_v2\01_dataset\decafia_clean\images\train\SANAS_NUEVAS_544.jpg,train,SANAS_NUEVAS_544,C:\Users\luise\OneDrive\Documentos\DECAFIA_v2\01_dataset\decafia_clean\images\test\SANAS_SOCORRO_422.jpg,test,SANAS_SOCORRO_422,sift_containment,1463,0.7677042,1.1942065,
C:\Users\luise\OneDrive\Documentos\DECAFIA_v2\01_dataset\decafia_clean\images\train\MINEIRO_84.jpg,train,MINEIRO_84,C:\Users\luise\OneDrive\Documentos\DECAFIA_v2\01_dataset\decafia_clean\images\val\MINEIRO_95.jpg,val,MINEIRO_95,sift_containment,1088,0.9143366,0.9143366,
C:\Users\luise\OneDrive\Documentos\DECAFIA_v2\01_dataset\decafia_clean\images\val\SANAS_NUEVAS_447.jpg,val,SANAS_NUEVAS_447,C:\Users\luise\OneDrive\Documentos\DECAFIA_v2\01_dataset\decafia_clean\images\train\SANAS_SOCORRO_291.jpg,train,SANAS_SOCORRO_291,sift_containment,339,0.9990517,1.4985776,
C:\Users\luise\OneDrive\Documentos\DECAFIA_v2\01_dataset\decafia_clean\images\test\SANAS_SOCORRO_111.jpg,test,SANAS_SOCORRO_111,C:\Users\luise\OneDrive\Documentos\DECAFIA_v2\01_dataset\decafia_clean\images\train\SANAS_SOCORRO_113.jpg,train,SANAS_SOCORRO_113,sift_containment,1937,0.99818486,0.99818486,
C:\Users\luise\OneDrive\Documentos\DECAFIA_v2\01_dataset\decafia_clean\images\train\SANAS_NUEVAS_326.jpg,test,SANAS_SOCORRO_142,C:\Users\luise\OneDrive\Documentos\DECAFIA_v2\01_dataset\decafia_clean\images\test\SANAS_SOCORRO_142.jpg,train,SANAS_NUEVAS_326,sift_containment,2124,0.9998542,1.0831754,
C:\Users\luise\OneDrive\Documentos\DECAFIA_v2\01_dataset\decafia_clean\images\test\COCO_P_A_13.jpg,train,COCO_P_A_46,C:\Users\luise\OneDrive\Documentos\DECAFIA_v2\01_dataset\decafia_clean\images\train\COCO_P_A_46.jpg,test,COCO_P_A_13,sift_containment,262,1.0,1.0,
C:\Users\luise\OneDrive\Documentos\DECAFIA_v2\01_dataset\decafia_clean\images\test\SANAS_NUEVAS_261.jpg,test,SANAS_NUEVAS_261,C:\Users\luise\OneDrive\Documentos\DECAFIA_v2\01_dataset\decafia_clean\images\train\SANAS_SOCORRO_25.jpg,train,SANAS_SOCORRO_25,sift_containment,841,0.7446559,0.67695993,
C:\Users\luise\OneDrive\Documentos\DECAFIA_v2\01_dataset\decafia_clean\images\test\SANAS_NUEVAS_331.jpg,train,SANAS_SOCORRO_147,C:\Users\luise\OneDrive\Documentos\DECAFIA_v2\01_dataset\decafia_clean\images\train\SANAS_SOCORRO_147.jpg,test,SANAS_NUEVAS_331,sift_containment,3478,0.9997923,0.7855511,
C:\Users\luise\OneDrive\Documentos\DECAFIA_v2\01_dataset\decafia_clean\images\val\SANAS_NUEVAS_296.jpg,val,SANAS_NUEVAS_296,C:\Users\luise\OneDrive\Documentos\DECAFIA_v2\01_dataset\decafia_clean\images\train\SANAS_NUEVAS_304.jpg,train,SANAS_NUEVAS_304,sift_containment,136,0.8142373,0.876871,
C:\Users\luise\OneDrive\Documentos\DECAFIA_v2\01_dataset\decafia_clean\images\train\SANAS_SOCORRO_17.jpg,train,SANAS_SOCORRO_17,C:\Users\luise\OneDrive\Documentos\DECAFIA_v2\01_dataset\decafia_clean\images\test\SANAS_SOCORRO_13.jpg,test,SANAS_SOCORRO_13,sift_containment,220,0.77575314,1.1205324,
C:\Users\luise\OneDrive\Documentos\DECAFIA_v2\01_dataset\decafia_clean\images\test\SANAS_SOCORRO_163.jpg,test,SANAS_SOCORRO_163,C:\Users\luise\OneDrive\Documentos\DECAFIA_v2\01_dataset\decafia_clean\images\train\SANAS_SOCORRO_162.jpg,train,SANAS_SOCORRO_162,sift_containment,2166,0.81895727,0.727962,
C:\Users\luise\OneDrive\Documentos\DECAFIA_v2\01_dataset\decafia_clean\images\val\SANAS_NUEVAS_620.jpg,val,SANAS_NUEVAS_620,C:\Users\luise\OneDrive\Documentos\DECAFIA_v2\01_dataset\decafia_clean\images\train\SANAS_SOCORRO_518.jpg,train,SANAS_SOCORRO_518,sift_containment,77,0.99860835,1.5533907,
C:\Users\luise\OneDrive\Documentos\DECAFIA_v2\01_dataset\decafia_clean\images\train\ROYA_MA_50.jpg,train,ROYA_MA_50,C:\Users\luise\OneDrive\Documentos\DECAFIA_v2\01_dataset\decafia_clean\images\val\ROYA_MA_37.jpg,val,ROYA_MA_37,sift_containment,1045,1.0,0.8888889,
C:\Users\luise\OneDrive\Documentos\DECAFIA_v2\01_dataset\decafia_clean\images\val\SANAS_NUEVAS_417.jpg,val,SANAS_NUEVAS_417,C:\Users\luise\OneDrive\Documentos\DECAFIA_v2\01_dataset\decafia_clean\images\train\SANAS_SOCORRO_254.jpg,train,SANAS_SOCORRO_254,sift_containment,306,0.99830204,1.3726653,
C:\Users\luise\OneDrive\Documentos\DECAFIA_v2\01_dataset\decafia_clean\images\test\COCO_P_A_48.jpg,train,COCO_P_A_7,C:\Users\luise\OneDrive\Documentos\DECAFIA_v2\01_dataset\decafia_clean\images\train\COCO_P_A_7.jpg,test,COCO_P_A_48,sift_containment,936,1.0,0.9,
C:\Users\luise\OneDrive\Documentos\DECAFIA_v2\01_dataset\decafia_clean\images\train\ROYA_FONDO_68.jpg,train,ROYA_FONDO_68,C:\Users\luise\OneDrive\Documentos\DECAFIA_v2\01_dataset\decafia_clean\images\val\ROYA_FONDO_81.jpg,val,ROYA_FONDO_81,sift_containment,64,0.9999999,0.8888888,
C:\Users\luise\OneDrive\Documentos\DECAFIA_v2\01_dataset\decafia_clean\images\val\SANAS_SOCORRO_204.jpg,val,SANAS_SOCORRO_204,C:\Users\luise\OneDrive\Documentos\DECAFIA_v2\01_dataset\decafia_clean\images\train\SANAS_SOCORRO_201.jpg,train,SANAS_SOCORRO_201,sift_containment,69,0.80370265,1.205554,
C:\Users\luise\OneDrive\Documentos\DECAFIA_v2\01_dataset\decafia_clean\images\train\MINEIRO_54.jpg,train,MINEIRO_54,C:\Users\luise\OneDrive\Documentos\DECAFIA_v2\01_dataset\decafia_clean\images\val\SANAS_NUEVAS_425.jpg,val,SANAS_NUEVAS_425,resolution_ratio,18,1.8165226e-08,3.633045e-08,2.0
C:\Users\luise\OneDrive\Documentos\DECAFIA_v2\01_dataset\decafia_clean\images\train\SANAS_NUEVAS_347.jpg,train,SANAS_NUEVAS_347,C:\Users\luise\OneDrive\Documentos\DECAFIA_v2\01_dataset\decafia_clean\images\test\SANAS_SOCORRO_164.jpg,test,SANAS_SOCORRO_164,sift_containment,685,0.6804562,0.7423159,
C:\Users\luise\OneDrive\Documentos\DECAFIA_v2\01_dataset\decafia_clean\images\test\SANAS_SOCORRO_295.jpg,test,SANAS_SOCORRO_295,C:\Users\luise\OneDrive\Documentos\DECAFIA_v2\01_dataset\decafia_clean\images\train\SANAS_SOCORRO_292.jpg,train,SANAS_SOCORRO_292,sift_containment,76,0.85113513,0.77375925,
C:\Users\luise\OneDrive\Documentos\DECAFIA_v2\01_dataset\decafia_clean\images\train\MINADO_RECORTES_110.jpg,train,MINADO_RECORTES_110,C:\Users\luise\OneDrive\Documentos\DECAFIA_v2\01_dataset\decafia_clean\images\val\MINADO_RECORTES_109.jpg,val,MINADO_RECORTES_109,sift_containment,524,0.9989959,0.9989959,
C:\Users\luise\OneDrive\Documentos\DECAFIA_v2\01_dataset\decafia_clean\images\train\SANAS_SOCORRO_436.jpg,test,SANAS_SOCORRO_437,C:\Users\luise\OneDrive\Documentos\DECAFIA_v2\01_dataset\decafia_clean\images\test\SANAS_SOCORRO_437.jpg,train,SANAS_SOCORRO_436,sift_containment,1415,0.9175208,1.032211,
C:\Users\luise\OneDrive\Documentos\DECAFIA_v2\01_dataset\decafia_clean\images\train\SANAS_NUEVAS_341.jpg,train,SANAS_NUEVAS_341,C:\Users\luise\OneDrive\Documentos\DECAFIA_v2\01_dataset\decafia_clean\images\val\SANAS_SOCORRO_167.jpg,val,SANAS_SOCORRO_167,sift_containment,1547,0.9719404,0.9025161,
C:\Users\luise\OneDrive\Documentos\DECAFIA_v2\01_dataset\decafia_clean\images\train\SANAS_NUEVAS_436.jpg,train,SANAS_NUEVAS_436,C:\Users\luise\OneDrive\Documentos\DECAFIA_v2\01_dataset\decafia_clean\images\test\SANAS_NUEVAS_437.jpg,test,SANAS_NUEVAS_437,sift_containment,241,0.9148577,0.9852314,
C:\Users\luise\OneDrive\Documentos\DECAFIA_v2\01_dataset\decafia_clean\images\train\SANAS_NUEVAS_307.jpg,train,SANAS_NUEVAS_307,C:\Users\luise\OneDrive\Documentos\DECAFIA_v2\01_dataset\decafia_clean\images\test\SANAS_SOCORRO_109.jpg,test,SANAS_SOCORRO_109,sift_containment,626,0.8824868,1.123165,
C:\Users\luise\OneDrive\Documentos\DECAFIA_v2\01_dataset\decafia_clean\images\val\SANAS_SOCORRO_62.jpg,val,SANAS_SOCORRO_62,C:\Users\luise\OneDrive\Documentos\DECAFIA_v2\01_dataset\decafia_clean\images\train\SANAS_SOCORRO_64.jpg,train,SANAS_SOCORRO_64,sift_containment,245,0.8872684,0.9679292,
C:\Users\luise\OneDrive\Documentos\DECAFIA_v2\01_dataset\decafia_clean\images\train\SANAS_SOCORRO_428.jpg,train,SANAS_SOCORRO_428,C:\Users\luise\OneDrive\Documentos\DECAFIA_v2\01_dataset\decafia_clean\images\test\SANAS_SOCORRO_429.jpg,test,SANAS_SOCORRO_429,sift_containment,2336,0.9048006,1.005334,
C:\Users\luise\OneDrive\Documentos\DECAFIA_v2\01_dataset\decafia_clean\images\test\SANAS_NUEVAS_422.jpg,test,SANAS_NUEVAS_422,C:\Users\luise\OneDrive\Documentos\DECAFIA_v2\01_dataset\decafia_clean\images\train\SANAS_SOCORRO_260.jpg,train,SANAS_SOCORRO_260,sift_containment,191,0.99604595,0.6640306,
C:\Users\luise\OneDrive\Documentos\DECAFIA_v2\01_dataset\decafia_clean\images\train\SANAS_NUEVAS_406.jpg,test,SANAS_SOCORRO_241,C:\Users\luise\OneDrive\Documentos\DECAFIA_v2\01_dataset\decafia_clean\images\test\SANAS_SOCORRO_241.jpg,train,SANAS_NUEVAS_406,sift_containment,105,0.99681556,1.3955418,
C:\Users\luise\OneDrive\Documentos\DECAFIA_v2\01_dataset\decafia_clean\images\train\SANAS_SOCORRO_449.jpg,train,SANAS_SOCORRO_449,C:\Users\luise\OneDrive\Documentos\DECAFIA_v2\01_dataset\decafia_clean\images\test\SANAS_SOCORRO_450.jpg,test,SANAS_SOCORRO_450,sift_containment,448,0.645808,1.0763466,
C:\Users\luise\OneDrive\Documentos\DECAFIA_v2\01_dataset\decafia_clean\images\val\SANAS_NUEVAS_446.jpg,val,SANAS_NUEVAS_446,C:\Users\luise\OneDrive\Documentos\DECAFIA_v2\01_dataset\decafia_clean\images\train\SANAS_SOCORRO_289.jpg,train,SANAS_SOCORRO_289,sift_containment,219,0.99939805,1.3741723,
C:\Users\luise\OneDrive\Documentos\DECAFIA_v2\01_dataset\decafia_clean\images\train\SANAS_SOCORRO_89.jpg,train,SANAS_SOCORRO_89,C:\Users\luise\OneDrive\Documentos\DECAFIA_v2\01_dataset\decafia_clean\images\val\SANAS_SOCORRO_90.jpg,val,SANAS_SOCORRO_90,sift_containment,4266,0.8425527,0.8425527,
C:\Users\luise\OneDrive\Documentos\DECAFIA_v2\01_dataset\decafia_clean\images\train\COCO_M_A_54.jpg,train,COCO_M_A_54,C:\Users\luise\OneDrive\Documentos\DECAFIA_v2\01_dataset\decafia_clean\images\val\COCO_Muy_A_76.jpg,val,COCO_Muy_A_76,sift_containment,30,0.89579064,0.79625833,
C:\Users\luise\OneDrive\Documentos\DECAFIA_v2\01_dataset\decafia_clean\images\val\SANAS_NUEVAS_311.jpg,val,SANAS_NUEVAS_311,C:\Users\luise\OneDrive\Documentos\DECAFIA_v2\01_dataset\decafia_clean\images\train\SANAS_SOCORRO_119.jpg,train,SANAS_SOCORRO_119,sift_containment,237,0.96484077,1.1402664,
C:\Users\luise\OneDrive\Documentos\DECAFIA_v2\01_dataset\decafia_clean\images\test\SANAS_SOCORRO_234.jpg,test,SANAS_SOCORRO_234,C:\Users\luise\OneDrive\Documentos\DECAFIA_v2\01_dataset\decafia_clean\images\train\SANAS_NUEVAS_400.jpg,train,SANAS_NUEVAS_400,sift_containment,187,1.0,1.0,
C:\Users\luise\OneDrive\Documentos\DECAFIA_v2\01_dataset\decafia_clean\images\val\SANAS_NUEVAS_457.jpg,val,SANAS_NUEVAS_457,C:\Users\luise\OneDrive\Documentos\DECAFIA_v2\01_dataset\decafia_clean\images\train\SANAS_SOCORRO_303.jpg,train,SANAS_SOCORRO_303,sift_containment,855,0.9993362,1.3324482,
C:\Users\luise\OneDrive\Documentos\DECAFIA_v2\01_dataset\decafia_clean\images\val\SANAS_NUEVAS_413.jpg,val,SANAS_NUEVAS_413,C:\Users\luise\OneDrive\Documentos\DECAFIA_v2\01_dataset\decafia_clean\images\train\SANAS_SOCORRO_249.jpg,train,SANAS_SOCORRO_249,sift_containment,315,0.99910766,1.0823666,
C:\Users\luise\OneDrive\Documentos\DECAFIA_v2\01_dataset\decafia_clean\images\train\SANAS_NUEVAS_277.jpg,train,SANAS_NUEVAS_277,C:\Users\luise\OneDrive\Documentos\DECAFIA_v2\01_dataset\decafia_clean\images\val\SANAS_SOCORRO_53.jpg,val,SANAS_SOCORRO_53,sift_containment,413,0.9997797,0.6427155,
C:\Users\luise\OneDrive\Documentos\DECAFIA_v2\01_dataset\decafia_clean\images\train\SANAS_NUEVAS_270.jpg,train,SANAS_NUEVAS_270,C:\Users\luise\OneDrive\Documentos\DECAFIA_v2\01_dataset\decafia_clean\images\test\SANAS_NUEVAS_269.jpg,test,SANAS_NUEVAS_269,sift_containment,477,0.98041856,1.2478054,
C:\Users\luise\OneDrive\Documentos\DECAFIA_v2\01_dataset\decafia_clean\images\train\SANAS_SOCORRO_113.jpg,train,SANAS_SOCORRO_113,C:\Users\luise\OneDrive\Documentos\DECAFIA_v2\01_dataset\decafia_clean\images\val\SANAS_SOCORRO_90.jpg,val,SANAS_SOCORRO_90,sift_containment,278,0.74023604,0.74023604,
C:\Users\luise\OneDrive\Documentos\DECAFIA_v2\01_dataset\decafia_clean\images\test\COCO_P_A_39.jpg,test,COCO_P_A_39,C:\Users\luise\OneDrive\Documentos\DECAFIA_v2\01_dataset\decafia_clean\images\train\COCO_M_A_78.jpg,train,COCO_M_A_78,sift_containment,735,1.0,0.8888889,
C:\Users\luise\OneDrive\Documentos\DECAFIA_v2\01_dataset\decafia_clean\images\test\SANAS_SOCORRO_404.jpg,test,SANAS_SOCORRO_404,C:\Users\luise\OneDrive\Documentos\DECAFIA_v2\01_dataset\decafia_clean\images\train\SANAS_SOCORRO_401.jpg,train,SANAS_SOCORRO_401,sift_containment,328,0.972772,0.86468625,
C:\Users\luise\OneDrive\Documentos\DECAFIA_v2\01_dataset\decafia_clean\images\val\SANAS_NUEVAS_608.jpg,val,SANAS_NUEVAS_608,C:\Users\luise\OneDrive\Documentos\DECAFIA_v2\01_dataset\decafia_clean\images\train\SANAS_SOCORRO_504.jpg,train,SANAS_SOCORRO_504,sift_containment,981,0.9987717,1.2711641,
C:\Users\luise\OneDrive\Documentos\DECAFIA_v2\01_dataset\decafia_clean\images\train\SANAS_NUEVAS_381.jpg,train,SANAS_NUEVAS_381,C:\Users\luise\OneDrive\Documentos\DECAFIA_v2\01_dataset\decafia_clean\images\test\SANAS_SOCORRO_210.jpg,test,SANAS_SOCORRO_210,sift_containment,550,0.9241224,1.2937714,
C:\Users\luise\OneDrive\Documentos\DECAFIA_v2\01_dataset\decafia_clean\images\test\SANAS_NUEVAS_355.jpg,test,SANAS_NUEVAS_355,C:\Users\luise\OneDrive\Documentos\DECAFIA_v2\01_dataset\decafia_clean\images\train\SANAS_SOCORRO_177.jpg,train,SANAS_SOCORRO_177,sift_containment,459,0.999331,0.8455878,
C:\Users\luise\OneDrive\Documentos\DECAFIA_v2\01_dataset\decafia_clean\images\test\SANAS_SOCORRO_138.jpg,test,SANAS_SOCORRO_138,C:\Users\luise\OneDrive\Documentos\DECAFIA_v2\01_dataset\decafia_clean\images\train\SANAS_NUEVAS_323.jpg,train,SANAS_NUEVAS_323,sift_containment,663,0.9993238,0.785183,
C:\Users\luise\OneDrive\Documentos\DECAFIA_v2\01_dataset\decafia_clean\images\train\SANAS_SOCORRO_211.jpg,train,SANAS_SOCORRO_211,C:\Users\luise\OneDrive\Documentos\DECAFIA_v2\01_dataset\decafia_clean\images\test\SANAS_NUEVAS_385.jpg,test,SANAS_NUEVAS_385,sift_containment,223,0.88609844,0.9542599,
C:\Users\luise\OneDrive\Documentos\DECAFIA_v2\01_dataset\decafia_clean\images\test\ROYA_Muy_A_25.jpg,train,ROYA_Muy_A_24,C:\Users\luise\OneDrive\Documentos\DECAFIA_v2\01_dataset\decafia_clean\images\train\ROYA_Muy_A_24.jpg,test,ROYA_Muy_A_25,sift_containment,1138,0.9634412,0.8670971,
C:\Users\luise\OneDrive\Documentos\DECAFIA_v2\01_dataset\decafia_clean\images\train\SANAS_SOCORRO_417.jpg,train,SANAS_SOCORRO_417,C:\Users\luise\OneDrive\Documentos\DECAFIA_v2\01_dataset\decafia_clean\images\test\SANAS_SOCORRO_414.jpg,test,SANAS_SOCORRO_414,sift_containment,100,0.74658734,0.82954144,
C:\Users\luise\OneDrive\Documentos\DECAFIA_v2\01_dataset\decafia_clean\images\train\SANAS_SOCORRO_464.jpg,train,SANAS_SOCORRO_464,C:\Users\luise\OneDrive\Documentos\DECAFIA_v2\01_dataset\decafia_clean\images\val\SANAS_SOCORRO_462.jpg,val,SANAS_SOCORRO_462,sift_containment,74,0.8606482,0.8606482,
C:\Users\luise\OneDrive\Documentos\DECAFIA_v2\01_dataset\decafia_clean\images\train\SANAS_NUEVAS_336.jpg,train,SANAS_NUEVAS_336,C:\Users\luise\OneDrive\Documentos\DECAFIA_v2\01_dataset\decafia_clean\images\test\SANAS_SOCORRO_156.jpg,test,SANAS_SOCORRO_156,sift_containment,756,0.7920946,1.3861655,
C:\Users\luise\OneDrive\Documentos\DECAFIA_v2\01_dataset\decafia_clean\images\train\SANAS_NUEVAS_439.jpg,train,SANAS_NUEVAS_439,C:\Users\luise\OneDrive\Documentos\DECAFIA_v2\01_dataset\decafia_clean\images\test\SANAS_NUEVAS_437.jpg,test,SANAS_NUEVAS_437,sift_containment,169,0.8039096,0.86574876,
C:\Users\luise\OneDrive\Documentos\DECAFIA_v2\01_dataset\decafia_clean\images\test\SANAS_SOCORRO_26.jpg,test,SANAS_SOCORRO_26,C:\Users\luise\OneDrive\Documentos\DECAFIA_v2\01_dataset\decafia_clean\images\train\SANAS_SOCORRO_25.jpg,train,SANAS_SOCORRO_25,sift_containment,1562,0.74435663,0.5316833,
C:\Users\luise\OneDrive\Documentos\DECAFIA_v2\01_dataset\decafia_clean\images\test\SANAS_NUEVAS_334.jpg,test,SANAS_NUEVAS_334,C:\Users\luise\OneDrive\Documentos\DECAFIA_v2\01_dataset\decafia_clean\images\train\SANAS_SOCORRO_149.jpg,train,SANAS_SOCORRO_149,sift_containment,95,0.84964645,0.45314476,
C:\Users\luise\OneDrive\Documentos\DECAFIA_v2\01_dataset\decafia_clean\images\train\MINEIRO_102.jpg,train,MINEIRO_102,C:\Users\luise\OneDrive\Documentos\DECAFIA_v2\01_dataset\decafia_clean\images\test\MINEIRO_20.jpg,test,MINEIRO_20,sift_containment,1344,0.8945134,0.98396474,
C:\Users\luise\OneDrive\Documentos\DECAFIA_v2\01_dataset\decafia_clean\images\test\MINADO_RECORTES_126.jpg,test,MINADO_RECORTES_126,C:\Users\luise\OneDrive\Documentos\DECAFIA_v2\01_dataset\decafia_clean\images\train\MINADO_RECORTES_125.jpg,train,MINADO_RECORTES_125,sift_containment,539,0.99907523,0.99907523,
C:\Users\luise\OneDrive\Documentos\DECAFIA_v2\01_dataset\decafia_clean\images\test\SANAS_NUEVAS_289.jpg,test,SANAS_NUEVAS_289,C:\Users\luise\OneDrive\Documentos\DECAFIA_v2\01_dataset\decafia_clean\images\val\SANAS_SOCORRO_73.jpg,val,SANAS_SOCORRO_73,sift_containment,775,0.99934286,0.69185275,
C:\Users\luise\OneDrive\Documentos\DECAFIA_v2\01_dataset\decafia_clean\images\train\SANAS_NUEVAS_475.jpg,train,SANAS_NUEVAS_475,C:\Users\luise\OneDrive\Documentos\DECAFIA_v2\01_dataset\decafia_clean\images\val\SANAS_NUEVAS_476.jpg,val,SANAS_NUEVAS_476,sift_containment,86,0.85163933,0.6813114,
C:\Users\luise\OneDrive\Documentos\DECAFIA_v2\01_dataset\decafia_clean\images\test\SANAS_NUEVAS_558.jpg,train,SANAS_SOCORRO_442,C:\Users\luise\OneDrive\Documentos\DECAFIA_v2\01_dataset\decafia_clean\images\train\SANAS_SOCORRO_442.jpg,test,SANAS_NUEVAS_558,sift_containment,367,0.9485621,0.6036304,
C:\Users\luise\OneDrive\Documentos\DECAFIA_v2\01_dataset\decafia_clean\images\val\SANAS_NUEVAS_606.jpg,val,SANAS_NUEVAS_606,C:\Users\luise\OneDrive\Documentos\DECAFIA_v2\01_dataset\decafia_clean\images\train\SANAS_SOCORRO_501.jpg,train,SANAS_SOCORRO_501,sift_containment,150,0.89112365,1.1139046,
C:\Users\luise\OneDrive\Documentos\DECAFIA_v2\01_dataset\decafia_clean\images\test\SANAS_NUEVAS_489.jpg,test,SANAS_NUEVAS_489,C:\Users\luise\OneDrive\Documentos\DECAFIA_v2\01_dataset\decafia_clean\images\train\SANAS_SOCORRO_342.jpg,train,SANAS_SOCORRO_342,sift_containment,266,1.0,0.7777778,
C:\Users\luise\OneDrive\Documentos\DECAFIA_v2\01_dataset\decafia_clean\images\val\SANAS_NUEVAS_513.jpg,val,SANAS_NUEVAS_513,C:\Users\luise\OneDrive\Documentos\DECAFIA_v2\01_dataset\decafia_clean\images\train\SANAS_SOCORRO_372.jpg,train,SANAS_SOCORRO_372,sift_containment,221,0.998964,1.3985496,
C:\Users\luise\OneDrive\Documentos\DECAFIA_v2\01_dataset\decafia_clean\images\train\SANAS_SOCORRO_106.jpg,train,SANAS_SOCORRO_106,C:\Users\luise\OneDrive\Documentos\DECAFIA_v2\01_dataset\decafia_clean\images\val\SANAS_SOCORRO_107.jpg,val,SANAS_SOCORRO_107,sift_containment,2302,0.9512858,0.80493414,
C:\Users\luise\OneDrive\Documentos\DECAFIA_v2\01_dataset\decafia_clean\images\train\SANAS_SOCORRO_15.jpg,train,SANAS_SOCORRO_15,C:\Users\luise\OneDrive\Documentos\DECAFIA_v2\01_dataset\decafia_clean\images\test\SANAS_SOCORRO_13.jpg,test,SANAS_SOCORRO_13,sift_containment,1617,0.81528103,1.268215,
C:\Users\luise\OneDrive\Documentos\DECAFIA_v2\01_dataset\decafia_clean\images\val\SANAS_SOCORRO_188.jpg,val,SANAS_SOCORRO_188,C:\Users\luise\OneDrive\Documentos\DECAFIA_v2\01_dataset\decafia_clean\images\train\SANAS_NUEVAS_364.jpg,train,SANAS_NUEVAS_364,sift_containment,724,0.99932426,1.2718673,
C:\Users\luise\OneDrive\Documentos\DECAFIA_v2\01_dataset\decafia_clean\images\test\SANAS_NUEVAS_581.jpg,test,SANAS_NUEVAS_581,C:\Users\luise\OneDrive\Documentos\DECAFIA_v2\01_dataset\decafia_clean\images\train\SANAS_SOCORRO_471.jpg,train,SANAS_SOCORRO_471,sift_containment,411,0.99923784,0.66615856,
C:\Users\luise\OneDrive\Documentos\DECAFIA_v2\01_dataset\decafia_clean\images\val\SANAS_NUEVAS_599.jpg,val,SANAS_NUEVAS_599,C:\Users\luise\OneDrive\Documentos\DECAFIA_v2\01_dataset\decafia_clean\images\train\SANAS_SOCORRO_493.jpg,train,SANAS_SOCORRO_493,sift_containment,519,0.9996652,1.3995312,
C:\Users\luise\OneDrive\Documentos\DECAFIA_v2\01_dataset\decafia_clean\images\val\MINADO_RECORTES_103.jpg,val,MINADO_RECORTES_103,C:\Users\luise\OneDrive\Documentos\DECAFIA_v2\01_dataset\decafia_clean\images\train\MINADO_RECORTES_99.jpg,train,MINADO_RECORTES_99,sift_containment,95,1.0,1.3177978,
C:\Users\luise\OneDrive\Documentos\DECAFIA_v2\01_dataset\decafia_clean\images\test\SANAS_SOCORRO_443.jpg,test,SANAS_SOCORRO_443,C:\Users\luise\OneDrive\Documentos\DECAFIA_v2\01_dataset\decafia_clean\images\train\SANAS_SOCORRO_441.jpg,train,SANAS_SOCORRO_441,sift_containment,870,0.873427,0.873427,
C:\Users\luise\OneDrive\Documentos\DECAFIA_v2\01_dataset\decafia_clean\images\train\MINEIRO_4.jpg,train,MINEIRO_4,C:\Users\luise\OneDrive\Documentos\DECAFIA_v2\01_dataset\decafia_clean\images\val\MINADOR_12.jpg,val,MINADOR_12,sift_containment,1410,0.9774691,0.9774691,
C:\Users\luise\OneDrive\Documentos\DECAFIA_v2\01_dataset\decafia_clean\images\train\SANAS_SOCORRO_373.jpg,train,SANAS_SOCORRO_373,C:\Users\luise\OneDrive\Documentos\DECAFIA_v2\01_dataset\decafia_clean\images\test\SANAS_SOCORRO_374.jpg,test,SANAS_SOCORRO_374,sift_containment,69,0.71726656,1.0246664,
C:\Users\luise\OneDrive\Documentos\DECAFIA_v2\01_dataset\decafia_clean\images\train\SANAS_NUEVAS_394.jpg,train,SANAS_NUEVAS_394,C:\Users\luise\OneDrive\Documentos\DECAFIA_v2\01_dataset\decafia_clean\images\val\SANAS_SOCORRO_225.jpg,val,SANAS_SOCORRO_225,sift_containment,110,0.99222577,0.779606,
C:\Users\luise\OneDrive\Documentos\DECAFIA_v2\01_dataset\decafia_clean\images\train\SANAS_NUEVAS_565.jpg,train,SANAS_NUEVAS_565,C:\Users\luise\OneDrive\Documentos\DECAFIA_v2\01_dataset\decafia_clean\images\test\SANAS_SOCORRO_450.jpg,test,SANAS_SOCORRO_450,sift_containment,458,0.72365284,1.2060881,
C:\Users\luise\OneDrive\Documentos\DECAFIA_v2\01_dataset\decafia_clean\images\val\COCO_Muy_A_103.jpg,val,COCO_Muy_A_103,C:\Users\luise\OneDrive\Documentos\DECAFIA_v2\01_dataset\decafia_clean\images\train\COCO_Muy_A_107.jpg,train,COCO_Muy_A_107,sift_containment,35,0.81221324,1.0558772,
C:\Users\luise\OneDrive\Documentos\DECAFIA_v2\01_dataset\decafia_clean\images\val\SANAS_NUEVAS_397.jpg,val,SANAS_NUEVAS_397,C:\Users\luise\OneDrive\Documentos\DECAFIA_v2\01_dataset\decafia_clean\images\train\SANAS_SOCORRO_227.jpg,train,SANAS_SOCORRO_227,sift_containment,113,0.9238637,1.0078514,
C:\Users\luise\OneDrive\Documentos\DECAFIA_v2\01_dataset\decafia_clean\images\train\SANAS_NUEVAS_281.jpg,train,SANAS_NUEVAS_281,C:\Users\luise\OneDrive\Documentos\DECAFIA_v2\01_dataset\decafia_clean\images\val\SANAS_SOCORRO_59.jpg,val,SANAS_SOCORRO_59,sift_containment,84,0.9230085,0.64610595,
C:\Users\luise\OneDrive\Documentos\DECAFIA_v2\01_dataset\decafia_clean\images\val\SANAS_SOCORRO_406.jpg,val,SANAS_SOCORRO_406,C:\Users\luise\OneDrive\Documentos\DECAFIA_v2\01_dataset\decafia_clean\images\train\SANAS_SOCORRO_401.jpg,train,SANAS_SOCORRO_401,sift_containment,1061,0.78044736,0.8780033,
C:\Users\luise\OneDrive\Documentos\DECAFIA_v2\01_dataset\decafia_clean\images\val\MINADO_RECORTES_132.jpg,val,MINADO_RECORTES_132,C:\Users\luise\OneDrive\Documentos\DECAFIA_v2\01_dataset\decafia_clean\images\test\MINADO_RECORTES_40.jpg,test,MINADO_RECORTES_40,sift_containment,173,0.72518504,0.86892974,
C:\Users\luise\OneDrive\Documentos\DECAFIA_v2\01_dataset\decafia_clean\images\val\SANAS_SOCORRO_284.jpg,val,SANAS_SOCORRO_284,C:\Users\luise\OneDrive\Documentos\DECAFIA_v2\01_dataset\decafia_clean\images\test\SANAS_SOCORRO_283.jpg,test,SANAS_SOCORRO_283,sift_containment,182,0.8976079,0.99734217,
C:\Users\luise\OneDrive\Documentos\DECAFIA_v2\01_dataset\decafia_clean\images\train\SANAS_NUEVAS_443.jpg,train,SANAS_NUEVAS_443,C:\Users\luise\OneDrive\Documentos\DECAFIA_v2\01_dataset\decafia_clean\images\val\SANAS_SOCORRO_286.jpg,val,SANAS_SOCORRO_286,sift_containment,367,0.99958855,0.69202286,
C:\Users\luise\OneDrive\Documentos\DECAFIA_v2\01_dataset\decafia_clean\images\train\SANAS_SOCORRO_380.jpg,train,SANAS_SOCORRO_380,C:\Users\luise\OneDrive\Documentos\DECAFIA_v2\01_dataset\decafia_clean\images\test\SANAS_SOCORRO_383.jpg,test,SANAS_SOCORRO_383,sift_containment,72,0.8727254,1.1220756,
C:\Users\luise\OneDrive\Documentos\DECAFIA_v2\01_dataset\decafia_clean\images\test\SANAS_SOCORRO_415.jpg,test,SANAS_SOCORRO_415,C:\Users\luise\OneDrive\Documentos\DECAFIA_v2\01_dataset\decafia_clean\images\train\SANAS_SOCORRO_416.jpg,train,SANAS_SOCORRO_416,sift_containment,105,0.71069914,0.71069914,
C:\Users\luise\OneDrive\Documentos\DECAFIA_v2\01_dataset\decafia_clean\images\val\SANAS_SOCORRO_316.jpg,val,SANAS_SOCORRO_316,C:\Users\luise\OneDrive\Documentos\DECAFIA_v2\01_dataset\decafia_clean\images\train\SANAS_SOCORRO_318.jpg,train,SANAS_SOCORRO_318,sift_containment,285,0.88812816,1.1101602,
C:\Users\luise\OneDrive\Documentos\DECAFIA_v2\01_dataset\decafia_clean\images\test\SANAS_NUEVAS_317.jpg,test,SANAS_NUEVAS_317,C:\Users\luise\OneDrive\Documentos\DECAFIA_v2\01_dataset\decafia_clean\images\train\SANAS_SOCORRO_131.jpg,train,SANAS_SOCORRO_131,sift_containment,968,0.99943256,0.9225531,
C:\Users\luise\OneDrive\Documentos\DECAFIA_v2\01_dataset\decafia_clean\images\train\SANAS_SOCORRO_259.jpg,train,SANAS_SOCORRO_259,C:\Users\luise\OneDrive\Documentos\DECAFIA_v2\01_dataset\decafia_clean\images\test\SANAS_NUEVAS_428.jpg,test,SANAS_NUEVAS_428,resolution_ratio,19,3.1789145e-07,1.4834934e-07,2.142857142857143
C:\Users\luise\OneDrive\Documentos\DECAFIA_v2\01_dataset\decafia_clean\images\val\SANAS_SOCORRO_238.jpg,val,SANAS_SOCORRO_238,C:\Users\luise\OneDrive\Documentos\DECAFIA_v2\01_dataset\decafia_clean\images\train\SANAS_SOCORRO_237.jpg,train,SANAS_SOCORRO_237,sift_containment,258,0.70145965,0.77939963,
C:\Users\luise\OneDrive\Documentos\DECAFIA_v2\01_dataset\decafia_clean\images\train\SANAS_NUEVAS_304.jpg,train,SANAS_NUEVAS_304,C:\Users\luise\OneDrive\Documentos\DECAFIA_v2\01_dataset\decafia_clean\images\val\SANAS_SOCORRO_105.jpg,val,SANAS_SOCORRO_105,sift_containment,1767,0.99794346,0.9211786,
C:\Users\luise\OneDrive\Documentos\DECAFIA_v2\01_dataset\decafia_clean\images\train\SANAS_NUEVAS_416.jpg,train,SANAS_NUEVAS_416,C:\Users\luise\OneDrive\Documentos\DECAFIA_v2\01_dataset\decafia_clean\images\val\SANAS_NUEVAS_417.jpg,val,SANAS_NUEVAS_417,sift_containment,305,0.9573438,0.81006014,
C:\Users\luise\OneDrive\Documentos\DECAFIA_v2\01_dataset\decafia_clean\images\test\SANAS_NUEVAS_269.jpg,test,SANAS_NUEVAS_269,C:\Users\luise\OneDrive\Documentos\DECAFIA_v2\01_dataset\decafia_clean\images\val\SANAS_SOCORRO_42.jpg,val,SANAS_SOCORRO_42,sift_containment,70,0.78213346,0.7110304,
C:\Users\luise\OneDrive\Documentos\DECAFIA_v2\01_dataset\decafia_clean\images\train\SANAS_NUEVAS_549.jpg,train,SANAS_NUEVAS_549,C:\Users\luise\OneDrive\Documentos\DECAFIA_v2\01_dataset\decafia_clean\images\test\SANAS_SOCORRO_443.jpg,test,SANAS_SOCORRO_443,sift_containment,425,0.62485534,0.7141204,
C:\Users\luise\OneDrive\Documentos\DECAFIA_v2\01_dataset\decafia_clean\images\train\ROYA_RECORTES_14.jpg,train,ROYA_RECORTES_14,C:\Users\luise\OneDrive\Documentos\DECAFIA_v2\01_dataset\decafia_clean\images\val\ROYA_RECORTES_4.jpg,val,ROYA_RECORTES_4,sift_containment,36,0.9170032,0.7336026,
C:\Users\luise\OneDrive\Documentos\DECAFIA_v2\01_dataset\decafia_clean\images\test\SANAS_NUEVAS_349.jpg,test,SANAS_NUEVAS_349,C:\Users\luise\OneDrive\Documentos\DECAFIA_v2\01_dataset\decafia_clean\images\train\SANAS_NUEVAS_351.jpg,train,SANAS_NUEVAS_351,sift_containment,132,0.70749056,0.6064205,
C:\Users\luise\OneDrive\Documentos\DECAFIA_v2\01_dataset\decafia_clean\images\test\SANAS_NUEVAS_555.jpg,train,SANAS_SOCORRO_440,C:\Users\luise\OneDrive\Documentos\DECAFIA_v2\01_dataset\decafia_clean\images\train\SANAS_SOCORRO_440.jpg,test,SANAS_NUEVAS_555,sift_containment,1067,0.9998465,0.636266,
C:\Users\luise\OneDrive\Documentos\DECAFIA_v2\01_dataset\decafia_clean\images\train\ROYA_Muy_A_14.jpg,train,ROYA_Muy_A_14,C:\Users\luise\OneDrive\Documentos\DECAFIA_v2\01_dataset\decafia_clean\images\val\ROYA_Muy_A_19.jpg,val,ROYA_Muy_A_19,sift_containment,1449,0.9917835,0.9917835,
C:\Users\luise\OneDrive\Documentos\DECAFIA_v2\01_dataset\decafia_clean\images\test\SANAS_NUEVAS_592.jpg,test,SANAS_NUEVAS_592,C:\Users\luise\OneDrive\Documentos\DECAFIA_v2\01_dataset\decafia_clean\images\train\SANAS_SOCORRO_485.jpg,train,SANAS_SOCORRO_485,sift_containment,513,0.9992952,0.66619676,
C:\Users\luise\OneDrive\Documentos\DECAFIA_v2\01_dataset\decafia_clean\images\train\MINADO_RECORTES_125.jpg,train,MINADO_RECORTES_125,C:\Users\luise\OneDrive\Documentos\DECAFIA_v2\01_dataset\decafia_clean\images\val\MINADO_RECORTES_85.jpg,val,MINADO_RECORTES_85,sift_containment,215,0.96473175,0.90855134,
C:\Users\luise\OneDrive\Documentos\DECAFIA_v2\01_dataset\decafia_clean\images\test\SANAS_NUEVAS_582.jpg,test,SANAS_NUEVAS_582,C:\Users\luise\OneDrive\Documentos\DECAFIA_v2\01_dataset\decafia_clean\images\train\SANAS_SOCORRO_472.jpg,train,SANAS_SOCORRO_472,sift_containment,269,0.99103135,0.66068757,
C:\Users\luise\OneDrive\Documentos\DECAFIA_v2\01_dataset\decafia_clean\images\train\SANAS_NUEVAS_325.jpg,train,SANAS_NUEVAS_325,C:\Users\luise\OneDrive\Documentos\DECAFIA_v2\01_dataset\decafia_clean\images\test\SANAS_SOCORRO_141.jpg,test,SANAS_SOCORRO_141,sift_containment,1093,0.9992488,1.4433594,
C:\Users\luise\OneDrive\Documentos\DECAFIA_v2\01_dataset\decafia_clean\images\train\SANAS_SOCORRO_1.jpg,train,SANAS_SOCORRO_1,C:\Users\luise\OneDrive\Documentos\DECAFIA_v2\01_dataset\decafia_clean\images\val\SANAS_SOCORRO_2.jpg,val,SANAS_SOCORRO_2,sift_containment,815,0.9133436,0.9133436,
C:\Users\luise\OneDrive\Documentos\DECAFIA_v2\01_dataset\decafia_clean\images\train\COCO_Muy_A_45.jpg,train,COCO_Muy_A_45,C:\Users\luise\OneDrive\Documentos\DECAFIA_v2\01_dataset\decafia_clean\images\val\COCO_Muy_A_85.jpg,val,COCO_Muy_A_85,sift_containment,103,0.8503818,0.8503818,
C:\Users\luise\OneDrive\Documentos\DECAFIA_v2\01_dataset\decafia_clean\images\val\SANAS_SOCORRO_313.jpg,val,SANAS_SOCORRO_313,C:\Users\luise\OneDrive\Documentos\DECAFIA_v2\01_dataset\decafia_clean\images\train\SANAS_SOCORRO_312.jpg,train,SANAS_SOCORRO_312,sift_containment,216,0.85250795,0.9945926,
C:\Users\luise\OneDrive\Documentos\DECAFIA_v2\01_dataset\decafia_clean\images\train\SANAS_NUEVAS_575.jpg,train,SANAS_NUEVAS_575,C:\Users\luise\OneDrive\Documentos\DECAFIA_v2\01_dataset\decafia_clean\images\val\SANAS_SOCORRO_462.jpg,val,SANAS_SOCORRO_462,sift_containment,46,0.85785484,0.5719032,
C:\Users\luise\OneDrive\Documentos\DECAFIA_v2\01_dataset\decafia_clean\images\val\SANAS_NUEVAS_375.jpg,val,SANAS_NUEVAS_375,C:\Users\luise\OneDrive\Documentos\DECAFIA_v2\01_dataset\decafia_clean\images\train\SANAS_SOCORRO_201.jpg,train,SANAS_SOCORRO_201,sift_containment,209,0.99852884,1.3979404,
C:\Users\luise\OneDrive\Documentos\DECAFIA_v2\01_dataset\decafia_clean\images\train\SANAS_NUEVAS_256.jpg,train,SANAS_NUEVAS_256,C:\Users\luise\OneDrive\Documentos\DECAFIA_v2\01_dataset\decafia_clean\images\test\SANAS_SOCORRO_13.jpg,test,SANAS_SOCORRO_13,sift_containment,114,0.77364486,1.1174871,
C:\Users\luise\OneDrive\Documentos\DECAFIA_v2\01_dataset\decafia_clean\images\train\MINADO_RECORTES_119.jpg,train,MINADO_RECORTES_119,C:\Users\luise\OneDrive\Documentos\DECAFIA_v2\01_dataset\decafia_clean\images\val\MINADO_RECORTES_103.jpg,val,MINADO_RECORTES_103,sift_containment,103,0.9978451,0.9978451,
C:\Users\luise\OneDrive\Documentos\DECAFIA_v2\01_dataset\decafia_clean\images\test\SANAS_NUEVAS_331.jpg,test,SANAS_NUEVAS_331,C:\Users\luise\OneDrive\Documentos\DECAFIA_v2\01_dataset\decafia_clean\images\train\SANAS_SOCORRO_148.jpg,train,SANAS_SOCORRO_148,sift_containment,1669,0.87100756,0.68436307,
C:\Users\luise\OneDrive\Documentos\DECAFIA_v2\01_dataset\decafia_clean\images\train\SANAS_NUEVAS_597.jpg,train,SANAS_NUEVAS_597,C:\Users\luise\OneDrive\Documentos\DECAFIA_v2\01_dataset\decafia_clean\images\val\SANAS_NUEVAS_595.jpg,val,SANAS_NUEVAS_595,sift_containment,60,0.92871165,0.78583294,
C:\Users\luise\OneDrive\Documentos\DECAFIA_v2\01_dataset\decafia_clean\images\train\SANAS_NUEVAS_391.jpg,train,SANAS_NUEVAS_391,C:\Users\luise\OneDrive\Documentos\DECAFIA_v2\01_dataset\decafia_clean\images\test\SANAS_NUEVAS_390.jpg,test,SANAS_NUEVAS_390,sift_containment,31,0.73341525,0.78983176,
C:\Users\luise\OneDrive\Documentos\DECAFIA_v2\01_dataset\decafia_clean\images\test\SANAS_NUEVAS_593.jpg,test,SANAS_NUEVAS_593,C:\Users\luise\OneDrive\Documentos\DECAFIA_v2\01_dataset\decafia_clean\images\train\SANAS_SOCORRO_486.jpg,train,SANAS_SOCORRO_486,sift_containment,913,0.9993848,0.7268253,
C:\Users\luise\OneDrive\Documentos\DECAFIA_v2\01_dataset\decafia_clean\images\val\SANAS_NUEVAS_377.jpg,val,SANAS_NUEVAS_377,C:\Users\luise\OneDrive\Documentos\DECAFIA_v2\01_dataset\decafia_clean\images\train\SANAS_NUEVAS_378.jpg,train,SANAS_NUEVAS_378,sift_containment,42,0.8166759,0.9800111,
C:\Users\luise\OneDrive\Documentos\DECAFIA_v2\01_dataset\decafia_clean\images\train\SANAS_SOCORRO_372.jpg,train,SANAS_SOCORRO_372,C:\Users\luise\OneDrive\Documentos\DECAFIA_v2\01_dataset\decafia_clean\images\test\SANAS_SOCORRO_375.jpg,test,SANAS_SOCORRO_375,sift_containment,50,0.8218266,1.0272832,
C:\Users\luise\OneDrive\Documentos\DECAFIA_v2\01_dataset\decafia_clean\images\train\MINEIRO_5.jpg,train,MINEIRO_5,C:\Users\luise\OneDrive\Documentos\DECAFIA_v2\01_dataset\decafia_clean\images\val\MINEIRO_116.jpg,val,MINEIRO_116,sift_containment,1400,0.9016193,0.9016193,
C:\Users\luise\OneDrive\Documentos\DECAFIA_v2\01_dataset\decafia_clean\images\val\SANAS_NUEVAS_250.jpg,val,SANAS_NUEVAS_250,C:\Users\luise\OneDrive\Documentos\DECAFIA_v2\01_dataset\decafia_clean\images\train\SANAS_SOCORRO_9.jpg,train,SANAS_SOCORRO_9,sift_containment,311,0.99879485,1.4268498,
C:\Users\luise\OneDrive\Documentos\DECAFIA_v2\01_dataset\decafia_clean\images\val\SANAS_NUEVAS_496.jpg,val,SANAS_NUEVAS_496,C:\Users\luise\OneDrive\Documentos\DECAFIA_v2\01_dataset\decafia_clean\images\train\SANAS_SOCORRO_351.jpg,train,SANAS_SOCORRO_351,sift_containment,265,0.99948,1.6658,
C:\Users\luise\OneDrive\Documentos\DECAFIA_v2\01_dataset\decafia_clean\images\val\SANAS_NUEVAS_315.jpg,val,SANAS_NUEVAS_315,C:\Users\luise\OneDrive\Documentos\DECAFIA_v2\01_dataset\decafia_clean\images\train\SANAS_SOCORRO_129.jpg,train,SANAS_SOCORRO_129,sift_containment,830,0.998421,1.4421637,
C:\Users\luise\OneDrive\Documentos\DECAFIA_v2\01_dataset\decafia_clean\images\val\SANAS_NUEVAS_368.jpg,val,SANAS_NUEVAS_368,C:\Users\luise\OneDrive\Documentos\DECAFIA_v2\01_dataset\decafia_clean\images\train\SANAS_NUEVAS_369.jpg,train,SANAS_NUEVAS_369,sift_containment,1361,0.96063244,1.0292491,
C:\Users\luise\OneDrive\Documentos\DECAFIA_v2\01_dataset\decafia_clean\images\test\SANAS_NUEVAS_305.jpg,test,SANAS_NUEVAS_305,C:\Users\luise\OneDrive\Documentos\DECAFIA_v2\01_dataset\decafia_clean\images\train\SANAS_SOCORRO_89.jpg,train,SANAS_SOCORRO_89,sift_containment,427,0.8138428,0.7460225,
C:\Users\luise\OneDrive\Documentos\DECAFIA_v2\01_dataset\decafia_clean\images\val\SANAS_SOCORRO_193.jpg,val,SANAS_SOCORRO_193,C:\Users\luise\OneDrive\Documentos\DECAFIA_v2\01_dataset\decafia_clean\images\train\SANAS_SOCORRO_191.jpg,train,SANAS_SOCORRO_191,sift_containment,430,0.80859697,1.1118208,
C:\Users\luise\OneDrive\Documentos\DECAFIA_v2\01_dataset\decafia_clean\images\train\SANAS_NUEVAS_380.jpg,train,SANAS_NUEVAS_380,C:\Users\luise\OneDrive\Documentos\DECAFIA_v2\01_dataset\decafia_clean\images\val\SANAS_SOCORRO_207.jpg,val,SANAS_SOCORRO_207,sift_containment,1067,0.99980104,0.7141436,
C:\Users\luise\OneDrive\Documentos\DECAFIA_v2\01_dataset\decafia_clean\images\test\SANAS_SOCORRO_403.jpg,test,SANAS_SOCORRO_403,C:\Users\luise\OneDrive\Documentos\DECAFIA_v2\01_dataset\decafia_clean\images\train\SANAS_NUEVAS_538.jpg,train,SANAS_NUEVAS_538,sift_containment,129,0.8924544,0.8924544,
C:\Users\luise\OneDrive\Documentos\DECAFIA_v2\01_dataset\decafia_clean\images\test\SANAS_SOCORRO_124.jpg,test,SANAS_SOCORRO_124,C:\Users\luise\OneDrive\Documentos\DECAFIA_v2\01_dataset\decafia_clean\images\val\SANAS_NUEVAS_312.jpg,val,SANAS_NUEVAS_312,sift_containment,195,0.72525525,0.6648173,
C:\Users\luise\OneDrive\Documentos\DECAFIA_v2\01_dataset\decafia_clean\images\train\SANAS_SOCORRO_5.jpg,train,SANAS_SOCORRO_5,C:\Users\luise\OneDrive\Documentos\DECAFIA_v2\01_dataset\decafia_clean\images\test\SANAS_SOCORRO_13.jpg,test,SANAS_SOCORRO_13,sift_containment,564,0.82318354,1.0061133,
C:\Users\luise\OneDrive\Documentos\DECAFIA_v2\01_dataset\decafia_clean\images\train\COCO_P_A_71.jpg,train,COCO_P_A_71,C:\Users\luise\OneDrive\Documentos\DECAFIA_v2\01_dataset\decafia_clean\images\val\COCO_P_A_5.jpg,val,COCO_P_A_5,sift_containment,670,0.999942,0.85709316,
C:\Users\luise\OneDrive\Documentos\DECAFIA_v2\01_dataset\decafia_clean\images\train\SANAS_NUEVAS_485.jpg,train,SANAS_NUEVAS_485,C:\Users\luise\OneDrive\Documentos\DECAFIA_v2\01_dataset\decafia_clean\images\val\SANAS_SOCORRO_338.jpg,val,SANAS_SOCORRO_338,sift_containment,1279,0.9998396,0.9998396,
C:\Users\luise\OneDrive\Documentos\DECAFIA_v2\01_dataset\decafia_clean\images\train\SANAS_NUEVAS_320.jpg,train,SANAS_NUEVAS_320,C:\Users\luise\OneDrive\Documentos\DECAFIA_v2\01_dataset\decafia_clean\images\val\SANAS_NUEVAS_321.jpg,val,SANAS_NUEVAS_321,sift_containment,1240,0.84584254,0.84584254,
C:\Users\luise\OneDrive\Documentos\DECAFIA_v2\01_dataset\decafia_clean\images\test\SANAS_SOCORRO_422.jpg,test,SANAS_SOCORRO_422,C:\Users\luise\OneDrive\Documentos\DECAFIA_v2\01_dataset\decafia_clean\images\train\SANAS_SOCORRO_420.jpg,train,SANAS_SOCORRO_420,sift_containment,1436,0.97921574,0.97921574,
C:\Users\luise\OneDrive\Documentos\DECAFIA_v2\01_dataset\decafia_clean\images\test\SANAS_NUEVAS_299.jpg,test,SANAS_NUEVAS_299,C:\Users\luise\OneDrive\Documentos\DECAFIA_v2\01_dataset\decafia_clean\images\train\SANAS_NUEVAS_298.jpg,train,SANAS_NUEVAS_298,sift_containment,1089,0.9600971,0.6857836,
C:\Users\luise\OneDrive\Documentos\DECAFIA_v2\01_dataset\decafia_clean\images\test\SANAS_NUEVAS_552.jpg,test,SANAS_NUEVAS_552,C:\Users\luise\OneDrive\Documentos\DECAFIA_v2\01_dataset\decafia_clean\images\train\SANAS_SOCORRO_439.jpg,train,SANAS_SOCORRO_439,sift_containment,114,0.77865845,0.45421743,
C:\Users\luise\OneDrive\Documentos\DECAFIA_v2\01_dataset\decafia_clean\images\test\SANAS_SOCORRO_109.jpg,test,SANAS_SOCORRO_109,C:\Users\luise\OneDrive\Documentos\DECAFIA_v2\01_dataset\decafia_clean\images\train\SANAS_SOCORRO_89.jpg,train,SANAS_SOCORRO_89,sift_containment,390,0.81292075,0.81292075,
C:\Users\luise\OneDrive\Documentos\DECAFIA_v2\01_dataset\decafia_clean\images\val\SANAS_SOCORRO_252.jpg,val,SANAS_SOCORRO_252,C:\Users\luise\OneDrive\Documentos\DECAFIA_v2\01_dataset\decafia_clean\images\train\SANAS_SOCORRO_250.jpg,train,SANAS_SOCORRO_250,sift_containment,32,0.76585585,1.1487838,
C:\Users\luise\OneDrive\Documentos\DECAFIA_v2\01_dataset\decafia_clean\images\train\SANAS_NUEVAS_613.jpg,train,SANAS_NUEVAS_613,C:\Users\luise\OneDrive\Documentos\DECAFIA_v2\01_dataset\decafia_clean\images\val\SANAS_SOCORRO_510.jpg,val,SANAS_SOCORRO_510,sift_containment,392,0.9992957,0.7851609,
C:\Users\luise\OneDrive\Documentos\DECAFIA_v2\01_dataset\decafia_clean\images\train\SANAS_SOCORRO_362.jpg,train,SANAS_SOCORRO_362,C:\Users\luise\OneDrive\Documentos\DECAFIA_v2\01_dataset\decafia_clean\images\val\SANAS_SOCORRO_361.jpg,val,SANAS_SOCORRO_361,sift_containment,299,0.7327782,0.5699386,
C:\Users\luise\OneDrive\Documentos\DECAFIA_v2\01_dataset\decafia_clean\images\train\SANAS_SOCORRO_258.jpg,train,SANAS_SOCORRO_258,C:\Users\luise\OneDrive\Documentos\DECAFIA_v2\01_dataset\decafia_clean\images\val\SANAS_NUEVAS_421.jpg,val,SANAS_NUEVAS_421,sift_containment,197,0.99967057,0.9227728,
C:\Users\luise\OneDrive\Documentos\DECAFIA_v2\01_dataset\decafia_clean\images\test\SANAS_NUEVAS_273.jpg,train,SANAS_SOCORRO_46,C:\Users\luise\OneDrive\Documentos\DECAFIA_v2\01_dataset\decafia_clean\images\train\SANAS_SOCORRO_46.jpg,test,SANAS_NUEVAS_273,sift_containment,591,0.99846315,0.6912437,
C:\Users\luise\OneDrive\Documentos\DECAFIA_v2\01_dataset\decafia_clean\images\train\SANAS_SOCORRO_458.jpg,train,SANAS_SOCORRO_458,C:\Users\luise\OneDrive\Documentos\DECAFIA_v2\01_dataset\decafia_clean\images\test\SANAS_SOCORRO_43.jpg,test,SANAS_SOCORRO_43,resolution_ratio,16,0.0,0.0,2.0
C:\Users\luise\OneDrive\Documentos\DECAFIA_v2\01_dataset\decafia_clean\images\test\SANAS_SOCORRO_477.jpg,test,SANAS_SOCORRO_477,C:\Users\luise\OneDrive\Documentos\DECAFIA_v2\01_dataset\decafia_clean\images\train\SANAS_SOCORRO_479.jpg,train,SANAS_SOCORRO_479,sift_containment,116,0.9247051,0.9247051,
C:\Users\luise\OneDrive\Documentos\DECAFIA_v2\01_dataset\decafia_clean\images\val\MINADO_RECORTES_98.jpg,val,MINADO_RECORTES_98,C:\Users\luise\OneDrive\Documentos\DECAFIA_v2\01_dataset\decafia_clean\images\train\MINADO_RECORTES_122.jpg,train,MINADO_RECORTES_122,sift_containment,68,0.9293202,0.99319667,
C:\Users\luise\OneDrive\Documentos\DECAFIA_v2\01_dataset\decafia_clean\images\train\SANAS_SOCORRO_427.jpg,train,SANAS_SOCORRO_427,C:\Users\luise\OneDrive\Documentos\DECAFIA_v2\01_dataset\decafia_clean\images\val\SANAS_SOCORRO_426.jpg,val,SANAS_SOCORRO_426,sift_containment,2004,1.0000001,1.0000001,
C:\Users\luise\OneDrive\Documentos\DECAFIA_v2\01_dataset\decafia_clean\images\test\SANAS_SOCORRO_429.jpg,test,SANAS_SOCORRO_429,C:\Users\luise\OneDrive\Documentos\DECAFIA_v2\01_dataset\decafia_clean\images\train\SANAS_SOCORRO_420.jpg,train,SANAS_SOCORRO_420,sift_containment,854,1.0,1.0,
C:\Users\luise\OneDrive\Documentos\DECAFIA_v2\01_dataset\decafia_clean\images\test\SANAS_NUEVAS_350.jpg,test,SANAS_NUEVAS_350,C:\Users\luise\OneDrive\Documentos\DECAFIA_v2\01_dataset\decafia_clean\images\train\SANAS_SOCORRO_172.jpg,train,SANAS_SOCORRO_172,sift_containment,124,0.88463086,0.88463086,
C:\Users\luise\OneDrive\Documentos\DECAFIA_v2\01_dataset\decafia_clean\images\train\SANAS_NUEVAS_529.jpg,train,SANAS_NUEVAS_529,C:\Users\luise\OneDrive\Documentos\DECAFIA_v2\01_dataset\decafia_clean\images\val\SANAS_NUEVAS_528.jpg,val,SANAS_NUEVAS_528,sift_containment,65,0.7372693,0.579283,
C:\Users\luise\OneDrive\Documentos\DECAFIA_v2\01_dataset\decafia_clean\images\train\SANAS_NUEVAS_562.jpg,train,SANAS_NUEVAS_562,C:\Users\luise\OneDrive\Documentos\DECAFIA_v2\01_dataset\decafia_clean\images\test\SANAS_SOCORRO_450.jpg,test,SANAS_SOCORRO_450,both,172,0.6458835,1.6147088,2.5
C:\Users\luise\OneDrive\Documentos\DECAFIA_v2\01_dataset\decafia_clean\images\train\SANAS_NUEVAS_586.jpg,train,SANAS_NUEVAS_586,C:\Users\luise\OneDrive\Documentos\DECAFIA_v2\01_dataset\decafia_clean\images\test\SANAS_SOCORRO_477.jpg,test,SANAS_SOCORRO_477,sift_containment,229,0.999724,1.5709947,
C:\Users\luise\OneDrive\Documentos\DECAFIA_v2\01_dataset\decafia_clean\images\val\SANAS_NUEVAS_263.jpg,val,SANAS_NUEVAS_263,C:\Users\luise\OneDrive\Documentos\DECAFIA_v2\01_dataset\decafia_clean\images\train\SANAS_SOCORRO_28.jpg,train,SANAS_SOCORRO_28,sift_containment,430,0.9992842,1.2718163,
C:\Users\luise\OneDrive\Documentos\DECAFIA_v2\01_dataset\decafia_clean\images\test\SANAS_NUEVAS_527.jpg,test,SANAS_NUEVAS_527,C:\Users\luise\OneDrive\Documentos\DECAFIA_v2\01_dataset\decafia_clean\images\val\SANAS_NUEVAS_528.jpg,val,SANAS_NUEVAS_528,sift_containment,78,0.8260169,0.6490133,
C:\Users\luise\OneDrive\Documentos\DECAFIA_v2\01_dataset\decafia_clean\images\test\COCO_P_A_51.jpg,test,COCO_P_A_51,C:\Users\luise\OneDrive\Documentos\DECAFIA_v2\01_dataset\decafia_clean\images\train\COCO_P_A_75.jpg,train,COCO_P_A_75,sift_containment,550,0.90973145,0.80865014,
C:\Users\luise\OneDrive\Documentos\DECAFIA_v2\01_dataset\decafia_clean\images\val\SANAS_SOCORRO_345.jpg,val,SANAS_SOCORRO_345,C:\Users\luise\OneDrive\Documentos\DECAFIA_v2\01_dataset\decafia_clean\images\train\SANAS_SOCORRO_340.jpg,train,SANAS_SOCORRO_340,sift_containment,596,0.735235,1.1553692,
C:\Users\luise\OneDrive\Documentos\DECAFIA_v2\01_dataset\decafia_clean\images\train\SANAS_NUEVAS_539.jpg,train,SANAS_NUEVAS_539,C:\Users\luise\OneDrive\Documentos\DECAFIA_v2\01_dataset\decafia_clean\images\val\SANAS_SOCORRO_406.jpg,val,SANAS_SOCORRO_406,sift_containment,332,0.70871973,0.5798616,
C:\Users\luise\OneDrive\Documentos\DECAFIA_v2\01_dataset\decafia_clean\images\train\SANAS_NUEVAS_522.jpg,test,SANAS_SOCORRO_383,C:\Users\luise\OneDrive\Documentos\DECAFIA_v2\01_dataset\decafia_clean\images\test\SANAS_SOCORRO_383.jpg,train,SANAS_NUEVAS_522,sift_containment,261,0.9991452,1.4273503,
C:\Users\luise\OneDrive\Documentos\DECAFIA_v2\01_dataset\decafia_clean\images\test\COCO_P_A_56.jpg,test,COCO_P_A_56,C:\Users\luise\OneDrive\Documentos\DECAFIA_v2\01_dataset\decafia_clean\images\train\COCO_P_A_40.jpg,train,COCO_P_A_40,sift_containment,1020,0.96567607,0.96567607,
C:\Users\luise\OneDrive\Documentos\DECAFIA_v2\01_dataset\decafia_clean\images\train\MINADO_RECORTES_130.jpg,train,MINADO_RECORTES_130,C:\Users\luise\OneDrive\Documentos\DECAFIA_v2\01_dataset\decafia_clean\images\val\MINADO_RECORTES_129.jpg,val,MINADO_RECORTES_129,sift_containment,386,0.99911696,0.99911696,
C:\Users\luise\OneDrive\Documentos\DECAFIA_v2\01_dataset\decafia_clean\images\train\SANAS_NUEVAS_468.jpg,train,SANAS_NUEVAS_468,C:\Users\luise\OneDrive\Documentos\DECAFIA_v2\01_dataset\decafia_clean\images\val\SANAS_SOCORRO_316.jpg,val,SANAS_SOCORRO_316,sift_containment,876,0.9997359,0.7140971,
C:\Users\luise\OneDrive\Documentos\DECAFIA_v2\01_dataset\decafia_clean\images\train\SANAS_SOCORRO_4.jpg,train,SANAS_SOCORRO_4,C:\Users\luise\OneDrive\Documentos\DECAFIA_v2\01_dataset\decafia_clean\images\test\SANAS_SOCORRO_13.jpg,test,SANAS_SOCORRO_13,sift_containment,567,0.82253027,1.0053148,
C:\Users\luise\OneDrive\Documentos\DECAFIA_v2\01_dataset\decafia_clean\images\val\SANAS_NUEVAS_264.jpg,val,SANAS_NUEVAS_264,C:\Users\luise\OneDrive\Documentos\DECAFIA_v2\01_dataset\decafia_clean\images\train\SANAS_SOCORRO_32.jpg,train,SANAS_SOCORRO_32,sift_containment,561,0.9997043,1.1814687,
C:\Users\luise\OneDrive\Documentos\DECAFIA_v2\01_dataset\decafia_clean\images\train\SANAS_NUEVAS_290.jpg,train,SANAS_NUEVAS_290,C:\Users\luise\OneDrive\Documentos\DECAFIA_v2\01_dataset\decafia_clean\images\test\SANAS_SOCORRO_74.jpg,test,SANAS_SOCORRO_74,sift_containment,61,0.79437,0.8665855,
C:\Users\luise\OneDrive\Documentos\DECAFIA_v2\01_dataset\decafia_clean\images\test\SANAS_NUEVAS_428.jpg,train,SANAS_NUEVAS_431,C:\Users\luise\OneDrive\Documentos\DECAFIA_v2\01_dataset\decafia_clean\images\train\SANAS_NUEVAS_431.jpg,test,SANAS_NUEVAS_428,sift_containment,118,0.95388365,0.8902914,
C:\Users\luise\OneDrive\Documentos\DECAFIA_v2\01_dataset\decafia_clean\images\train\SANAS_NUEVAS_356.jpg,train,SANAS_NUEVAS_356,C:\Users\luise\OneDrive\Documentos\DECAFIA_v2\01_dataset\decafia_clean\images\test\SANAS_SOCORRO_178.jpg,test,SANAS_SOCORRO_178,sift_containment,919,0.9992859,1.4989288,
C:\Users\luise\OneDrive\Documentos\DECAFIA_v2\01_dataset\decafia_clean\images\test\MINADO_RECORTES_131.jpg,test,MINADO_RECORTES_131,C:\Users\luise\OneDrive\Documentos\DECAFIA_v2\01_dataset\decafia_clean\images\val\MINADO_RECORTES_132.jpg,val,MINADO_RECORTES_132,sift_containment,263,0.99913913,0.99913913,
C:\Users\luise\OneDrive\Documentos\DECAFIA_v2\01_dataset\decafia_clean\images\train\SANAS_SOCORRO_213.jpg,train,SANAS_SOCORRO_213,C:\Users\luise\OneDrive\Documentos\DECAFIA_v2\01_dataset\decafia_clean\images\test\SANAS_SOCORRO_210.jpg,test,SANAS_SOCORRO_210,sift_containment,1286,0.71714807,0.8605777,
C:\Users\luise\OneDrive\Documentos\DECAFIA_v2\01_dataset\decafia_clean\images\train\SANAS_SOCORRO_176.jpg,train,SANAS_SOCORRO_176,C:\Users\luise\OneDrive\Documentos\DECAFIA_v2\01_dataset\decafia_clean\images\test\SANAS_SOCORRO_178.jpg,test,SANAS_SOCORRO_178,sift_containment,39,0.539207,0.98854613,
C:\Users\luise\OneDrive\Documentos\DECAFIA_v2\01_dataset\decafia_clean\images\train\SANAS_NUEVAS_418.jpg,train,SANAS_NUEVAS_418,C:\Users\luise\OneDrive\Documentos\DECAFIA_v2\01_dataset\decafia_clean\images\val\SANAS_NUEVAS_417.jpg,val,SANAS_NUEVAS_417,sift_containment,429,0.79332143,0.58176905,
C:\Users\luise\OneDrive\Documentos\DECAFIA_v2\01_dataset\decafia_clean\images\test\SANAS_NUEVAS_428.jpg,test,SANAS_NUEVAS_428,C:\Users\luise\OneDrive\Documentos\DECAFIA_v2\01_dataset\decafia_clean\images\train\SANAS_NUEVAS_430.jpg,train,SANAS_NUEVAS_430,sift_containment,98,0.7417041,0.54391634,
C:\Users\luise\OneDrive\Documentos\DECAFIA_v2\01_dataset\decafia_clean\images\train\SANAS_SOCORRO_499.jpg,train,SANAS_SOCORRO_499,C:\Users\luise\OneDrive\Documentos\DECAFIA_v2\01_dataset\decafia_clean\images\val\SANAS_SOCORRO_500.jpg,val,SANAS_SOCORRO_500,sift_containment,141,0.94656086,0.73621404,
C:\Users\luise\OneDrive\Documentos\DECAFIA_v2\01_dataset\decafia_clean\images\test\SANAS_NUEVAS_334.jpg,train,SANAS_SOCORRO_152,C:\Users\luise\OneDrive\Documentos\DECAFIA_v2\01_dataset\decafia_clean\images\train\SANAS_SOCORRO_152.jpg,test,SANAS_NUEVAS_334,sift_containment,1764,0.99987566,0.6665838,
C:\Users\luise\OneDrive\Documentos\DECAFIA_v2\01_dataset\decafia_clean\images\test\SANAS_NUEVAS_292.jpg,test,SANAS_NUEVAS_292,C:\Users\luise\OneDrive\Documentos\DECAFIA_v2\01_dataset\decafia_clean\images\train\SANAS_SOCORRO_79.jpg,train,SANAS_SOCORRO_79,sift_containment,77,0.9430297,0.6601208,
C:\Users\luise\OneDrive\Documentos\DECAFIA_v2\01_dataset\decafia_clean\images\train\SANAS_SOCORRO_433.jpg,train,SANAS_SOCORRO_433,C:\Users\luise\OneDrive\Documentos\DECAFIA_v2\01_dataset\decafia_clean\images\test\SANAS_SOCORRO_422.jpg,test,SANAS_SOCORRO_422,sift_containment,652,0.97083914,1.1865813,
C:\Users\luise\OneDrive\Documentos\DECAFIA_v2\01_dataset\decafia_clean\images\train\SANAS_NUEVAS_553.jpg,train,SANAS_NUEVAS_553,C:\Users\luise\OneDrive\Documentos\DECAFIA_v2\01_dataset\decafia_clean\images\test\SANAS_SOCORRO_438.jpg,test,SANAS_SOCORRO_438,sift_containment,2808,0.9987232,1.4426001,
C:\Users\luise\OneDrive\Documentos\DECAFIA_v2\01_dataset\decafia_clean\images\train\SANAS_SOCORRO_476.jpg,train,SANAS_SOCORRO_476,C:\Users\luise\OneDrive\Documentos\DECAFIA_v2\01_dataset\decafia_clean\images\test\SANAS_SOCORRO_477.jpg,test,SANAS_SOCORRO_477,sift_containment,216,0.7041257,1.1064832,
C:\Users\luise\OneDrive\Documentos\DECAFIA_v2\01_dataset\decafia_clean\images\test\COCO_P_A_10.jpg,val,COCO_M_A_10,C:\Users\luise\OneDrive\Documentos\DECAFIA_v2\01_dataset\decafia_clean\images\val\COCO_M_A_10.jpg,test,COCO_P_A_10,sift_containment,60,0.7134703,0.60370564,
C:\Users\luise\OneDrive\Documentos\DECAFIA_v2\01_dataset\decafia_clean\images\val\SANAS_NUEVAS_517.jpg,val,SANAS_NUEVAS_517,C:\Users\luise\OneDrive\Documentos\DECAFIA_v2\01_dataset\decafia_clean\images\train\SANAS_SOCORRO_377.jpg,train,SANAS_SOCORRO_377,sift_containment,367,0.99922824,1.4988424,
C:\Users\luise\OneDrive\Documentos\DECAFIA_v2\01_dataset\decafia_clean\images\val\SANAS_NUEVAS_283.jpg,val,SANAS_NUEVAS_283,C:\Users\luise\OneDrive\Documentos\DECAFIA_v2\01_dataset\decafia_clean\images\train\SANAS_SOCORRO_63.jpg,train,SANAS_SOCORRO_63,sift_containment,118,0.842383,1.4741703,
C:\Users\luise\OneDrive\Documentos\DECAFIA_v2\01_dataset\decafia_clean\images\train\SANAS_SOCORRO_108.jpg,train,SANAS_SOCORRO_108,C:\Users\luise\OneDrive\Documentos\DECAFIA_v2\01_dataset\decafia_clean\images\test\SANAS_NUEVAS_305.jpg,test,SANAS_NUEVAS_305,sift_containment,3473,0.99884254,1.0820794,
C:\Users\luise\OneDrive\Documentos\DECAFIA_v2\01_dataset\decafia_clean\images\train\SANAS_SOCORRO_134.jpg,train,SANAS_SOCORRO_134,C:\Users\luise\OneDrive\Documentos\DECAFIA_v2\01_dataset\decafia_clean\images\val\SANAS_SOCORRO_133.jpg,val,SANAS_SOCORRO_133,sift_containment,1066,0.8776972,0.7979066,
C:\Users\luise\OneDrive\Documentos\DECAFIA_v2\01_dataset\decafia_clean\images\train\SANAS_SOCORRO_306.jpg,train,SANAS_SOCORRO_306,C:\Users\luise\OneDrive\Documentos\DECAFIA_v2\01_dataset\decafia_clean\images\val\SANAS_NUEVAS_458.jpg,val,SANAS_NUEVAS_458,sift_containment,31,0.939077,0.939077,
C:\Users\luise\OneDrive\Documentos\DECAFIA_v2\01_dataset\decafia_clean\images\train\SANAS_NUEVAS_433.jpg,train,SANAS_NUEVAS_433,C:\Users\luise\OneDrive\Documentos\DECAFIA_v2\01_dataset\decafia_clean\images\test\SANAS_NUEVAS_434.jpg,test,SANAS_NUEVAS_434,sift_containment,254,0.6632232,0.72954553,
C:\Users\luise\OneDrive\Documentos\DECAFIA_v2\01_dataset\decafia_clean\images\train\SANAS_NUEVAS_455.jpg,train,SANAS_NUEVAS_455,C:\Users\luise\OneDrive\Documentos\DECAFIA_v2\01_dataset\decafia_clean\images\val\SANAS_SOCORRO_301.jpg,val,SANAS_SOCORRO_301,sift_containment,293,0.99941546,0.785255,
C:\Users\luise\OneDrive\Documentos\DECAFIA_v2\01_dataset\decafia_clean\images\train\ROYA_FONDO_30.jpg,train,ROYA_FONDO_30,C:\Users\luise\OneDrive\Documentos\DECAFIA_v2\01_dataset\decafia_clean\images\val\ROYA_FONDO_87.jpg,val,ROYA_FONDO_87,sift_containment,240,0.8607929,0.8607929,
C:\Users\luise\OneDrive\Documentos\DECAFIA_v2\01_dataset\decafia_clean\images\train\SANAS_SOCORRO_287.jpg,train,SANAS_SOCORRO_287,C:\Users\luise\OneDrive\Documentos\DECAFIA_v2\01_dataset\decafia_clean\images\val\SANAS_SOCORRO_286.jpg,val,SANAS_SOCORRO_286,sift_containment,143,0.7924303,0.7131873,
C:\Users\luise\OneDrive\Documentos\DECAFIA_v2\01_dataset\decafia_clean\images\test\ROYA_FONDO_78.jpg,test,ROYA_FONDO_78,C:\Users\luise\OneDrive\Documentos\DECAFIA_v2\01_dataset\decafia_clean\images\val\ROYA_FONDO_87.jpg,val,ROYA_FONDO_87,sift_containment,594,0.93494314,0.93494314,
C:\Users\luise\OneDrive\Documentos\DECAFIA_v2\01_dataset\decafia_clean\images\val\SANAS_SOCORRO_353.jpg,val,SANAS_SOCORRO_353,C:\Users\luise\OneDrive\Documentos\DECAFIA_v2\01_dataset\decafia_clean\images\train\SANAS_SOCORRO_350.jpg,train,SANAS_SOCORRO_350,sift_containment,321,0.77907735,1.0712314,
C:\Users\luise\OneDrive\Documentos\DECAFIA_v2\01_dataset\decafia_clean\images\val\SANAS_NUEVAS_203.jpg,val,SANAS_NUEVAS_203,C:\Users\luise\OneDrive\Documentos\DECAFIA_v2\01_dataset\decafia_clean\images\train\SANAS_NUEVAS_233.jpg,train,SANAS_NUEVAS_233,sift_containment,1403,0.8836965,0.96403253,
C:\Users\luise\OneDrive\Documentos\DECAFIA_v2\01_dataset\decafia_clean\images\train\SANAS_NUEVAS_492.jpg,train,SANAS_NUEVAS_492,C:\Users\luise\OneDrive\Documentos\DECAFIA_v2\01_dataset\decafia_clean\images\val\SANAS_SOCORRO_347.jpg,val,SANAS_SOCORRO_347,sift_containment,550,0.99913865,0.66609246,
C:\Users\luise\OneDrive\Documentos\DECAFIA_v2\01_dataset\decafia_clean\images\val\SANAS_NUEVAS_617.jpg,val,SANAS_NUEVAS_617,C:\Users\luise\OneDrive\Documentos\DECAFIA_v2\01_dataset\decafia_clean\images\train\SANAS_SOCORRO_515.jpg,train,SANAS_SOCORRO_515,sift_containment,382,0.998183,1.4972745,
C:\Users\luise\OneDrive\Documentos\DECAFIA_v2\01_dataset\decafia_clean\images\train\SANAS_NUEVAS_559.jpg,train,SANAS_NUEVAS_559,C:\Users\luise\OneDrive\Documentos\DECAFIA_v2\01_dataset\decafia_clean\images\test\SANAS_NUEVAS_558.jpg,test,SANAS_NUEVAS_558,sift_containment,2102,0.83689797,0.9129796,
C:\Users\luise\OneDrive\Documentos\DECAFIA_v2\01_dataset\decafia_clean\images\train\SANAS_NUEVAS_337.jpg,train,SANAS_NUEVAS_337,C:\Users\luise\OneDrive\Documentos\DECAFIA_v2\01_dataset\decafia_clean\images\val\SANAS_SOCORRO_158.jpg,val,SANAS_SOCORRO_158,sift_containment,927,0.94371855,0.67408466,
C:\Users\luise\OneDrive\Documentos\DECAFIA_v2\01_dataset\decafia_clean\images\val\COCO_RECORTE_155.jpg,val,COCO_RECORTE_155,C:\Users\luise\OneDrive\Documentos\DECAFIA_v2\01_dataset\decafia_clean\images\train\COCO_Muy_A_11.jpg,train,COCO_Muy_A_11,resolution_ratio,16,0.00047860542,0.00015315374,3.125
C:\Users\luise\OneDrive\Documentos\DECAFIA_v2\01_dataset\decafia_clean\images\train\SANAS_SOCORRO_143.jpg,train,SANAS_SOCORRO_143,C:\Users\luise\OneDrive\Documentos\DECAFIA_v2\01_dataset\decafia_clean\images\test\SANAS_SOCORRO_156.jpg,test,SANAS_SOCORRO_156,sift_containment,32,0.59208995,0.8881349,
C:\Users\luise\OneDrive\Documentos\DECAFIA_v2\01_dataset\decafia_clean\images\train\SANAS_NUEVAS_274.jpg,train,SANAS_NUEVAS_274,C:\Users\luise\OneDrive\Documentos\DECAFIA_v2\01_dataset\decafia_clean\images\val\SANAS_SOCORRO_48.jpg,val,SANAS_SOCORRO_48,sift_containment,483,0.99984944,0.6665663,
C:\Users\luise\OneDrive\Documentos\DECAFIA_v2\01_dataset\decafia_clean\images\val\SANAS_NUEVAS_595.jpg,val,SANAS_NUEVAS_595,C:\Users\luise\OneDrive\Documentos\DECAFIA_v2\01_dataset\decafia_clean\images\train\SANAS_SOCORRO_494.jpg,train,SANAS_SOCORRO_494,sift_containment,41,0.88451123,1.216203,
C:\Users\luise\OneDrive\Documentos\DECAFIA_v2\01_dataset\decafia_clean\images\train\SANAS_SOCORRO_166.jpg,train,SANAS_SOCORRO_166,C:\Users\luise\OneDrive\Documentos\DECAFIA_v2\01_dataset\decafia_clean\images\test\SANAS_SOCORRO_163.jpg,test,SANAS_SOCORRO_163,sift_containment,2589,0.67302746,1.0469316,
C:\Users\luise\OneDrive\Documentos\DECAFIA_v2\01_dataset\decafia_clean\images\train\SANAS_NUEVAS_328.jpg,train,SANAS_NUEVAS_328,C:\Users\luise\OneDrive\Documentos\DECAFIA_v2\01_dataset\decafia_clean\images\test\SANAS_SOCORRO_141.jpg,test,SANAS_SOCORRO_141,sift_containment,253,0.63168263,0.7720565,
C:\Users\luise\OneDrive\Documentos\DECAFIA_v2\01_dataset\decafia_clean\images\train\SANAS_NUEVAS_338.jpg,test,SANAS_SOCORRO_156,C:\Users\luise\OneDrive\Documentos\DECAFIA_v2\01_dataset\decafia_clean\images\test\SANAS_SOCORRO_156.jpg,train,SANAS_NUEVAS_338,sift_containment,3180,0.9998328,1.37477,
C:\Users\luise\OneDrive\Documentos\DECAFIA_v2\01_dataset\decafia_clean\images\train\MINADO_RECORTES_120.jpg,train,MINADO_RECORTES_120,C:\Users\luise\OneDrive\Documentos\DECAFIA_v2\01_dataset\decafia_clean\images\val\MINADO_RECORTES_103.jpg,val,MINADO_RECORTES_103,sift_containment,100,0.99831903,0.99831903,
C:\Users\luise\OneDrive\Documentos\DECAFIA_v2\01_dataset\decafia_clean\images\train\SANAS_NUEVAS_497.jpg,train,SANAS_NUEVAS_497,C:\Users\luise\OneDrive\Documentos\DECAFIA_v2\01_dataset\decafia_clean\images\val\SANAS_SOCORRO_353.jpg,val,SANAS_SOCORRO_353,sift_containment,610,0.9996266,0.7854209,
C:\Users\luise\OneDrive\Documentos\DECAFIA_v2\01_dataset\decafia_clean\images\train\SANAS_NUEVAS_408.jpg,test,SANAS_SOCORRO_243,C:\Users\luise\OneDrive\Documentos\DECAFIA_v2\01_dataset\decafia_clean\images\test\SANAS_SOCORRO_243.jpg,train,SANAS_NUEVAS_408,sift_containment,120,0.99641067,1.268159,
C:\Users\luise\OneDrive\Documentos\DECAFIA_v2\01_dataset\decafia_clean\images\train\SANAS_SOCORRO_233.jpg,train,SANAS_SOCORRO_233,C:\Users\luise\OneDrive\Documentos\DECAFIA_v2\01_dataset\decafia_clean\images\test\SANAS_SOCORRO_234.jpg,test,SANAS_SOCORRO_234,sift_containment,266,1.0,1.2727273,
C:\Users\luise\OneDrive\Documentos\DECAFIA_v2\01_dataset\decafia_clean\images\val\SANAS_NUEVAS_332.jpg,val,SANAS_NUEVAS_332,C:\Users\luise\OneDrive\Documentos\DECAFIA_v2\01_dataset\decafia_clean\images\train\SANAS_SOCORRO_151.jpg,train,SANAS_SOCORRO_151,sift_containment,907,0.9745787,1.1694944,
C:\Users\luise\OneDrive\Documentos\DECAFIA_v2\01_dataset\decafia_clean\images\test\SANAS_NUEVAS_177.jpg,test,SANAS_NUEVAS_177,C:\Users\luise\OneDrive\Documentos\DECAFIA_v2\01_dataset\decafia_clean\images\train\SANAS_NUEVAS_228.jpg,train,SANAS_NUEVAS_228,sift_containment,307,0.8888708,0.8888708,
C:\Users\luise\OneDrive\Documentos\DECAFIA_v2\01_dataset\decafia_clean\images\train\COCO_P_A_18.jpg,train,COCO_P_A_18,C:\Users\luise\OneDrive\Documentos\DECAFIA_v2\01_dataset\decafia_clean\images\val\COCO_P_A_77.jpg,val,COCO_P_A_77,sift_containment,135,0.9997591,0.7270975,
C:\Users\luise\OneDrive\Documentos\DECAFIA_v2\01_dataset\decafia_clean\images\train\SANAS_NUEVAS_409.jpg,test,SANAS_SOCORRO_244,C:\Users\luise\OneDrive\Documentos\DECAFIA_v2\01_dataset\decafia_clean\images\test\SANAS_SOCORRO_244.jpg,train,SANAS_NUEVAS_409,sift_containment,109,0.99800444,1.441562,
C:\Users\luise\OneDrive\Documentos\DECAFIA_v2\01_dataset\decafia_clean\images\train\SANAS_NUEVAS_403.jpg,train,SANAS_NUEVAS_403,C:\Users\luise\OneDrive\Documentos\DECAFIA_v2\01_dataset\decafia_clean\images\val\SANAS_SOCORRO_238.jpg,val,SANAS_SOCORRO_238,sift_containment,109,0.7040622,0.5415863,
C:\Users\luise\OneDrive\Documentos\DECAFIA_v2\01_dataset\decafia_clean\images\test\SANAS_SOCORRO_337.jpg,test,SANAS_SOCORRO_337,C:\Users\luise\OneDrive\Documentos\DECAFIA_v2\01_dataset\decafia_clean\images\train\SANAS_SOCORRO_339.jpg,train,SANAS_SOCORRO_339,sift_containment,1746,1.0,1.0,
C:\Users\luise\OneDrive\Documentos\DECAFIA_v2\01_dataset\decafia_clean\images\train\SANAS_SOCORRO_69.jpg,train,SANAS_SOCORRO_69,C:\Users\luise\OneDrive\Documentos\DECAFIA_v2\01_dataset\decafia_clean\images\val\SANAS_SOCORRO_68.jpg,val,SANAS_SOCORRO_68,sift_containment,670,0.96680486,0.61523944,
C:\Users\luise\OneDrive\Documentos\DECAFIA_v2\01_dataset\decafia_clean\images\test\SANAS_NUEVAS_480.jpg,test,SANAS_NUEVAS_480,C:\Users\luise\OneDrive\Documentos\DECAFIA_v2\01_dataset\decafia_clean\images\train\SANAS_SOCORRO_332.jpg,train,SANAS_SOCORRO_332,sift_containment,717,0.99896157,0.7848984,
C:\Users\luise\OneDrive\Documentos\DECAFIA_v2\01_dataset\decafia_clean\images\train\SANAS_NUEVAS_514.jpg,train,SANAS_NUEVAS_514,C:\Users\luise\OneDrive\Documentos\DECAFIA_v2\01_dataset\decafia_clean\images\test\SANAS_SOCORRO_374.jpg,test,SANAS_SOCORRO_374,both,31,0.71284056,1.4256811,2.0
C:\Users\luise\OneDrive\Documentos\DECAFIA_v2\01_dataset\decafia_clean\images\test\SANAS_NUEVAS_373.jpg,test,SANAS_NUEVAS_373,C:\Users\luise\OneDrive\Documentos\DECAFIA_v2\01_dataset\decafia_clean\images\train\SANAS_SOCORRO_199.jpg,train,SANAS_SOCORRO_199,sift_containment,1535,0.9988035,0.665869,
C:\Users\luise\OneDrive\Documentos\DECAFIA_v2\01_dataset\decafia_clean\images\test\SANAS_NUEVAS_362.jpg,val,SANAS_SOCORRO_186,C:\Users\luise\OneDrive\Documentos\DECAFIA_v2\01_dataset\decafia_clean\images\val\SANAS_SOCORRO_186.jpg,test,SANAS_NUEVAS_362,sift_containment,271,0.99990666,0.6363042,
C:\Users\luise\OneDrive\Documentos\DECAFIA_v2\01_dataset\decafia_clean\images\train\COCO_P_A_57.jpg,train,COCO_P_A_57,C:\Users\luise\OneDrive\Documentos\DECAFIA_v2\01_dataset\decafia_clean\images\val\COCO_P_A_2.jpg,val,COCO_P_A_2,sift_containment,171,0.95135856,0.95135856,
C:\Users\luise\OneDrive\Documentos\DECAFIA_v2\01_dataset\decafia_clean\images\train\SANAS_NUEVAS_556.jpg,train,SANAS_NUEVAS_556,C:\Users\luise\OneDrive\Documentos\DECAFIA_v2\01_dataset\decafia_clean\images\test\SANAS_SOCORRO_437.jpg,test,SANAS_SOCORRO_437,sift_containment,191,0.5773867,0.72173333,
C:\Users\luise\OneDrive\Documentos\DECAFIA_v2\01_dataset\decafia_clean\images\train\SANAS_SOCORRO_444.jpg,train,SANAS_SOCORRO_444,C:\Users\luise\OneDrive\Documentos\DECAFIA_v2\01_dataset\decafia_clean\images\val\SANAS_SOCORRO_419.jpg,val,SANAS_SOCORRO_419,sift_containment,339,0.78709227,0.78709227,
C:\Users\luise\OneDrive\Documentos\DECAFIA_v2\01_dataset\decafia_clean\images\train\SANAS_NUEVAS_435.jpg,train,SANAS_NUEVAS_435,C:\Users\luise\OneDrive\Documentos\DECAFIA_v2\01_dataset\decafia_clean\images\test\SANAS_NUEVAS_434.jpg,test,SANAS_NUEVAS_434,sift_containment,61,0.8323894,1.1653452,
C:\Users\luise\OneDrive\Documentos\DECAFIA_v2\01_dataset\decafia_clean\images\train\SANAS_NUEVAS_395.jpg,train,SANAS_NUEVAS_395,C:\Users\luise\OneDrive\Documentos\DECAFIA_v2\01_dataset\decafia_clean\images\val\SANAS_SOCORRO_225.jpg,val,SANAS_SOCORRO_225,sift_containment,65,0.90567034,0.71159816,
C:\Users\luise\OneDrive\Documentos\DECAFIA_v2\01_dataset\decafia_clean\images\train\MINADO_RECORTES_41.jpg,train,MINADO_RECORTES_41,C:\Users\luise\OneDrive\Documentos\DECAFIA_v2\01_dataset\decafia_clean\images\test\MINADO_RECORTES_40.jpg,test,MINADO_RECORTES_40,resolution_ratio,61,0.52691144,0.1702187,3.095496473141617
C:\Users\luise\OneDrive\Documentos\DECAFIA_v2\01_dataset\decafia_clean\images\train\SANAS_SOCORRO_155.jpg,train,SANAS_SOCORRO_155,C:\Users\luise\OneDrive\Documentos\DECAFIA_v2\01_dataset\decafia_clean\images\val\SANAS_SOCORRO_158.jpg,val,SANAS_SOCORRO_158,sift_containment,1568,0.95118684,0.8647153,
C:\Users\luise\OneDrive\Documentos\DECAFIA_v2\01_dataset\decafia_clean\images\train\SANAS_NUEVAS_369.jpg,train,SANAS_NUEVAS_369,C:\Users\luise\OneDrive\Documentos\DECAFIA_v2\01_dataset\decafia_clean\images\val\SANAS_SOCORRO_193.jpg,val,SANAS_SOCORRO_193,sift_containment,1680,0.99933547,0.78519213,
C:\Users\luise\OneDrive\Documentos\DECAFIA_v2\01_dataset\decafia_clean\images\val\SANAS_SOCORRO_272.jpg,val,SANAS_SOCORRO_272,C:\Users\luise\OneDrive\Documentos\DECAFIA_v2\01_dataset\decafia_clean\images\train\SANAS_NUEVAS_432.jpg,train,SANAS_NUEVAS_432,sift_containment,146,0.99913055,1.1656523,
C:\Users\luise\OneDrive\Documentos\DECAFIA_v2\01_dataset\decafia_clean\images\train\COCO_RECORTE_130.jpg,train,COCO_RECORTE_130,C:\Users\luise\OneDrive\Documentos\DECAFIA_v2\01_dataset\decafia_clean\images\val\COCO_P_A_49.jpg,val,COCO_P_A_49,resolution_ratio,189,0.15696193,0.51503134,3.28125
C:\Users\luise\OneDrive\Documentos\DECAFIA_v2\01_dataset\decafia_clean\images\train\SANAS_NUEVAS_493.jpg,train,SANAS_NUEVAS_493,C:\Users\luise\OneDrive\Documentos\DECAFIA_v2\01_dataset\decafia_clean\images\val\SANAS_SOCORRO_347.jpg,val,SANAS_SOCORRO_347,sift_containment,251,0.75843835,0.43339336,
C:\Users\luise\OneDrive\Documentos\DECAFIA_v2\01_dataset\decafia_clean\images\train\SANAS_SOCORRO_195.jpg,train,SANAS_SOCORRO_195,C:\Users\luise\OneDrive\Documentos\DECAFIA_v2\01_dataset\decafia_clean\images\val\SANAS_SOCORRO_190.jpg,val,SANAS_SOCORRO_190,sift_containment,220,0.7500002,0.7500002,
C:\Users\luise\OneDrive\Documentos\DECAFIA_v2\01_dataset\decafia_clean\images\test\SANAS_NUEVAS_308.jpg,train,SANAS_SOCORRO_115,C:\Users\luise\OneDrive\Documentos\DECAFIA_v2\01_dataset\decafia_clean\images\train\SANAS_SOCORRO_115.jpg,test,SANAS_NUEVAS_308,sift_containment,537,0.9991661,0.6994162,
C:\Users\luise\OneDrive\Documentos\DECAFIA_v2\01_dataset\decafia_clean\images\train\SANAS_NUEVAS_473.jpg,train,SANAS_NUEVAS_473,C:\Users\luise\OneDrive\Documentos\DECAFIA_v2\01_dataset\decafia_clean\images\val\SANAS_NUEVAS_476.jpg,val,SANAS_NUEVAS_476,sift_containment,128,0.86714274,0.8004395,
C:\Users\luise\OneDrive\Documentos\DECAFIA_v2\01_dataset\decafia_clean\images\val\SANAS_SOCORRO_448.jpg,val,SANAS_SOCORRO_448,C:\Users\luise\OneDrive\Documentos\DECAFIA_v2\01_dataset\decafia_clean\images\train\SANAS_SOCORRO_445.jpg,train,SANAS_SOCORRO_445,sift_containment,433,0.8052368,1.0353044,
C:\Users\luise\OneDrive\Documentos\DECAFIA_v2\01_dataset\decafia_clean\images\train\SANAS_NUEVAS_537.jpg,train,SANAS_NUEVAS_537,C:\Users\luise\OneDrive\Documentos\DECAFIA_v2\01_dataset\decafia_clean\images\test\SANAS_SOCORRO_403.jpg,test,SANAS_SOCORRO_403,sift_containment,1883,0.998827,1.2712343,
C:\Users\luise\OneDrive\Documentos\DECAFIA_v2\01_dataset\decafia_clean\images\train\SANAS_NUEVAS_444.jpg,train,SANAS_NUEVAS_444,C:\Users\luise\OneDrive\Documentos\DECAFIA_v2\01_dataset\decafia_clean\images\val\SANAS_NUEVAS_445.jpg,val,SANAS_NUEVAS_445,sift_containment,50,0.9996594,0.7997275,
C:\Users\luise\OneDrive\Documentos\DECAFIA_v2\01_dataset\decafia_clean\images\test\SANAS_SOCORRO_13.jpg,test,SANAS_SOCORRO_13,C:\Users\luise\OneDrive\Documentos\DECAFIA_v2\01_dataset\decafia_clean\images\train\SANAS_SOCORRO_14.jpg,train,SANAS_SOCORRO_14,sift_containment,2017,0.9898134,0.76985484,
C:\Users\luise\OneDrive\Documentos\DECAFIA_v2\01_dataset\decafia_clean\images\test\COCO_P_A_67.jpg,test,COCO_P_A_67,C:\Users\luise\OneDrive\Documentos\DECAFIA_v2\01_dataset\decafia_clean\images\train\COCO_M_A_78.jpg,train,COCO_M_A_78,sift_containment,734,0.9999363,0.8888323,
C:\Users\luise\OneDrive\Documentos\DECAFIA_v2\01_dataset\decafia_clean\images\train\SANAS_NUEVAS_386.jpg,train,SANAS_NUEVAS_386,C:\Users\luise\OneDrive\Documentos\DECAFIA_v2\01_dataset\decafia_clean\images\test\SANAS_SOCORRO_214.jpg,test,SANAS_SOCORRO_214,sift_containment,1903,0.99933237,1.1658878,
C:\Users\luise\OneDrive\Documentos\DECAFIA_v2\01_dataset\decafia_clean\images\train\SANAS_SOCORRO_185.jpg,train,SANAS_SOCORRO_185,C:\Users\luise\OneDrive\Documentos\DECAFIA_v2\01_dataset\decafia_clean\images\val\SANAS_SOCORRO_186.jpg,val,SANAS_SOCORRO_186,both,80,0.8394735,0.3917543,2.142857142857143
C:\Users\luise\OneDrive\Documentos\DECAFIA_v2\01_dataset\decafia_clean\images\test\SANAS_NUEVAS_616.jpg,train,SANAS_SOCORRO_514,C:\Users\luise\OneDrive\Documentos\DECAFIA_v2\01_dataset\decafia_clean\images\train\SANAS_SOCORRO_514.jpg,test,SANAS_NUEVAS_616,sift_containment,240,0.99937034,0.62460643,
C:\Users\luise\OneDrive\Documentos\DECAFIA_v2\01_dataset\decafia_clean\images\train\MINEIRO_151.jpg,train,MINEIRO_151,C:\Users\luise\OneDrive\Documentos\DECAFIA_v2\01_dataset\decafia_clean\images\val\MINEIRO_95.jpg,val,MINEIRO_95,sift_containment,1202,0.9541433,0.9541433,
C:\Users\luise\OneDrive\Documentos\DECAFIA_v2\01_dataset\decafia_clean\images\val\SANAS_SOCORRO_190.jpg,val,SANAS_SOCORRO_190,C:\Users\luise\OneDrive\Documentos\DECAFIA_v2\01_dataset\decafia_clean\images\train\SANAS_SOCORRO_191.jpg,train,SANAS_SOCORRO_191,sift_containment,890,0.9087242,1.1359051,
C:\Users\luise\OneDrive\Documentos\DECAFIA_v2\01_dataset\decafia_clean\images\train\COCO_Muy_A_72.jpg,train,COCO_Muy_A_72,C:\Users\luise\OneDrive\Documentos\DECAFIA_v2\01_dataset\decafia_clean\images\val\COCO_RECORTE_102.jpg,val,COCO_RECORTE_102,both,534,1.0,0.37333333,2.6785714285714284
C:\Users\luise\OneDrive\Documentos\DECAFIA_v2\01_dataset\decafia_clean\images\train\SANAS_SOCORRO_25.jpg,train,SANAS_SOCORRO_25,C:\Users\luise\OneDrive\Documentos\DECAFIA_v2\01_dataset\decafia_clean\images\val\SANAS_SOCORRO_16.jpg,val,SANAS_SOCORRO_16,sift_containment,36,0.99138296,0.8922447,
C:\Users\luise\OneDrive\Documentos\DECAFIA_v2\01_dataset\decafia_clean\images\train\MINEIRO_13.jpg,train,MINEIRO_13,C:\Users\luise\OneDrive\Documentos\DECAFIA_v2\01_dataset\decafia_clean\images\val\MINEIRO_95.jpg,val,MINEIRO_95,sift_containment,1376,0.9664288,0.7434068,
C:\Users\luise\OneDrive\Documentos\DECAFIA_v2\01_dataset\decafia_clean\images\val\SANAS_NUEVAS_604.jpg,val,SANAS_NUEVAS_604,C:\Users\luise\OneDrive\Documentos\DECAFIA_v2\01_dataset\decafia_clean\images\train\SANAS_SOCORRO_499.jpg,train,SANAS_SOCORRO_499,sift_containment,400,0.9994241,1.4436126,
C:\Users\luise\OneDrive\Documentos\DECAFIA_v2\01_dataset\decafia_clean\images\train\SANAS_SOCORRO_249.jpg,train,SANAS_SOCORRO_249,C:\Users\luise\OneDrive\Documentos\DECAFIA_v2\01_dataset\decafia_clean\images\test\SANAS_SOCORRO_247.jpg,test,SANAS_SOCORRO_247,sift_containment,281,0.76791984,0.9215038,
C:\Users\luise\OneDrive\Documentos\DECAFIA_v2\01_dataset\decafia_clean\images\val\SANAS_NUEVAS_365.jpg,val,SANAS_NUEVAS_365,C:\Users\luise\OneDrive\Documentos\DECAFIA_v2\01_dataset\decafia_clean\images\train\SANAS_SOCORRO_189.jpg,train,SANAS_SOCORRO_189,sift_containment,681,0.99904114,1.2715069,
C:\Users\luise\OneDrive\Documentos\DECAFIA_v2\01_dataset\decafia_clean\images\train\SANAS_NUEVAS_505.jpg,train,SANAS_NUEVAS_505,C:\Users\luise\OneDrive\Documentos\DECAFIA_v2\01_dataset\decafia_clean\images\val\SANAS_SOCORRO_361.jpg,val,SANAS_SOCORRO_361,both,172,0.733755,0.3668775,2.0
C:\Users\luise\OneDrive\Documentos\DECAFIA_v2\01_dataset\decafia_clean\images\val\SANAS_NUEVAS_342.jpg,val,SANAS_NUEVAS_342,C:\Users\luise\OneDrive\Documentos\DECAFIA_v2\01_dataset\decafia_clean\images\train\SANAS_SOCORRO_162.jpg,train,SANAS_SOCORRO_162,sift_containment,2694,0.9997716,1.3746859,
C:\Users\luise\OneDrive\Documentos\DECAFIA_v2\01_dataset\decafia_clean\images\train\COCO_P_A_24.jpg,train,COCO_P_A_24,C:\Users\luise\OneDrive\Documentos\DECAFIA_v2\01_dataset\decafia_clean\images\test\COCO_P_A_52.jpg,test,COCO_P_A_52,sift_containment,234,0.7676223,0.8529136,
C:\Users\luise\OneDrive\Documentos\DECAFIA_v2\01_dataset\decafia_clean\images\train\SANAS_NUEVAS_474.jpg,test,SANAS_SOCORRO_324,C:\Users\luise\OneDrive\Documentos\DECAFIA_v2\01_dataset\decafia_clean\images\test\SANAS_SOCORRO_324.jpg,train,SANAS_NUEVAS_474,sift_containment,135,0.99930304,1.4989547,
C:\Users\luise\OneDrive\Documentos\DECAFIA_v2\01_dataset\decafia_clean\images\train\SANAS_NUEVAS_467.jpg,test,SANAS_SOCORRO_315,C:\Users\luise\OneDrive\Documentos\DECAFIA_v2\01_dataset\decafia_clean\images\test\SANAS_SOCORRO_315.jpg,train,SANAS_NUEVAS_467,sift_containment,583,0.999655,1.4994825,
C:\Users\luise\OneDrive\Documentos\DECAFIA_v2\01_dataset\decafia_clean\images\val\SANAS_NUEVAS_566.jpg,val,SANAS_NUEVAS_566,C:\Users\luise\OneDrive\Documentos\DECAFIA_v2\01_dataset\decafia_clean\images\train\SANAS_SOCORRO_453.jpg,train,SANAS_SOCORRO_453,sift_containment,714,0.9998056,1.399728,
C:\Users\luise\OneDrive\Documentos\DECAFIA_v2\01_dataset\decafia_clean\images\train\SANAS_NUEVAS_495.jpg,train,SANAS_NUEVAS_495,C:\Users\luise\OneDrive\Documentos\DECAFIA_v2\01_dataset\decafia_clean\images\val\SANAS_SOCORRO_353.jpg,val,SANAS_SOCORRO_353,sift_containment,212,0.7797142,0.7797142,
C:\Users\luise\OneDrive\Documentos\DECAFIA_v2\01_dataset\decafia_clean\images\val\MINEIRO_95.jpg,val,MINEIRO_95,C:\Users\luise\OneDrive\Documentos\DECAFIA_v2\01_dataset\decafia_clean\images\train\MINEIRO_11.jpg,train,MINEIRO_11,sift_containment,1028,0.9147889,1.1434861,
C:\Users\luise\OneDrive\Documentos\DECAFIA_v2\01_dataset\decafia_clean\images\test\SANAS_SOCORRO_122.jpg,test,SANAS_SOCORRO_122,C:\Users\luise\OneDrive\Documentos\DECAFIA_v2\01_dataset\decafia_clean\images\val\SANAS_NUEVAS_312.jpg,val,SANAS_NUEVAS_312,sift_containment,275,0.8020469,0.73520964,
C:\Users\luise\OneDrive\Documentos\DECAFIA_v2\01_dataset\decafia_clean\images\val\SANAS_NUEVAS_278.jpg,val,SANAS_NUEVAS_278,C:\Users\luise\OneDrive\Documentos\DECAFIA_v2\01_dataset\decafia_clean\images\train\SANAS_SOCORRO_54.jpg,train,SANAS_SOCORRO_54,sift_containment,507,0.99921525,1.3739209,
C:\Users\luise\OneDrive\Documentos\DECAFIA_v2\01_dataset\decafia_clean\images\test\SANAS_SOCORRO_156.jpg,train,SANAS_SOCORRO_157,C:\Users\luise\OneDrive\Documentos\DECAFIA_v2\01_dataset\decafia_clean\images\train\SANAS_SOCORRO_157.jpg,test,SANAS_SOCORRO_156,sift_containment,1812,0.96270275,0.72202706,
C:\Users\luise\OneDrive\Documentos\DECAFIA_v2\01_dataset\decafia_clean\images\test\SANAS_SOCORRO_247.jpg,test,SANAS_SOCORRO_247,C:\Users\luise\OneDrive\Documentos\DECAFIA_v2\01_dataset\decafia_clean\images\train\SANAS_SOCORRO_250.jpg,train,SANAS_SOCORRO_250,sift_containment,170,0.97177637,0.7774211,
C:\Users\luise\OneDrive\Documentos\DECAFIA_v2\01_dataset\decafia_clean\images\test\SANAS_NUEVAS_419.jpg,test,SANAS_NUEVAS_419,C:\Users\luise\OneDrive\Documentos\DECAFIA_v2\01_dataset\decafia_clean\images\train\SANAS_SOCORRO_256.jpg,train,SANAS_SOCORRO_256,sift_containment,284,0.9995479,0.785359,
C:\Users\luise\OneDrive\Documentos\DECAFIA_v2\01_dataset\decafia_clean\images\train\SANAS_SOCORRO_329.jpg,train,SANAS_SOCORRO_329,C:\Users\luise\OneDrive\Documentos\DECAFIA_v2\01_dataset\decafia_clean\images\val\SANAS_SOCORRO_327.jpg,val,SANAS_SOCORRO_327,sift_containment,737,0.8059124,0.8059124,
C:\Users\luise\OneDrive\Documentos\DECAFIA_v2\01_dataset\decafia_clean\images\test\SANAS_NUEVAS_515.jpg,test,SANAS_NUEVAS_515,C:\Users\luise\OneDrive\Documentos\DECAFIA_v2\01_dataset\decafia_clean\images\train\SANAS_SOCORRO_372.jpg,train,SANAS_SOCORRO_372,sift_containment,32,0.79452574,0.7222961,
C:\Users\luise\OneDrive\Documentos\DECAFIA_v2\01_dataset\decafia_clean\images\train\SANAS_NUEVAS_287.jpg,train,SANAS_NUEVAS_287,C:\Users\luise\OneDrive\Documentos\DECAFIA_v2\01_dataset\decafia_clean\images\val\SANAS_NUEVAS_286.jpg,val,SANAS_NUEVAS_286,sift_containment,831,0.9665192,0.6443461,
C:\Users\luise\OneDrive\Documentos\DECAFIA_v2\01_dataset\decafia_clean\images\val\SANAS_SOCORRO_53.jpg,val,SANAS_SOCORRO_53,C:\Users\luise\OneDrive\Documentos\DECAFIA_v2\01_dataset\decafia_clean\images\train\SANAS_SOCORRO_54.jpg,train,SANAS_SOCORRO_54,sift_containment,321,0.7722385,0.86876833,
C:\Users\luise\OneDrive\Documentos\DECAFIA_v2\01_dataset\decafia_clean\images\train\SANAS_NUEVAS_382.jpg,train,SANAS_NUEVAS_382,C:\Users\luise\OneDrive\Documentos\DECAFIA_v2\01_dataset\decafia_clean\images\val\SANAS_SOCORRO_207.jpg,val,SANAS_SOCORRO_207,sift_containment,369,0.8667447,0.6191034,
C:\Users\luise\OneDrive\Documentos\DECAFIA_v2\01_dataset\decafia_clean\images\test\SANAS_NUEVAS_252.jpg,val,SANAS_SOCORRO_11,C:\Users\luise\OneDrive\Documentos\DECAFIA_v2\01_dataset\decafia_clean\images\val\SANAS_SOCORRO_11.jpg,test,SANAS_NUEVAS_252,sift_containment,785,0.9999736,0.6666491,
C:\Users\luise\OneDrive\Documentos\DECAFIA_v2\01_dataset\decafia_clean\images\val\SANAS_SOCORRO_391.jpg,val,SANAS_SOCORRO_391,C:\Users\luise\OneDrive\Documentos\DECAFIA_v2\01_dataset\decafia_clean\images\train\SANAS_SOCORRO_388.jpg,train,SANAS_SOCORRO_388,sift_containment,152,0.8706179,1.3681139,
C:\Users\luise\OneDrive\Documentos\DECAFIA_v2\01_dataset\decafia_clean\images\train\SANAS_SOCORRO_159.jpg,train,SANAS_SOCORRO_159,C:\Users\luise\OneDrive\Documentos\DECAFIA_v2\01_dataset\decafia_clean\images\val\SANAS_SOCORRO_158.jpg,val,SANAS_SOCORRO_158,sift_containment,848,0.9032475,0.8211341,
C:\Users\luise\OneDrive\Documentos\DECAFIA_v2\01_dataset\decafia_clean\images\test\SANAS_NUEVAS_317.jpg,train,SANAS_NUEVAS_323,C:\Users\luise\OneDrive\Documentos\DECAFIA_v2\01_dataset\decafia_clean\images\train\SANAS_NUEVAS_323.jpg,test,SANAS_NUEVAS_317,sift_containment,248,0.94826335,0.8023767,
C:\Users\luise\OneDrive\Documentos\DECAFIA_v2\01_dataset\decafia_clean\images\train\SANAS_NUEVAS_460.jpg,train,SANAS_NUEVAS_460,C:\Users\luise\OneDrive\Documentos\DECAFIA_v2\01_dataset\decafia_clean\images\val\SANAS_NUEVAS_458.jpg,val,SANAS_NUEVAS_458,sift_containment,53,0.79171246,0.5278083,
C:\Users\luise\OneDrive\Documentos\DECAFIA_v2\01_dataset\decafia_clean\images\test\SANAS_NUEVAS_235.jpg,test,SANAS_NUEVAS_235,C:\Users\luise\OneDrive\Documentos\DECAFIA_v2\01_dataset\decafia_clean\images\train\SANAS_NUEVAS_205.jpg,train,SANAS_NUEVAS_205,sift_containment,1152,0.93664664,0.93664664,
C:\Users\luise\OneDrive\Documentos\DECAFIA_v2\01_dataset\decafia_clean\images\test\MINADO_RECORTES_111.jpg,test,MINADO_RECORTES_111,C:\Users\luise\OneDrive\Documentos\DECAFIA_v2\01_dataset\decafia_clean\images\train\MINADO_RECORTES_112.jpg,train,MINADO_RECORTES_112,sift_containment,339,0.9984086,0.9984086,
C:\Users\luise\OneDrive\Documentos\DECAFIA_v2\01_dataset\decafia_clean\images\test\COCO_P_A_12.jpg,test,COCO_P_A_12,C:\Users\luise\OneDrive\Documentos\DECAFIA_v2\01_dataset\decafia_clean\images\train\COCO_P_A_8.jpg,train,COCO_P_A_8,sift_containment,358,0.99974126,0.8886589,
C:\Users\luise\OneDrive\Documentos\DECAFIA_v2\01_dataset\decafia_clean\images\test\COCO_Muy_A_19.jpg,train,COCO_M_A_11,C:\Users\luise\OneDrive\Documentos\DECAFIA_v2\01_dataset\decafia_clean\images\train\COCO_M_A_11.jpg,test,COCO_Muy_A_19,sift_containment,309,1.0,1.0,
C:\Users\luise\OneDrive\Documentos\DECAFIA_v2\01_dataset\decafia_clean\images\train\SANAS_SOCORRO_88.jpg,train,SANAS_SOCORRO_88,C:\Users\luise\OneDrive\Documentos\DECAFIA_v2\01_dataset\decafia_clean\images\val\SANAS_SOCORRO_90.jpg,val,SANAS_SOCORRO_90,sift_containment,3186,0.8416368,0.8416368,
C:\Users\luise\OneDrive\Documentos\DECAFIA_v2\01_dataset\decafia_clean\images\val\SANAS_SOCORRO_510.jpg,val,SANAS_SOCORRO_510,C:\Users\luise\OneDrive\Documentos\DECAFIA_v2\01_dataset\decafia_clean\images\train\SANAS_SOCORRO_509.jpg,train,SANAS_SOCORRO_509,sift_containment,238,0.8527327,1.1725075,
C:\Users\luise\OneDrive\Documentos\DECAFIA_v2\01_dataset\decafia_clean\images\test\SANAS_SOCORRO_366.jpg,test,SANAS_SOCORRO_366,C:\Users\luise\OneDrive\Documentos\DECAFIA_v2\01_dataset\decafia_clean\images\train\SANAS_SOCORRO_365.jpg,train,SANAS_SOCORRO_365,sift_containment,523,0.95302385,0.83389586,
C:\Users\luise\OneDrive\Documentos\DECAFIA_v2\01_dataset\decafia_clean\images\val\SANAS_NUEVAS_285.jpg,val,SANAS_NUEVAS_285,C:\Users\luise\OneDrive\Documentos\DECAFIA_v2\01_dataset\decafia_clean\images\train\SANAS_SOCORRO_66.jpg,train,SANAS_SOCORRO_66,sift_containment,1084,0.99883646,1.3983711,
C:\Users\luise\OneDrive\Documentos\DECAFIA_v2\01_dataset\decafia_clean\images\train\SANAS_NUEVAS_498.jpg,test,SANAS_SOCORRO_354,C:\Users\luise\OneDrive\Documentos\DECAFIA_v2\01_dataset\decafia_clean\images\test\SANAS_SOCORRO_354.jpg,train,SANAS_NUEVAS_498,sift_containment,642,0.9992722,1.4989083,
C:\Users\luise\OneDrive\Documentos\DECAFIA_v2\01_dataset\decafia_clean\images\test\SANAS_SOCORRO_169.jpg,test,SANAS_SOCORRO_169,C:\Users\luise\OneDrive\Documentos\DECAFIA_v2\01_dataset\decafia_clean\images\val\SANAS_SOCORRO_171.jpg,val,SANAS_SOCORRO_171,sift_containment,145,0.7000876,0.57279897,
C:\Users\luise\OneDrive\Documentos\DECAFIA_v2\01_dataset\decafia_clean\images\test\SANAS_SOCORRO_222.jpg,test,SANAS_SOCORRO_222,C:\Users\luise\OneDrive\Documentos\DECAFIA_v2\01_dataset\decafia_clean\images\train\SANAS_SOCORRO_221.jpg,train,SANAS_SOCORRO_221,sift_containment,61,0.7176259,0.5980216,
C:\Users\luise\OneDrive\Documentos\DECAFIA_v2\01_dataset\decafia_clean\images\train\SANAS_NUEVAS_306.jpg,train,SANAS_NUEVAS_306,C:\Users\luise\OneDrive\Documentos\DECAFIA_v2\01_dataset\decafia_clean\images\test\SANAS_SOCORRO_111.jpg,test,SANAS_SOCORRO_111,sift_containment,328,0.97861654,1.245512,
C:\Users\luise\OneDrive\Documentos\DECAFIA_v2\01_dataset\decafia_clean\images\test\SANAS_SOCORRO_74.jpg,test,SANAS_SOCORRO_74,C:\Users\luise\OneDrive\Documentos\DECAFIA_v2\01_dataset\decafia_clean\images\train\SANAS_SOCORRO_75.jpg,train,SANAS_SOCORRO_75,sift_containment,175,0.8030549,0.5840399,
C:\Users\luise\OneDrive\Documentos\DECAFIA_v2\01_dataset\decafia_clean\images\test\SANAS_NUEVAS_534.jpg,train,SANAS_SOCORRO_398,C:\Users\luise\OneDrive\Documentos\DECAFIA_v2\01_dataset\decafia_clean\images\train\SANAS_SOCORRO_398.jpg,test,SANAS_NUEVAS_534,sift_containment,530,0.99939966,0.78524256,
C:\Users\luise\OneDrive\Documentos\DECAFIA_v2\01_dataset\decafia_clean\images\train\SANAS_NUEVAS_329.jpg,train,SANAS_NUEVAS_329,C:\Users\luise\OneDrive\Documentos\DECAFIA_v2\01_dataset\decafia_clean\images\test\SANAS_SOCORRO_141.jpg,test,SANAS_SOCORRO_141,sift_containment,143,0.5512084,0.73494446,
C:\Users\luise\OneDrive\Documentos\DECAFIA_v2\01_dataset\decafia_clean\images\val\SANAS_NUEVAS_528.jpg,val,SANAS_NUEVAS_528,C:\Users\luise\OneDrive\Documentos\DECAFIA_v2\01_dataset\decafia_clean\images\train\SANAS_SOCORRO_390.jpg,train,SANAS_SOCORRO_390,sift_containment,468,0.9990595,1.3737068,
C:\Users\luise\OneDrive\Documentos\DECAFIA_v2\01_dataset\decafia_clean\images\train\SANAS_SOCORRO_131.jpg,train,SANAS_SOCORRO_131,C:\Users\luise\OneDrive\Documentos\DECAFIA_v2\01_dataset\decafia_clean\images\val\SANAS_SOCORRO_133.jpg,val,SANAS_SOCORRO_133,sift_containment,219,0.8912197,0.74268305,
C:\Users\luise\OneDrive\Documentos\DECAFIA_v2\01_dataset\decafia_clean\images\val\SANAS_NUEVAS_533.jpg,val,SANAS_NUEVAS_533,C:\Users\luise\OneDrive\Documentos\DECAFIA_v2\01_dataset\decafia_clean\images\train\SANAS_SOCORRO_398.jpg,train,SANAS_SOCORRO_398,sift_containment,225,0.99678737,1.2686385,
C:\Users\luise\OneDrive\Documentos\DECAFIA_v2\01_dataset\decafia_clean\images\train\COCO_P_A_63.jpg,train,COCO_P_A_63,C:\Users\luise\OneDrive\Documentos\DECAFIA_v2\01_dataset\decafia_clean\images\val\COCO_M_A_10.jpg,val,COCO_M_A_10,sift_containment,67,0.7281756,0.6161486,
C:\Users\luise\OneDrive\Documentos\DECAFIA_v2\01_dataset\decafia_clean\images\test\SANAS_SOCORRO_283.jpg,test,SANAS_SOCORRO_283,C:\Users\luise\OneDrive\Documentos\DECAFIA_v2\01_dataset\decafia_clean\images\val\SANAS_SOCORRO_282.jpg,val,SANAS_SOCORRO_282,sift_containment,250,0.7555876,0.7555876,
C:\Users\luise\OneDrive\Documentos\DECAFIA_v2\01_dataset\decafia_clean\images\train\MINADO_RECORTES_70.jpg,train,MINADO_RECORTES_70,C:\Users\luise\OneDrive\Documentos\DECAFIA_v2\01_dataset\decafia_clean\images\val\MINADO_RECORTES_129.jpg,val,MINADO_RECORTES_129,resolution_ratio,114,0.29353216,0.68142813,2.321476964769648
C:\Users\luise\OneDrive\Documentos\DECAFIA_v2\01_dataset\decafia_clean\images\train\SANAS_SOCORRO_314.jpg,train,SANAS_SOCORRO_314,C:\Users\luise\OneDrive\Documentos\DECAFIA_v2\01_dataset\decafia_clean\images\val\SANAS_SOCORRO_313.jpg,val,SANAS_SOCORRO_313,sift_containment,176,1.0,0.875,
C:\Users\luise\OneDrive\Documentos\DECAFIA_v2\01_dataset\decafia_clean\images\train\SANAS_NUEVAS_477.jpg,train,SANAS_NUEVAS_477,C:\Users\luise\OneDrive\Documentos\DECAFIA_v2\01_dataset\decafia_clean\images\val\SANAS_SOCORRO_327.jpg,val,SANAS_SOCORRO_327,sift_containment,874,0.99978244,0.6665216,
C:\Users\luise\OneDrive\Documentos\DECAFIA_v2\01_dataset\decafia_clean\images\train\SANAS_SOCORRO_205.jpg,train,SANAS_SOCORRO_205,C:\Users\luise\OneDrive\Documentos\DECAFIA_v2\01_dataset\decafia_clean\images\val\SANAS_SOCORRO_203.jpg,val,SANAS_SOCORRO_203,sift_containment,31,0.88584644,0.88584644,
C:\Users\luise\OneDrive\Documentos\DECAFIA_v2\01_dataset\decafia_clean\images\train\SANAS_NUEVAS_412.jpg,train,SANAS_NUEVAS_412,C:\Users\luise\OneDrive\Documentos\DECAFIA_v2\01_dataset\decafia_clean\images\val\SANAS_NUEVAS_417.jpg,val,SANAS_NUEVAS_417,sift_containment,46,0.8847829,0.7486625,
C:\Users\luise\OneDrive\Documentos\DECAFIA_v2\01_dataset\decafia_clean\images\test\SANAS_SOCORRO_182.jpg,train,SANAS_NUEVAS_360,C:\Users\luise\OneDrive\Documentos\DECAFIA_v2\01_dataset\decafia_clean\images\train\SANAS_NUEVAS_360.jpg,test,SANAS_SOCORRO_182,sift_containment,357,0.9993365,0.73284674,
C:\Users\luise\OneDrive\Documentos\DECAFIA_v2\01_dataset\decafia_clean\images\train\SANAS_NUEVAS_507.jpg,train,SANAS_NUEVAS_507,C:\Users\luise\OneDrive\Documentos\DECAFIA_v2\01_dataset\decafia_clean\images\test\SANAS_SOCORRO_366.jpg,test,SANAS_SOCORRO_366,sift_containment,205,0.95280135,1.3101019,
C:\Users\luise\OneDrive\Documentos\DECAFIA_v2\01_dataset\decafia_clean\images\val\SANAS_NUEVAS_491.jpg,val,SANAS_NUEVAS_491,C:\Users\luise\OneDrive\Documentos\DECAFIA_v2\01_dataset\decafia_clean\images\train\SANAS_SOCORRO_340.jpg,train,SANAS_SOCORRO_340,both,311,0.72361743,1.4472349,2.0
C:\Users\luise\OneDrive\Documentos\DECAFIA_v2\01_dataset\decafia_clean\images\train\COCO_P_A_3.jpg,train,COCO_P_A_3,C:\Users\luise\OneDrive\Documentos\DECAFIA_v2\01_dataset\decafia_clean\images\val\COCO_P_A_4.jpg,val,COCO_P_A_4,sift_containment,936,0.9877974,0.88901764,
C:\Users\luise\OneDrive\Documentos\DECAFIA_v2\01_dataset\decafia_clean\images\train\SANAS_SOCORRO_493.jpg,train,SANAS_SOCORRO_493,C:\Users\luise\OneDrive\Documentos\DECAFIA_v2\01_dataset\decafia_clean\images\val\SANAS_SOCORRO_492.jpg,val,SANAS_SOCORRO_492,sift_containment,210,0.89600205,0.71680164,
C:\Users\luise\OneDrive\Documentos\DECAFIA_v2\01_dataset\decafia_clean\images\train\SANAS_NUEVAS_335.jpg,train,SANAS_NUEVAS_335,C:\Users\luise\OneDrive\Documentos\DECAFIA_v2\01_dataset\decafia_clean\images\val\SANAS_SOCORRO_153.jpg,val,SANAS_SOCORRO_153,sift_containment,3563,0.999921,0.7332754,
C:\Users\luise\OneDrive\Documentos\DECAFIA_v2\01_dataset\decafia_clean\images\val\SANAS_NUEVAS_571.jpg,val,SANAS_NUEVAS_571,C:\Users\luise\OneDrive\Documentos\DECAFIA_v2\01_dataset\decafia_clean\images\train\SANAS_SOCORRO_460.jpg,train,SANAS_SOCORRO_460,sift_containment,50,0.9054816,1.2935451,
C:\Users\luise\OneDrive\Documentos\DECAFIA_v2\01_dataset\decafia_clean\images\test\SANAS_NUEVAS_300.jpg,test,SANAS_NUEVAS_300,C:\Users\luise\OneDrive\Documentos\DECAFIA_v2\01_dataset\decafia_clean\images\train\SANAS_SOCORRO_94.jpg,train,SANAS_SOCORRO_94,sift_containment,1033,0.9805678,0.7704461,
C:\Users\luise\OneDrive\Documentos\DECAFIA_v2\01_dataset\decafia_clean\images\test\SANAS_NUEVAS_550.jpg,train,SANAS_NUEVAS_551,C:\Users\luise\OneDrive\Documentos\DECAFIA_v2\01_dataset\decafia_clean\images\train\SANAS_NUEVAS_551.jpg,test,SANAS_NUEVAS_550,sift_containment,7608,0.9699632,0.9699632,
C:\Users\luise\OneDrive\Documentos\DECAFIA_v2\01_dataset\decafia_clean\images\train\SANAS_NUEVAS_448.jpg,train,SANAS_NUEVAS_448,C:\Users\luise\OneDrive\Documentos\DECAFIA_v2\01_dataset\decafia_clean\images\test\SANAS_NUEVAS_451.jpg,test,SANAS_NUEVAS_451,sift_containment,105,0.9111997,0.9762854,
C:\Users\luise\OneDrive\Documentos\DECAFIA_v2\01_dataset\decafia_clean\images\train\SANAS_SOCORRO_339.jpg,train,SANAS_SOCORRO_339,C:\Users\luise\OneDrive\Documentos\DECAFIA_v2\01_dataset\decafia_clean\images\test\SANAS_NUEVAS_484.jpg,test,SANAS_NUEVAS_484,sift_containment,899,0.99394625,1.0767751,
C:\Users\luise\OneDrive\Documentos\DECAFIA_v2\01_dataset\decafia_clean\images\train\SANAS_NUEVAS_343.jpg,train,SANAS_NUEVAS_343,C:\Users\luise\OneDrive\Documentos\DECAFIA_v2\01_dataset\decafia_clean\images\test\SANAS_SOCORRO_163.jpg,test,SANAS_SOCORRO_163,sift_containment,2878,0.9992611,1.4433771,
C:\Users\luise\OneDrive\Documentos\DECAFIA_v2\01_dataset\decafia_clean\images\train\SANAS_SOCORRO_513.jpg,train,SANAS_SOCORRO_513,C:\Users\luise\OneDrive\Documentos\DECAFIA_v2\01_dataset\decafia_clean\images\test\SANAS_NUEVAS_616.jpg,test,SANAS_NUEVAS_616,sift_containment,124,0.8107674,0.9121133,
C:\Users\luise\OneDrive\Documentos\DECAFIA_v2\01_dataset\decafia_clean\images\train\SANAS_NUEVAS_499.jpg,train,SANAS_NUEVAS_499,C:\Users\luise\OneDrive\Documentos\DECAFIA_v2\01_dataset\decafia_clean\images\test\SANAS_SOCORRO_355.jpg,test,SANAS_SOCORRO_355,sift_containment,1111,0.9986528,1.3731476,
