index,filepath,split,stem
0,C:\Users\luise\OneDrive\Documentos\DECAFIA_v2\01_dataset\decafia_clean\images\train\COCO_M_A_1.jpg,train,COCO_M_A_1
1,C:\Users\luise\OneDrive\Documentos\DECAFIA_v2\01_dataset\decafia_clean\images\train\COCO_M_A_101.jpg,train,COCO_M_A_101
2,C:\Users\luise\OneDrive\Documentos\DECAFIA_v2\01_dataset\decafia_clean\images\train\COCO_M_A_104.jpg,train,COCO_M_A_104
3,C:\Users\luise\OneDrive\Documentos\DECAFIA_v2\01_dataset\decafia_clean\images\train\COCO_M_A_11.jpg,train,COCO_M_A_11
4,C:\Users\luise\OneDrive\Documentos\DECAFIA_v2\01_dataset\decafia_clean\images\train\COCO_M_A_12.jpg,train,COCO_M_A_12
5,C:\Users\luise\OneDrive\Documentos\DECAFIA_v2\01_dataset\decafia_clean\images\train\COCO_M_A_14.jpg,train,COCO_M_A_14
6,C:\Users\luise\OneDrive\Documentos\DECAFIA_v2\01_dataset\decafia_clean\images\train\COCO_M_A_15.jpg,train,COCO_M_A_15
7,C:\Users\luise\OneDrive\Documentos\DECAFIA_v2\01_dataset\decafia_clean\images\train\COCO_M_A_17.jpg,train,COCO_M_A_17
8,C:\Users\luise\OneDrive\Documentos\DECAFIA_v2\01_dataset\decafia_clean\images\train\COCO_M_A_18.jpg,train,COCO_M_A_18
9,C:\Users\luise\OneDrive\Documentos\DECAFIA_v2\01_dataset\decafia_clean\images\train\COCO_M_A_19.jpg,train,COCO_M_A_19
10,C:\Users\luise\OneDrive\Documentos\DECAFIA_v2\01_dataset\decafia_clean\images\train\COCO_M_A_20.jpg,train,COCO_M_A_20
11,C:\Users\luise\OneDrive\Documentos\DECAFIA_v2\01_dataset\decafia_clean\images\train\COCO_M_A_21.jpg,train,COCO_M_A_21
12,C:\Users\luise\OneDrive\Documentos\DECAFIA_v2\01_dataset\decafia_clean\images\train\COCO_M_A_23.jpg,train,COCO_M_A_23
13,C:\Users\luise\OneDrive\Documentos\DECAFIA_v2\01_dataset\decafia_clean\images\train\COCO_M_A_24.jpg,train,COCO_M_A_24
14,C:\Users\luise\OneDrive\Documentos\DECAFIA_v2\01_dataset\decafia_clean\images\train\COCO_M_A_26.jpg,train,COCO_M_A_26
15,C:\Users\luise\OneDrive\Documentos\DECAFIA_v2\01_dataset\decafia_clean\images\train\COCO_M_A_28.jpg,train,COCO_M_A_28
16,C:\Users\luise\OneDrive\Documentos\DECAFIA_v2\01_dataset\decafia_clean\images\train\COCO_M_A_29.jpg,train,COCO_M_A_29
17,C:\Users\luise\OneDrive\Documentos\DECAFIA_v2\01_dataset\decafia_clean\images\train\COCO_M_A_31.jpg,train,COCO_M_A_31
18,C:\Users\luise\OneDrive\Documentos\DECAFIA_v2\01_dataset\decafia_clean\images\train\COCO_M_A_32.jpg,train,COCO_M_A_32
19,C:\Users\luise\OneDrive\Documentos\DECAFIA_v2\01_dataset\decafia_clean\images\train\COCO_M_A_33.jpg,train,COCO_M_A_33
20,C:\Users\luise\OneDrive\Documentos\DECAFIA_v2\01_dataset\decafia_clean\images\train\COCO_M_A_38.jpg,train,COCO_M_A_38
21,C:\Users\luise\OneDrive\Documentos\DECAFIA_v2\01_dataset\decafia_clean\images\train\COCO_M_A_4.jpg,train,COCO_M_A_4
22,C:\Users\luise\OneDrive\Documentos\DECAFIA_v2\01_dataset\decafia_clean\images\train\COCO_M_A_40.jpg,train,COCO_M_A_40
23,C:\Users\luise\OneDrive\Documentos\DECAFIA_v2\01_dataset\decafia_clean\images\train\COCO_M_A_41.jpg,train,COCO_M_A_41
24,C:\Users\luise\OneDrive\Documentos\DECAFIA_v2\01_dataset\decafia_clean\images\train\COCO_M_A_42.jpg,train,COCO_M_A_42
25,C:\Users\luise\OneDrive\Documentos\DECAFIA_v2\01_dataset\decafia_clean\images\train\COCO_M_A_43.jpg,train,COCO_M_A_43
26,C:\Users\luise\OneDrive\Documentos\DECAFIA_v2\01_dataset\decafia_clean\images\train\COCO_M_A_44.jpg,train,COCO_M_A_44
27,C:\Users\luise\OneDrive\Documentos\DECAFIA_v2\01_dataset\decafia_clean\images\train\COCO_M_A_45.jpg,train,COCO_M_A_45
28,C:\Users\luise\OneDrive\Documentos\DECAFIA_v2\01_dataset\decafia_clean\images\train\COCO_M_A_46.jpg,train,COCO_M_A_46
29,C:\Users\luise\OneDrive\Documentos\DECAFIA_v2\01_dataset\decafia_clean\images\train\COCO_M_A_47.jpg,train,COCO_M_A_47
30,C:\Users\luise\OneDrive\Documentos\DECAFIA_v2\01_dataset\decafia_clean\images\train\COCO_M_A_48.jpg,train,COCO_M_A_48
31,C:\Users\luise\OneDrive\Documentos\DECAFIA_v2\01_dataset\decafia_clean\images\train\COCO_M_A_49.jpg,train,COCO_M_A_49
32,C:\Users\luise\OneDrive\Documentos\DECAFIA_v2\01_dataset\decafia_clean\images\train\COCO_M_A_50.jpg,train,COCO_M_A_50
33,C:\Users\luise\OneDrive\Documentos\DECAFIA_v2\01_dataset\decafia_clean\images\train\COCO_M_A_51.jpg,train,COCO_M_A_51
34,C:\Users\luise\OneDrive\Documentos\DECAFIA_v2\01_dataset\decafia_clean\images\train\COCO_M_A_53.jpg,train,COCO_M_A_53
35,C:\Users\luise\OneDrive\Documentos\DECAFIA_v2\01_dataset\decafia_clean\images\train\COCO_M_A_54.jpg,train,COCO_M_A_54
36,C:\Users\luise\OneDrive\Documentos\DECAFIA_v2\01_dataset\decafia_clean\images\train\COCO_M_A_55.jpg,train,COCO_M_A_55
37,C:\Users\luise\OneDrive\Documentos\DECAFIA_v2\01_dataset\decafia_clean\images\train\COCO_M_A_59.jpg,train,COCO_M_A_59
38,C:\Users\luise\OneDrive\Documentos\DECAFIA_v2\01_dataset\decafia_clean\images\train\COCO_M_A_6.jpg,train,COCO_M_A_6
39,C:\Users\luise\OneDrive\Documentos\DECAFIA_v2\01_dataset\decafia_clean\images\train\COCO_M_A_61.jpg,train,COCO_M_A_61
40,C:\Users\luise\OneDrive\Documentos\DECAFIA_v2\01_dataset\decafia_clean\images\train\COCO_M_A_62.jpg,train,COCO_M_A_62
41,C:\Users\luise\OneDrive\Documentos\DECAFIA_v2\01_dataset\decafia_clean\images\train\COCO_M_A_63.jpg,train,COCO_M_A_63
42,C:\Users\luise\OneDrive\Documentos\DECAFIA_v2\01_dataset\decafia_clean\images\train\COCO_M_A_67.jpg,train,COCO_M_A_67
43,C:\Users\luise\OneDrive\Documentos\DECAFIA_v2\01_dataset\decafia_clean\images\train\COCO_M_A_68.jpg,train,COCO_M_A_68
44,C:\Users\luise\OneDrive\Documentos\DECAFIA_v2\01_dataset\decafia_clean\images\train\COCO_M_A_69.jpg,train,COCO_M_A_69
45,C:\Users\luise\OneDrive\Documentos\DECAFIA_v2\01_dataset\decafia_clean\images\train\COCO_M_A_70.jpg,train,COCO_M_A_70
46,C:\Users\luise\OneDrive\Documentos\DECAFIA_v2\01_dataset\decafia_clean\images\train\COCO_M_A_71.jpg,train,COCO_M_A_71
47,C:\Users\luise\OneDrive\Documentos\DECAFIA_v2\01_dataset\decafia_clean\images\train\COCO_M_A_72.jpg,train,COCO_M_A_72
48,C:\Users\luise\OneDrive\Documentos\DECAFIA_v2\01_dataset\decafia_clean\images\train\COCO_M_A_73.jpg,train,COCO_M_A_73
49,C:\Users\luise\OneDrive\Documentos\DECAFIA_v2\01_dataset\decafia_clean\images\train\COCO_M_A_74.jpg,train,COCO_M_A_74
50,C:\Users\luise\OneDrive\Documentos\DECAFIA_v2\01_dataset\decafia_clean\images\train\COCO_M_A_75.jpg,train,COCO_M_A_75
51,C:\Users\luise\OneDrive\Documentos\DECAFIA_v2\01_dataset\decafia_clean\images\train\COCO_M_A_78.jpg,train,COCO_M_A_78
52,C:\Users\luise\OneDrive\Documentos\DECAFIA_v2\01_dataset\decafia_clean\images\train\COCO_M_A_79.jpg,train,COCO_M_A_79
53,C:\Users\luise\OneDrive\Documentos\DECAFIA_v2\01_dataset\decafia_clean\images\train\COCO_M_A_8.jpg,train,COCO_M_A_8
54,C:\Users\luise\OneDrive\Documentos\DECAFIA_v2\01_dataset\decafia_clean\images\train\COCO_M_A_80.jpg,train,COCO_M_A_80
55,C:\Users\luise\OneDrive\Documentos\DECAFIA_v2\01_dataset\decafia_clean\images\train\COCO_M_A_82.jpg,train,COCO_M_A_82
56,C:\Users\luise\OneDrive\Documentos\DECAFIA_v2\01_dataset\decafia_clean\images\train\COCO_M_A_83.jpg,train,COCO_M_A_83
57,C:\Users\luise\OneDrive\Documentos\DECAFIA_v2\01_dataset\decafia_clean\images\train\COCO_M_A_85.jpg,train,COCO_M_A_85
58,C:\Users\luise\OneDrive\Documentos\DECAFIA_v2\01_dataset\decafia_clean\images\train\COCO_M_A_86.jpg,train,COCO_M_A_86
59,C:\Users\luise\OneDrive\Documentos\DECAFIA_v2\01_dataset\decafia_clean\images\train\COCO_M_A_87.jpg,train,COCO_M_A_87
60,C:\Users\luise\OneDrive\Documentos\DECAFIA_v2\01_dataset\decafia_clean\images\train\COCO_M_A_88.jpg,train,COCO_M_A_88
61,C:\Users\luise\OneDrive\Documentos\DECAFIA_v2\01_dataset\decafia_clean\images\train\COCO_M_A_93.jpg,train,COCO_M_A_93
62,C:\Users\luise\OneDrive\Documentos\DECAFIA_v2\01_dataset\decafia_clean\images\train\COCO_M_A_94.jpg,train,COCO_M_A_94
63,C:\Users\luise\OneDrive\Documentos\DECAFIA_v2\01_dataset\decafia_clean\images\train\COCO_M_A_95.jpg,train,COCO_M_A_95
64,C:\Users\luise\OneDrive\Documentos\DECAFIA_v2\01_dataset\decafia_clean\images\train\COCO_M_A_97.jpg,train,COCO_M_A_97
65,C:\Users\luise\OneDrive\Documentos\DECAFIA_v2\01_dataset\decafia_clean\images\train\COCO_M_A_98.jpg,train,COCO_M_A_98
66,C:\Users\luise\OneDrive\Documentos\DECAFIA_v2\01_dataset\decafia_clean\images\train\COCO_M_A_99.jpg,train,COCO_M_A_99
67,C:\Users\luise\OneDrive\Documentos\DECAFIA_v2\01_dataset\decafia_clean\images\train\COCO_Muy_A_1.jpg,train,COCO_Muy_A_1
68,C:\Users\luise\OneDrive\Documentos\DECAFIA_v2\01_dataset\decafia_clean\images\train\COCO_Muy_A_100.jpg,train,COCO_Muy_A_100
69,C:\Users\luise\OneDrive\Documentos\DECAFIA_v2\01_dataset\decafia_clean\images\train\COCO_Muy_A_101.jpg,train,COCO_Muy_A_101
70,C:\Users\luise\OneDrive\Documentos\DECAFIA_v2\01_dataset\decafia_clean\images\train\COCO_Muy_A_102.jpg,train,COCO_Muy_A_102
71,C:\Users\luise\OneDrive\Documentos\DECAFIA_v2\01_dataset\decafia_clean\images\train\COCO_Muy_A_105.jpg,train,COCO_Muy_A_105
72,C:\Users\luise\OneDrive\Documentos\DECAFIA_v2\01_dataset\decafia_clean\images\train\COCO_Muy_A_106.jpg,train,COCO_Muy_A_106
73,C:\Users\luise\OneDrive\Documentos\DECAFIA_v2\01_dataset\decafia_clean\images\train\COCO_Muy_A_107.jpg,train,COCO_Muy_A_107
74,C:\Users\luise\OneDrive\Documentos\DECAFIA_v2\01_dataset\decafia_clean\images\train\COCO_Muy_A_108.jpg,train,COCO_Muy_A_108
75,C:\Users\luise\OneDrive\Documentos\DECAFIA_v2\01_dataset\decafia_clean\images\train\COCO_Muy_A_109.jpg,train,COCO_Muy_A_109
76,C:\Users\luise\OneDrive\Documentos\DECAFIA_v2\01_dataset\decafia_clean\images\train\COCO_Muy_A_11.jpg,train,COCO_Muy_A_11
77,C:\Users\luise\OneDrive\Documentos\DECAFIA_v2\01_dataset\decafia_clean\images\train\COCO_Muy_A_110.jpg,train,COCO_Muy_A_110
78,C:\Users\luise\OneDrive\Documentos\DECAFIA_v2\01_dataset\decafia_clean\images\train\COCO_Muy_A_114.jpg,train,COCO_Muy_A_114
79,C:\Users\luise\OneDrive\Documentos\DECAFIA_v2\01_dataset\decafia_clean\images\train\COCO_Muy_A_12.jpg,train,COCO_Muy_A_12
80,C:\Users\luise\OneDrive\Documentos\DECAFIA_v2\01_dataset\decafia_clean\images\train\COCO_Muy_A_13.jpg,train,COCO_Muy_A_13
81,C:\Users\luise\OneDrive\Documentos\DECAFIA_v2\01_dataset\decafia_clean\images\train\COCO_Muy_A_15.jpg,train,COCO_Muy_A_15
82,C:\Users\luise\OneDrive\Documentos\DECAFIA_v2\01_dataset\decafia_clean\images\train\COCO_Muy_A_16.jpg,train,COCO_Muy_A_16
83,C:\Users\luise\OneDrive\Documentos\DECAFIA_v2\01_dataset\decafia_clean\images\train\COCO_Muy_A_2.jpg,train,COCO_Muy_A_2
84,C:\Users\luise\OneDrive\Documentos\DECAFIA_v2\01_dataset\decafia_clean\images\train\COCO_Muy_A_20.jpg,train,COCO_Muy_A_20
85,C:\Users\luise\OneDrive\Documentos\DECAFIA_v2\01_dataset\decafia_clean\images\train\COCO_Muy_A_21.jpg,train,COCO_Muy_A_21
86,C:\Users\luise\OneDrive\Documentos\DECAFIA_v2\01_dataset\decafia_clean\images\train\COCO_Muy_A_22.jpg,train,COCO_Muy_A_22
87,C:\Users\luise\OneDrive\Documentos\DECAFIA_v2\01_dataset\decafia_clean\images\train\COCO_Muy_A_23.jpg,train,COCO_Muy_A_23
88,C:\Users\luise\OneDrive\Documentos\DECAFIA_v2\01_dataset\decafia_clean\images\train\COCO_Muy_A_24.jpg,train,COCO_Muy_A_24
89,C:\Users\luise\OneDrive\Documentos\DECAFIA_v2\01_dataset\decafia_clean\images\train\COCO_Muy_A_25.jpg,train,COCO_Muy_A_25
90,C:\Users\luise\OneDrive\Documentos\DECAFIA_v2\01_dataset\decafia_clean\images\train\COCO_Muy_A_26.jpg,train,COCO_Muy_A_26
91,C:\Users\luise\OneDrive\Documentos\DECAFIA_v2\01_dataset\decafia_clean\images\train\COCO_Muy_A_27.jpg,train,COCO_Muy_A_27
92,C:\Users\luise\OneDrive\Documentos\DECAFIA_v2\01_dataset\decafia_clean\images\train\COCO_Muy_A_3.jpg,train,COCO_Muy_A_3
93,C:\Users\luise\OneDrive\Documentos\DECAFIA_v2\01_dataset\decafia_clean\images\train\COCO_Muy_A_31.jpg,train,COCO_Muy_A_31
94,C:\Users\luise\OneDrive\Documentos\DECAFIA_v2\01_dataset\decafia_clean\images\train\COCO_Muy_A_35.jpg,train,COCO_Muy_A_35
95,C:\Users\luise\OneDrive\Documentos\DECAFIA_v2\01_dataset\decafia_clean\images\train\COCO_Muy_A_36.jpg,train,COCO_Muy_A_36
96,C:\Users\luise\OneDrive\Documentos\DECAFIA_v2\01_dataset\decafia_clean\images\train\COCO_Muy_A_43.jpg,train,COCO_Muy_A_43
97,C:\Users\luise\OneDrive\Documentos\DECAFIA_v2\01_dataset\decafia_clean\images\train\COCO_Muy_A_44.jpg,train,COCO_Muy_A_44
98,C:\Users\luise\OneDrive\Documentos\DECAFIA_v2\01_dataset\decafia_clean\images\train\COCO_Muy_A_45.jpg,train,COCO_Muy_A_45
99,C:\Users\luise\OneDrive\Documentos\DECAFIA_v2\01_dataset\decafia_clean\images\train\COCO_Muy_A_49.jpg,train,COCO_Muy_A_49
100,C:\Users\luise\OneDrive\Documentos\DECAFIA_v2\01_dataset\decafia_clean\images\train\COCO_Muy_A_5.jpg,train,COCO_Muy_A_5
101,C:\Users\luise\OneDrive\Documentos\DECAFIA_v2\01_dataset\decafia_clean\images\train\COCO_Muy_A_50.jpg,train,COCO_Muy_A_50
102,C:\Users\luise\OneDrive\Documentos\DECAFIA_v2\01_dataset\decafia_clean\images\train\COCO_Muy_A_52.jpg,train,COCO_Muy_A_52
103,C:\Users\luise\OneDrive\Documentos\DECAFIA_v2\01_dataset\decafia_clean\images\train\COCO_Muy_A_53.jpg,train,COCO_Muy_A_53
104,C:\Users\luise\OneDrive\Documentos\DECAFIA_v2\01_dataset\decafia_clean\images\train\COCO_Muy_A_56.jpg,train,COCO_Muy_A_56
105,C:\Users\luise\OneDrive\Documentos\DECAFIA_v2\01_dataset\decafia_clean\images\train\COCO_Muy_A_57.jpg,train,COCO_Muy_A_57
106,C:\Users\luise\OneDrive\Documentos\DECAFIA_v2\01_dataset\decafia_clean\images\train\COCO_Muy_A_60.jpg,train,COCO_Muy_A_60
107,C:\Users\luise\OneDrive\Documentos\DECAFIA_v2\01_dataset\decafia_clean\images\train\COCO_Muy_A_62.jpg,train,COCO_Muy_A_62
108,C:\Users\luise\OneDrive\Documentos\DECAFIA_v2\01_dataset\decafia_clean\images\train\COCO_Muy_A_64.jpg,train,COCO_Muy_A_64
109,C:\Users\luise\OneDrive\Documentos\DECAFIA_v2\01_dataset\decafia_clean\images\train\COCO_Muy_A_66.jpg,train,COCO_Muy_A_66
110,C:\Users\luise\OneDrive\Documentos\DECAFIA_v2\01_dataset\decafia_clean\images\train\COCO_Muy_A_67.jpg,train,COCO_Muy_A_67
111,C:\Users\luise\OneDrive\Documentos\DECAFIA_v2\01_dataset\decafia_clean\images\train\COCO_Muy_A_68.jpg,train,COCO_Muy_A_68
112,C:\Users\luise\OneDrive\Documentos\DECAFIA_v2\01_dataset\decafia_clean\images\train\COCO_Muy_A_69.jpg,train,COCO_Muy_A_69
113,C:\Users\luise\OneDrive\Documentos\DECAFIA_v2\01_dataset\decafia_clean\images\train\COCO_Muy_A_71.jpg,train,COCO_Muy_A_71
114,C:\Users\luise\OneDrive\Documentos\DECAFIA_v2\01_dataset\decafia_clean\images\train\COCO_Muy_A_72.jpg,train,COCO_Muy_A_72
115,C:\Users\luise\OneDrive\Documentos\DECAFIA_v2\01_dataset\decafia_clean\images\train\COCO_Muy_A_73.jpg,train,COCO_Muy_A_73
116,C:\Users\luise\OneDrive\Documentos\DECAFIA_v2\01_dataset\decafia_clean\images\train\COCO_Muy_A_74.jpg,train,COCO_Muy_A_74
117,C:\Users\luise\OneDrive\Documentos\DECAFIA_v2\01_dataset\decafia_clean\images\train\COCO_Muy_A_75.jpg,train,COCO_Muy_A_75
118,C:\Users\luise\OneDrive\Documentos\DECAFIA_v2\01_dataset\decafia_clean\images\train\COCO_Muy_A_77.jpg,train,COCO_Muy_A_77
119,C:\Users\luise\OneDrive\Documentos\DECAFIA_v2\01_dataset\decafia_clean\images\train\COCO_Muy_A_78.jpg,train,COCO_Muy_A_78
120,C:\Users\luise\OneDrive\Documentos\DECAFIA_v2\01_dataset\decafia_clean\images\train\COCO_Muy_A_8.jpg,train,COCO_Muy_A_8
121,C:\Users\luise\OneDrive\Documentos\DECAFIA_v2\01_dataset\decafia_clean\images\train\COCO_Muy_A_81.jpg,train,COCO_Muy_A_81
122,C:\Users\luise\OneDrive\Documentos\DECAFIA_v2\01_dataset\decafia_clean\images\train\COCO_Muy_A_83.jpg,train,COCO_Muy_A_83
123,C:\Users\luise\OneDrive\Documentos\DECAFIA_v2\01_dataset\decafia_clean\images\train\COCO_Muy_A_86.jpg,train,COCO_Muy_A_86
124,C:\Users\luise\OneDrive\Documentos\DECAFIA_v2\01_dataset\decafia_clean\images\train\COCO_Muy_A_87.jpg,train,COCO_Muy_A_87
125,C:\Users\luise\OneDrive\Documentos\DECAFIA_v2\01_dataset\decafia_clean\images\train\COCO_Muy_A_88.jpg,train,COCO_Muy_A_88
126,C:\Users\luise\OneDrive\Documentos\DECAFIA_v2\01_dataset\decafia_clean\images\train\COCO_Muy_A_89.jpg,train,COCO_Muy_A_89
127,C:\Users\luise\OneDrive\Documentos\DECAFIA_v2\01_dataset\decafia_clean\images\train\COCO_Muy_A_9.jpg,train,COCO_Muy_A_9
128,C:\Users\luise\OneDrive\Documentos\DECAFIA_v2\01_dataset\decafia_clean\images\train\COCO_Muy_A_91.jpg,train,COCO_Muy_A_91
129,C:\Users\luise\OneDrive\Documentos\DECAFIA_v2\01_dataset\decafia_clean\images\train\COCO_Muy_A_92.jpg,train,COCO_Muy_A_92
130,C:\Users\luise\OneDrive\Documentos\DECAFIA_v2\01_dataset\decafia_clean\images\train\COCO_Muy_A_93.jpg,train,COCO_Muy_A_93
131,C:\Users\luise\OneDrive\Documentos\DECAFIA_v2\01_dataset\decafia_clean\images\train\COCO_Muy_A_96.jpg,train,COCO_Muy_A_96
132,C:\Users\luise\OneDrive\Documentos\DECAFIA_v2\01_dataset\decafia_clean\images\train\COCO_Muy_A_99.jpg,train,COCO_Muy_A_99
133,C:\Users\luise\OneDrive\Documentos\DECAFIA_v2\01_dataset\decafia_clean\images\train\COCO_P_A_1.jpg,train,COCO_P_A_1
134,C:\Users\luise\OneDrive\Documentos\DECAFIA_v2\01_dataset\decafia_clean\images\train\COCO_P_A_14.jpg,train,COCO_P_A_14
135,C:\Users\luise\OneDrive\Documentos\DECAFIA_v2\01_dataset\decafia_clean\images\train\COCO_P_A_15.jpg,train,COCO_P_A_15
136,C:\Users\luise\OneDrive\Documentos\DECAFIA_v2\01_dataset\decafia_clean\images\train\COCO_P_A_16.jpg,train,COCO_P_A_16
137,C:\Users\luise\OneDrive\Documentos\DECAFIA_v2\01_dataset\decafia_clean\images\train\COCO_P_A_18.jpg,train,COCO_P_A_18
138,C:\Users\luise\OneDrive\Documentos\DECAFIA_v2\01_dataset\decafia_clean\images\train\COCO_P_A_20.jpg,train,COCO_P_A_20
139,C:\Users\luise\OneDrive\Documentos\DECAFIA_v2\01_dataset\decafia_clean\images\train\COCO_P_A_21.jpg,train,COCO_P_A_21
140,C:\Users\luise\OneDrive\Documentos\DECAFIA_v2\01_dataset\decafia_clean\images\train\COCO_P_A_22.jpg,train,COCO_P_A_22
141,C:\Users\luise\OneDrive\Documentos\DECAFIA_v2\01_dataset\decafia_clean\images\train\COCO_P_A_24.jpg,train,COCO_P_A_24
142,C:\Users\luise\OneDrive\Documentos\DECAFIA_v2\01_dataset\decafia_clean\images\train\COCO_P_A_25.jpg,train,COCO_P_A_25
143,C:\Users\luise\OneDrive\Documentos\DECAFIA_v2\01_dataset\decafia_clean\images\train\COCO_P_A_26.jpg,train,COCO_P_A_26
144,C:\Users\luise\OneDrive\Documentos\DECAFIA_v2\01_dataset\decafia_clean\images\train\COCO_P_A_27.jpg,train,COCO_P_A_27
145,C:\Users\luise\OneDrive\Documentos\DECAFIA_v2\01_dataset\decafia_clean\images\train\COCO_P_A_3.jpg,train,COCO_P_A_3
146,C:\Users\luise\OneDrive\Documentos\DECAFIA_v2\01_dataset\decafia_clean\images\train\COCO_P_A_31.jpg,train,COCO_P_A_31
147,C:\Users\luise\OneDrive\Documentos\DECAFIA_v2\01_dataset\decafia_clean\images\train\COCO_P_A_32.jpg,train,COCO_P_A_32
148,C:\Users\luise\OneDrive\Documentos\DECAFIA_v2\01_dataset\decafia_clean\images\train\COCO_P_A_34.jpg,train,COCO_P_A_34
149,C:\Users\luise\OneDrive\Documentos\DECAFIA_v2\01_dataset\decafia_clean\images\train\COCO_P_A_35.jpg,train,COCO_P_A_35
150,C:\Users\luise\OneDrive\Documentos\DECAFIA_v2\01_dataset\decafia_clean\images\train\COCO_P_A_36.jpg,train,COCO_P_A_36
151,C:\Users\luise\OneDrive\Documentos\DECAFIA_v2\01_dataset\decafia_clean\images\train\COCO_P_A_37.jpg,train,COCO_P_A_37
152,C:\Users\luise\OneDrive\Documentos\DECAFIA_v2\01_dataset\decafia_clean\images\train\COCO_P_A_40.jpg,train,COCO_P_A_40
153,C:\Users\luise\OneDrive\Documentos\DECAFIA_v2\01_dataset\decafia_clean\images\train\COCO_P_A_41.jpg,train,COCO_P_A_41
154,C:\Users\luise\OneDrive\Documentos\DECAFIA_v2\01_dataset\decafia_clean\images\train\COCO_P_A_42.jpg,train,COCO_P_A_42
155,C:\Users\luise\OneDrive\Documentos\DECAFIA_v2\01_dataset\decafia_clean\images\train\COCO_P_A_43.jpg,train,COCO_P_A_43
156,C:\Users\luise\OneDrive\Documentos\DECAFIA_v2\01_dataset\decafia_clean\images\train\COCO_P_A_44.jpg,train,COCO_P_A_44
157,C:\Users\luise\OneDrive\Documentos\DECAFIA_v2\01_dataset\decafia_clean\images\train\COCO_P_A_45.jpg,train,COCO_P_A_45
158,C:\Users\luise\OneDrive\Documentos\DECAFIA_v2\01_dataset\decafia_clean\images\train\COCO_P_A_46.jpg,train,COCO_P_A_46
159,C:\Users\luise\OneDrive\Documentos\DECAFIA_v2\01_dataset\decafia_clean\images\train\COCO_P_A_47.jpg,train,COCO_P_A_47
160,C:\Users\luise\OneDrive\Documentos\DECAFIA_v2\01_dataset\decafia_clean\images\train\COCO_P_A_50.jpg,train,COCO_P_A_50
161,C:\Users\luise\OneDrive\Documentos\DECAFIA_v2\01_dataset\decafia_clean\images\train\COCO_P_A_53.jpg,train,COCO_P_A_53
162,C:\Users\luise\OneDrive\Documentos\DECAFIA_v2\01_dataset\decafia_clean\images\train\COCO_P_A_54.jpg,train,COCO_P_A_54
163,C:\Users\luise\OneDrive\Documentos\DECAFIA_v2\01_dataset\decafia_clean\images\train\COCO_P_A_57.jpg,train,COCO_P_A_57
164,C:\Users\luise\OneDrive\Documentos\DECAFIA_v2\01_dataset\decafia_clean\images\train\COCO_P_A_58.jpg,train,COCO_P_A_58
165,C:\Users\luise\OneDrive\Documentos\DECAFIA_v2\01_dataset\decafia_clean\images\train\COCO_P_A_59.jpg,train,COCO_P_A_59
166,C:\Users\luise\OneDrive\Documentos\DECAFIA_v2\01_dataset\decafia_clean\images\train\COCO_P_A_6.jpg,train,COCO_P_A_6
167,C:\Users\luise\OneDrive\Documentos\DECAFIA_v2\01_dataset\decafia_clean\images\train\COCO_P_A_60.jpg,train,COCO_P_A_60
168,C:\Users\luise\OneDrive\Documentos\DECAFIA_v2\01_dataset\decafia_clean\images\train\COCO_P_A_61.jpg,train,COCO_P_A_61
169,C:\Users\luise\OneDrive\Documentos\DECAFIA_v2\01_dataset\decafia_clean\images\train\COCO_P_A_62.jpg,train,COCO_P_A_62
170,C:\Users\luise\OneDrive\Documentos\DECAFIA_v2\01_dataset\decafia_clean\images\train\COCO_P_A_63.jpg,train,COCO_P_A_63
171,C:\Users\luise\OneDrive\Documentos\DECAFIA_v2\01_dataset\decafia_clean\images\train\COCO_P_A_64.jpg,train,COCO_P_A_64
172,C:\Users\luise\OneDrive\Documentos\DECAFIA_v2\01_dataset\decafia_clean\images\train\COCO_P_A_65.jpg,train,COCO_P_A_65
173,C:\Users\luise\OneDrive\Documentos\DECAFIA_v2\01_dataset\decafia_clean\images\train\COCO_P_A_66.jpg,train,COCO_P_A_66
174,C:\Users\luise\OneDrive\Documentos\DECAFIA_v2\01_dataset\decafia_clean\images\train\COCO_P_A_68.jpg,train,COCO_P_A_68
175,C:\Users\luise\OneDrive\Documentos\DECAFIA_v2\01_dataset\decafia_clean\images\train\COCO_P_A_69.jpg,train,COCO_P_A_69
176,C:\Users\luise\OneDrive\Documentos\DECAFIA_v2\01_dataset\decafia_clean\images\train\COCO_P_A_7.jpg,train,COCO_P_A_7
177,C:\Users\luise\OneDrive\Documentos\DECAFIA_v2\01_dataset\decafia_clean\images\train\COCO_P_A_70.jpg,train,COCO_P_A_70
178,C:\Users\luise\OneDrive\Documentos\DECAFIA_v2\01_dataset\decafia_clean\images\train\COCO_P_A_71.jpg,train,COCO_P_A_71
179,C:\Users\luise\OneDrive\Documentos\DECAFIA_v2\01_dataset\decafia_clean\images\train\COCO_P_A_72.jpg,train,COCO_P_A_72
180,C:\Users\luise\OneDrive\Documentos\DECAFIA_v2\01_dataset\decafia_clean\images\train\COCO_P_A_73.jpg,train,COCO_P_A_73
181,C:\Users\luise\OneDrive\Documentos\DECAFIA_v2\01_dataset\decafia_clean\images\train\COCO_P_A_74.jpg,train,COCO_P_A_74
182,C:\Users\luise\OneDrive\Documentos\DECAFIA_v2\01_dataset\decafia_clean\images\train\COCO_P_A_75.jpg,train,COCO_P_A_75
183,C:\Users\luise\OneDrive\Documentos\DECAFIA_v2\01_dataset\decafia_clean\images\train\COCO_P_A_76.jpg,train,COCO_P_A_76
184,C:\Users\luise\OneDrive\Documentos\DECAFIA_v2\01_dataset\decafia_clean\images\train\COCO_P_A_8.jpg,train,COCO_P_A_8
185,C:\Users\luise\OneDrive\Documentos\DECAFIA_v2\01_dataset\decafia_clean\images\train\COCO_RECORTE_1.jpg,train,COCO_RECORTE_1
186,C:\Users\luise\OneDrive\Documentos\DECAFIA_v2\01_dataset\decafia_clean\images\train\COCO_RECORTE_100.jpg,train,COCO_RECORTE_100
187,C:\Users\luise\OneDrive\Documentos\DECAFIA_v2\01_dataset\decafia_clean\images\train\COCO_RECORTE_103.jpg,train,COCO_RECORTE_103
188,C:\Users\luise\OneDrive\Documentos\DECAFIA_v2\01_dataset\decafia_clean\images\train\COCO_RECORTE_104.jpg,train,COCO_RECORTE_104
189,C:\Users\luise\OneDrive\Documentos\DECAFIA_v2\01_dataset\decafia_clean\images\train\COCO_RECORTE_106.jpg,train,COCO_RECORTE_106
190,C:\Users\luise\OneDrive\Documentos\DECAFIA_v2\01_dataset\decafia_clean\images\train\COCO_RECORTE_107.jpg,train,COCO_RECORTE_107
191,C:\Users\luise\OneDrive\Documentos\DECAFIA_v2\01_dataset\decafia_clean\images\train\COCO_RECORTE_108.jpg,train,COCO_RECORTE_108
192,C:\Users\luise\OneDrive\Documentos\DECAFIA_v2\01_dataset\decafia_clean\images\train\COCO_RECORTE_109.jpg,train,COCO_RECORTE_109
193,C:\Users\luise\OneDrive\Documentos\DECAFIA_v2\01_dataset\decafia_clean\images\train\COCO_RECORTE_110.jpg,train,COCO_RECORTE_110
194,C:\Users\luise\OneDrive\Documentos\DECAFIA_v2\01_dataset\decafia_clean\images\train\COCO_RECORTE_111.jpg,train,COCO_RECORTE_111
195,C:\Users\luise\OneDrive\Documentos\DECAFIA_v2\01_dataset\decafia_clean\images\train\COCO_RECORTE_113.jpg,train,COCO_RECORTE_113
196,C:\Users\luise\OneDrive\Documentos\DECAFIA_v2\01_dataset\decafia_clean\images\train\COCO_RECORTE_114.jpg,train,COCO_RECORTE_114
197,C:\Users\luise\OneDrive\Documentos\DECAFIA_v2\01_dataset\decafia_clean\images\train\COCO_RECORTE_115.jpg,train,COCO_RECORTE_115
198,C:\Users\luise\OneDrive\Documentos\DECAFIA_v2\01_dataset\decafia_clean\images\train\COCO_RECORTE_116.jpg,train,COCO_RECORTE_116
199,C:\Users\luise\OneDrive\Documentos\DECAFIA_v2\01_dataset\decafia_clean\images\train\COCO_RECORTE_117.jpg,train,COCO_RECORTE_117
200,C:\Users\luise\OneDrive\Documentos\DECAFIA_v2\01_dataset\decafia_clean\images\train\COCO_RECORTE_119.jpg,train,COCO_RECORTE_119
201,C:\Users\luise\OneDrive\Documentos\DECAFIA_v2\01_dataset\decafia_clean\images\train\COCO_RECORTE_123.jpg,train,COCO_RECORTE_123
202,C:\Users\luise\OneDrive\Documentos\DECAFIA_v2\01_dataset\decafia_clean\images\train\COCO_RECORTE_125.jpg,train,COCO_RECORTE_125
203,C:\Users\luise\OneDrive\Documentos\DECAFIA_v2\01_dataset\decafia_clean\images\train\COCO_RECORTE_126.jpg,train,COCO_RECORTE_126
204,C:\Users\luise\OneDrive\Documentos\DECAFIA_v2\01_dataset\decafia_clean\images\train\COCO_RECORTE_128.jpg,train,COCO_RECORTE_128
205,C:\Users\luise\OneDrive\Documentos\DECAFIA_v2\01_dataset\decafia_clean\images\train\COCO_RECORTE_129.jpg,train,COCO_RECORTE_129
206,C:\Users\luise\OneDrive\Documentos\DECAFIA_v2\01_dataset\decafia_clean\images\train\COCO_RECORTE_130.jpg,train,COCO_RECORTE_130
207,C:\Users\luise\OneDrive\Documentos\DECAFIA_v2\01_dataset\decafia_clean\images\train\COCO_RECORTE_132.jpg,train,COCO_RECORTE_132
208,C:\Users\luise\OneDrive\Documentos\DECAFIA_v2\01_dataset\decafia_clean\images\train\COCO_RECORTE_135.jpg,train,COCO_RECORTE_135
209,C:\Users\luise\OneDrive\Documentos\DECAFIA_v2\01_dataset\decafia_clean\images\train\COCO_RECORTE_136.jpg,train,COCO_RECORTE_136
210,C:\Users\luise\OneDrive\Documentos\DECAFIA_v2\01_dataset\decafia_clean\images\train\COCO_RECORTE_139.jpg,train,COCO_RECORTE_139
211,C:\Users\luise\OneDrive\Documentos\DECAFIA_v2\01_dataset\decafia_clean\images\train\COCO_RECORTE_14.jpg,train,COCO_RECORTE_14
212,C:\Users\luise\OneDrive\Documentos\DECAFIA_v2\01_dataset\decafia_clean\images\train\COCO_RECORTE_141.jpg,train,COCO_RECORTE_141
213,C:\Users\luise\OneDrive\Documentos\DECAFIA_v2\01_dataset\decafia_clean\images\train\COCO_RECORTE_142.jpg,train,COCO_RECORTE_142
214,C:\Users\luise\OneDrive\Documentos\DECAFIA_v2\01_dataset\decafia_clean\images\train\COCO_RECORTE_143.jpg,train,COCO_RECORTE_143
215,C:\Users\luise\OneDrive\Documentos\DECAFIA_v2\01_dataset\decafia_clean\images\train\COCO_RECORTE_146.jpg,train,COCO_RECORTE_146
216,C:\Users\luise\OneDrive\Documentos\DECAFIA_v2\01_dataset\decafia_clean\images\train\COCO_RECORTE_147.jpg,train,COCO_RECORTE_147
217,C:\Users\luise\OneDrive\Documentos\DECAFIA_v2\01_dataset\decafia_clean\images\train\COCO_RECORTE_148.jpg,train,COCO_RECORTE_148
218,C:\Users\luise\OneDrive\Documentos\DECAFIA_v2\01_dataset\decafia_clean\images\train\COCO_RECORTE_15.jpg,train,COCO_RECORTE_15
219,C:\Users\luise\OneDrive\Documentos\DECAFIA_v2\01_dataset\decafia_clean\images\train\COCO_RECORTE_150.jpg,train,COCO_RECORTE_150
220,C:\Users\luise\OneDrive\Documentos\DECAFIA_v2\01_dataset\decafia_clean\images\train\COCO_RECORTE_151.jpg,train,COCO_RECORTE_151
221,C:\Users\luise\OneDrive\Documentos\DECAFIA_v2\01_dataset\decafia_clean\images\train\COCO_RECORTE_152.jpg,train,COCO_RECORTE_152
222,C:\Users\luise\OneDrive\Documentos\DECAFIA_v2\01_dataset\decafia_clean\images\train\COCO_RECORTE_156.jpg,train,COCO_RECORTE_156
223,C:\Users\luise\OneDrive\Documentos\DECAFIA_v2\01_dataset\decafia_clean\images\train\COCO_RECORTE_16.jpg,train,COCO_RECORTE_16
224,C:\Users\luise\OneDrive\Documentos\DECAFIA_v2\01_dataset\decafia_clean\images\train\COCO_RECORTE_17.jpg,train,COCO_RECORTE_17
225,C:\Users\luise\OneDrive\Documentos\DECAFIA_v2\01_dataset\decafia_clean\images\train\COCO_RECORTE_18.jpg,train,COCO_RECORTE_18
226,C:\Users\luise\OneDrive\Documentos\DECAFIA_v2\01_dataset\decafia_clean\images\train\COCO_RECORTE_2.jpg,train,COCO_RECORTE_2
227,C:\Users\luise\OneDrive\Documentos\DECAFIA_v2\01_dataset\decafia_clean\images\train\COCO_RECORTE_22.jpg,train,COCO_RECORTE_22
228,C:\Users\luise\OneDrive\Documentos\DECAFIA_v2\01_dataset\decafia_clean\images\train\COCO_RECORTE_23.jpg,train,COCO_RECORTE_23
229,C:\Users\luise\OneDrive\Documentos\DECAFIA_v2\01_dataset\decafia_clean\images\train\COCO_RECORTE_24.jpg,train,COCO_RECORTE_24
230,C:\Users\luise\OneDrive\Documentos\DECAFIA_v2\01_dataset\decafia_clean\images\train\COCO_RECORTE_25.jpg,train,COCO_RECORTE_25
231,C:\Users\luise\OneDrive\Documentos\DECAFIA_v2\01_dataset\decafia_clean\images\train\COCO_RECORTE_26.jpg,train,COCO_RECORTE_26
232,C:\Users\luise\OneDrive\Documentos\DECAFIA_v2\01_dataset\decafia_clean\images\train\COCO_RECORTE_28.jpg,train,COCO_RECORTE_28
233,C:\Users\luise\OneDrive\Documentos\DECAFIA_v2\01_dataset\decafia_clean\images\train\COCO_RECORTE_29.jpg,train,COCO_RECORTE_29
234,C:\Users\luise\OneDrive\Documentos\DECAFIA_v2\01_dataset\decafia_clean\images\train\COCO_RECORTE_3.jpg,train,COCO_RECORTE_3
235,C:\Users\luise\OneDrive\Documentos\DECAFIA_v2\01_dataset\decafia_clean\images\train\COCO_RECORTE_30.jpg,train,COCO_RECORTE_30
236,C:\Users\luise\OneDrive\Documentos\DECAFIA_v2\01_dataset\decafia_clean\images\train\COCO_RECORTE_31.jpg,train,COCO_RECORTE_31
237,C:\Users\luise\OneDrive\Documentos\DECAFIA_v2\01_dataset\decafia_clean\images\train\COCO_RECORTE_33.jpg,train,COCO_RECORTE_33
238,C:\Users\luise\OneDrive\Documentos\DECAFIA_v2\01_dataset\decafia_clean\images\train\COCO_RECORTE_34.jpg,train,COCO_RECORTE_34
239,C:\Users\luise\OneDrive\Documentos\DECAFIA_v2\01_dataset\decafia_clean\images\train\COCO_RECORTE_35.jpg,train,COCO_RECORTE_35
240,C:\Users\luise\OneDrive\Documentos\DECAFIA_v2\01_dataset\decafia_clean\images\train\COCO_RECORTE_36.jpg,train,COCO_RECORTE_36
241,C:\Users\luise\OneDrive\Documentos\DECAFIA_v2\01_dataset\decafia_clean\images\train\COCO_RECORTE_4.jpg,train,COCO_RECORTE_4
242,C:\Users\luise\OneDrive\Documentos\DECAFIA_v2\01_dataset\decafia_clean\images\train\COCO_RECORTE_40.jpg,train,COCO_RECORTE_40
243,C:\Users\luise\OneDrive\Documentos\DECAFIA_v2\01_dataset\decafia_clean\images\train\COCO_RECORTE_41.jpg,train,COCO_RECORTE_41
244,C:\Users\luise\OneDrive\Documentos\DECAFIA_v2\01_dataset\decafia_clean\images\train\COCO_RECORTE_43.jpg,train,COCO_RECORTE_43
245,C:\Users\luise\OneDrive\Documentos\DECAFIA_v2\01_dataset\decafia_clean\images\train\COCO_RECORTE_44.jpg,train,COCO_RECORTE_44
246,C:\Users\luise\OneDrive\Documentos\DECAFIA_v2\01_dataset\decafia_clean\images\train\COCO_RECORTE_46.jpg,train,COCO_RECORTE_46
247,C:\Users\luise\OneDrive\Documentos\DECAFIA_v2\01_dataset\decafia_clean\images\train\COCO_RECORTE_47.jpg,train,COCO_RECORTE_47
248,C:\Users\luise\OneDrive\Documentos\DECAFIA_v2\01_dataset\decafia_clean\images\train\COCO_RECORTE_48.jpg,train,COCO_RECORTE_48
249,C:\Users\luise\OneDrive\Documentos\DECAFIA_v2\01_dataset\decafia_clean\images\train\COCO_RECORTE_49.jpg,train,COCO_RECORTE_49
250,C:\Users\luise\OneDrive\Documentos\DECAFIA_v2\01_dataset\decafia_clean\images\train\COCO_RECORTE_5.jpg,train,COCO_RECORTE_5
251,C:\Users\luise\OneDrive\Documentos\DECAFIA_v2\01_dataset\decafia_clean\images\train\COCO_RECORTE_50.jpg,train,COCO_RECORTE_50
252,C:\Users\luise\OneDrive\Documentos\DECAFIA_v2\01_dataset\decafia_clean\images\train\COCO_RECORTE_51.jpg,train,COCO_RECORTE_51
253,C:\Users\luise\OneDrive\Documentos\DECAFIA_v2\01_dataset\decafia_clean\images\train\COCO_RECORTE_52.jpg,train,COCO_RECORTE_52
254,C:\Users\luise\OneDrive\Documentos\DECAFIA_v2\01_dataset\decafia_clean\images\train\COCO_RECORTE_53.jpg,train,COCO_RECORTE_53
255,C:\Users\luise\OneDrive\Documentos\DECAFIA_v2\01_dataset\decafia_clean\images\train\COCO_RECORTE_54.jpg,train,COCO_RECORTE_54
256,C:\Users\luise\OneDrive\Documentos\DECAFIA_v2\01_dataset\decafia_clean\images\train\COCO_RECORTE_55.jpg,train,COCO_RECORTE_55
257,C:\Users\luise\OneDrive\Documentos\DECAFIA_v2\01_dataset\decafia_clean\images\train\COCO_RECORTE_57.jpg,train,COCO_RECORTE_57
258,C:\Users\luise\OneDrive\Documentos\DECAFIA_v2\01_dataset\decafia_clean\images\train\COCO_RECORTE_59.jpg,train,COCO_RECORTE_59
259,C:\Users\luise\OneDrive\Documentos\DECAFIA_v2\01_dataset\decafia_clean\images\train\COCO_RECORTE_6.jpg,train,COCO_RECORTE_6
260,C:\Users\luise\OneDrive\Documentos\DECAFIA_v2\01_dataset\decafia_clean\images\train\COCO_RECORTE_60.jpg,train,COCO_RECORTE_60
261,C:\Users\luise\OneDrive\Documentos\DECAFIA_v2\01_dataset\decafia_clean\images\train\COCO_RECORTE_61.jpg,train,COCO_RECORTE_61
262,C:\Users\luise\OneDrive\Documentos\DECAFIA_v2\01_dataset\decafia_clean\images\train\COCO_RECORTE_62.jpg,train,COCO_RECORTE_62
263,C:\Users\luise\OneDrive\Documentos\DECAFIA_v2\01_dataset\decafia_clean\images\train\COCO_RECORTE_64.jpg,train,COCO_RECORTE_64
264,C:\Users\luise\OneDrive\Documentos\DECAFIA_v2\01_dataset\decafia_clean\images\train\COCO_RECORTE_65.jpg,train,COCO_RECORTE_65
265,C:\Users\luise\OneDrive\Documentos\DECAFIA_v2\01_dataset\decafia_clean\images\train\COCO_RECORTE_67.jpg,train,COCO_RECORTE_67
266,C:\Users\luise\OneDrive\Documentos\DECAFIA_v2\01_dataset\decafia_clean\images\train\COCO_RECORTE_68.jpg,train,COCO_RECORTE_68
267,C:\Users\luise\OneDrive\Documentos\DECAFIA_v2\01_dataset\decafia_clean\images\train\COCO_RECORTE_69.jpg,train,COCO_RECORTE_69
268,C:\Users\luise\OneDrive\Documentos\DECAFIA_v2\01_dataset\decafia_clean\images\train\COCO_RECORTE_7.jpg,train,COCO_RECORTE_7
269,C:\Users\luise\OneDrive\Documentos\DECAFIA_v2\01_dataset\decafia_clean\images\train\COCO_RECORTE_70.jpg,train,COCO_RECORTE_70
270,C:\Users\luise\OneDrive\Documentos\DECAFIA_v2\01_dataset\decafia_clean\images\train\COCO_RECORTE_71.jpg,train,COCO_RECORTE_71
271,C:\Users\luise\OneDrive\Documentos\DECAFIA_v2\01_dataset\decafia_clean\images\train\COCO_RECORTE_72.jpg,train,COCO_RECORTE_72
272,C:\Users\luise\OneDrive\Documentos\DECAFIA_v2\01_dataset\decafia_clean\images\train\COCO_RECORTE_73.jpg,train,COCO_RECORTE_73
273,C:\Users\luise\OneDrive\Documentos\DECAFIA_v2\01_dataset\decafia_clean\images\train\COCO_RECORTE_74.jpg,train,COCO_RECORTE_74
274,C:\Users\luise\OneDrive\Documentos\DECAFIA_v2\01_dataset\decafia_clean\images\train\COCO_RECORTE_75.jpg,train,COCO_RECORTE_75
275,C:\Users\luise\OneDrive\Documentos\DECAFIA_v2\01_dataset\decafia_clean\images\train\COCO_RECORTE_76.jpg,train,COCO_RECORTE_76
276,C:\Users\luise\OneDrive\Documentos\DECAFIA_v2\01_dataset\decafia_clean\images\train\COCO_RECORTE_77.jpg,train,COCO_RECORTE_77
277,C:\Users\luise\OneDrive\Documentos\DECAFIA_v2\01_dataset\decafia_clean\images\train\COCO_RECORTE_78.jpg,train,COCO_RECORTE_78
278,C:\Users\luise\OneDrive\Documentos\DECAFIA_v2\01_dataset\decafia_clean\images\train\COCO_RECORTE_80.jpg,train,COCO_RECORTE_80
279,C:\Users\luise\OneDrive\Documentos\DECAFIA_v2\01_dataset\decafia_clean\images\train\COCO_RECORTE_81.jpg,train,COCO_RECORTE_81
280,C:\Users\luise\OneDrive\Documentos\DECAFIA_v2\01_dataset\decafia_clean\images\train\COCO_RECORTE_83.jpg,train,COCO_RECORTE_83
281,C:\Users\luise\OneDrive\Documentos\DECAFIA_v2\01_dataset\decafia_clean\images\train\COCO_RECORTE_85.jpg,train,COCO_RECORTE_85
282,C:\Users\luise\OneDrive\Documentos\DECAFIA_v2\01_dataset\decafia_clean\images\train\COCO_RECORTE_89.jpg,train,COCO_RECORTE_89
283,C:\Users\luise\OneDrive\Documentos\DECAFIA_v2\01_dataset\decafia_clean\images\train\COCO_RECORTE_90.jpg,train,COCO_RECORTE_90
284,C:\Users\luise\OneDrive\Documentos\DECAFIA_v2\01_dataset\decafia_clean\images\train\COCO_RECORTE_92.jpg,train,COCO_RECORTE_92
285,C:\Users\luise\OneDrive\Documentos\DECAFIA_v2\01_dataset\decafia_clean\images\train\COCO_RECORTE_93.jpg,train,COCO_RECORTE_93
286,C:\Users\luise\OneDrive\Documentos\DECAFIA_v2\01_dataset\decafia_clean\images\train\COCO_RECORTE_94.jpg,train,COCO_RECORTE_94
287,C:\Users\luise\OneDrive\Documentos\DECAFIA_v2\01_dataset\decafia_clean\images\train\COCO_RECORTE_95.jpg,train,COCO_RECORTE_95
288,C:\Users\luise\OneDrive\Documentos\DECAFIA_v2\01_dataset\decafia_clean\images\train\COCO_RECORTE_96.jpg,train,COCO_RECORTE_96
289,C:\Users\luise\OneDrive\Documentos\DECAFIA_v2\01_dataset\decafia_clean\images\train\COCO_RECORTE_98.jpg,train,COCO_RECORTE_98
290,C:\Users\luise\OneDrive\Documentos\DECAFIA_v2\01_dataset\decafia_clean\images\train\MINADO_RECORTES_1.jpg,train,MINADO_RECORTES_1
291,C:\Users\luise\OneDrive\Documentos\DECAFIA_v2\01_dataset\decafia_clean\images\train\MINADO_RECORTES_100.jpg,train,MINADO_RECORTES_100
292,C:\Users\luise\OneDrive\Documentos\DECAFIA_v2\01_dataset\decafia_clean\images\train\MINADO_RECORTES_101.jpg,train,MINADO_RECORTES_101
293,C:\Users\luise\OneDrive\Documentos\DECAFIA_v2\01_dataset\decafia_clean\images\train\MINADO_RECORTES_102.jpg,train,MINADO_RECORTES_102
294,C:\Users\luise\OneDrive\Documentos\DECAFIA_v2\01_dataset\decafia_clean\images\train\MINADO_RECORTES_104.jpg,train,MINADO_RECORTES_104
295,C:\Users\luise\OneDrive\Documentos\DECAFIA_v2\01_dataset\decafia_clean\images\train\MINADO_RECORTES_105.jpg,train,MINADO_RECORTES_105
296,C:\Users\luise\OneDrive\Documentos\DECAFIA_v2\01_dataset\decafia_clean\images\train\MINADO_RECORTES_106.jpg,train,MINADO_RECORTES_106
297,C:\Users\luise\OneDrive\Documentos\DECAFIA_v2\01_dataset\decafia_clean\images\train\MINADO_RECORTES_107.jpg,train,MINADO_RECORTES_107
298,C:\Users\luise\OneDrive\Documentos\DECAFIA_v2\01_dataset\decafia_clean\images\train\MINADO_RECORTES_108.jpg,train,MINADO_RECORTES_108
299,C:\Users\luise\OneDrive\Documentos\DECAFIA_v2\01_dataset\decafia_clean\images\train\MINADO_RECORTES_110.jpg,train,MINADO_RECORTES_110
300,C:\Users\luise\OneDrive\Documentos\DECAFIA_v2\01_dataset\decafia_clean\images\train\MINADO_RECORTES_112.jpg,train,MINADO_RECORTES_112
301,C:\Users\luise\OneDrive\Documentos\DECAFIA_v2\01_dataset\decafia_clean\images\train\MINADO_RECORTES_113.jpg,train,MINADO_RECORTES_113
302,C:\Users\luise\OneDrive\Documentos\DECAFIA_v2\01_dataset\decafia_clean\images\train\MINADO_RECORTES_114.jpg,train,MINADO_RECORTES_114
303,C:\Users\luise\OneDrive\Documentos\DECAFIA_v2\01_dataset\decafia_clean\images\train\MINADO_RECORTES_115.jpg,train,MINADO_RECORTES_115
304,C:\Users\luise\OneDrive\Documentos\DECAFIA_v2\01_dataset\decafia_clean\images\train\MINADO_RECORTES_116.jpg,train,MINADO_RECORTES_116
305,C:\Users\luise\OneDrive\Documentos\DECAFIA_v2\01_dataset\decafia_clean\images\train\MINADO_RECORTES_117.jpg,train,MINADO_RECORTES_117
306,C:\Users\luise\OneDrive\Documentos\DECAFIA_v2\01_dataset\decafia_clean\images\train\MINADO_RECORTES_118.jpg,train,MINADO_RECORTES_118
307,C:\Users\luise\OneDrive\Documentos\DECAFIA_v2\01_dataset\decafia_clean\images\train\MINADO_RECORTES_119.jpg,train,MINADO_RECORTES_119
308,C:\Users\luise\OneDrive\Documentos\DECAFIA_v2\01_dataset\decafia_clean\images\train\MINADO_RECORTES_120.jpg,train,MINADO_RECORTES_120
309,C:\Users\luise\OneDrive\Documentos\DECAFIA_v2\01_dataset\decafia_clean\images\train\MINADO_RECORTES_121.jpg,train,MINADO_RECORTES_121
310,C:\Users\luise\OneDrive\Documentos\DECAFIA_v2\01_dataset\decafia_clean\images\train\MINADO_RECORTES_122.jpg,train,MINADO_RECORTES_122
311,C:\Users\luise\OneDrive\Documentos\DECAFIA_v2\01_dataset\decafia_clean\images\train\MINADO_RECORTES_123.jpg,train,MINADO_RECORTES_123
312,C:\Users\luise\OneDrive\Documentos\DECAFIA_v2\01_dataset\decafia_clean\images\train\MINADO_RECORTES_124.jpg,train,MINADO_RECORTES_124
313,C:\Users\luise\OneDrive\Documentos\DECAFIA_v2\01_dataset\decafia_clean\images\train\MINADO_RECORTES_125.jpg,train,MINADO_RECORTES_125
314,C:\Users\luise\OneDrive\Documentos\DECAFIA_v2\01_dataset\decafia_clean\images\train\MINADO_RECORTES_127.jpg,train,MINADO_RECORTES_127
315,C:\Users\luise\OneDrive\Documentos\DECAFIA_v2\01_dataset\decafia_clean\images\train\MINADO_RECORTES_13.jpg,train,MINADO_RECORTES_13
316,C:\Users\luise\OneDrive\Documentos\DECAFIA_v2\01_dataset\decafia_clean\images\train\MINADO_RECORTES_130.jpg,train,MINADO_RECORTES_130
317,C:\Users\luise\OneDrive\Documentos\DECAFIA_v2\01_dataset\decafia_clean\images\train\MINADO_RECORTES_15.jpg,train,MINADO_RECORTES_15
318,C:\Users\luise\OneDrive\Documentos\DECAFIA_v2\01_dataset\decafia_clean\images\train\MINADO_RECORTES_17.jpg,train,MINADO_RECORTES_17
319,C:\Users\luise\OneDrive\Documentos\DECAFIA_v2\01_dataset\decafia_clean\images\train\MINADO_RECORTES_18.jpg,train,MINADO_RECORTES_18
320,C:\Users\luise\OneDrive\Documentos\DECAFIA_v2\01_dataset\decafia_clean\images\train\MINADO_RECORTES_19.jpg,train,MINADO_RECORTES_19
321,C:\Users\luise\OneDrive\Documentos\DECAFIA_v2\01_dataset\decafia_clean\images\train\MINADO_RECORTES_20.jpg,train,MINADO_RECORTES_20
322,C:\Users\luise\OneDrive\Documentos\DECAFIA_v2\01_dataset\decafia_clean\images\train\MINADO_RECORTES_21.jpg,train,MINADO_RECORTES_21
323,C:\Users\luise\OneDrive\Documentos\DECAFIA_v2\01_dataset\decafia_clean\images\train\MINADO_RECORTES_23.jpg,train,MINADO_RECORTES_23
324,C:\Users\luise\OneDrive\Documentos\DECAFIA_v2\01_dataset\decafia_clean\images\train\MINADO_RECORTES_24.jpg,train,MINADO_RECORTES_24
325,C:\Users\luise\OneDrive\Documentos\DECAFIA_v2\01_dataset\decafia_clean\images\train\MINADO_RECORTES_26.jpg,train,MINADO_RECORTES_26
326,C:\Users\luise\OneDrive\Documentos\DECAFIA_v2\01_dataset\decafia_clean\images\train\MINADO_RECORTES_27.jpg,train,MINADO_RECORTES_27
327,C:\Users\luise\OneDrive\Documentos\DECAFIA_v2\01_dataset\decafia_clean\images\train\MINADO_RECORTES_28.jpg,train,MINADO_RECORTES_28
328,C:\Users\luise\OneDrive\Documentos\DECAFIA_v2\01_dataset\decafia_clean\images\train\MINADO_RECORTES_30.jpg,train,MINADO_RECORTES_30
329,C:\Users\luise\OneDrive\Documentos\DECAFIA_v2\01_dataset\decafia_clean\images\train\MINADO_RECORTES_31.jpg,train,MINADO_RECORTES_31
330,C:\Users\luise\OneDrive\Documentos\DECAFIA_v2\01_dataset\decafia_clean\images\train\MINADO_RECORTES_33.jpg,train,MINADO_RECORTES_33
331,C:\Users\luise\OneDrive\Documentos\DECAFIA_v2\01_dataset\decafia_clean\images\train\MINADO_RECORTES_34.jpg,train,MINADO_RECORTES_34
332,C:\Users\luise\OneDrive\Documentos\DECAFIA_v2\01_dataset\decafia_clean\images\train\MINADO_RECORTES_36.jpg,train,MINADO_RECORTES_36
333,C:\Users\luise\OneDrive\Documentos\DECAFIA_v2\01_dataset\decafia_clean\images\train\MINADO_RECORTES_37.jpg,train,MINADO_RECORTES_37
334,C:\Users\luise\OneDrive\Documentos\DECAFIA_v2\01_dataset\decafia_clean\images\train\MINADO_RECORTES_38.jpg,train,MINADO_RECORTES_38
335,C:\Users\luise\OneDrive\Documentos\DECAFIA_v2\01_dataset\decafia_clean\images\train\MINADO_RECORTES_39.jpg,train,MINADO_RECORTES_39
336,C:\Users\luise\OneDrive\Documentos\DECAFIA_v2\01_dataset\decafia_clean\images\train\MINADO_RECORTES_41.jpg,train,MINADO_RECORTES_41
337,C:\Users\luise\OneDrive\Documentos\DECAFIA_v2\01_dataset\decafia_clean\images\train\MINADO_RECORTES_42.jpg,train,MINADO_RECORTES_42
338,C:\Users\luise\OneDrive\Documentos\DECAFIA_v2\01_dataset\decafia_clean\images\train\MINADO_RECORTES_44.jpg,train,MINADO_RECORTES_44
339,C:\Users\luise\OneDrive\Documentos\DECAFIA_v2\01_dataset\decafia_clean\images\train\MINADO_RECORTES_45.jpg,train,MINADO_RECORTES_45
340,C:\Users\luise\OneDrive\Documentos\DECAFIA_v2\01_dataset\decafia_clean\images\train\MINADO_RECORTES_47.jpg,train,MINADO_RECORTES_47
341,C:\Users\luise\OneDrive\Documentos\DECAFIA_v2\01_dataset\decafia_clean\images\train\MINADO_RECORTES_5.jpg,train,MINADO_RECORTES_5
342,C:\Users\luise\OneDrive\Documentos\DECAFIA_v2\01_dataset\decafia_clean\images\train\MINADO_RECORTES_50.jpg,train,MINADO_RECORTES_50
343,C:\Users\luise\OneDrive\Documentos\DECAFIA_v2\01_dataset\decafia_clean\images\train\MINADO_RECORTES_52.jpg,train,MINADO_RECORTES_52
344,C:\Users\luise\OneDrive\Documentos\DECAFIA_v2\01_dataset\decafia_clean\images\train\MINADO_RECORTES_54.jpg,train,MINADO_RECORTES_54
345,C:\Users\luise\OneDrive\Documentos\DECAFIA_v2\01_dataset\decafia_clean\images\train\MINADO_RECORTES_55.jpg,train,MINADO_RECORTES_55
346,C:\Users\luise\OneDrive\Documentos\DECAFIA_v2\01_dataset\decafia_clean\images\train\MINADO_RECORTES_56.jpg,train,MINADO_RECORTES_56
347,C:\Users\luise\OneDrive\Documentos\DECAFIA_v2\01_dataset\decafia_clean\images\train\MINADO_RECORTES_58.jpg,train,MINADO_RECORTES_58
348,C:\Users\luise\OneDrive\Documentos\DECAFIA_v2\01_dataset\decafia_clean\images\train\MINADO_RECORTES_59.jpg,train,MINADO_RECORTES_59
349,C:\Users\luise\OneDrive\Documentos\DECAFIA_v2\01_dataset\decafia_clean\images\train\MINADO_RECORTES_6.jpg,train,MINADO_RECORTES_6
350,C:\Users\luise\OneDrive\Documentos\DECAFIA_v2\01_dataset\decafia_clean\images\train\MINADO_RECORTES_60.jpg,train,MINADO_RECORTES_60
351,C:\Users\luise\OneDrive\Documentos\DECAFIA_v2\01_dataset\decafia_clean\images\train\MINADO_RECORTES_62.jpg,train,MINADO_RECORTES_62
352,C:\Users\luise\OneDrive\Documentos\DECAFIA_v2\01_dataset\decafia_clean\images\train\MINADO_RECORTES_64.jpg,train,MINADO_RECORTES_64
353,C:\Users\luise\OneDrive\Documentos\DECAFIA_v2\01_dataset\decafia_clean\images\train\MINADO_RECORTES_65.jpg,train,MINADO_RECORTES_65
354,C:\Users\luise\OneDrive\Documentos\DECAFIA_v2\01_dataset\decafia_clean\images\train\MINADO_RECORTES_66.jpg,train,MINADO_RECORTES_66
355,C:\Users\luise\OneDrive\Documentos\DECAFIA_v2\01_dataset\decafia_clean\images\train\MINADO_RECORTES_67.jpg,train,MINADO_RECORTES_67
356,C:\Users\luise\OneDrive\Documentos\DECAFIA_v2\01_dataset\decafia_clean\images\train\MINADO_RECORTES_68.jpg,train,MINADO_RECORTES_68
357,C:\Users\luise\OneDrive\Documentos\DECAFIA_v2\01_dataset\decafia_clean\images\train\MINADO_RECORTES_7.jpg,train,MINADO_RECORTES_7
358,C:\Users\luise\OneDrive\Documentos\DECAFIA_v2\01_dataset\decafia_clean\images\train\MINADO_RECORTES_70.jpg,train,MINADO_RECORTES_70
359,C:\Users\luise\OneDrive\Documentos\DECAFIA_v2\01_dataset\decafia_clean\images\train\MINADO_RECORTES_71.jpg,train,MINADO_RECORTES_71
360,C:\Users\luise\OneDrive\Documentos\DECAFIA_v2\01_dataset\decafia_clean\images\train\MINADO_RECORTES_73.jpg,train,MINADO_RECORTES_73
361,C:\Users\luise\OneDrive\Documentos\DECAFIA_v2\01_dataset\decafia_clean\images\train\MINADO_RECORTES_74.jpg,train,MINADO_RECORTES_74
362,C:\Users\luise\OneDrive\Documentos\DECAFIA_v2\01_dataset\decafia_clean\images\train\MINADO_RECORTES_75.jpg,train,MINADO_RECORTES_75
363,C:\Users\luise\OneDrive\Documentos\DECAFIA_v2\01_dataset\decafia_clean\images\train\MINADO_RECORTES_76.jpg,train,MINADO_RECORTES_76
364,C:\Users\luise\OneDrive\Documentos\DECAFIA_v2\01_dataset\decafia_clean\images\train\MINADO_RECORTES_77.jpg,train,MINADO_RECORTES_77
365,C:\Users\luise\OneDrive\Documentos\DECAFIA_v2\01_dataset\decafia_clean\images\train\MINADO_RECORTES_78.jpg,train,MINADO_RECORTES_78
366,C:\Users\luise\OneDrive\Documentos\DECAFIA_v2\01_dataset\decafia_clean\images\train\MINADO_RECORTES_79.jpg,train,MINADO_RECORTES_79
367,C:\Users\luise\OneDrive\Documentos\DECAFIA_v2\01_dataset\decafia_clean\images\train\MINADO_RECORTES_80.jpg,train,MINADO_RECORTES_80
368,C:\Users\luise\OneDrive\Documentos\DECAFIA_v2\01_dataset\decafia_clean\images\train\MINADO_RECORTES_82.jpg,train,MINADO_RECORTES_82
369,C:\Users\luise\OneDrive\Documentos\DECAFIA_v2\01_dataset\decafia_clean\images\train\MINADO_RECORTES_83.jpg,train,MINADO_RECORTES_83
370,C:\Users\luise\OneDrive\Documentos\DECAFIA_v2\01_dataset\decafia_clean\images\train\MINADO_RECORTES_84.jpg,train,MINADO_RECORTES_84
371,C:\Users\luise\OneDrive\Documentos\DECAFIA_v2\01_dataset\decafia_clean\images\train\MINADO_RECORTES_87.jpg,train,MINADO_RECORTES_87
372,C:\Users\luise\OneDrive\Documentos\DECAFIA_v2\01_dataset\decafia_clean\images\train\MINADO_RECORTES_89.jpg,train,MINADO_RECORTES_89
373,C:\Users\luise\OneDrive\Documentos\DECAFIA_v2\01_dataset\decafia_clean\images\train\MINADO_RECORTES_9.jpg,train,MINADO_RECORTES_9
374,C:\Users\luise\OneDrive\Documentos\DECAFIA_v2\01_dataset\decafia_clean\images\train\MINADO_RECORTES_91.jpg,train,MINADO_RECORTES_91
375,C:\Users\luise\OneDrive\Documentos\DECAFIA_v2\01_dataset\decafia_clean\images\train\MINADO_RECORTES_92.jpg,train,MINADO_RECORTES_92
376,C:\Users\luise\OneDrive\Documentos\DECAFIA_v2\01_dataset\decafia_clean\images\train\MINADO_RECORTES_93.jpg,train,MINADO_RECORTES_93
377,C:\Users\luise\OneDrive\Documentos\DECAFIA_v2\01_dataset\decafia_clean\images\train\MINADO_RECORTES_94.jpg,train,MINADO_RECORTES_94
378,C:\Users\luise\OneDrive\Documentos\DECAFIA_v2\01_dataset\decafia_clean\images\train\MINADO_RECORTES_97.jpg,train,MINADO_RECORTES_97
379,C:\Users\luise\OneDrive\Documentos\DECAFIA_v2\01_dataset\decafia_clean\images\train\MINADO_RECORTES_99.jpg,train,MINADO_RECORTES_99
380,C:\Users\luise\OneDrive\Documentos\DECAFIA_v2\01_dataset\decafia_clean\images\train\MINADOR_1.jpg,train,MINADOR_1
381,C:\Users\luise\OneDrive\Documentos\DECAFIA_v2\01_dataset\decafia_clean\images\train\MINADOR_10.jpg,train,MINADOR_10
382,C:\Users\luise\OneDrive\Documentos\DECAFIA_v2\01_dataset\decafia_clean\images\train\MINADOR_14.jpg,train,MINADOR_14
383,C:\Users\luise\OneDrive\Documentos\DECAFIA_v2\01_dataset\decafia_clean\images\train\MINADOR_2.jpg,train,MINADOR_2
384,C:\Users\luise\OneDrive\Documentos\DECAFIA_v2\01_dataset\decafia_clean\images\train\MINADOR_20.jpg,train,MINADOR_20
385,C:\Users\luise\OneDrive\Documentos\DECAFIA_v2\01_dataset\decafia_clean\images\train\MINADOR_22.jpg,train,MINADOR_22
386,C:\Users\luise\OneDrive\Documentos\DECAFIA_v2\01_dataset\decafia_clean\images\train\MINADOR_23.jpg,train,MINADOR_23
387,C:\Users\luise\OneDrive\Documentos\DECAFIA_v2\01_dataset\decafia_clean\images\train\MINADOR_24.jpg,train,MINADOR_24
388,C:\Users\luise\OneDrive\Documentos\DECAFIA_v2\01_dataset\decafia_clean\images\train\MINADOR_25.jpg,train,MINADOR_25
389,C:\Users\luise\OneDrive\Documentos\DECAFIA_v2\01_dataset\decafia_clean\images\train\MINADOR_26.jpg,train,MINADOR_26
390,C:\Users\luise\OneDrive\Documentos\DECAFIA_v2\01_dataset\decafia_clean\images\train\MINADOR_27.jpg,train,MINADOR_27
391,C:\Users\luise\OneDrive\Documentos\DECAFIA_v2\01_dataset\decafia_clean\images\train\MINADOR_28.jpg,train,MINADOR_28
392,C:\Users\luise\OneDrive\Documentos\DECAFIA_v2\01_dataset\decafia_clean\images\train\MINADOR_3.jpg,train,MINADOR_3
393,C:\Users\luise\OneDrive\Documentos\DECAFIA_v2\01_dataset\decafia_clean\images\train\MINADOR_30.jpg,train,MINADOR_30
394,C:\Users\luise\OneDrive\Documentos\DECAFIA_v2\01_dataset\decafia_clean\images\train\MINADOR_31.jpg,train,MINADOR_31
395,C:\Users\luise\OneDrive\Documentos\DECAFIA_v2\01_dataset\decafia_clean\images\train\MINADOR_33.jpg,train,MINADOR_33
396,C:\Users\luise\OneDrive\Documentos\DECAFIA_v2\01_dataset\decafia_clean\images\train\MINADOR_35.jpg,train,MINADOR_35
397,C:\Users\luise\OneDrive\Documentos\DECAFIA_v2\01_dataset\decafia_clean\images\train\MINADOR_36.jpg,train,MINADOR_36
398,C:\Users\luise\OneDrive\Documentos\DECAFIA_v2\01_dataset\decafia_clean\images\train\MINADOR_37.jpg,train,MINADOR_37
399,C:\Users\luise\OneDrive\Documentos\DECAFIA_v2\01_dataset\decafia_clean\images\train\MINADOR_38.jpg,train,MINADOR_38
400,C:\Users\luise\OneDrive\Documentos\DECAFIA_v2\01_dataset\decafia_clean\images\train\MINADOR_39.jpg,train,MINADOR_39
401,C:\Users\luise\OneDrive\Documentos\DECAFIA_v2\01_dataset\decafia_clean\images\train\MINADOR_4.jpg,train,MINADOR_4
402,C:\Users\luise\OneDrive\Documentos\DECAFIA_v2\01_dataset\decafia_clean\images\train\MINADOR_40.jpg,train,MINADOR_40
403,C:\Users\luise\OneDrive\Documentos\DECAFIA_v2\01_dataset\decafia_clean\images\train\MINADOR_41.jpg,train,MINADOR_41
404,C:\Users\luise\OneDrive\Documentos\DECAFIA_v2\01_dataset\decafia_clean\images\train\MINADOR_43.jpg,train,MINADOR_43
405,C:\Users\luise\OneDrive\Documentos\DECAFIA_v2\01_dataset\decafia_clean\images\train\MINADOR_44.jpg,train,MINADOR_44
406,C:\Users\luise\OneDrive\Documentos\DECAFIA_v2\01_dataset\decafia_clean\images\train\MINADOR_45.jpg,train,MINADOR_45
407,C:\Users\luise\OneDrive\Documentos\DECAFIA_v2\01_dataset\decafia_clean\images\train\MINADOR_46.jpg,train,MINADOR_46
408,C:\Users\luise\OneDrive\Documentos\DECAFIA_v2\01_dataset\decafia_clean\images\train\MINADOR_47.jpg,train,MINADOR_47
409,C:\Users\luise\OneDrive\Documentos\DECAFIA_v2\01_dataset\decafia_clean\images\train\MINADOR_48.jpg,train,MINADOR_48
410,C:\Users\luise\OneDrive\Documentos\DECAFIA_v2\01_dataset\decafia_clean\images\train\MINADOR_49.jpg,train,MINADOR_49
411,C:\Users\luise\OneDrive\Documentos\DECAFIA_v2\01_dataset\decafia_clean\images\train\MINADOR_50.jpg,train,MINADOR_50
412,C:\Users\luise\OneDrive\Documentos\DECAFIA_v2\01_dataset\decafia_clean\images\train\MINADOR_51.jpg,train,MINADOR_51
413,C:\Users\luise\OneDrive\Documentos\DECAFIA_v2\01_dataset\decafia_clean\images\train\MINADOR_53.jpg,train,MINADOR_53
414,C:\Users\luise\OneDrive\Documentos\DECAFIA_v2\01_dataset\decafia_clean\images\train\MINADOR_55.jpg,train,MINADOR_55
415,C:\Users\luise\OneDrive\Documentos\DECAFIA_v2\01_dataset\decafia_clean\images\train\MINADOR_58.jpg,train,MINADOR_58
416,C:\Users\luise\OneDrive\Documentos\DECAFIA_v2\01_dataset\decafia_clean\images\train\MINADOR_59.jpg,train,MINADOR_59
417,C:\Users\luise\OneDrive\Documentos\DECAFIA_v2\01_dataset\decafia_clean\images\train\MINADOR_60.jpg,train,MINADOR_60
418,C:\Users\luise\OneDrive\Documentos\DECAFIA_v2\01_dataset\decafia_clean\images\train\MINADOR_63.jpg,train,MINADOR_63
419,C:\Users\luise\OneDrive\Documentos\DECAFIA_v2\01_dataset\decafia_clean\images\train\MINADOR_65.jpg,train,MINADOR_65
420,C:\Users\luise\OneDrive\Documentos\DECAFIA_v2\01_dataset\decafia_clean\images\train\MINADOR_67.jpg,train,MINADOR_67
421,C:\Users\luise\OneDrive\Documentos\DECAFIA_v2\01_dataset\decafia_clean\images\train\MINADOR_68.jpg,train,MINADOR_68
422,C:\Users\luise\OneDrive\Documentos\DECAFIA_v2\01_dataset\decafia_clean\images\train\MINADOR_69.jpg,train,MINADOR_69
423,C:\Users\luise\OneDrive\Documentos\DECAFIA_v2\01_dataset\decafia_clean\images\train\MINADOR_7.jpg,train,MINADOR_7
424,C:\Users\luise\OneDrive\Documentos\DECAFIA_v2\01_dataset\decafia_clean\images\train\MINADOR_70.jpg,train,MINADOR_70
425,C:\Users\luise\OneDrive\Documentos\DECAFIA_v2\01_dataset\decafia_clean\images\train\MINADOR_73.jpg,train,MINADOR_73
426,C:\Users\luise\OneDrive\Documentos\DECAFIA_v2\01_dataset\decafia_clean\images\train\MINADOR_74.jpg,train,MINADOR_74
427,C:\Users\luise\OneDrive\Documentos\DECAFIA_v2\01_dataset\decafia_clean\images\train\MINADOR_75.jpg,train,MINADOR_75
428,C:\Users\luise\OneDrive\Documentos\DECAFIA_v2\01_dataset\decafia_clean\images\train\MINADOR_76.jpg,train,MINADOR_76
429,C:\Users\luise\OneDrive\Documentos\DECAFIA_v2\01_dataset\decafia_clean\images\train\MINADOR_78.jpg,train,MINADOR_78
430,C:\Users\luise\OneDrive\Documentos\DECAFIA_v2\01_dataset\decafia_clean\images\train\MINADOR_79.jpg,train,MINADOR_79
431,C:\Users\luise\OneDrive\Documentos\DECAFIA_v2\01_dataset\decafia_clean\images\train\MINADOR_8.jpg,train,MINADOR_8
432,C:\Users\luise\OneDrive\Documentos\DECAFIA_v2\01_dataset\decafia_clean\images\train\MINADOR_80.jpg,train,MINADOR_80
433,C:\Users\luise\OneDrive\Documentos\DECAFIA_v2\01_dataset\decafia_clean\images\train\MINADOR_81.jpg,train,MINADOR_81
434,C:\Users\luise\OneDrive\Documentos\DECAFIA_v2\01_dataset\decafia_clean\images\train\MINADOR_82.jpg,train,MINADOR_82
435,C:\Users\luise\OneDrive\Documentos\DECAFIA_v2\01_dataset\decafia_clean\images\train\MINADOR_83.jpg,train,MINADOR_83
436,C:\Users\luise\OneDrive\Documentos\DECAFIA_v2\01_dataset\decafia_clean\images\train\MINEIRO_0.jpg,train,MINEIRO_0
437,C:\Users\luise\OneDrive\Documentos\DECAFIA_v2\01_dataset\decafia_clean\images\train\MINEIRO_10.jpg,train,MINEIRO_10
438,C:\Users\luise\OneDrive\Documentos\DECAFIA_v2\01_dataset\decafia_clean\images\train\MINEIRO_100.jpg,train,MINEIRO_100
439,C:\Users\luise\OneDrive\Documentos\DECAFIA_v2\01_dataset\decafia_clean\images\train\MINEIRO_101.jpg,train,MINEIRO_101
440,C:\Users\luise\OneDrive\Documentos\DECAFIA_v2\01_dataset\decafia_clean\images\train\MINEIRO_102.jpg,train,MINEIRO_102
441,C:\Users\luise\OneDrive\Documentos\DECAFIA_v2\01_dataset\decafia_clean\images\train\MINEIRO_103.jpg,train,MINEIRO_103
442,C:\Users\luise\OneDrive\Documentos\DECAFIA_v2\01_dataset\decafia_clean\images\train\MINEIRO_104.jpg,train,MINEIRO_104
443,C:\Users\luise\OneDrive\Documentos\DECAFIA_v2\01_dataset\decafia_clean\images\train\MINEIRO_105.jpg,train,MINEIRO_105
444,C:\Users\luise\OneDrive\Documentos\DECAFIA_v2\01_dataset\decafia_clean\images\train\MINEIRO_106.jpg,train,MINEIRO_106
445,C:\Users\luise\OneDrive\Documentos\DECAFIA_v2\01_dataset\decafia_clean\images\train\MINEIRO_107.jpg,train,MINEIRO_107
446,C:\Users\luise\OneDrive\Documentos\DECAFIA_v2\01_dataset\decafia_clean\images\train\MINEIRO_109.jpg,train,MINEIRO_109
447,C:\Users\luise\OneDrive\Documentos\DECAFIA_v2\01_dataset\decafia_clean\images\train\MINEIRO_11.jpg,train,MINEIRO_11
448,C:\Users\luise\OneDrive\Documentos\DECAFIA_v2\01_dataset\decafia_clean\images\train\MINEIRO_113.jpg,train,MINEIRO_113
449,C:\Users\luise\OneDrive\Documentos\DECAFIA_v2\01_dataset\decafia_clean\images\train\MINEIRO_115.jpg,train,MINEIRO_115
450,C:\Users\luise\OneDrive\Documentos\DECAFIA_v2\01_dataset\decafia_clean\images\train\MINEIRO_117.jpg,train,MINEIRO_117
451,C:\Users\luise\OneDrive\Documentos\DECAFIA_v2\01_dataset\decafia_clean\images\train\MINEIRO_118.jpg,train,MINEIRO_118
452,C:\Users\luise\OneDrive\Documentos\DECAFIA_v2\01_dataset\decafia_clean\images\train\MINEIRO_119.jpg,train,MINEIRO_119
453,C:\Users\luise\OneDrive\Documentos\DECAFIA_v2\01_dataset\decafia_clean\images\train\MINEIRO_12.jpg,train,MINEIRO_12
454,C:\Users\luise\OneDrive\Documentos\DECAFIA_v2\01_dataset\decafia_clean\images\train\MINEIRO_121.jpg,train,MINEIRO_121
455,C:\Users\luise\OneDrive\Documentos\DECAFIA_v2\01_dataset\decafia_clean\images\train\MINEIRO_122.jpg,train,MINEIRO_122
456,C:\Users\luise\OneDrive\Documentos\DECAFIA_v2\01_dataset\decafia_clean\images\train\MINEIRO_123.jpg,train,MINEIRO_123
457,C:\Users\luise\OneDrive\Documentos\DECAFIA_v2\01_dataset\decafia_clean\images\train\MINEIRO_124.jpg,train,MINEIRO_124
458,C:\Users\luise\OneDrive\Documentos\DECAFIA_v2\01_dataset\decafia_clean\images\train\MINEIRO_125.jpg,train,MINEIRO_125
459,C:\Users\luise\OneDrive\Documentos\DECAFIA_v2\01_dataset\decafia_clean\images\train\MINEIRO_126.jpg,train,MINEIRO_126
460,C:\Users\luise\OneDrive\Documentos\DECAFIA_v2\01_dataset\decafia_clean\images\train\MINEIRO_127.jpg,train,MINEIRO_127
461,C:\Users\luise\OneDrive\Documentos\DECAFIA_v2\01_dataset\decafia_clean\images\train\MINEIRO_128.jpg,train,MINEIRO_128
462,C:\Users\luise\OneDrive\Documentos\DECAFIA_v2\01_dataset\decafia_clean\images\train\MINEIRO_129.jpg,train,MINEIRO_129
463,C:\Users\luise\OneDrive\Documentos\DECAFIA_v2\01_dataset\decafia_clean\images\train\MINEIRO_13.jpg,train,MINEIRO_13
464,C:\Users\luise\OneDrive\Documentos\DECAFIA_v2\01_dataset\decafia_clean\images\train\MINEIRO_131.jpg,train,MINEIRO_131
465,C:\Users\luise\OneDrive\Documentos\DECAFIA_v2\01_dataset\decafia_clean\images\train\MINEIRO_133.jpg,train,MINEIRO_133
466,C:\Users\luise\OneDrive\Documentos\DECAFIA_v2\01_dataset\decafia_clean\images\train\MINEIRO_134.jpg,train,MINEIRO_134
467,C:\Users\luise\OneDrive\Documentos\DECAFIA_v2\01_dataset\decafia_clean\images\train\MINEIRO_135.jpg,train,MINEIRO_135
468,C:\Users\luise\OneDrive\Documentos\DECAFIA_v2\01_dataset\decafia_clean\images\train\MINEIRO_136.jpg,train,MINEIRO_136
469,C:\Users\luise\OneDrive\Documentos\DECAFIA_v2\01_dataset\decafia_clean\images\train\MINEIRO_137.jpg,train,MINEIRO_137
470,C:\Users\luise\OneDrive\Documentos\DECAFIA_v2\01_dataset\decafia_clean\images\train\MINEIRO_138.jpg,train,MINEIRO_138
471,C:\Users\luise\OneDrive\Documentos\DECAFIA_v2\01_dataset\decafia_clean\images\train\MINEIRO_139.jpg,train,MINEIRO_139
472,C:\Users\luise\OneDrive\Documentos\DECAFIA_v2\01_dataset\decafia_clean\images\train\MINEIRO_14.jpg,train,MINEIRO_14
473,C:\Users\luise\OneDrive\Documentos\DECAFIA_v2\01_dataset\decafia_clean\images\train\MINEIRO_142.jpg,train,MINEIRO_142
474,C:\Users\luise\OneDrive\Documentos\DECAFIA_v2\01_dataset\decafia_clean\images\train\MINEIRO_144.jpg,train,MINEIRO_144
475,C:\Users\luise\OneDrive\Documentos\DECAFIA_v2\01_dataset\decafia_clean\images\train\MINEIRO_146.jpg,train,MINEIRO_146
476,C:\Users\luise\OneDrive\Documentos\DECAFIA_v2\01_dataset\decafia_clean\images\train\MINEIRO_149.jpg,train,MINEIRO_149
477,C:\Users\luise\OneDrive\Documentos\DECAFIA_v2\01_dataset\decafia_clean\images\train\MINEIRO_15.jpg,train,MINEIRO_15
478,C:\Users\luise\OneDrive\Documentos\DECAFIA_v2\01_dataset\decafia_clean\images\train\MINEIRO_151.jpg,train,MINEIRO_151
479,C:\Users\luise\OneDrive\Documentos\DECAFIA_v2\01_dataset\decafia_clean\images\train\MINEIRO_152.jpg,train,MINEIRO_152
480,C:\Users\luise\OneDrive\Documentos\DECAFIA_v2\01_dataset\decafia_clean\images\train\MINEIRO_153.jpg,train,MINEIRO_153
481,C:\Users\luise\OneDrive\Documentos\DECAFIA_v2\01_dataset\decafia_clean\images\train\MINEIRO_155.jpg,train,MINEIRO_155
482,C:\Users\luise\OneDrive\Documentos\DECAFIA_v2\01_dataset\decafia_clean\images\train\MINEIRO_157.jpg,train,MINEIRO_157
483,C:\Users\luise\OneDrive\Documentos\DECAFIA_v2\01_dataset\decafia_clean\images\train\MINEIRO_158.jpg,train,MINEIRO_158
484,C:\Users\luise\OneDrive\Documentos\DECAFIA_v2\01_dataset\decafia_clean\images\train\MINEIRO_159.jpg,train,MINEIRO_159
485,C:\Users\luise\OneDrive\Documentos\DECAFIA_v2\01_dataset\decafia_clean\images\train\MINEIRO_16.jpg,train,MINEIRO_16
486,C:\Users\luise\OneDrive\Documentos\DECAFIA_v2\01_dataset\decafia_clean\images\train\MINEIRO_160.jpg,train,MINEIRO_160
487,C:\Users\luise\OneDrive\Documentos\DECAFIA_v2\01_dataset\decafia_clean\images\train\MINEIRO_161.jpg,train,MINEIRO_161
488,C:\Users\luise\OneDrive\Documentos\DECAFIA_v2\01_dataset\decafia_clean\images\train\MINEIRO_162.jpg,train,MINEIRO_162
489,C:\Users\luise\OneDrive\Documentos\DECAFIA_v2\01_dataset\decafia_clean\images\train\MINEIRO_163.jpg,train,MINEIRO_163
490,C:\Users\luise\OneDrive\Documentos\DECAFIA_v2\01_dataset\decafia_clean\images\train\MINEIRO_165.jpg,train,MINEIRO_165
491,C:\Users\luise\OneDrive\Documentos\DECAFIA_v2\01_dataset\decafia_clean\images\train\MINEIRO_166.jpg,train,MINEIRO_166
492,C:\Users\luise\OneDrive\Documentos\DECAFIA_v2\01_dataset\decafia_clean\images\train\MINEIRO_167.jpg,train,MINEIRO_167
493,C:\Users\luise\OneDrive\Documentos\DECAFIA_v2\01_dataset\decafia_clean\images\train\MINEIRO_168.jpg,train,MINEIRO_168
494,C:\Users\luise\OneDrive\Documentos\DECAFIA_v2\01_dataset\decafia_clean\images\train\MINEIRO_170.jpg,train,MINEIRO_170
495,C:\Users\luise\OneDrive\Documentos\DECAFIA_v2\01_dataset\decafia_clean\images\train\MINEIRO_173.jpg,train,MINEIRO_173
496,C:\Users\luise\OneDrive\Documentos\DECAFIA_v2\01_dataset\decafia_clean\images\train\MINEIRO_175.jpg,train,MINEIRO_175
497,C:\Users\luise\OneDrive\Documentos\DECAFIA_v2\01_dataset\decafia_clean\images\train\MINEIRO_177.jpg,train,MINEIRO_177
498,C:\Users\luise\OneDrive\Documentos\DECAFIA_v2\01_dataset\decafia_clean\images\train\MINEIRO_178.jpg,train,MINEIRO_178
499,C:\Users\luise\OneDrive\Documentos\DECAFIA_v2\01_dataset\decafia_clean\images\train\MINEIRO_18.jpg,train,MINEIRO_18
500,C:\Users\luise\OneDrive\Documentos\DECAFIA_v2\01_dataset\decafia_clean\images\train\MINEIRO_180.jpg,train,MINEIRO_180
501,C:\Users\luise\OneDrive\Documentos\DECAFIA_v2\01_dataset\decafia_clean\images\train\MINEIRO_181.jpg,train,MINEIRO_181
502,C:\Users\luise\OneDrive\Documentos\DECAFIA_v2\01_dataset\decafia_clean\images\train\MINEIRO_182.jpg,train,MINEIRO_182
503,C:\Users\luise\OneDrive\Documentos\DECAFIA_v2\01_dataset\decafia_clean\images\train\MINEIRO_183.jpg,train,MINEIRO_183
504,C:\Users\luise\OneDrive\Documentos\DECAFIA_v2\01_dataset\decafia_clean\images\train\MINEIRO_184.jpg,train,MINEIRO_184
505,C:\Users\luise\OneDrive\Documentos\DECAFIA_v2\01_dataset\decafia_clean\images\train\MINEIRO_185.jpg,train,MINEIRO_185
506,C:\Users\luise\OneDrive\Documentos\DECAFIA_v2\01_dataset\decafia_clean\images\train\MINEIRO_186.jpg,train,MINEIRO_186
507,C:\Users\luise\OneDrive\Documentos\DECAFIA_v2\01_dataset\decafia_clean\images\train\MINEIRO_188.jpg,train,MINEIRO_188
508,C:\Users\luise\OneDrive\Documentos\DECAFIA_v2\01_dataset\decafia_clean\images\train\MINEIRO_189.jpg,train,MINEIRO_189
509,C:\Users\luise\OneDrive\Documentos\DECAFIA_v2\01_dataset\decafia_clean\images\train\MINEIRO_19.jpg,train,MINEIRO_19
510,C:\Users\luise\OneDrive\Documentos\DECAFIA_v2\01_dataset\decafia_clean\images\train\MINEIRO_190.jpg,train,MINEIRO_190
511,C:\Users\luise\OneDrive\Documentos\DECAFIA_v2\01_dataset\decafia_clean\images\train\MINEIRO_192.jpg,train,MINEIRO_192
512,C:\Users\luise\OneDrive\Documentos\DECAFIA_v2\01_dataset\decafia_clean\images\train\MINEIRO_2.jpg,train,MINEIRO_2
513,C:\Users\luise\OneDrive\Documentos\DECAFIA_v2\01_dataset\decafia_clean\images\train\MINEIRO_22.jpg,train,MINEIRO_22
514,C:\Users\luise\OneDrive\Documentos\DECAFIA_v2\01_dataset\decafia_clean\images\train\MINEIRO_23.jpg,train,MINEIRO_23
515,C:\Users\luise\OneDrive\Documentos\DECAFIA_v2\01_dataset\decafia_clean\images\train\MINEIRO_24.jpg,train,MINEIRO_24
516,C:\Users\luise\OneDrive\Documentos\DECAFIA_v2\01_dataset\decafia_clean\images\train\MINEIRO_25.jpg,train,MINEIRO_25
517,C:\Users\luise\OneDrive\Documentos\DECAFIA_v2\01_dataset\decafia_clean\images\train\MINEIRO_26.jpg,train,MINEIRO_26
518,C:\Users\luise\OneDrive\Documentos\DECAFIA_v2\01_dataset\decafia_clean\images\train\MINEIRO_27.jpg,train,MINEIRO_27
519,C:\Users\luise\OneDrive\Documentos\DECAFIA_v2\01_dataset\decafia_clean\images\train\MINEIRO_28.jpg,train,MINEIRO_28
520,C:\Users\luise\OneDrive\Documentos\DECAFIA_v2\01_dataset\decafia_clean\images\train\MINEIRO_29.jpg,train,MINEIRO_29
521,C:\Users\luise\OneDrive\Documentos\DECAFIA_v2\01_dataset\decafia_clean\images\train\MINEIRO_30.jpg,train,MINEIRO_30
522,C:\Users\luise\OneDrive\Documentos\DECAFIA_v2\01_dataset\decafia_clean\images\train\MINEIRO_31.jpg,train,MINEIRO_31
523,C:\Users\luise\OneDrive\Documentos\DECAFIA_v2\01_dataset\decafia_clean\images\train\MINEIRO_34.jpg,train,MINEIRO_34
524,C:\Users\luise\OneDrive\Documentos\DECAFIA_v2\01_dataset\decafia_clean\images\train\MINEIRO_35.jpg,train,MINEIRO_35
525,C:\Users\luise\OneDrive\Documentos\DECAFIA_v2\01_dataset\decafia_clean\images\train\MINEIRO_36.jpg,train,MINEIRO_36
526,C:\Users\luise\OneDrive\Documentos\DECAFIA_v2\01_dataset\decafia_clean\images\train\MINEIRO_37.jpg,train,MINEIRO_37
527,C:\Users\luise\OneDrive\Documentos\DECAFIA_v2\01_dataset\decafia_clean\images\train\MINEIRO_38.jpg,train,MINEIRO_38
528,C:\Users\luise\OneDrive\Documentos\DECAFIA_v2\01_dataset\decafia_clean\images\train\MINEIRO_39.jpg,train,MINEIRO_39
529,C:\Users\luise\OneDrive\Documentos\DECAFIA_v2\01_dataset\decafia_clean\images\train\MINEIRO_4.jpg,train,MINEIRO_4
530,C:\Users\luise\OneDrive\Documentos\DECAFIA_v2\01_dataset\decafia_clean\images\train\MINEIRO_40.jpg,train,MINEIRO_40
531,C:\Users\luise\OneDrive\Documentos\DECAFIA_v2\01_dataset\decafia_clean\images\train\MINEIRO_41.jpg,train,MINEIRO_41
532,C:\Users\luise\OneDrive\Documentos\DECAFIA_v2\01_dataset\decafia_clean\images\train\MINEIRO_43.jpg,train,MINEIRO_43
533,C:\Users\luise\OneDrive\Documentos\DECAFIA_v2\01_dataset\decafia_clean\images\train\MINEIRO_45.jpg,train,MINEIRO_45
534,C:\Users\luise\OneDrive\Documentos\DECAFIA_v2\01_dataset\decafia_clean\images\train\MINEIRO_46.jpg,train,MINEIRO_46
535,C:\Users\luise\OneDrive\Documentos\DECAFIA_v2\01_dataset\decafia_clean\images\train\MINEIRO_47.jpg,train,MINEIRO_47
536,C:\Users\luise\OneDrive\Documentos\DECAFIA_v2\01_dataset\decafia_clean\images\train\MINEIRO_48.jpg,train,MINEIRO_48
537,C:\Users\luise\OneDrive\Documentos\DECAFIA_v2\01_dataset\decafia_clean\images\train\MINEIRO_49.jpg,train,MINEIRO_49
538,C:\Users\luise\OneDrive\Documentos\DECAFIA_v2\01_dataset\decafia_clean\images\train\MINEIRO_5.jpg,train,MINEIRO_5
539,C:\Users\luise\OneDrive\Documentos\DECAFIA_v2\01_dataset\decafia_clean\images\train\MINEIRO_51.jpg,train,MINEIRO_51
540,C:\Users\luise\OneDrive\Documentos\DECAFIA_v2\01_dataset\decafia_clean\images\train\MINEIRO_53.jpg,train,MINEIRO_53
541,C:\Users\luise\OneDrive\Documentos\DECAFIA_v2\01_dataset\decafia_clean\images\train\MINEIRO_54.jpg,train,MINEIRO_54
542,C:\Users\luise\OneDrive\Documentos\DECAFIA_v2\01_dataset\decafia_clean\images\train\MINEIRO_55.jpg,train,MINEIRO_55
543,C:\Users\luise\OneDrive\Documentos\DECAFIA_v2\01_dataset\decafia_clean\images\train\MINEIRO_56.jpg,train,MINEIRO_56
544,C:\Users\luise\OneDrive\Documentos\DECAFIA_v2\01_dataset\decafia_clean\images\train\MINEIRO_57.jpg,train,MINEIRO_57
545,C:\Users\luise\OneDrive\Documentos\DECAFIA_v2\01_dataset\decafia_clean\images\train\MINEIRO_58.jpg,train,MINEIRO_58
546,C:\Users\luise\OneDrive\Documentos\DECAFIA_v2\01_dataset\decafia_clean\images\train\MINEIRO_59.jpg,train,MINEIRO_59
547,C:\Users\luise\OneDrive\Documentos\DECAFIA_v2\01_dataset\decafia_clean\images\train\MINEIRO_6.jpg,train,MINEIRO_6
548,C:\Users\luise\OneDrive\Documentos\DECAFIA_v2\01_dataset\decafia_clean\images\train\MINEIRO_60.jpg,train,MINEIRO_60
549,C:\Users\luise\OneDrive\Documentos\DECAFIA_v2\01_dataset\decafia_clean\images\train\MINEIRO_64.jpg,train,MINEIRO_64
550,C:\Users\luise\OneDrive\Documentos\DECAFIA_v2\01_dataset\decafia_clean\images\train\MINEIRO_65.jpg,train,MINEIRO_65
551,C:\Users\luise\OneDrive\Documentos\DECAFIA_v2\01_dataset\decafia_clean\images\train\MINEIRO_67.jpg,train,MINEIRO_67
552,C:\Users\luise\OneDrive\Documentos\DECAFIA_v2\01_dataset\decafia_clean\images\train\MINEIRO_68.jpg,train,MINEIRO_68
553,C:\Users\luise\OneDrive\Documentos\DECAFIA_v2\01_dataset\decafia_clean\images\train\MINEIRO_7.jpg,train,MINEIRO_7
554,C:\Users\luise\OneDrive\Documentos\DECAFIA_v2\01_dataset\decafia_clean\images\train\MINEIRO_70.jpg,train,MINEIRO_70
555,C:\Users\luise\OneDrive\Documentos\DECAFIA_v2\01_dataset\decafia_clean\images\train\MINEIRO_71.jpg,train,MINEIRO_71
556,C:\Users\luise\OneDrive\Documentos\DECAFIA_v2\01_dataset\decafia_clean\images\train\MINEIRO_74.jpg,train,MINEIRO_74
557,C:\Users\luise\OneDrive\Documentos\DECAFIA_v2\01_dataset\decafia_clean\images\train\MINEIRO_75.jpg,train,MINEIRO_75
558,C:\Users\luise\OneDrive\Documentos\DECAFIA_v2\01_dataset\decafia_clean\images\train\MINEIRO_79.jpg,train,MINEIRO_79
559,C:\Users\luise\OneDrive\Documentos\DECAFIA_v2\01_dataset\decafia_clean\images\train\MINEIRO_81.jpg,train,MINEIRO_81
560,C:\Users\luise\OneDrive\Documentos\DECAFIA_v2\01_dataset\decafia_clean\images\train\MINEIRO_82.jpg,train,MINEIRO_82
561,C:\Users\luise\OneDrive\Documentos\DECAFIA_v2\01_dataset\decafia_clean\images\train\MINEIRO_83.jpg,train,MINEIRO_83
562,C:\Users\luise\OneDrive\Documentos\DECAFIA_v2\01_dataset\decafia_clean\images\train\MINEIRO_84.jpg,train,MINEIRO_84
563,C:\Users\luise\OneDrive\Documentos\DECAFIA_v2\01_dataset\decafia_clean\images\train\MINEIRO_85.jpg,train,MINEIRO_85
564,C:\Users\luise\OneDrive\Documentos\DECAFIA_v2\01_dataset\decafia_clean\images\train\MINEIRO_86.jpg,train,MINEIRO_86
565,C:\Users\luise\OneDrive\Documentos\DECAFIA_v2\01_dataset\decafia_clean\images\train\MINEIRO_87.jpg,train,MINEIRO_87
566,C:\Users\luise\OneDrive\Documentos\DECAFIA_v2\01_dataset\decafia_clean\images\train\MINEIRO_90.jpg,train,MINEIRO_90
567,C:\Users\luise\OneDrive\Documentos\DECAFIA_v2\01_dataset\decafia_clean\images\train\MINEIRO_91.jpg,train,MINEIRO_91
568,C:\Users\luise\OneDrive\Documentos\DECAFIA_v2\01_dataset\decafia_clean\images\train\MINEIRO_93.jpg,train,MINEIRO_93
569,C:\Users\luise\OneDrive\Documentos\DECAFIA_v2\01_dataset\decafia_clean\images\train\MINEIRO_94.jpg,train,MINEIRO_94
570,C:\Users\luise\OneDrive\Documentos\DECAFIA_v2\01_dataset\decafia_clean\images\train\MINEIRO_97.jpg,train,MINEIRO_97
571,C:\Users\luise\OneDrive\Documentos\DECAFIA_v2\01_dataset\decafia_clean\images\train\MINEIRO_98.jpg,train,MINEIRO_98
572,C:\Users\luise\OneDrive\Documentos\DECAFIA_v2\01_dataset\decafia_clean\images\train\MINEIRO_99.jpg,train,MINEIRO_99
573,C:\Users\luise\OneDrive\Documentos\DECAFIA_v2\01_dataset\decafia_clean\images\train\ROYA_FONDO_1.jpg,train,ROYA_FONDO_1
574,C:\Users\luise\OneDrive\Documentos\DECAFIA_v2\01_dataset\decafia_clean\images\train\ROYA_FONDO_10.jpg,train,ROYA_FONDO_10
575,C:\Users\luise\OneDrive\Documentos\DECAFIA_v2\01_dataset\decafia_clean\images\train\ROYA_FONDO_11.jpg,train,ROYA_FONDO_11
576,C:\Users\luise\OneDrive\Documentos\DECAFIA_v2\01_dataset\decafia_clean\images\train\ROYA_FONDO_13.jpg,train,ROYA_FONDO_13
577,C:\Users\luise\OneDrive\Documentos\DECAFIA_v2\01_dataset\decafia_clean\images\train\ROYA_FONDO_15.jpg,train,ROYA_FONDO_15
578,C:\Users\luise\OneDrive\Documentos\DECAFIA_v2\01_dataset\decafia_clean\images\train\ROYA_FONDO_18.jpg,train,ROYA_FONDO_18
579,C:\Users\luise\OneDrive\Documentos\DECAFIA_v2\01_dataset\decafia_clean\images\train\ROYA_FONDO_19.jpg,train,ROYA_FONDO_19
580,C:\Users\luise\OneDrive\Documentos\DECAFIA_v2\01_dataset\decafia_clean\images\train\ROYA_FONDO_2.jpg,train,ROYA_FONDO_2
581,C:\Users\luise\OneDrive\Documentos\DECAFIA_v2\01_dataset\decafia_clean\images\train\ROYA_FONDO_20.jpg,train,ROYA_FONDO_20
582,C:\Users\luise\OneDrive\Documentos\DECAFIA_v2\01_dataset\decafia_clean\images\train\ROYA_FONDO_22.jpg,train,ROYA_FONDO_22
583,C:\Users\luise\OneDrive\Documentos\DECAFIA_v2\01_dataset\decafia_clean\images\train\ROYA_FONDO_23.jpg,train,ROYA_FONDO_23
584,C:\Users\luise\OneDrive\Documentos\DECAFIA_v2\01_dataset\decafia_clean\images\train\ROYA_FONDO_24.jpg,train,ROYA_FONDO_24
585,C:\Users\luise\OneDrive\Documentos\DECAFIA_v2\01_dataset\decafia_clean\images\train\ROYA_FONDO_25.jpg,train,ROYA_FONDO_25
586,C:\Users\luise\OneDrive\Documentos\DECAFIA_v2\01_dataset\decafia_clean\images\train\ROYA_FONDO_28.jpg,train,ROYA_FONDO_28
587,C:\Users\luise\OneDrive\Documentos\DECAFIA_v2\01_dataset\decafia_clean\images\train\ROYA_FONDO_29.jpg,train,ROYA_FONDO_29
588,C:\Users\luise\OneDrive\Documentos\DECAFIA_v2\01_dataset\decafia_clean\images\train\ROYA_FONDO_3.jpg,train,ROYA_FONDO_3
589,C:\Users\luise\OneDrive\Documentos\DECAFIA_v2\01_dataset\decafia_clean\images\train\ROYA_FONDO_30.jpg,train,ROYA_FONDO_30
590,C:\Users\luise\OneDrive\Documentos\DECAFIA_v2\01_dataset\decafia_clean\images\train\ROYA_FONDO_31.jpg,train,ROYA_FONDO_31
591,C:\Users\luise\OneDrive\Documentos\DECAFIA_v2\01_dataset\decafia_clean\images\train\ROYA_FONDO_33.jpg,train,ROYA_FONDO_33
592,C:\Users\luise\OneDrive\Documentos\DECAFIA_v2\01_dataset\decafia_clean\images\train\ROYA_FONDO_36.jpg,train,ROYA_FONDO_36
593,C:\Users\luise\OneDrive\Documentos\DECAFIA_v2\01_dataset\decafia_clean\images\train\ROYA_FONDO_37.jpg,train,ROYA_FONDO_37
594,C:\Users\luise\OneDrive\Documentos\DECAFIA_v2\01_dataset\decafia_clean\images\train\ROYA_FONDO_38.jpg,train,ROYA_FONDO_38
595,C:\Users\luise\OneDrive\Documentos\DECAFIA_v2\01_dataset\decafia_clean\images\train\ROYA_FONDO_41.jpg,train,ROYA_FONDO_41
596,C:\Users\luise\OneDrive\Documentos\DECAFIA_v2\01_dataset\decafia_clean\images\train\ROYA_FONDO_42.jpg,train,ROYA_FONDO_42
597,C:\Users\luise\OneDrive\Documentos\DECAFIA_v2\01_dataset\decafia_clean\images\train\ROYA_FONDO_44.jpg,train,ROYA_FONDO_44
598,C:\Users\luise\OneDrive\Documentos\DECAFIA_v2\01_dataset\decafia_clean\images\train\ROYA_FONDO_45.jpg,train,ROYA_FONDO_45
599,C:\Users\luise\OneDrive\Documentos\DECAFIA_v2\01_dataset\decafia_clean\images\train\ROYA_FONDO_46.jpg,train,ROYA_FONDO_46
600,C:\Users\luise\OneDrive\Documentos\DECAFIA_v2\01_dataset\decafia_clean\images\train\ROYA_FONDO_47.jpg,train,ROYA_FONDO_47
601,C:\Users\luise\OneDrive\Documentos\DECAFIA_v2\01_dataset\decafia_clean\images\train\ROYA_FONDO_49.jpg,train,ROYA_FONDO_49
602,C:\Users\luise\OneDrive\Documentos\DECAFIA_v2\01_dataset\decafia_clean\images\train\ROYA_FONDO_50.jpg,train,ROYA_FONDO_50
603,C:\Users\luise\OneDrive\Documentos\DECAFIA_v2\01_dataset\decafia_clean\images\train\ROYA_FONDO_51.jpg,train,ROYA_FONDO_51
604,C:\Users\luise\OneDrive\Documentos\DECAFIA_v2\01_dataset\decafia_clean\images\train\ROYA_FONDO_53.jpg,train,ROYA_FONDO_53
605,C:\Users\luise\OneDrive\Documentos\DECAFIA_v2\01_dataset\decafia_clean\images\train\ROYA_FONDO_54.jpg,train,ROYA_FONDO_54
606,C:\Users\luise\OneDrive\Documentos\DECAFIA_v2\01_dataset\decafia_clean\images\train\ROYA_FONDO_55.jpg,train,ROYA_FONDO_55
607,C:\Users\luise\OneDrive\Documentos\DECAFIA_v2\01_dataset\decafia_clean\images\train\ROYA_FONDO_57.jpg,train,ROYA_FONDO_57
608,C:\Users\luise\OneDrive\Documentos\DECAFIA_v2\01_dataset\decafia_clean\images\train\ROYA_FONDO_58.jpg,train,ROYA_FONDO_58
609,C:\Users\luise\OneDrive\Documentos\DECAFIA_v2\01_dataset\decafia_clean\images\train\ROYA_FONDO_59.jpg,train,ROYA_FONDO_59
610,C:\Users\luise\OneDrive\Documentos\DECAFIA_v2\01_dataset\decafia_clean\images\train\ROYA_FONDO_6.jpg,train,ROYA_FONDO_6
611,C:\Users\luise\OneDrive\Documentos\DECAFIA_v2\01_dataset\decafia_clean\images\train\ROYA_FONDO_60.jpg,train,ROYA_FONDO_60
612,C:\Users\luise\OneDrive\Documentos\DECAFIA_v2\01_dataset\decafia_clean\images\train\ROYA_FONDO_62.jpg,train,ROYA_FONDO_62
613,C:\Users\luise\OneDrive\Documentos\DECAFIA_v2\01_dataset\decafia_clean\images\train\ROYA_FONDO_64.jpg,train,ROYA_FONDO_64
614,C:\Users\luise\OneDrive\Documentos\DECAFIA_v2\01_dataset\decafia_clean\images\train\ROYA_FONDO_65.jpg,train,ROYA_FONDO_65
615,C:\Users\luise\OneDrive\Documentos\DECAFIA_v2\01_dataset\decafia_clean\images\train\ROYA_FONDO_66.jpg,train,ROYA_FONDO_66
616,C:\Users\luise\OneDrive\Documentos\DECAFIA_v2\01_dataset\decafia_clean\images\train\ROYA_FONDO_67.jpg,train,ROYA_FONDO_67
617,C:\Users\luise\OneDrive\Documentos\DECAFIA_v2\01_dataset\decafia_clean\images\train\ROYA_FONDO_68.jpg,train,ROYA_FONDO_68
618,C:\Users\luise\OneDrive\Documentos\DECAFIA_v2\01_dataset\decafia_clean\images\train\ROYA_FONDO_7.jpg,train,ROYA_FONDO_7
619,C:\Users\luise\OneDrive\Documentos\DECAFIA_v2\01_dataset\decafia_clean\images\train\ROYA_FONDO_71.jpg,train,ROYA_FONDO_71
620,C:\Users\luise\OneDrive\Documentos\DECAFIA_v2\01_dataset\decafia_clean\images\train\ROYA_FONDO_72.jpg,train,ROYA_FONDO_72
621,C:\Users\luise\OneDrive\Documentos\DECAFIA_v2\01_dataset\decafia_clean\images\train\ROYA_FONDO_74.jpg,train,ROYA_FONDO_74
622,C:\Users\luise\OneDrive\Documentos\DECAFIA_v2\01_dataset\decafia_clean\images\train\ROYA_FONDO_75.jpg,train,ROYA_FONDO_75
623,C:\Users\luise\OneDrive\Documentos\DECAFIA_v2\01_dataset\decafia_clean\images\train\ROYA_FONDO_77.jpg,train,ROYA_FONDO_77
624,C:\Users\luise\OneDrive\Documentos\DECAFIA_v2\01_dataset\decafia_clean\images\train\ROYA_FONDO_79.jpg,train,ROYA_FONDO_79
625,C:\Users\luise\OneDrive\Documentos\DECAFIA_v2\01_dataset\decafia_clean\images\train\ROYA_FONDO_80.jpg,train,ROYA_FONDO_80
626,C:\Users\luise\OneDrive\Documentos\DECAFIA_v2\01_dataset\decafia_clean\images\train\ROYA_FONDO_82.jpg,train,ROYA_FONDO_82
627,C:\Users\luise\OneDrive\Documentos\DECAFIA_v2\01_dataset\decafia_clean\images\train\ROYA_FONDO_83.jpg,train,ROYA_FONDO_83
628,C:\Users\luise\OneDrive\Documentos\DECAFIA_v2\01_dataset\decafia_clean\images\train\ROYA_FONDO_84.jpg,train,ROYA_FONDO_84
629,C:\Users\luise\OneDrive\Documentos\DECAFIA_v2\01_dataset\decafia_clean\images\train\ROYA_FONDO_86.jpg,train,ROYA_FONDO_86
630,C:\Users\luise\OneDrive\Documentos\DECAFIA_v2\01_dataset\decafia_clean\images\train\ROYA_FONDO_9.jpg,train,ROYA_FONDO_9
631,C:\Users\luise\OneDrive\Documentos\DECAFIA_v2\01_dataset\decafia_clean\images\train\ROYA_FONDO_90.jpg,train,ROYA_FONDO_90
632,C:\Users\luise\OneDrive\Documentos\DECAFIA_v2\01_dataset\decafia_clean\images\train\ROYA_FONDO_92.jpg,train,ROYA_FONDO_92
633,C:\Users\luise\OneDrive\Documentos\DECAFIA_v2\01_dataset\decafia_clean\images\train\ROYA_FONDO_94.jpg,train,ROYA_FONDO_94
634,C:\Users\luise\OneDrive\Documentos\DECAFIA_v2\01_dataset\decafia_clean\images\train\ROYA_MA_10.jpg,train,ROYA_MA_10
635,C:\Users\luise\OneDrive\Documentos\DECAFIA_v2\01_dataset\decafia_clean\images\train\ROYA_MA_12.jpg,train,ROYA_MA_12
636,C:\Users\luise\OneDrive\Documentos\DECAFIA_v2\01_dataset\decafia_clean\images\train\ROYA_MA_16.jpg,train,ROYA_MA_16
637,C:\Users\luise\OneDrive\Documentos\DECAFIA_v2\01_dataset\decafia_clean\images\train\ROYA_MA_17.jpg,train,ROYA_MA_17
638,C:\Users\luise\OneDrive\Documentos\DECAFIA_v2\01_dataset\decafia_clean\images\train\ROYA_MA_18.jpg,train,ROYA_MA_18
639,C:\Users\luise\OneDrive\Documentos\DECAFIA_v2\01_dataset\decafia_clean\images\train\ROYA_MA_19.jpg,train,ROYA_MA_19
640,C:\Users\luise\OneDrive\Documentos\DECAFIA_v2\01_dataset\decafia_clean\images\train\ROYA_MA_2.jpg,train,ROYA_MA_2
641,C:\Users\luise\OneDrive\Documentos\DECAFIA_v2\01_dataset\decafia_clean\images\train\ROYA_MA_21.jpg,train,ROYA_MA_21
642,C:\Users\luise\OneDrive\Documentos\DECAFIA_v2\01_dataset\decafia_clean\images\train\ROYA_MA_22.jpg,train,ROYA_MA_22
643,C:\Users\luise\OneDrive\Documentos\DECAFIA_v2\01_dataset\decafia_clean\images\train\ROYA_MA_23.jpg,train,ROYA_MA_23
644,C:\Users\luise\OneDrive\Documentos\DECAFIA_v2\01_dataset\decafia_clean\images\train\ROYA_MA_24.jpg,train,ROYA_MA_24
645,C:\Users\luise\OneDrive\Documentos\DECAFIA_v2\01_dataset\decafia_clean\images\train\ROYA_MA_25.jpg,train,ROYA_MA_25
646,C:\Users\luise\OneDrive\Documentos\DECAFIA_v2\01_dataset\decafia_clean\images\train\ROYA_MA_26.jpg,train,ROYA_MA_26
647,C:\Users\luise\OneDrive\Documentos\DECAFIA_v2\01_dataset\decafia_clean\images\train\ROYA_MA_27.jpg,train,ROYA_MA_27
648,C:\Users\luise\OneDrive\Documentos\DECAFIA_v2\01_dataset\decafia_clean\images\train\ROYA_MA_28.jpg,train,ROYA_MA_28
649,C:\Users\luise\OneDrive\Documentos\DECAFIA_v2\01_dataset\decafia_clean\images\train\ROYA_MA_29.jpg,train,ROYA_MA_29
650,C:\Users\luise\OneDrive\Documentos\DECAFIA_v2\01_dataset\decafia_clean\images\train\ROYA_MA_3.jpg,train,ROYA_MA_3
651,C:\Users\luise\OneDrive\Documentos\DECAFIA_v2\01_dataset\decafia_clean\images\train\ROYA_MA_30.jpg,train,ROYA_MA_30
652,C:\Users\luise\OneDrive\Documentos\DECAFIA_v2\01_dataset\decafia_clean\images\train\ROYA_MA_31.jpg,train,ROYA_MA_31
653,C:\Users\luise\OneDrive\Documentos\DECAFIA_v2\01_dataset\decafia_clean\images\train\ROYA_MA_32.jpg,train,ROYA_MA_32
654,C:\Users\luise\OneDrive\Documentos\DECAFIA_v2\01_dataset\decafia_clean\images\train\ROYA_MA_34.jpg,train,ROYA_MA_34
655,C:\Users\luise\OneDrive\Documentos\DECAFIA_v2\01_dataset\decafia_clean\images\train\ROYA_MA_35.jpg,train,ROYA_MA_35
656,C:\Users\luise\OneDrive\Documentos\DECAFIA_v2\01_dataset\decafia_clean\images\train\ROYA_MA_36.jpg,train,ROYA_MA_36
657,C:\Users\luise\OneDrive\Documentos\DECAFIA_v2\01_dataset\decafia_clean\images\train\ROYA_MA_39.jpg,train,ROYA_MA_39
658,C:\Users\luise\OneDrive\Documentos\DECAFIA_v2\01_dataset\decafia_clean\images\train\ROYA_MA_4.jpg,train,ROYA_MA_4
659,C:\Users\luise\OneDrive\Documentos\DECAFIA_v2\01_dataset\decafia_clean\images\train\ROYA_MA_42.jpg,train,ROYA_MA_42
660,C:\Users\luise\OneDrive\Documentos\DECAFIA_v2\01_dataset\decafia_clean\images\train\ROYA_MA_43.jpg,train,ROYA_MA_43
661,C:\Users\luise\OneDrive\Documentos\DECAFIA_v2\01_dataset\decafia_clean\images\train\ROYA_MA_48.jpg,train,ROYA_MA_48
662,C:\Users\luise\OneDrive\Documentos\DECAFIA_v2\01_dataset\decafia_clean\images\train\ROYA_MA_49.jpg,train,ROYA_MA_49
663,C:\Users\luise\OneDrive\Documentos\DECAFIA_v2\01_dataset\decafia_clean\images\train\ROYA_MA_5.jpg,train,ROYA_MA_5
664,C:\Users\luise\OneDrive\Documentos\DECAFIA_v2\01_dataset\decafia_clean\images\train\ROYA_MA_50.jpg,train,ROYA_MA_50
665,C:\Users\luise\OneDrive\Documentos\DECAFIA_v2\01_dataset\decafia_clean\images\train\ROYA_MA_53.jpg,train,ROYA_MA_53
666,C:\Users\luise\OneDrive\Documentos\DECAFIA_v2\01_dataset\decafia_clean\images\train\ROYA_MA_54.jpg,train,ROYA_MA_54
667,C:\Users\luise\OneDrive\Documentos\DECAFIA_v2\01_dataset\decafia_clean\images\train\ROYA_MA_55.jpg,train,ROYA_MA_55
668,C:\Users\luise\OneDrive\Documentos\DECAFIA_v2\01_dataset\decafia_clean\images\train\ROYA_MA_57.jpg,train,ROYA_MA_57
669,C:\Users\luise\OneDrive\Documentos\DECAFIA_v2\01_dataset\decafia_clean\images\train\ROYA_MA_60.jpg,train,ROYA_MA_60
670,C:\Users\luise\OneDrive\Documentos\DECAFIA_v2\01_dataset\decafia_clean\images\train\ROYA_MA_7.jpg,train,ROYA_MA_7
671,C:\Users\luise\OneDrive\Documentos\DECAFIA_v2\01_dataset\decafia_clean\images\train\ROYA_MA_8.jpg,train,ROYA_MA_8
672,C:\Users\luise\OneDrive\Documentos\DECAFIA_v2\01_dataset\decafia_clean\images\train\ROYA_MA_9.jpg,train,ROYA_MA_9
673,C:\Users\luise\OneDrive\Documentos\DECAFIA_v2\01_dataset\decafia_clean\images\train\ROYA_Muy_A_1.jpg,train,ROYA_Muy_A_1
674,C:\Users\luise\OneDrive\Documentos\DECAFIA_v2\01_dataset\decafia_clean\images\train\ROYA_Muy_A_10.jpg,train,ROYA_Muy_A_10
675,C:\Users\luise\OneDrive\Documentos\DECAFIA_v2\01_dataset\decafia_clean\images\train\ROYA_Muy_A_11.jpg,train,ROYA_Muy_A_11
676,C:\Users\luise\OneDrive\Documentos\DECAFIA_v2\01_dataset\decafia_clean\images\train\ROYA_Muy_A_12.jpg,train,ROYA_Muy_A_12
677,C:\Users\luise\OneDrive\Documentos\DECAFIA_v2\01_dataset\decafia_clean\images\train\ROYA_Muy_A_13.jpg,train,ROYA_Muy_A_13
678,C:\Users\luise\OneDrive\Documentos\DECAFIA_v2\01_dataset\decafia_clean\images\train\ROYA_Muy_A_14.jpg,train,ROYA_Muy_A_14
679,C:\Users\luise\OneDrive\Documentos\DECAFIA_v2\01_dataset\decafia_clean\images\train\ROYA_Muy_A_15.jpg,train,ROYA_Muy_A_15
680,C:\Users\luise\OneDrive\Documentos\DECAFIA_v2\01_dataset\decafia_clean\images\train\ROYA_Muy_A_16.jpg,train,ROYA_Muy_A_16
681,C:\Users\luise\OneDrive\Documentos\DECAFIA_v2\01_dataset\decafia_clean\images\train\ROYA_Muy_A_17.jpg,train,ROYA_Muy_A_17
682,C:\Users\luise\OneDrive\Documentos\DECAFIA_v2\01_dataset\decafia_clean\images\train\ROYA_Muy_A_18.jpg,train,ROYA_Muy_A_18
683,C:\Users\luise\OneDrive\Documentos\DECAFIA_v2\01_dataset\decafia_clean\images\train\ROYA_Muy_A_2.jpg,train,ROYA_Muy_A_2
684,C:\Users\luise\OneDrive\Documentos\DECAFIA_v2\01_dataset\decafia_clean\images\train\ROYA_Muy_A_20.jpg,train,ROYA_Muy_A_20
685,C:\Users\luise\OneDrive\Documentos\DECAFIA_v2\01_dataset\decafia_clean\images\train\ROYA_Muy_A_21.jpg,train,ROYA_Muy_A_21
686,C:\Users\luise\OneDrive\Documentos\DECAFIA_v2\01_dataset\decafia_clean\images\train\ROYA_Muy_A_22.jpg,train,ROYA_Muy_A_22
687,C:\Users\luise\OneDrive\Documentos\DECAFIA_v2\01_dataset\decafia_clean\images\train\ROYA_Muy_A_23.jpg,train,ROYA_Muy_A_23
688,C:\Users\luise\OneDrive\Documentos\DECAFIA_v2\01_dataset\decafia_clean\images\train\ROYA_Muy_A_24.jpg,train,ROYA_Muy_A_24
689,C:\Users\luise\OneDrive\Documentos\DECAFIA_v2\01_dataset\decafia_clean\images\train\ROYA_Muy_A_26.jpg,train,ROYA_Muy_A_26
690,C:\Users\luise\OneDrive\Documentos\DECAFIA_v2\01_dataset\decafia_clean\images\train\ROYA_Muy_A_27.jpg,train,ROYA_Muy_A_27
691,C:\Users\luise\OneDrive\Documentos\DECAFIA_v2\01_dataset\decafia_clean\images\train\ROYA_Muy_A_28.jpg,train,ROYA_Muy_A_28
692,C:\Users\luise\OneDrive\Documentos\DECAFIA_v2\01_dataset\decafia_clean\images\train\ROYA_Muy_A_29.jpg,train,ROYA_Muy_A_29
693,C:\Users\luise\OneDrive\Documentos\DECAFIA_v2\01_dataset\decafia_clean\images\train\ROYA_Muy_A_3.jpg,train,ROYA_Muy_A_3
694,C:\Users\luise\OneDrive\Documentos\DECAFIA_v2\01_dataset\decafia_clean\images\train\ROYA_Muy_A_31.jpg,train,ROYA_Muy_A_31
695,C:\Users\luise\OneDrive\Documentos\DECAFIA_v2\01_dataset\decafia_clean\images\train\ROYA_Muy_A_6.jpg,train,ROYA_Muy_A_6
696,C:\Users\luise\OneDrive\Documentos\DECAFIA_v2\01_dataset\decafia_clean\images\train\ROYA_Muy_A_7.jpg,train,ROYA_Muy_A_7
697,C:\Users\luise\OneDrive\Documentos\DECAFIA_v2\01_dataset\decafia_clean\images\train\ROYA_Muy_A_9.jpg,train,ROYA_Muy_A_9
698,C:\Users\luise\OneDrive\Documentos\DECAFIA_v2\01_dataset\decafia_clean\images\train\ROYA_P_A_10.jpg,train,ROYA_P_A_10
699,C:\Users\luise\OneDrive\Documentos\DECAFIA_v2\01_dataset\decafia_clean\images\train\ROYA_P_A_11.jpg,train,ROYA_P_A_11
700,C:\Users\luise\OneDrive\Documentos\DECAFIA_v2\01_dataset\decafia_clean\images\train\ROYA_P_A_13.jpg,train,ROYA_P_A_13
701,C:\Users\luise\OneDrive\Documentos\DECAFIA_v2\01_dataset\decafia_clean\images\train\ROYA_P_A_14.jpg,train,ROYA_P_A_14
702,C:\Users\luise\OneDrive\Documentos\DECAFIA_v2\01_dataset\decafia_clean\images\train\ROYA_P_A_15.jpg,train,ROYA_P_A_15
703,C:\Users\luise\OneDrive\Documentos\DECAFIA_v2\01_dataset\decafia_clean\images\train\ROYA_P_A_16.jpg,train,ROYA_P_A_16
704,C:\Users\luise\OneDrive\Documentos\DECAFIA_v2\01_dataset\decafia_clean\images\train\ROYA_P_A_17.jpg,train,ROYA_P_A_17
705,C:\Users\luise\OneDrive\Documentos\DECAFIA_v2\01_dataset\decafia_clean\images\train\ROYA_P_A_18.jpg,train,ROYA_P_A_18
706,C:\Users\luise\OneDrive\Documentos\DECAFIA_v2\01_dataset\decafia_clean\images\train\ROYA_P_A_19.jpg,train,ROYA_P_A_19
707,C:\Users\luise\OneDrive\Documentos\DECAFIA_v2\01_dataset\decafia_clean\images\train\ROYA_P_A_2.jpg,train,ROYA_P_A_2
708,C:\Users\luise\OneDrive\Documentos\DECAFIA_v2\01_dataset\decafia_clean\images\train\ROYA_P_A_20.jpg,train,ROYA_P_A_20
709,C:\Users\luise\OneDrive\Documentos\DECAFIA_v2\01_dataset\decafia_clean\images\train\ROYA_P_A_21.jpg,train,ROYA_P_A_21
710,C:\Users\luise\OneDrive\Documentos\DECAFIA_v2\01_dataset\decafia_clean\images\train\ROYA_P_A_23.jpg,train,ROYA_P_A_23
711,C:\Users\luise\OneDrive\Documentos\DECAFIA_v2\01_dataset\decafia_clean\images\train\ROYA_P_A_24.jpg,train,ROYA_P_A_24
712,C:\Users\luise\OneDrive\Documentos\DECAFIA_v2\01_dataset\decafia_clean\images\train\ROYA_P_A_27.jpg,train,ROYA_P_A_27
713,C:\Users\luise\OneDrive\Documentos\DECAFIA_v2\01_dataset\decafia_clean\images\train\ROYA_P_A_28.jpg,train,ROYA_P_A_28
714,C:\Users\luise\OneDrive\Documentos\DECAFIA_v2\01_dataset\decafia_clean\images\train\ROYA_P_A_29.jpg,train,ROYA_P_A_29
715,C:\Users\luise\OneDrive\Documentos\DECAFIA_v2\01_dataset\decafia_clean\images\train\ROYA_P_A_30.jpg,train,ROYA_P_A_30
716,C:\Users\luise\OneDrive\Documentos\DECAFIA_v2\01_dataset\decafia_clean\images\train\ROYA_P_A_31.jpg,train,ROYA_P_A_31
717,C:\Users\luise\OneDrive\Documentos\DECAFIA_v2\01_dataset\decafia_clean\images\train\ROYA_P_A_33.jpg,train,ROYA_P_A_33
718,C:\Users\luise\OneDrive\Documentos\DECAFIA_v2\01_dataset\decafia_clean\images\train\ROYA_P_A_34.jpg,train,ROYA_P_A_34
719,C:\Users\luise\OneDrive\Documentos\DECAFIA_v2\01_dataset\decafia_clean\images\train\ROYA_P_A_35.jpg,train,ROYA_P_A_35
720,C:\Users\luise\OneDrive\Documentos\DECAFIA_v2\01_dataset\decafia_clean\images\train\ROYA_P_A_36.jpg,train,ROYA_P_A_36
721,C:\Users\luise\OneDrive\Documentos\DECAFIA_v2\01_dataset\decafia_clean\images\train\ROYA_P_A_39.jpg,train,ROYA_P_A_39
722,C:\Users\luise\OneDrive\Documentos\DECAFIA_v2\01_dataset\decafia_clean\images\train\ROYA_P_A_4.jpg,train,ROYA_P_A_4
723,C:\Users\luise\OneDrive\Documentos\DECAFIA_v2\01_dataset\decafia_clean\images\train\ROYA_P_A_41.jpg,train,ROYA_P_A_41
724,C:\Users\luise\OneDrive\Documentos\DECAFIA_v2\01_dataset\decafia_clean\images\train\ROYA_P_A_43.jpg,train,ROYA_P_A_43
725,C:\Users\luise\OneDrive\Documentos\DECAFIA_v2\01_dataset\decafia_clean\images\train\ROYA_P_A_45.jpg,train,ROYA_P_A_45
726,C:\Users\luise\OneDrive\Documentos\DECAFIA_v2\01_dataset\decafia_clean\images\train\ROYA_P_A_46.jpg,train,ROYA_P_A_46
727,C:\Users\luise\OneDrive\Documentos\DECAFIA_v2\01_dataset\decafia_clean\images\train\ROYA_P_A_48.jpg,train,ROYA_P_A_48
728,C:\Users\luise\OneDrive\Documentos\DECAFIA_v2\01_dataset\decafia_clean\images\train\ROYA_P_A_49.jpg,train,ROYA_P_A_49
729,C:\Users\luise\OneDrive\Documentos\DECAFIA_v2\01_dataset\decafia_clean\images\train\ROYA_P_A_5.jpg,train,ROYA_P_A_5
730,C:\Users\luise\OneDrive\Documentos\DECAFIA_v2\01_dataset\decafia_clean\images\train\ROYA_P_A_50.jpg,train,ROYA_P_A_50
731,C:\Users\luise\OneDrive\Documentos\DECAFIA_v2\01_dataset\decafia_clean\images\train\ROYA_P_A_51.jpg,train,ROYA_P_A_51
732,C:\Users\luise\OneDrive\Documentos\DECAFIA_v2\01_dataset\decafia_clean\images\train\ROYA_P_A_52.jpg,train,ROYA_P_A_52
733,C:\Users\luise\OneDrive\Documentos\DECAFIA_v2\01_dataset\decafia_clean\images\train\ROYA_P_A_53.jpg,train,ROYA_P_A_53
734,C:\Users\luise\OneDrive\Documentos\DECAFIA_v2\01_dataset\decafia_clean\images\train\ROYA_P_A_54.jpg,train,ROYA_P_A_54
735,C:\Users\luise\OneDrive\Documentos\DECAFIA_v2\01_dataset\decafia_clean\images\train\ROYA_P_A_55.jpg,train,ROYA_P_A_55
736,C:\Users\luise\OneDrive\Documentos\DECAFIA_v2\01_dataset\decafia_clean\images\train\ROYA_P_A_56.jpg,train,ROYA_P_A_56
737,C:\Users\luise\OneDrive\Documentos\DECAFIA_v2\01_dataset\decafia_clean\images\train\ROYA_P_A_57.jpg,train,ROYA_P_A_57
738,C:\Users\luise\OneDrive\Documentos\DECAFIA_v2\01_dataset\decafia_clean\images\train\ROYA_P_A_59.jpg,train,ROYA_P_A_59
739,C:\Users\luise\OneDrive\Documentos\DECAFIA_v2\01_dataset\decafia_clean\images\train\ROYA_P_A_6.jpg,train,ROYA_P_A_6
740,C:\Users\luise\OneDrive\Documentos\DECAFIA_v2\01_dataset\decafia_clean\images\train\ROYA_P_A_60.jpg,train,ROYA_P_A_60
741,C:\Users\luise\OneDrive\Documentos\DECAFIA_v2\01_dataset\decafia_clean\images\train\ROYA_P_A_7.jpg,train,ROYA_P_A_7
742,C:\Users\luise\OneDrive\Documentos\DECAFIA_v2\01_dataset\decafia_clean\images\train\ROYA_P_A_8.jpg,train,ROYA_P_A_8
743,C:\Users\luise\OneDrive\Documentos\DECAFIA_v2\01_dataset\decafia_clean\images\train\ROYA_RECORTES_10.jpg,train,ROYA_RECORTES_10
744,C:\Users\luise\OneDrive\Documentos\DECAFIA_v2\01_dataset\decafia_clean\images\train\ROYA_RECORTES_101.jpg,train,ROYA_RECORTES_101
745,C:\Users\luise\OneDrive\Documentos\DECAFIA_v2\01_dataset\decafia_clean\images\train\ROYA_RECORTES_103.jpg,train,ROYA_RECORTES_103
746,C:\Users\luise\OneDrive\Documentos\DECAFIA_v2\01_dataset\decafia_clean\images\train\ROYA_RECORTES_104.jpg,train,ROYA_RECORTES_104
747,C:\Users\luise\OneDrive\Documentos\DECAFIA_v2\01_dataset\decafia_clean\images\train\ROYA_RECORTES_106.jpg,train,ROYA_RECORTES_106
748,C:\Users\luise\OneDrive\Documentos\DECAFIA_v2\01_dataset\decafia_clean\images\train\ROYA_RECORTES_107.jpg,train,ROYA_RECORTES_107
749,C:\Users\luise\OneDrive\Documentos\DECAFIA_v2\01_dataset\decafia_clean\images\train\ROYA_RECORTES_108.jpg,train,ROYA_RECORTES_108
750,C:\Users\luise\OneDrive\Documentos\DECAFIA_v2\01_dataset\decafia_clean\images\train\ROYA_RECORTES_109.jpg,train,ROYA_RECORTES_109
751,C:\Users\luise\OneDrive\Documentos\DECAFIA_v2\01_dataset\decafia_clean\images\train\ROYA_RECORTES_110.jpg,train,ROYA_RECORTES_110
752,C:\Users\luise\OneDrive\Documentos\DECAFIA_v2\01_dataset\decafia_clean\images\train\ROYA_RECORTES_12.jpg,train,ROYA_RECORTES_12
753,C:\Users\luise\OneDrive\Documentos\DECAFIA_v2\01_dataset\decafia_clean\images\train\ROYA_RECORTES_13.jpg,train,ROYA_RECORTES_13
754,C:\Users\luise\OneDrive\Documentos\DECAFIA_v2\01_dataset\decafia_clean\images\train\ROYA_RECORTES_14.jpg,train,ROYA_RECORTES_14
755,C:\Users\luise\OneDrive\Documentos\DECAFIA_v2\01_dataset\decafia_clean\images\train\ROYA_RECORTES_15.jpg,train,ROYA_RECORTES_15
756,C:\Users\luise\OneDrive\Documentos\DECAFIA_v2\01_dataset\decafia_clean\images\train\ROYA_RECORTES_16.jpg,train,ROYA_RECORTES_16
757,C:\Users\luise\OneDrive\Documentos\DECAFIA_v2\01_dataset\decafia_clean\images\train\ROYA_RECORTES_17.jpg,train,ROYA_RECORTES_17
758,C:\Users\luise\OneDrive\Documentos\DECAFIA_v2\01_dataset\decafia_clean\images\train\ROYA_RECORTES_18.jpg,train,ROYA_RECORTES_18
759,C:\Users\luise\OneDrive\Documentos\DECAFIA_v2\01_dataset\decafia_clean\images\train\ROYA_RECORTES_19.jpg,train,ROYA_RECORTES_19
760,C:\Users\luise\OneDrive\Documentos\DECAFIA_v2\01_dataset\decafia_clean\images\train\ROYA_RECORTES_2.jpg,train,ROYA_RECORTES_2
761,C:\Users\luise\OneDrive\Documentos\DECAFIA_v2\01_dataset\decafia_clean\images\train\ROYA_RECORTES_20.jpg,train,ROYA_RECORTES_20
762,C:\Users\luise\OneDrive\Documentos\DECAFIA_v2\01_dataset\decafia_clean\images\train\ROYA_RECORTES_21.jpg,train,ROYA_RECORTES_21
763,C:\Users\luise\OneDrive\Documentos\DECAFIA_v2\01_dataset\decafia_clean\images\train\ROYA_RECORTES_23.jpg,train,ROYA_RECORTES_23
764,C:\Users\luise\OneDrive\Documentos\DECAFIA_v2\01_dataset\decafia_clean\images\train\ROYA_RECORTES_24.jpg,train,ROYA_RECORTES_24
765,C:\Users\luise\OneDrive\Documentos\DECAFIA_v2\01_dataset\decafia_clean\images\train\ROYA_RECORTES_25.jpg,train,ROYA_RECORTES_25
766,C:\Users\luise\OneDrive\Documentos\DECAFIA_v2\01_dataset\decafia_clean\images\train\ROYA_RECORTES_26.jpg,train,ROYA_RECORTES_26
767,C:\Users\luise\OneDrive\Documentos\DECAFIA_v2\01_dataset\decafia_clean\images\train\ROYA_RECORTES_27.jpg,train,ROYA_RECORTES_27
768,C:\Users\luise\OneDrive\Documentos\DECAFIA_v2\01_dataset\decafia_clean\images\train\ROYA_RECORTES_29.jpg,train,ROYA_RECORTES_29
769,C:\Users\luise\OneDrive\Documentos\DECAFIA_v2\01_dataset\decafia_clean\images\train\ROYA_RECORTES_3.jpg,train,ROYA_RECORTES_3
770,C:\Users\luise\OneDrive\Documentos\DECAFIA_v2\01_dataset\decafia_clean\images\train\ROYA_RECORTES_31.jpg,train,ROYA_RECORTES_31
771,C:\Users\luise\OneDrive\Documentos\DECAFIA_v2\01_dataset\decafia_clean\images\train\ROYA_RECORTES_33.jpg,train,ROYA_RECORTES_33
772,C:\Users\luise\OneDrive\Documentos\DECAFIA_v2\01_dataset\decafia_clean\images\train\ROYA_RECORTES_35.jpg,train,ROYA_RECORTES_35
773,C:\Users\luise\OneDrive\Documentos\DECAFIA_v2\01_dataset\decafia_clean\images\train\ROYA_RECORTES_39.jpg,train,ROYA_RECORTES_39
774,C:\Users\luise\OneDrive\Documentos\DECAFIA_v2\01_dataset\decafia_clean\images\train\ROYA_RECORTES_41.jpg,train,ROYA_RECORTES_41
775,C:\Users\luise\OneDrive\Documentos\DECAFIA_v2\01_dataset\decafia_clean\images\train\ROYA_RECORTES_42.jpg,train,ROYA_RECORTES_42
776,C:\Users\luise\OneDrive\Documentos\DECAFIA_v2\01_dataset\decafia_clean\images\train\ROYA_RECORTES_44.jpg,train,ROYA_RECORTES_44
777,C:\Users\luise\OneDrive\Documentos\DECAFIA_v2\01_dataset\decafia_clean\images\train\ROYA_RECORTES_45.jpg,train,ROYA_RECORTES_45
778,C:\Users\luise\OneDrive\Documentos\DECAFIA_v2\01_dataset\decafia_clean\images\train\ROYA_RECORTES_46.jpg,train,ROYA_RECORTES_46
779,C:\Users\luise\OneDrive\Documentos\DECAFIA_v2\01_dataset\decafia_clean\images\train\ROYA_RECORTES_49.jpg,train,ROYA_RECORTES_49
780,C:\Users\luise\OneDrive\Documentos\DECAFIA_v2\01_dataset\decafia_clean\images\train\ROYA_RECORTES_50.jpg,train,ROYA_RECORTES_50
781,C:\Users\luise\OneDrive\Documentos\DECAFIA_v2\01_dataset\decafia_clean\images\train\ROYA_RECORTES_51.jpg,train,ROYA_RECORTES_51
782,C:\Users\luise\OneDrive\Documentos\DECAFIA_v2\01_dataset\decafia_clean\images\train\ROYA_RECORTES_53.jpg,train,ROYA_RECORTES_53
783,C:\Users\luise\OneDrive\Documentos\DECAFIA_v2\01_dataset\decafia_clean\images\train\ROYA_RECORTES_54.jpg,train,ROYA_RECORTES_54
784,C:\Users\luise\OneDrive\Documentos\DECAFIA_v2\01_dataset\decafia_clean\images\train\ROYA_RECORTES_57.jpg,train,ROYA_RECORTES_57
785,C:\Users\luise\OneDrive\Documentos\DECAFIA_v2\01_dataset\decafia_clean\images\train\ROYA_RECORTES_58.jpg,train,ROYA_RECORTES_58
786,C:\Users\luise\OneDrive\Documentos\DECAFIA_v2\01_dataset\decafia_clean\images\train\ROYA_RECORTES_59.jpg,train,ROYA_RECORTES_59
787,C:\Users\luise\OneDrive\Documentos\DECAFIA_v2\01_dataset\decafia_clean\images\train\ROYA_RECORTES_6.jpg,train,ROYA_RECORTES_6
788,C:\Users\luise\OneDrive\Documentos\DECAFIA_v2\01_dataset\decafia_clean\images\train\ROYA_RECORTES_60.jpg,train,ROYA_RECORTES_60
789,C:\Users\luise\OneDrive\Documentos\DECAFIA_v2\01_dataset\decafia_clean\images\train\ROYA_RECORTES_62.jpg,train,ROYA_RECORTES_62
790,C:\Users\luise\OneDrive\Documentos\DECAFIA_v2\01_dataset\decafia_clean\images\train\ROYA_RECORTES_64.jpg,train,ROYA_RECORTES_64
791,C:\Users\luise\OneDrive\Documentos\DECAFIA_v2\01_dataset\decafia_clean\images\train\ROYA_RECORTES_65.jpg,train,ROYA_RECORTES_65
792,C:\Users\luise\OneDrive\Documentos\DECAFIA_v2\01_dataset\decafia_clean\images\train\ROYA_RECORTES_67.jpg,train,ROYA_RECORTES_67
793,C:\Users\luise\OneDrive\Documentos\DECAFIA_v2\01_dataset\decafia_clean\images\train\ROYA_RECORTES_69.jpg,train,ROYA_RECORTES_69
794,C:\Users\luise\OneDrive\Documentos\DECAFIA_v2\01_dataset\decafia_clean\images\train\ROYA_RECORTES_7.jpg,train,ROYA_RECORTES_7
795,C:\Users\luise\OneDrive\Documentos\DECAFIA_v2\01_dataset\decafia_clean\images\train\ROYA_RECORTES_71.jpg,train,ROYA_RECORTES_71
796,C:\Users\luise\OneDrive\Documentos\DECAFIA_v2\01_dataset\decafia_clean\images\train\ROYA_RECORTES_72.jpg,train,ROYA_RECORTES_72
797,C:\Users\luise\OneDrive\Documentos\DECAFIA_v2\01_dataset\decafia_clean\images\train\ROYA_RECORTES_73.jpg,train,ROYA_RECORTES_73
798,C:\Users\luise\OneDrive\Documentos\DECAFIA_v2\01_dataset\decafia_clean\images\train\ROYA_RECORTES_74.jpg,train,ROYA_RECORTES_74
799,C:\Users\luise\OneDrive\Documentos\DECAFIA_v2\01_dataset\decafia_clean\images\train\ROYA_RECORTES_76.jpg,train,ROYA_RECORTES_76
800,C:\Users\luise\OneDrive\Documentos\DECAFIA_v2\01_dataset\decafia_clean\images\train\ROYA_RECORTES_77.jpg,train,ROYA_RECORTES_77
801,C:\Users\luise\OneDrive\Documentos\DECAFIA_v2\01_dataset\decafia_clean\images\train\ROYA_RECORTES_8.jpg,train,ROYA_RECORTES_8
802,C:\Users\luise\OneDrive\Documentos\DECAFIA_v2\01_dataset\decafia_clean\images\train\ROYA_RECORTES_80.jpg,train,ROYA_RECORTES_80
803,C:\Users\luise\OneDrive\Documentos\DECAFIA_v2\01_dataset\decafia_clean\images\train\ROYA_RECORTES_81.jpg,train,ROYA_RECORTES_81
804,C:\Users\luise\OneDrive\Documentos\DECAFIA_v2\01_dataset\decafia_clean\images\train\ROYA_RECORTES_82.jpg,train,ROYA_RECORTES_82
805,C:\Users\luise\OneDrive\Documentos\DECAFIA_v2\01_dataset\decafia_clean\images\train\ROYA_RECORTES_83.jpg,train,ROYA_RECORTES_83
806,C:\Users\luise\OneDrive\Documentos\DECAFIA_v2\01_dataset\decafia_clean\images\train\ROYA_RECORTES_85.jpg,train,ROYA_RECORTES_85
807,C:\Users\luise\OneDrive\Documentos\DECAFIA_v2\01_dataset\decafia_clean\images\train\ROYA_RECORTES_86.jpg,train,ROYA_RECORTES_86
808,C:\Users\luise\OneDrive\Documentos\DECAFIA_v2\01_dataset\decafia_clean\images\train\ROYA_RECORTES_87.jpg,train,ROYA_RECORTES_87
809,C:\Users\luise\OneDrive\Documentos\DECAFIA_v2\01_dataset\decafia_clean\images\train\ROYA_RECORTES_88.jpg,train,ROYA_RECORTES_88
810,C:\Users\luise\OneDrive\Documentos\DECAFIA_v2\01_dataset\decafia_clean\images\train\ROYA_RECORTES_89.jpg,train,ROYA_RECORTES_89
811,C:\Users\luise\OneDrive\Documentos\DECAFIA_v2\01_dataset\decafia_clean\images\train\ROYA_RECORTES_9.jpg,train,ROYA_RECORTES_9
812,C:\Users\luise\OneDrive\Documentos\DECAFIA_v2\01_dataset\decafia_clean\images\train\ROYA_RECORTES_90.jpg,train,ROYA_RECORTES_90
813,C:\Users\luise\OneDrive\Documentos\DECAFIA_v2\01_dataset\decafia_clean\images\train\ROYA_RECORTES_91.jpg,train,ROYA_RECORTES_91
814,C:\Users\luise\OneDrive\Documentos\DECAFIA_v2\01_dataset\decafia_clean\images\train\ROYA_RECORTES_92.jpg,train,ROYA_RECORTES_92
815,C:\Users\luise\OneDrive\Documentos\DECAFIA_v2\01_dataset\decafia_clean\images\train\ROYA_RECORTES_93.jpg,train,ROYA_RECORTES_93
816,C:\Users\luise\OneDrive\Documentos\DECAFIA_v2\01_dataset\decafia_clean\images\train\ROYA_RECORTES_95.jpg,train,ROYA_RECORTES_95
817,C:\Users\luise\OneDrive\Documentos\DECAFIA_v2\01_dataset\decafia_clean\images\train\ROYA_RECORTES_96.jpg,train,ROYA_RECORTES_96
818,C:\Users\luise\OneDrive\Documentos\DECAFIA_v2\01_dataset\decafia_clean\images\train\ROYA_RECORTES_98.jpg,train,ROYA_RECORTES_98
819,C:\Users\luise\OneDrive\Documentos\DECAFIA_v2\01_dataset\decafia_clean\images\train\ROYA_RECORTES_99.jpg,train,ROYA_RECORTES_99
820,C:\Users\luise\OneDrive\Documentos\DECAFIA_v2\01_dataset\decafia_clean\images\train\SANAS_NUEVAS_1.jpg,train,SANAS_NUEVAS_1
821,C:\Users\luise\OneDrive\Documentos\DECAFIA_v2\01_dataset\decafia_clean\images\train\SANAS_NUEVAS_100.jpg,train,SANAS_NUEVAS_100
822,C:\Users\luise\OneDrive\Documentos\DECAFIA_v2\01_dataset\decafia_clean\images\train\SANAS_NUEVAS_104.jpg,train,SANAS_NUEVAS_104
823,C:\Users\luise\OneDrive\Documentos\DECAFIA_v2\01_dataset\decafia_clean\images\train\SANAS_NUEVAS_105.jpg,train,SANAS_NUEVAS_105
824,C:\Users\luise\OneDrive\Documentos\DECAFIA_v2\01_dataset\decafia_clean\images\train\SANAS_NUEVAS_106.jpg,train,SANAS_NUEVAS_106
825,C:\Users\luise\OneDrive\Documentos\DECAFIA_v2\01_dataset\decafia_clean\images\train\SANAS_NUEVAS_107.jpg,train,SANAS_NUEVAS_107
826,C:\Users\luise\OneDrive\Documentos\DECAFIA_v2\01_dataset\decafia_clean\images\train\SANAS_NUEVAS_108.jpg,train,SANAS_NUEVAS_108
827,C:\Users\luise\OneDrive\Documentos\DECAFIA_v2\01_dataset\decafia_clean\images\train\SANAS_NUEVAS_109.jpg,train,SANAS_NUEVAS_109
828,C:\Users\luise\OneDrive\Documentos\DECAFIA_v2\01_dataset\decafia_clean\images\train\SANAS_NUEVAS_11.jpg,train,SANAS_NUEVAS_11
829,C:\Users\luise\OneDrive\Documentos\DECAFIA_v2\01_dataset\decafia_clean\images\train\SANAS_NUEVAS_110.jpg,train,SANAS_NUEVAS_110
830,C:\Users\luise\OneDrive\Documentos\DECAFIA_v2\01_dataset\decafia_clean\images\train\SANAS_NUEVAS_113.jpg,train,SANAS_NUEVAS_113
831,C:\Users\luise\OneDrive\Documentos\DECAFIA_v2\01_dataset\decafia_clean\images\train\SANAS_NUEVAS_115.jpg,train,SANAS_NUEVAS_115
832,C:\Users\luise\OneDrive\Documentos\DECAFIA_v2\01_dataset\decafia_clean\images\train\SANAS_NUEVAS_116.jpg,train,SANAS_NUEVAS_116
833,C:\Users\luise\OneDrive\Documentos\DECAFIA_v2\01_dataset\decafia_clean\images\train\SANAS_NUEVAS_117.jpg,train,SANAS_NUEVAS_117
834,C:\Users\luise\OneDrive\Documentos\DECAFIA_v2\01_dataset\decafia_clean\images\train\SANAS_NUEVAS_119.jpg,train,SANAS_NUEVAS_119
835,C:\Users\luise\OneDrive\Documentos\DECAFIA_v2\01_dataset\decafia_clean\images\train\SANAS_NUEVAS_12.jpg,train,SANAS_NUEVAS_12
836,C:\Users\luise\OneDrive\Documentos\DECAFIA_v2\01_dataset\decafia_clean\images\train\SANAS_NUEVAS_123.jpg,train,SANAS_NUEVAS_123
837,C:\Users\luise\OneDrive\Documentos\DECAFIA_v2\01_dataset\decafia_clean\images\train\SANAS_NUEVAS_124.jpg,train,SANAS_NUEVAS_124
838,C:\Users\luise\OneDrive\Documentos\DECAFIA_v2\01_dataset\decafia_clean\images\train\SANAS_NUEVAS_126.jpg,train,SANAS_NUEVAS_126
839,C:\Users\luise\OneDrive\Documentos\DECAFIA_v2\01_dataset\decafia_clean\images\train\SANAS_NUEVAS_127.jpg,train,SANAS_NUEVAS_127
840,C:\Users\luise\OneDrive\Documentos\DECAFIA_v2\01_dataset\decafia_clean\images\train\SANAS_NUEVAS_129.jpg,train,SANAS_NUEVAS_129
841,C:\Users\luise\OneDrive\Documentos\DECAFIA_v2\01_dataset\decafia_clean\images\train\SANAS_NUEVAS_13.jpg,train,SANAS_NUEVAS_13
842,C:\Users\luise\OneDrive\Documentos\DECAFIA_v2\01_dataset\decafia_clean\images\train\SANAS_NUEVAS_130.jpg,train,SANAS_NUEVAS_130
843,C:\Users\luise\OneDrive\Documentos\DECAFIA_v2\01_dataset\decafia_clean\images\train\SANAS_NUEVAS_131.jpg,train,SANAS_NUEVAS_131
844,C:\Users\luise\OneDrive\Documentos\DECAFIA_v2\01_dataset\decafia_clean\images\train\SANAS_NUEVAS_132.jpg,train,SANAS_NUEVAS_132
845,C:\Users\luise\OneDrive\Documentos\DECAFIA_v2\01_dataset\decafia_clean\images\train\SANAS_NUEVAS_134.jpg,train,SANAS_NUEVAS_134
846,C:\Users\luise\OneDrive\Documentos\DECAFIA_v2\01_dataset\decafia_clean\images\train\SANAS_NUEVAS_136.jpg,train,SANAS_NUEVAS_136
847,C:\Users\luise\OneDrive\Documentos\DECAFIA_v2\01_dataset\decafia_clean\images\train\SANAS_NUEVAS_137.jpg,train,SANAS_NUEVAS_137
848,C:\Users\luise\OneDrive\Documentos\DECAFIA_v2\01_dataset\decafia_clean\images\train\SANAS_NUEVAS_138.jpg,train,SANAS_NUEVAS_138
849,C:\Users\luise\OneDrive\Documentos\DECAFIA_v2\01_dataset\decafia_clean\images\train\SANAS_NUEVAS_14.jpg,train,SANAS_NUEVAS_14
850,C:\Users\luise\OneDrive\Documentos\DECAFIA_v2\01_dataset\decafia_clean\images\train\SANAS_NUEVAS_140.jpg,train,SANAS_NUEVAS_140
851,C:\Users\luise\OneDrive\Documentos\DECAFIA_v2\01_dataset\decafia_clean\images\train\SANAS_NUEVAS_142.jpg,train,SANAS_NUEVAS_142
852,C:\Users\luise\OneDrive\Documentos\DECAFIA_v2\01_dataset\decafia_clean\images\train\SANAS_NUEVAS_143.jpg,train,SANAS_NUEVAS_143
853,C:\Users\luise\OneDrive\Documentos\DECAFIA_v2\01_dataset\decafia_clean\images\train\SANAS_NUEVAS_147.jpg,train,SANAS_NUEVAS_147
854,C:\Users\luise\OneDrive\Documentos\DECAFIA_v2\01_dataset\decafia_clean\images\train\SANAS_NUEVAS_148.jpg,train,SANAS_NUEVAS_148
855,C:\Users\luise\OneDrive\Documentos\DECAFIA_v2\01_dataset\decafia_clean\images\train\SANAS_NUEVAS_15.jpg,train,SANAS_NUEVAS_15
856,C:\Users\luise\OneDrive\Documentos\DECAFIA_v2\01_dataset\decafia_clean\images\train\SANAS_NUEVAS_150.jpg,train,SANAS_NUEVAS_150
857,C:\Users\luise\OneDrive\Documentos\DECAFIA_v2\01_dataset\decafia_clean\images\train\SANAS_NUEVAS_151.jpg,train,SANAS_NUEVAS_151
858,C:\Users\luise\OneDrive\Documentos\DECAFIA_v2\01_dataset\decafia_clean\images\train\SANAS_NUEVAS_152.jpg,train,SANAS_NUEVAS_152
859,C:\Users\luise\OneDrive\Documentos\DECAFIA_v2\01_dataset\decafia_clean\images\train\SANAS_NUEVAS_153.jpg,train,SANAS_NUEVAS_153
860,C:\Users\luise\OneDrive\Documentos\DECAFIA_v2\01_dataset\decafia_clean\images\train\SANAS_NUEVAS_154.jpg,train,SANAS_NUEVAS_154
861,C:\Users\luise\OneDrive\Documentos\DECAFIA_v2\01_dataset\decafia_clean\images\train\SANAS_NUEVAS_155.jpg,train,SANAS_NUEVAS_155
862,C:\Users\luise\OneDrive\Documentos\DECAFIA_v2\01_dataset\decafia_clean\images\train\SANAS_NUEVAS_156.jpg,train,SANAS_NUEVAS_156
863,C:\Users\luise\OneDrive\Documentos\DECAFIA_v2\01_dataset\decafia_clean\images\train\SANAS_NUEVAS_158.jpg,train,SANAS_NUEVAS_158
864,C:\Users\luise\OneDrive\Documentos\DECAFIA_v2\01_dataset\decafia_clean\images\train\SANAS_NUEVAS_161.jpg,train,SANAS_NUEVAS_161
865,C:\Users\luise\OneDrive\Documentos\DECAFIA_v2\01_dataset\decafia_clean\images\train\SANAS_NUEVAS_162.jpg,train,SANAS_NUEVAS_162
866,C:\Users\luise\OneDrive\Documentos\DECAFIA_v2\01_dataset\decafia_clean\images\train\SANAS_NUEVAS_164.jpg,train,SANAS_NUEVAS_164
867,C:\Users\luise\OneDrive\Documentos\DECAFIA_v2\01_dataset\decafia_clean\images\train\SANAS_NUEVAS_165.jpg,train,SANAS_NUEVAS_165
868,C:\Users\luise\OneDrive\Documentos\DECAFIA_v2\01_dataset\decafia_clean\images\train\SANAS_NUEVAS_166.jpg,train,SANAS_NUEVAS_166
869,C:\Users\luise\OneDrive\Documentos\DECAFIA_v2\01_dataset\decafia_clean\images\train\SANAS_NUEVAS_168.jpg,train,SANAS_NUEVAS_168
870,C:\Users\luise\OneDrive\Documentos\DECAFIA_v2\01_dataset\decafia_clean\images\train\SANAS_NUEVAS_17.jpg,train,SANAS_NUEVAS_17
871,C:\Users\luise\OneDrive\Documentos\DECAFIA_v2\01_dataset\decafia_clean\images\train\SANAS_NUEVAS_170.jpg,train,SANAS_NUEVAS_170
872,C:\Users\luise\OneDrive\Documentos\DECAFIA_v2\01_dataset\decafia_clean\images\train\SANAS_NUEVAS_171.jpg,train,SANAS_NUEVAS_171
873,C:\Users\luise\OneDrive\Documentos\DECAFIA_v2\01_dataset\decafia_clean\images\train\SANAS_NUEVAS_173.jpg,train,SANAS_NUEVAS_173
874,C:\Users\luise\OneDrive\Documentos\DECAFIA_v2\01_dataset\decafia_clean\images\train\SANAS_NUEVAS_174.jpg,train,SANAS_NUEVAS_174
875,C:\Users\luise\OneDrive\Documentos\DECAFIA_v2\01_dataset\decafia_clean\images\train\SANAS_NUEVAS_175.jpg,train,SANAS_NUEVAS_175
876,C:\Users\luise\OneDrive\Documentos\DECAFIA_v2\01_dataset\decafia_clean\images\train\SANAS_NUEVAS_176.jpg,train,SANAS_NUEVAS_176
877,C:\Users\luise\OneDrive\Documentos\DECAFIA_v2\01_dataset\decafia_clean\images\train\SANAS_NUEVAS_178.jpg,train,SANAS_NUEVAS_178
878,C:\Users\luise\OneDrive\Documentos\DECAFIA_v2\01_dataset\decafia_clean\images\train\SANAS_NUEVAS_179.jpg,train,SANAS_NUEVAS_179
879,C:\Users\luise\OneDrive\Documentos\DECAFIA_v2\01_dataset\decafia_clean\images\train\SANAS_NUEVAS_180.jpg,train,SANAS_NUEVAS_180
880,C:\Users\luise\OneDrive\Documentos\DECAFIA_v2\01_dataset\decafia_clean\images\train\SANAS_NUEVAS_181.jpg,train,SANAS_NUEVAS_181
881,C:\Users\luise\OneDrive\Documentos\DECAFIA_v2\01_dataset\decafia_clean\images\train\SANAS_NUEVAS_182.jpg,train,SANAS_NUEVAS_182
882,C:\Users\luise\OneDrive\Documentos\DECAFIA_v2\01_dataset\decafia_clean\images\train\SANAS_NUEVAS_183.jpg,train,SANAS_NUEVAS_183
883,C:\Users\luise\OneDrive\Documentos\DECAFIA_v2\01_dataset\decafia_clean\images\train\SANAS_NUEVAS_184.jpg,train,SANAS_NUEVAS_184
884,C:\Users\luise\OneDrive\Documentos\DECAFIA_v2\01_dataset\decafia_clean\images\train\SANAS_NUEVAS_185.jpg,train,SANAS_NUEVAS_185
885,C:\Users\luise\OneDrive\Documentos\DECAFIA_v2\01_dataset\decafia_clean\images\train\SANAS_NUEVAS_187.jpg,train,SANAS_NUEVAS_187
886,C:\Users\luise\OneDrive\Documentos\DECAFIA_v2\01_dataset\decafia_clean\images\train\SANAS_NUEVAS_189.jpg,train,SANAS_NUEVAS_189
887,C:\Users\luise\OneDrive\Documentos\DECAFIA_v2\01_dataset\decafia_clean\images\train\SANAS_NUEVAS_19.jpg,train,SANAS_NUEVAS_19
888,C:\Users\luise\OneDrive\Documentos\DECAFIA_v2\01_dataset\decafia_clean\images\train\SANAS_NUEVAS_190.jpg,train,SANAS_NUEVAS_190
889,C:\Users\luise\OneDrive\Documentos\DECAFIA_v2\01_dataset\decafia_clean\images\train\SANAS_NUEVAS_191.jpg,train,SANAS_NUEVAS_191
890,C:\Users\luise\OneDrive\Documentos\DECAFIA_v2\01_dataset\decafia_clean\images\train\SANAS_NUEVAS_192.jpg,train,SANAS_NUEVAS_192
891,C:\Users\luise\OneDrive\Documentos\DECAFIA_v2\01_dataset\decafia_clean\images\train\SANAS_NUEVAS_193.jpg,train,SANAS_NUEVAS_193
892,C:\Users\luise\OneDrive\Documentos\DECAFIA_v2\01_dataset\decafia_clean\images\train\SANAS_NUEVAS_195.jpg,train,SANAS_NUEVAS_195
893,C:\Users\luise\OneDrive\Documentos\DECAFIA_v2\01_dataset\decafia_clean\images\train\SANAS_NUEVAS_196.jpg,train,SANAS_NUEVAS_196
894,C:\Users\luise\OneDrive\Documentos\DECAFIA_v2\01_dataset\decafia_clean\images\train\SANAS_NUEVAS_197.jpg,train,SANAS_NUEVAS_197
895,C:\Users\luise\OneDrive\Documentos\DECAFIA_v2\01_dataset\decafia_clean\images\train\SANAS_NUEVAS_198.jpg,train,SANAS_NUEVAS_198
896,C:\Users\luise\OneDrive\Documentos\DECAFIA_v2\01_dataset\decafia_clean\images\train\SANAS_NUEVAS_199.jpg,train,SANAS_NUEVAS_199
897,C:\Users\luise\OneDrive\Documentos\DECAFIA_v2\01_dataset\decafia_clean\images\train\SANAS_NUEVAS_2.jpg,train,SANAS_NUEVAS_2
898,C:\Users\luise\OneDrive\Documentos\DECAFIA_v2\01_dataset\decafia_clean\images\train\SANAS_NUEVAS_20.jpg,train,SANAS_NUEVAS_20
899,C:\Users\luise\OneDrive\Documentos\DECAFIA_v2\01_dataset\decafia_clean\images\train\SANAS_NUEVAS_201.jpg,train,SANAS_NUEVAS_201
900,C:\Users\luise\OneDrive\Documentos\DECAFIA_v2\01_dataset\decafia_clean\images\train\SANAS_NUEVAS_202.jpg,train,SANAS_NUEVAS_202
901,C:\Users\luise\OneDrive\Documentos\DECAFIA_v2\01_dataset\decafia_clean\images\train\SANAS_NUEVAS_205.jpg,train,SANAS_NUEVAS_205
902,C:\Users\luise\OneDrive\Documentos\DECAFIA_v2\01_dataset\decafia_clean\images\train\SANAS_NUEVAS_206.jpg,train,SANAS_NUEVAS_206
903,C:\Users\luise\OneDrive\Documentos\DECAFIA_v2\01_dataset\decafia_clean\images\train\SANAS_NUEVAS_207.jpg,train,SANAS_NUEVAS_207
904,C:\Users\luise\OneDrive\Documentos\DECAFIA_v2\01_dataset\decafia_clean\images\train\SANAS_NUEVAS_209.jpg,train,SANAS_NUEVAS_209
905,C:\Users\luise\OneDrive\Documentos\DECAFIA_v2\01_dataset\decafia_clean\images\train\SANAS_NUEVAS_210.jpg,train,SANAS_NUEVAS_210
906,C:\Users\luise\OneDrive\Documentos\DECAFIA_v2\01_dataset\decafia_clean\images\train\SANAS_NUEVAS_211.jpg,train,SANAS_NUEVAS_211
907,C:\Users\luise\OneDrive\Documentos\DECAFIA_v2\01_dataset\decafia_clean\images\train\SANAS_NUEVAS_212.jpg,train,SANAS_NUEVAS_212
908,C:\Users\luise\OneDrive\Documentos\DECAFIA_v2\01_dataset\decafia_clean\images\train\SANAS_NUEVAS_214.jpg,train,SANAS_NUEVAS_214
909,C:\Users\luise\OneDrive\Documentos\DECAFIA_v2\01_dataset\decafia_clean\images\train\SANAS_NUEVAS_216.jpg,train,SANAS_NUEVAS_216
910,C:\Users\luise\OneDrive\Documentos\DECAFIA_v2\01_dataset\decafia_clean\images\train\SANAS_NUEVAS_218.jpg,train,SANAS_NUEVAS_218
911,C:\Users\luise\OneDrive\Documentos\DECAFIA_v2\01_dataset\decafia_clean\images\train\SANAS_NUEVAS_219.jpg,train,SANAS_NUEVAS_219
912,C:\Users\luise\OneDrive\Documentos\DECAFIA_v2\01_dataset\decafia_clean\images\train\SANAS_NUEVAS_22.jpg,train,SANAS_NUEVAS_22
913,C:\Users\luise\OneDrive\Documentos\DECAFIA_v2\01_dataset\decafia_clean\images\train\SANAS_NUEVAS_221.jpg,train,SANAS_NUEVAS_221
914,C:\Users\luise\OneDrive\Documentos\DECAFIA_v2\01_dataset\decafia_clean\images\train\SANAS_NUEVAS_222.jpg,train,SANAS_NUEVAS_222
915,C:\Users\luise\OneDrive\Documentos\DECAFIA_v2\01_dataset\decafia_clean\images\train\SANAS_NUEVAS_224.jpg,train,SANAS_NUEVAS_224
916,C:\Users\luise\OneDrive\Documentos\DECAFIA_v2\01_dataset\decafia_clean\images\train\SANAS_NUEVAS_225.jpg,train,SANAS_NUEVAS_225
917,C:\Users\luise\OneDrive\Documentos\DECAFIA_v2\01_dataset\decafia_clean\images\train\SANAS_NUEVAS_226.jpg,train,SANAS_NUEVAS_226
918,C:\Users\luise\OneDrive\Documentos\DECAFIA_v2\01_dataset\decafia_clean\images\train\SANAS_NUEVAS_227.jpg,train,SANAS_NUEVAS_227
919,C:\Users\luise\OneDrive\Documentos\DECAFIA_v2\01_dataset\decafia_clean\images\train\SANAS_NUEVAS_228.jpg,train,SANAS_NUEVAS_228
920,C:\Users\luise\OneDrive\Documentos\DECAFIA_v2\01_dataset\decafia_clean\images\train\SANAS_NUEVAS_229.jpg,train,SANAS_NUEVAS_229
921,C:\Users\luise\OneDrive\Documentos\DECAFIA_v2\01_dataset\decafia_clean\images\train\SANAS_NUEVAS_23.jpg,train,SANAS_NUEVAS_23
922,C:\Users\luise\OneDrive\Documentos\DECAFIA_v2\01_dataset\decafia_clean\images\train\SANAS_NUEVAS_230.jpg,train,SANAS_NUEVAS_230
923,C:\Users\luise\OneDrive\Documentos\DECAFIA_v2\01_dataset\decafia_clean\images\train\SANAS_NUEVAS_231.jpg,train,SANAS_NUEVAS_231
924,C:\Users\luise\OneDrive\Documentos\DECAFIA_v2\01_dataset\decafia_clean\images\train\SANAS_NUEVAS_232.jpg,train,SANAS_NUEVAS_232
925,C:\Users\luise\OneDrive\Documentos\DECAFIA_v2\01_dataset\decafia_clean\images\train\SANAS_NUEVAS_233.jpg,train,SANAS_NUEVAS_233
926,C:\Users\luise\OneDrive\Documentos\DECAFIA_v2\01_dataset\decafia_clean\images\train\SANAS_NUEVAS_234.jpg,train,SANAS_NUEVAS_234
927,C:\Users\luise\OneDrive\Documentos\DECAFIA_v2\01_dataset\decafia_clean\images\train\SANAS_NUEVAS_236.jpg,train,SANAS_NUEVAS_236
928,C:\Users\luise\OneDrive\Documentos\DECAFIA_v2\01_dataset\decafia_clean\images\train\SANAS_NUEVAS_237.jpg,train,SANAS_NUEVAS_237
929,C:\Users\luise\OneDrive\Documentos\DECAFIA_v2\01_dataset\decafia_clean\images\train\SANAS_NUEVAS_239.jpg,train,SANAS_NUEVAS_239
930,C:\Users\luise\OneDrive\Documentos\DECAFIA_v2\01_dataset\decafia_clean\images\train\SANAS_NUEVAS_24.jpg,train,SANAS_NUEVAS_24
931,C:\Users\luise\OneDrive\Documentos\DECAFIA_v2\01_dataset\decafia_clean\images\train\SANAS_NUEVAS_240.jpg,train,SANAS_NUEVAS_240
932,C:\Users\luise\OneDrive\Documentos\DECAFIA_v2\01_dataset\decafia_clean\images\train\SANAS_NUEVAS_242.jpg,train,SANAS_NUEVAS_242
933,C:\Users\luise\OneDrive\Documentos\DECAFIA_v2\01_dataset\decafia_clean\images\train\SANAS_NUEVAS_243.jpg,train,SANAS_NUEVAS_243
934,C:\Users\luise\OneDrive\Documentos\DECAFIA_v2\01_dataset\decafia_clean\images\train\SANAS_NUEVAS_244.jpg,train,SANAS_NUEVAS_244
935,C:\Users\luise\OneDrive\Documentos\DECAFIA_v2\01_dataset\decafia_clean\images\train\SANAS_NUEVAS_245.jpg,train,SANAS_NUEVAS_245
936,C:\Users\luise\OneDrive\Documentos\DECAFIA_v2\01_dataset\decafia_clean\images\train\SANAS_NUEVAS_246.jpg,train,SANAS_NUEVAS_246
937,C:\Users\luise\OneDrive\Documentos\DECAFIA_v2\01_dataset\decafia_clean\images\train\SANAS_NUEVAS_247.jpg,train,SANAS_NUEVAS_247
938,C:\Users\luise\OneDrive\Documentos\DECAFIA_v2\01_dataset\decafia_clean\images\train\SANAS_NUEVAS_248.jpg,train,SANAS_NUEVAS_248
939,C:\Users\luise\OneDrive\Documentos\DECAFIA_v2\01_dataset\decafia_clean\images\train\SANAS_NUEVAS_25.jpg,train,SANAS_NUEVAS_25
940,C:\Users\luise\OneDrive\Documentos\DECAFIA_v2\01_dataset\decafia_clean\images\train\SANAS_NUEVAS_251.jpg,train,SANAS_NUEVAS_251
941,C:\Users\luise\OneDrive\Documentos\DECAFIA_v2\01_dataset\decafia_clean\images\train\SANAS_NUEVAS_253.jpg,train,SANAS_NUEVAS_253
942,C:\Users\luise\OneDrive\Documentos\DECAFIA_v2\01_dataset\decafia_clean\images\train\SANAS_NUEVAS_254.jpg,train,SANAS_NUEVAS_254
943,C:\Users\luise\OneDrive\Documentos\DECAFIA_v2\01_dataset\decafia_clean\images\train\SANAS_NUEVAS_256.jpg,train,SANAS_NUEVAS_256
944,C:\Users\luise\OneDrive\Documentos\DECAFIA_v2\01_dataset\decafia_clean\images\train\SANAS_NUEVAS_258.jpg,train,SANAS_NUEVAS_258
945,C:\Users\luise\OneDrive\Documentos\DECAFIA_v2\01_dataset\decafia_clean\images\train\SANAS_NUEVAS_259.jpg,train,SANAS_NUEVAS_259
946,C:\Users\luise\OneDrive\Documentos\DECAFIA_v2\01_dataset\decafia_clean\images\train\SANAS_NUEVAS_26.jpg,train,SANAS_NUEVAS_26
947,C:\Users\luise\OneDrive\Documentos\DECAFIA_v2\01_dataset\decafia_clean\images\train\SANAS_NUEVAS_260.jpg,train,SANAS_NUEVAS_260
948,C:\Users\luise\OneDrive\Documentos\DECAFIA_v2\01_dataset\decafia_clean\images\train\SANAS_NUEVAS_262.jpg,train,SANAS_NUEVAS_262
949,C:\Users\luise\OneDrive\Documentos\DECAFIA_v2\01_dataset\decafia_clean\images\train\SANAS_NUEVAS_265.jpg,train,SANAS_NUEVAS_265
950,C:\Users\luise\OneDrive\Documentos\DECAFIA_v2\01_dataset\decafia_clean\images\train\SANAS_NUEVAS_267.jpg,train,SANAS_NUEVAS_267
951,C:\Users\luise\OneDrive\Documentos\DECAFIA_v2\01_dataset\decafia_clean\images\train\SANAS_NUEVAS_268.jpg,train,SANAS_NUEVAS_268
952,C:\Users\luise\OneDrive\Documentos\DECAFIA_v2\01_dataset\decafia_clean\images\train\SANAS_NUEVAS_27.jpg,train,SANAS_NUEVAS_27
953,C:\Users\luise\OneDrive\Documentos\DECAFIA_v2\01_dataset\decafia_clean\images\train\SANAS_NUEVAS_270.jpg,train,SANAS_NUEVAS_270
954,C:\Users\luise\OneDrive\Documentos\DECAFIA_v2\01_dataset\decafia_clean\images\train\SANAS_NUEVAS_271.jpg,train,SANAS_NUEVAS_271
955,C:\Users\luise\OneDrive\Documentos\DECAFIA_v2\01_dataset\decafia_clean\images\train\SANAS_NUEVAS_272.jpg,train,SANAS_NUEVAS_272
956,C:\Users\luise\OneDrive\Documentos\DECAFIA_v2\01_dataset\decafia_clean\images\train\SANAS_NUEVAS_274.jpg,train,SANAS_NUEVAS_274
957,C:\Users\luise\OneDrive\Documentos\DECAFIA_v2\01_dataset\decafia_clean\images\train\SANAS_NUEVAS_275.jpg,train,SANAS_NUEVAS_275
958,C:\Users\luise\OneDrive\Documentos\DECAFIA_v2\01_dataset\decafia_clean\images\train\SANAS_NUEVAS_276.jpg,train,SANAS_NUEVAS_276
959,C:\Users\luise\OneDrive\Documentos\DECAFIA_v2\01_dataset\decafia_clean\images\train\SANAS_NUEVAS_277.jpg,train,SANAS_NUEVAS_277
960,C:\Users\luise\OneDrive\Documentos\DECAFIA_v2\01_dataset\decafia_clean\images\train\SANAS_NUEVAS_280.jpg,train,SANAS_NUEVAS_280
961,C:\Users\luise\OneDrive\Documentos\DECAFIA_v2\01_dataset\decafia_clean\images\train\SANAS_NUEVAS_281.jpg,train,SANAS_NUEVAS_281
962,C:\Users\luise\OneDrive\Documentos\DECAFIA_v2\01_dataset\decafia_clean\images\train\SANAS_NUEVAS_282.jpg,train,SANAS_NUEVAS_282
963,C:\Users\luise\OneDrive\Documentos\DECAFIA_v2\01_dataset\decafia_clean\images\train\SANAS_NUEVAS_287.jpg,train,SANAS_NUEVAS_287
964,C:\Users\luise\OneDrive\Documentos\DECAFIA_v2\01_dataset\decafia_clean\images\train\SANAS_NUEVAS_288.jpg,train,SANAS_NUEVAS_288
965,C:\Users\luise\OneDrive\Documentos\DECAFIA_v2\01_dataset\decafia_clean\images\train\SANAS_NUEVAS_290.jpg,train,SANAS_NUEVAS_290
966,C:\Users\luise\OneDrive\Documentos\DECAFIA_v2\01_dataset\decafia_clean\images\train\SANAS_NUEVAS_291.jpg,train,SANAS_NUEVAS_291
967,C:\Users\luise\OneDrive\Documentos\DECAFIA_v2\01_dataset\decafia_clean\images\train\SANAS_NUEVAS_293.jpg,train,SANAS_NUEVAS_293
968,C:\Users\luise\OneDrive\Documentos\DECAFIA_v2\01_dataset\decafia_clean\images\train\SANAS_NUEVAS_294.jpg,train,SANAS_NUEVAS_294
969,C:\Users\luise\OneDrive\Documentos\DECAFIA_v2\01_dataset\decafia_clean\images\train\SANAS_NUEVAS_295.jpg,train,SANAS_NUEVAS_295
970,C:\Users\luise\OneDrive\Documentos\DECAFIA_v2\01_dataset\decafia_clean\images\train\SANAS_NUEVAS_297.jpg,train,SANAS_NUEVAS_297
971,C:\Users\luise\OneDrive\Documentos\DECAFIA_v2\01_dataset\decafia_clean\images\train\SANAS_NUEVAS_298.jpg,train,SANAS_NUEVAS_298
972,C:\Users\luise\OneDrive\Documentos\DECAFIA_v2\01_dataset\decafia_clean\images\train\SANAS_NUEVAS_3.jpg,train,SANAS_NUEVAS_3
973,C:\Users\luise\OneDrive\Documentos\DECAFIA_v2\01_dataset\decafia_clean\images\train\SANAS_NUEVAS_30.jpg,train,SANAS_NUEVAS_30
974,C:\Users\luise\OneDrive\Documentos\DECAFIA_v2\01_dataset\decafia_clean\images\train\SANAS_NUEVAS_301.jpg,train,SANAS_NUEVAS_301
975,C:\Users\luise\OneDrive\Documentos\DECAFIA_v2\01_dataset\decafia_clean\images\train\SANAS_NUEVAS_302.jpg,train,SANAS_NUEVAS_302
976,C:\Users\luise\OneDrive\Documentos\DECAFIA_v2\01_dataset\decafia_clean\images\train\SANAS_NUEVAS_303.jpg,train,SANAS_NUEVAS_303
977,C:\Users\luise\OneDrive\Documentos\DECAFIA_v2\01_dataset\decafia_clean\images\train\SANAS_NUEVAS_304.jpg,train,SANAS_NUEVAS_304
978,C:\Users\luise\OneDrive\Documentos\DECAFIA_v2\01_dataset\decafia_clean\images\train\SANAS_NUEVAS_306.jpg,train,SANAS_NUEVAS_306
979,C:\Users\luise\OneDrive\Documentos\DECAFIA_v2\01_dataset\decafia_clean\images\train\SANAS_NUEVAS_307.jpg,train,SANAS_NUEVAS_307
980,C:\Users\luise\OneDrive\Documentos\DECAFIA_v2\01_dataset\decafia_clean\images\train\SANAS_NUEVAS_309.jpg,train,SANAS_NUEVAS_309
981,C:\Users\luise\OneDrive\Documentos\DECAFIA_v2\01_dataset\decafia_clean\images\train\SANAS_NUEVAS_31.jpg,train,SANAS_NUEVAS_31
982,C:\Users\luise\OneDrive\Documentos\DECAFIA_v2\01_dataset\decafia_clean\images\train\SANAS_NUEVAS_310.jpg,train,SANAS_NUEVAS_310
983,C:\Users\luise\OneDrive\Documentos\DECAFIA_v2\01_dataset\decafia_clean\images\train\SANAS_NUEVAS_313.jpg,train,SANAS_NUEVAS_313
984,C:\Users\luise\OneDrive\Documentos\DECAFIA_v2\01_dataset\decafia_clean\images\train\SANAS_NUEVAS_314.jpg,train,SANAS_NUEVAS_314
985,C:\Users\luise\OneDrive\Documentos\DECAFIA_v2\01_dataset\decafia_clean\images\train\SANAS_NUEVAS_316.jpg,train,SANAS_NUEVAS_316
986,C:\Users\luise\OneDrive\Documentos\DECAFIA_v2\01_dataset\decafia_clean\images\train\SANAS_NUEVAS_318.jpg,train,SANAS_NUEVAS_318
987,C:\Users\luise\OneDrive\Documentos\DECAFIA_v2\01_dataset\decafia_clean\images\train\SANAS_NUEVAS_319.jpg,train,SANAS_NUEVAS_319
988,C:\Users\luise\OneDrive\Documentos\DECAFIA_v2\01_dataset\decafia_clean\images\train\SANAS_NUEVAS_32.jpg,train,SANAS_NUEVAS_32
989,C:\Users\luise\OneDrive\Documentos\DECAFIA_v2\01_dataset\decafia_clean\images\train\SANAS_NUEVAS_320.jpg,train,SANAS_NUEVAS_320
990,C:\Users\luise\OneDrive\Documentos\DECAFIA_v2\01_dataset\decafia_clean\images\train\SANAS_NUEVAS_323.jpg,train,SANAS_NUEVAS_323
991,C:\Users\luise\OneDrive\Documentos\DECAFIA_v2\01_dataset\decafia_clean\images\train\SANAS_NUEVAS_324.jpg,train,SANAS_NUEVAS_324
992,C:\Users\luise\OneDrive\Documentos\DECAFIA_v2\01_dataset\decafia_clean\images\train\SANAS_NUEVAS_325.jpg,train,SANAS_NUEVAS_325
993,C:\Users\luise\OneDrive\Documentos\DECAFIA_v2\01_dataset\decafia_clean\images\train\SANAS_NUEVAS_326.jpg,train,SANAS_NUEVAS_326
994,C:\Users\luise\OneDrive\Documentos\DECAFIA_v2\01_dataset\decafia_clean\images\train\SANAS_NUEVAS_327.jpg,train,SANAS_NUEVAS_327
995,C:\Users\luise\OneDrive\Documentos\DECAFIA_v2\01_dataset\decafia_clean\images\train\SANAS_NUEVAS_328.jpg,train,SANAS_NUEVAS_328
996,C:\Users\luise\OneDrive\Documentos\DECAFIA_v2\01_dataset\decafia_clean\images\train\SANAS_NUEVAS_329.jpg,train,SANAS_NUEVAS_329
997,C:\Users\luise\OneDrive\Documentos\DECAFIA_v2\01_dataset\decafia_clean\images\train\SANAS_NUEVAS_33.jpg,train,SANAS_NUEVAS_33
998,C:\Users\luise\OneDrive\Documentos\DECAFIA_v2\01_dataset\decafia_clean\images\train\SANAS_NUEVAS_330.jpg,train,SANAS_NUEVAS_330
999,C:\Users\luise\OneDrive\Documentos\DECAFIA_v2\01_dataset\decafia_clean\images\train\SANAS_NUEVAS_335.jpg,train,SANAS_NUEVAS_335
1000,C:\Users\luise\OneDrive\Documentos\DECAFIA_v2\01_dataset\decafia_clean\images\train\SANAS_NUEVAS_336.jpg,train,SANAS_NUEVAS_336
1001,C:\Users\luise\OneDrive\Documentos\DECAFIA_v2\01_dataset\decafia_clean\images\train\SANAS_NUEVAS_337.jpg,train,SANAS_NUEVAS_337
1002,C:\Users\luise\OneDrive\Documentos\DECAFIA_v2\01_dataset\decafia_clean\images\train\SANAS_NUEVAS_338.jpg,train,SANAS_NUEVAS_338
1003,C:\Users\luise\OneDrive\Documentos\DECAFIA_v2\01_dataset\decafia_clean\images\train\SANAS_NUEVAS_339.jpg,train,SANAS_NUEVAS_339
1004,C:\Users\luise\OneDrive\Documentos\DECAFIA_v2\01_dataset\decafia_clean\images\train\SANAS_NUEVAS_340.jpg,train,SANAS_NUEVAS_340
1005,C:\Users\luise\OneDrive\Documentos\DECAFIA_v2\01_dataset\decafia_clean\images\train\SANAS_NUEVAS_341.jpg,train,SANAS_NUEVAS_341
1006,C:\Users\luise\OneDrive\Documentos\DECAFIA_v2\01_dataset\decafia_clean\images\train\SANAS_NUEVAS_343.jpg,train,SANAS_NUEVAS_343
1007,C:\Users\luise\OneDrive\Documentos\DECAFIA_v2\01_dataset\decafia_clean\images\train\SANAS_NUEVAS_345.jpg,train,SANAS_NUEVAS_345
1008,C:\Users\luise\OneDrive\Documentos\DECAFIA_v2\01_dataset\decafia_clean\images\train\SANAS_NUEVAS_346.jpg,train,SANAS_NUEVAS_346
1009,C:\Users\luise\OneDrive\Documentos\DECAFIA_v2\01_dataset\decafia_clean\images\train\SANAS_NUEVAS_347.jpg,train,SANAS_NUEVAS_347
1010,C:\Users\luise\OneDrive\Documentos\DECAFIA_v2\01_dataset\decafia_clean\images\train\SANAS_NUEVAS_348.jpg,train,SANAS_NUEVAS_348
1011,C:\Users\luise\OneDrive\Documentos\DECAFIA_v2\01_dataset\decafia_clean\images\train\SANAS_NUEVAS_35.jpg,train,SANAS_NUEVAS_35
1012,C:\Users\luise\OneDrive\Documentos\DECAFIA_v2\01_dataset\decafia_clean\images\train\SANAS_NUEVAS_351.jpg,train,SANAS_NUEVAS_351
1013,C:\Users\luise\OneDrive\Documentos\DECAFIA_v2\01_dataset\decafia_clean\images\train\SANAS_NUEVAS_353.jpg,train,SANAS_NUEVAS_353
1014,C:\Users\luise\OneDrive\Documentos\DECAFIA_v2\01_dataset\decafia_clean\images\train\SANAS_NUEVAS_354.jpg,train,SANAS_NUEVAS_354
1015,C:\Users\luise\OneDrive\Documentos\DECAFIA_v2\01_dataset\decafia_clean\images\train\SANAS_NUEVAS_356.jpg,train,SANAS_NUEVAS_356
1016,C:\Users\luise\OneDrive\Documentos\DECAFIA_v2\01_dataset\decafia_clean\images\train\SANAS_NUEVAS_357.jpg,train,SANAS_NUEVAS_357
1017,C:\Users\luise\OneDrive\Documentos\DECAFIA_v2\01_dataset\decafia_clean\images\train\SANAS_NUEVAS_358.jpg,train,SANAS_NUEVAS_358
1018,C:\Users\luise\OneDrive\Documentos\DECAFIA_v2\01_dataset\decafia_clean\images\train\SANAS_NUEVAS_359.jpg,train,SANAS_NUEVAS_359
1019,C:\Users\luise\OneDrive\Documentos\DECAFIA_v2\01_dataset\decafia_clean\images\train\SANAS_NUEVAS_36.jpg,train,SANAS_NUEVAS_36
1020,C:\Users\luise\OneDrive\Documentos\DECAFIA_v2\01_dataset\decafia_clean\images\train\SANAS_NUEVAS_360.jpg,train,SANAS_NUEVAS_360
1021,C:\Users\luise\OneDrive\Documentos\DECAFIA_v2\01_dataset\decafia_clean\images\train\SANAS_NUEVAS_361.jpg,train,SANAS_NUEVAS_361
1022,C:\Users\luise\OneDrive\Documentos\DECAFIA_v2\01_dataset\decafia_clean\images\train\SANAS_NUEVAS_364.jpg,train,SANAS_NUEVAS_364
1023,C:\Users\luise\OneDrive\Documentos\DECAFIA_v2\01_dataset\decafia_clean\images\train\SANAS_NUEVAS_366.jpg,train,SANAS_NUEVAS_366
1024,C:\Users\luise\OneDrive\Documentos\DECAFIA_v2\01_dataset\decafia_clean\images\train\SANAS_NUEVAS_367.jpg,train,SANAS_NUEVAS_367
1025,C:\Users\luise\OneDrive\Documentos\DECAFIA_v2\01_dataset\decafia_clean\images\train\SANAS_NUEVAS_369.jpg,train,SANAS_NUEVAS_369
1026,C:\Users\luise\OneDrive\Documentos\DECAFIA_v2\01_dataset\decafia_clean\images\train\SANAS_NUEVAS_371.jpg,train,SANAS_NUEVAS_371
1027,C:\Users\luise\OneDrive\Documentos\DECAFIA_v2\01_dataset\decafia_clean\images\train\SANAS_NUEVAS_372.jpg,train,SANAS_NUEVAS_372
1028,C:\Users\luise\OneDrive\Documentos\DECAFIA_v2\01_dataset\decafia_clean\images\train\SANAS_NUEVAS_376.jpg,train,SANAS_NUEVAS_376
1029,C:\Users\luise\OneDrive\Documentos\DECAFIA_v2\01_dataset\decafia_clean\images\train\SANAS_NUEVAS_378.jpg,train,SANAS_NUEVAS_378
1030,C:\Users\luise\OneDrive\Documentos\DECAFIA_v2\01_dataset\decafia_clean\images\train\SANAS_NUEVAS_379.jpg,train,SANAS_NUEVAS_379
1031,C:\Users\luise\OneDrive\Documentos\DECAFIA_v2\01_dataset\decafia_clean\images\train\SANAS_NUEVAS_380.jpg,train,SANAS_NUEVAS_380
1032,C:\Users\luise\OneDrive\Documentos\DECAFIA_v2\01_dataset\decafia_clean\images\train\SANAS_NUEVAS_381.jpg,train,SANAS_NUEVAS_381
1033,C:\Users\luise\OneDrive\Documentos\DECAFIA_v2\01_dataset\decafia_clean\images\train\SANAS_NUEVAS_382.jpg,train,SANAS_NUEVAS_382
1034,C:\Users\luise\OneDrive\Documentos\DECAFIA_v2\01_dataset\decafia_clean\images\train\SANAS_NUEVAS_383.jpg,train,SANAS_NUEVAS_383
1035,C:\Users\luise\OneDrive\Documentos\DECAFIA_v2\01_dataset\decafia_clean\images\train\SANAS_NUEVAS_384.jpg,train,SANAS_NUEVAS_384
1036,C:\Users\luise\OneDrive\Documentos\DECAFIA_v2\01_dataset\decafia_clean\images\train\SANAS_NUEVAS_386.jpg,train,SANAS_NUEVAS_386
1037,C:\Users\luise\OneDrive\Documentos\DECAFIA_v2\01_dataset\decafia_clean\images\train\SANAS_NUEVAS_387.jpg,train,SANAS_NUEVAS_387
1038,C:\Users\luise\OneDrive\Documentos\DECAFIA_v2\01_dataset\decafia_clean\images\train\SANAS_NUEVAS_388.jpg,train,SANAS_NUEVAS_388
1039,C:\Users\luise\OneDrive\Documentos\DECAFIA_v2\01_dataset\decafia_clean\images\train\SANAS_NUEVAS_389.jpg,train,SANAS_NUEVAS_389
1040,C:\Users\luise\OneDrive\Documentos\DECAFIA_v2\01_dataset\decafia_clean\images\train\SANAS_NUEVAS_39.jpg,train,SANAS_NUEVAS_39
1041,C:\Users\luise\OneDrive\Documentos\DECAFIA_v2\01_dataset\decafia_clean\images\train\SANAS_NUEVAS_391.jpg,train,SANAS_NUEVAS_391
1042,C:\Users\luise\OneDrive\Documentos\DECAFIA_v2\01_dataset\decafia_clean\images\train\SANAS_NUEVAS_392.jpg,train,SANAS_NUEVAS_392
1043,C:\Users\luise\OneDrive\Documentos\DECAFIA_v2\01_dataset\decafia_clean\images\train\SANAS_NUEVAS_393.jpg,train,SANAS_NUEVAS_393
1044,C:\Users\luise\OneDrive\Documentos\DECAFIA_v2\01_dataset\decafia_clean\images\train\SANAS_NUEVAS_394.jpg,train,SANAS_NUEVAS_394
1045,C:\Users\luise\OneDrive\Documentos\DECAFIA_v2\01_dataset\decafia_clean\images\train\SANAS_NUEVAS_395.jpg,train,SANAS_NUEVAS_395
1046,C:\Users\luise\OneDrive\Documentos\DECAFIA_v2\01_dataset\decafia_clean\images\train\SANAS_NUEVAS_396.jpg,train,SANAS_NUEVAS_396
1047,C:\Users\luise\OneDrive\Documentos\DECAFIA_v2\01_dataset\decafia_clean\images\train\SANAS_NUEVAS_398.jpg,train,SANAS_NUEVAS_398
1048,C:\Users\luise\OneDrive\Documentos\DECAFIA_v2\01_dataset\decafia_clean\images\train\SANAS_NUEVAS_399.jpg,train,SANAS_NUEVAS_399
1049,C:\Users\luise\OneDrive\Documentos\DECAFIA_v2\01_dataset\decafia_clean\images\train\SANAS_NUEVAS_4.jpg,train,SANAS_NUEVAS_4
1050,C:\Users\luise\OneDrive\Documentos\DECAFIA_v2\01_dataset\decafia_clean\images\train\SANAS_NUEVAS_400.jpg,train,SANAS_NUEVAS_400
1051,C:\Users\luise\OneDrive\Documentos\DECAFIA_v2\01_dataset\decafia_clean\images\train\SANAS_NUEVAS_401.jpg,train,SANAS_NUEVAS_401
1052,C:\Users\luise\OneDrive\Documentos\DECAFIA_v2\01_dataset\decafia_clean\images\train\SANAS_NUEVAS_402.jpg,train,SANAS_NUEVAS_402
1053,C:\Users\luise\OneDrive\Documentos\DECAFIA_v2\01_dataset\decafia_clean\images\train\SANAS_NUEVAS_403.jpg,train,SANAS_NUEVAS_403
1054,C:\Users\luise\OneDrive\Documentos\DECAFIA_v2\01_dataset\decafia_clean\images\train\SANAS_NUEVAS_405.jpg,train,SANAS_NUEVAS_405
1055,C:\Users\luise\OneDrive\Documentos\DECAFIA_v2\01_dataset\decafia_clean\images\train\SANAS_NUEVAS_406.jpg,train,SANAS_NUEVAS_406
1056,C:\Users\luise\OneDrive\Documentos\DECAFIA_v2\01_dataset\decafia_clean\images\train\SANAS_NUEVAS_407.jpg,train,SANAS_NUEVAS_407
1057,C:\Users\luise\OneDrive\Documentos\DECAFIA_v2\01_dataset\decafia_clean\images\train\SANAS_NUEVAS_408.jpg,train,SANAS_NUEVAS_408
1058,C:\Users\luise\OneDrive\Documentos\DECAFIA_v2\01_dataset\decafia_clean\images\train\SANAS_NUEVAS_409.jpg,train,SANAS_NUEVAS_409
1059,C:\Users\luise\OneDrive\Documentos\DECAFIA_v2\01_dataset\decafia_clean\images\train\SANAS_NUEVAS_41.jpg,train,SANAS_NUEVAS_41
1060,C:\Users\luise\OneDrive\Documentos\DECAFIA_v2\01_dataset\decafia_clean\images\train\SANAS_NUEVAS_410.jpg,train,SANAS_NUEVAS_410
1061,C:\Users\luise\OneDrive\Documentos\DECAFIA_v2\01_dataset\decafia_clean\images\train\SANAS_NUEVAS_411.jpg,train,SANAS_NUEVAS_411
1062,C:\Users\luise\OneDrive\Documentos\DECAFIA_v2\01_dataset\decafia_clean\images\train\SANAS_NUEVAS_412.jpg,train,SANAS_NUEVAS_412
1063,C:\Users\luise\OneDrive\Documentos\DECAFIA_v2\01_dataset\decafia_clean\images\train\SANAS_NUEVAS_414.jpg,train,SANAS_NUEVAS_414
1064,C:\Users\luise\OneDrive\Documentos\DECAFIA_v2\01_dataset\decafia_clean\images\train\SANAS_NUEVAS_415.jpg,train,SANAS_NUEVAS_415
1065,C:\Users\luise\OneDrive\Documentos\DECAFIA_v2\01_dataset\decafia_clean\images\train\SANAS_NUEVAS_416.jpg,train,SANAS_NUEVAS_416
1066,C:\Users\luise\OneDrive\Documentos\DECAFIA_v2\01_dataset\decafia_clean\images\train\SANAS_NUEVAS_418.jpg,train,SANAS_NUEVAS_418
1067,C:\Users\luise\OneDrive\Documentos\DECAFIA_v2\01_dataset\decafia_clean\images\train\SANAS_NUEVAS_420.jpg,train,SANAS_NUEVAS_420
1068,C:\Users\luise\OneDrive\Documentos\DECAFIA_v2\01_dataset\decafia_clean\images\train\SANAS_NUEVAS_424.jpg,train,SANAS_NUEVAS_424
1069,C:\Users\luise\OneDrive\Documentos\DECAFIA_v2\01_dataset\decafia_clean\images\train\SANAS_NUEVAS_426.jpg,train,SANAS_NUEVAS_426
1070,C:\Users\luise\OneDrive\Documentos\DECAFIA_v2\01_dataset\decafia_clean\images\train\SANAS_NUEVAS_429.jpg,train,SANAS_NUEVAS_429
1071,C:\Users\luise\OneDrive\Documentos\DECAFIA_v2\01_dataset\decafia_clean\images\train\SANAS_NUEVAS_430.jpg,train,SANAS_NUEVAS_430
1072,C:\Users\luise\OneDrive\Documentos\DECAFIA_v2\01_dataset\decafia_clean\images\train\SANAS_NUEVAS_431.jpg,train,SANAS_NUEVAS_431
1073,C:\Users\luise\OneDrive\Documentos\DECAFIA_v2\01_dataset\decafia_clean\images\train\SANAS_NUEVAS_432.jpg,train,SANAS_NUEVAS_432
1074,C:\Users\luise\OneDrive\Documentos\DECAFIA_v2\01_dataset\decafia_clean\images\train\SANAS_NUEVAS_433.jpg,train,SANAS_NUEVAS_433
1075,C:\Users\luise\OneDrive\Documentos\DECAFIA_v2\01_dataset\decafia_clean\images\train\SANAS_NUEVAS_435.jpg,train,SANAS_NUEVAS_435
1076,C:\Users\luise\OneDrive\Documentos\DECAFIA_v2\01_dataset\decafia_clean\images\train\SANAS_NUEVAS_436.jpg,train,SANAS_NUEVAS_436
1077,C:\Users\luise\OneDrive\Documentos\DECAFIA_v2\01_dataset\decafia_clean\images\train\SANAS_NUEVAS_438.jpg,train,SANAS_NUEVAS_438
1078,C:\Users\luise\OneDrive\Documentos\DECAFIA_v2\01_dataset\decafia_clean\images\train\SANAS_NUEVAS_439.jpg,train,SANAS_NUEVAS_439
1079,C:\Users\luise\OneDrive\Documentos\DECAFIA_v2\01_dataset\decafia_clean\images\train\SANAS_NUEVAS_44.jpg,train,SANAS_NUEVAS_44
1080,C:\Users\luise\OneDrive\Documentos\DECAFIA_v2\01_dataset\decafia_clean\images\train\SANAS_NUEVAS_441.jpg,train,SANAS_NUEVAS_441
1081,C:\Users\luise\OneDrive\Documentos\DECAFIA_v2\01_dataset\decafia_clean\images\train\SANAS_NUEVAS_442.jpg,train,SANAS_NUEVAS_442
1082,C:\Users\luise\OneDrive\Documentos\DECAFIA_v2\01_dataset\decafia_clean\images\train\SANAS_NUEVAS_443.jpg,train,SANAS_NUEVAS_443
1083,C:\Users\luise\OneDrive\Documentos\DECAFIA_v2\01_dataset\decafia_clean\images\train\SANAS_NUEVAS_444.jpg,train,SANAS_NUEVAS_444
1084,C:\Users\luise\OneDrive\Documentos\DECAFIA_v2\01_dataset\decafia_clean\images\train\SANAS_NUEVAS_448.jpg,train,SANAS_NUEVAS_448
1085,C:\Users\luise\OneDrive\Documentos\DECAFIA_v2\01_dataset\decafia_clean\images\train\SANAS_NUEVAS_449.jpg,train,SANAS_NUEVAS_449
1086,C:\Users\luise\OneDrive\Documentos\DECAFIA_v2\01_dataset\decafia_clean\images\train\SANAS_NUEVAS_45.jpg,train,SANAS_NUEVAS_45
1087,C:\Users\luise\OneDrive\Documentos\DECAFIA_v2\01_dataset\decafia_clean\images\train\SANAS_NUEVAS_450.jpg,train,SANAS_NUEVAS_450
1088,C:\Users\luise\OneDrive\Documentos\DECAFIA_v2\01_dataset\decafia_clean\images\train\SANAS_NUEVAS_453.jpg,train,SANAS_NUEVAS_453
1089,C:\Users\luise\OneDrive\Documentos\DECAFIA_v2\01_dataset\decafia_clean\images\train\SANAS_NUEVAS_454.jpg,train,SANAS_NUEVAS_454
1090,C:\Users\luise\OneDrive\Documentos\DECAFIA_v2\01_dataset\decafia_clean\images\train\SANAS_NUEVAS_455.jpg,train,SANAS_NUEVAS_455
1091,C:\Users\luise\OneDrive\Documentos\DECAFIA_v2\01_dataset\decafia_clean\images\train\SANAS_NUEVAS_459.jpg,train,SANAS_NUEVAS_459
1092,C:\Users\luise\OneDrive\Documentos\DECAFIA_v2\01_dataset\decafia_clean\images\train\SANAS_NUEVAS_46.jpg,train,SANAS_NUEVAS_46
1093,C:\Users\luise\OneDrive\Documentos\DECAFIA_v2\01_dataset\decafia_clean\images\train\SANAS_NUEVAS_460.jpg,train,SANAS_NUEVAS_460
1094,C:\Users\luise\OneDrive\Documentos\DECAFIA_v2\01_dataset\decafia_clean\images\train\SANAS_NUEVAS_461.jpg,train,SANAS_NUEVAS_461
1095,C:\Users\luise\OneDrive\Documentos\DECAFIA_v2\01_dataset\decafia_clean\images\train\SANAS_NUEVAS_462.jpg,train,SANAS_NUEVAS_462
1096,C:\Users\luise\OneDrive\Documentos\DECAFIA_v2\01_dataset\decafia_clean\images\train\SANAS_NUEVAS_463.jpg,train,SANAS_NUEVAS_463
1097,C:\Users\luise\OneDrive\Documentos\DECAFIA_v2\01_dataset\decafia_clean\images\train\SANAS_NUEVAS_464.jpg,train,SANAS_NUEVAS_464
1098,C:\Users\luise\OneDrive\Documentos\DECAFIA_v2\01_dataset\decafia_clean\images\train\SANAS_NUEVAS_466.jpg,train,SANAS_NUEVAS_466
1099,C:\Users\luise\OneDrive\Documentos\DECAFIA_v2\01_dataset\decafia_clean\images\train\SANAS_NUEVAS_467.jpg,train,SANAS_NUEVAS_467
1100,C:\Users\luise\OneDrive\Documentos\DECAFIA_v2\01_dataset\decafia_clean\images\train\SANAS_NUEVAS_468.jpg,train,SANAS_NUEVAS_468
1101,C:\Users\luise\OneDrive\Documentos\DECAFIA_v2\01_dataset\decafia_clean\images\train\SANAS_NUEVAS_47.jpg,train,SANAS_NUEVAS_47
1102,C:\Users\luise\OneDrive\Documentos\DECAFIA_v2\01_dataset\decafia_clean\images\train\SANAS_NUEVAS_470.jpg,train,SANAS_NUEVAS_470
1103,C:\Users\luise\OneDrive\Documentos\DECAFIA_v2\01_dataset\decafia_clean\images\train\SANAS_NUEVAS_471.jpg,train,SANAS_NUEVAS_471
1104,C:\Users\luise\OneDrive\Documentos\DECAFIA_v2\01_dataset\decafia_clean\images\train\SANAS_NUEVAS_473.jpg,train,SANAS_NUEVAS_473
1105,C:\Users\luise\OneDrive\Documentos\DECAFIA_v2\01_dataset\decafia_clean\images\train\SANAS_NUEVAS_474.jpg,train,SANAS_NUEVAS_474
1106,C:\Users\luise\OneDrive\Documentos\DECAFIA_v2\01_dataset\decafia_clean\images\train\SANAS_NUEVAS_475.jpg,train,SANAS_NUEVAS_475
1107,C:\Users\luise\OneDrive\Documentos\DECAFIA_v2\01_dataset\decafia_clean\images\train\SANAS_NUEVAS_477.jpg,train,SANAS_NUEVAS_477
1108,C:\Users\luise\OneDrive\Documentos\DECAFIA_v2\01_dataset\decafia_clean\images\train\SANAS_NUEVAS_478.jpg,train,SANAS_NUEVAS_478
1109,C:\Users\luise\OneDrive\Documentos\DECAFIA_v2\01_dataset\decafia_clean\images\train\SANAS_NUEVAS_479.jpg,train,SANAS_NUEVAS_479
1110,C:\Users\luise\OneDrive\Documentos\DECAFIA_v2\01_dataset\decafia_clean\images\train\SANAS_NUEVAS_48.jpg,train,SANAS_NUEVAS_48
1111,C:\Users\luise\OneDrive\Documentos\DECAFIA_v2\01_dataset\decafia_clean\images\train\SANAS_NUEVAS_481.jpg,train,SANAS_NUEVAS_481
1112,C:\Users\luise\OneDrive\Documentos\DECAFIA_v2\01_dataset\decafia_clean\images\train\SANAS_NUEVAS_483.jpg,train,SANAS_NUEVAS_483
1113,C:\Users\luise\OneDrive\Documentos\DECAFIA_v2\01_dataset\decafia_clean\images\train\SANAS_NUEVAS_485.jpg,train,SANAS_NUEVAS_485
1114,C:\Users\luise\OneDrive\Documentos\DECAFIA_v2\01_dataset\decafia_clean\images\train\SANAS_NUEVAS_487.jpg,train,SANAS_NUEVAS_487
1115,C:\Users\luise\OneDrive\Documentos\DECAFIA_v2\01_dataset\decafia_clean\images\train\SANAS_NUEVAS_488.jpg,train,SANAS_NUEVAS_488
1116,C:\Users\luise\OneDrive\Documentos\DECAFIA_v2\01_dataset\decafia_clean\images\train\SANAS_NUEVAS_490.jpg,train,SANAS_NUEVAS_490
1117,C:\Users\luise\OneDrive\Documentos\DECAFIA_v2\01_dataset\decafia_clean\images\train\SANAS_NUEVAS_492.jpg,train,SANAS_NUEVAS_492
1118,C:\Users\luise\OneDrive\Documentos\DECAFIA_v2\01_dataset\decafia_clean\images\train\SANAS_NUEVAS_493.jpg,train,SANAS_NUEVAS_493
1119,C:\Users\luise\OneDrive\Documentos\DECAFIA_v2\01_dataset\decafia_clean\images\train\SANAS_NUEVAS_495.jpg,train,SANAS_NUEVAS_495
1120,C:\Users\luise\OneDrive\Documentos\DECAFIA_v2\01_dataset\decafia_clean\images\train\SANAS_NUEVAS_497.jpg,train,SANAS_NUEVAS_497
1121,C:\Users\luise\OneDrive\Documentos\DECAFIA_v2\01_dataset\decafia_clean\images\train\SANAS_NUEVAS_498.jpg,train,SANAS_NUEVAS_498
1122,C:\Users\luise\OneDrive\Documentos\DECAFIA_v2\01_dataset\decafia_clean\images\train\SANAS_NUEVAS_499.jpg,train,SANAS_NUEVAS_499
1123,C:\Users\luise\OneDrive\Documentos\DECAFIA_v2\01_dataset\decafia_clean\images\train\SANAS_NUEVAS_5.jpg,train,SANAS_NUEVAS_5
1124,C:\Users\luise\OneDrive\Documentos\DECAFIA_v2\01_dataset\decafia_clean\images\train\SANAS_NUEVAS_500.jpg,train,SANAS_NUEVAS_500
1125,C:\Users\luise\OneDrive\Documentos\DECAFIA_v2\01_dataset\decafia_clean\images\train\SANAS_NUEVAS_501.jpg,train,SANAS_NUEVAS_501
1126,C:\Users\luise\OneDrive\Documentos\DECAFIA_v2\01_dataset\decafia_clean\images\train\SANAS_NUEVAS_502.jpg,train,SANAS_NUEVAS_502
1127,C:\Users\luise\OneDrive\Documentos\DECAFIA_v2\01_dataset\decafia_clean\images\train\SANAS_NUEVAS_503.jpg,train,SANAS_NUEVAS_503
1128,C:\Users\luise\OneDrive\Documentos\DECAFIA_v2\01_dataset\decafia_clean\images\train\SANAS_NUEVAS_504.jpg,train,SANAS_NUEVAS_504
1129,C:\Users\luise\OneDrive\Documentos\DECAFIA_v2\01_dataset\decafia_clean\images\train\SANAS_NUEVAS_505.jpg,train,SANAS_NUEVAS_505
1130,C:\Users\luise\OneDrive\Documentos\DECAFIA_v2\01_dataset\decafia_clean\images\train\SANAS_NUEVAS_506.jpg,train,SANAS_NUEVAS_506
1131,C:\Users\luise\OneDrive\Documentos\DECAFIA_v2\01_dataset\decafia_clean\images\train\SANAS_NUEVAS_507.jpg,train,SANAS_NUEVAS_507
1132,C:\Users\luise\OneDrive\Documentos\DECAFIA_v2\01_dataset\decafia_clean\images\train\SANAS_NUEVAS_508.jpg,train,SANAS_NUEVAS_508
1133,C:\Users\luise\OneDrive\Documentos\DECAFIA_v2\01_dataset\decafia_clean\images\train\SANAS_NUEVAS_509.jpg,train,SANAS_NUEVAS_509
1134,C:\Users\luise\OneDrive\Documentos\DECAFIA_v2\01_dataset\decafia_clean\images\train\SANAS_NUEVAS_51.jpg,train,SANAS_NUEVAS_51
1135,C:\Users\luise\OneDrive\Documentos\DECAFIA_v2\01_dataset\decafia_clean\images\train\SANAS_NUEVAS_511.jpg,train,SANAS_NUEVAS_511
1136,C:\Users\luise\OneDrive\Documentos\DECAFIA_v2\01_dataset\decafia_clean\images\train\SANAS_NUEVAS_512.jpg,train,SANAS_NUEVAS_512
1137,C:\Users\luise\OneDrive\Documentos\DECAFIA_v2\01_dataset\decafia_clean\images\train\SANAS_NUEVAS_514.jpg,train,SANAS_NUEVAS_514
1138,C:\Users\luise\OneDrive\Documentos\DECAFIA_v2\01_dataset\decafia_clean\images\train\SANAS_NUEVAS_516.jpg,train,SANAS_NUEVAS_516
1139,C:\Users\luise\OneDrive\Documentos\DECAFIA_v2\01_dataset\decafia_clean\images\train\SANAS_NUEVAS_518.jpg,train,SANAS_NUEVAS_518
1140,C:\Users\luise\OneDrive\Documentos\DECAFIA_v2\01_dataset\decafia_clean\images\train\SANAS_NUEVAS_519.jpg,train,SANAS_NUEVAS_519
1141,C:\Users\luise\OneDrive\Documentos\DECAFIA_v2\01_dataset\decafia_clean\images\train\SANAS_NUEVAS_52.jpg,train,SANAS_NUEVAS_52
1142,C:\Users\luise\OneDrive\Documentos\DECAFIA_v2\01_dataset\decafia_clean\images\train\SANAS_NUEVAS_520.jpg,train,SANAS_NUEVAS_520
1143,C:\Users\luise\OneDrive\Documentos\DECAFIA_v2\01_dataset\decafia_clean\images\train\SANAS_NUEVAS_521.jpg,train,SANAS_NUEVAS_521
1144,C:\Users\luise\OneDrive\Documentos\DECAFIA_v2\01_dataset\decafia_clean\images\train\SANAS_NUEVAS_522.jpg,train,SANAS_NUEVAS_522
1145,C:\Users\luise\OneDrive\Documentos\DECAFIA_v2\01_dataset\decafia_clean\images\train\SANAS_NUEVAS_523.jpg,train,SANAS_NUEVAS_523
1146,C:\Users\luise\OneDrive\Documentos\DECAFIA_v2\01_dataset\decafia_clean\images\train\SANAS_NUEVAS_524.jpg,train,SANAS_NUEVAS_524
1147,C:\Users\luise\OneDrive\Documentos\DECAFIA_v2\01_dataset\decafia_clean\images\train\SANAS_NUEVAS_529.jpg,train,SANAS_NUEVAS_529
1148,C:\Users\luise\OneDrive\Documentos\DECAFIA_v2\01_dataset\decafia_clean\images\train\SANAS_NUEVAS_53.jpg,train,SANAS_NUEVAS_53
1149,C:\Users\luise\OneDrive\Documentos\DECAFIA_v2\01_dataset\decafia_clean\images\train\SANAS_NUEVAS_530.jpg,train,SANAS_NUEVAS_530
1150,C:\Users\luise\OneDrive\Documentos\DECAFIA_v2\01_dataset\decafia_clean\images\train\SANAS_NUEVAS_531.jpg,train,SANAS_NUEVAS_531
1151,C:\Users\luise\OneDrive\Documentos\DECAFIA_v2\01_dataset\decafia_clean\images\train\SANAS_NUEVAS_532.jpg,train,SANAS_NUEVAS_532
1152,C:\Users\luise\OneDrive\Documentos\DECAFIA_v2\01_dataset\decafia_clean\images\train\SANAS_NUEVAS_536.jpg,train,SANAS_NUEVAS_536
1153,C:\Users\luise\OneDrive\Documentos\DECAFIA_v2\01_dataset\decafia_clean\images\train\SANAS_NUEVAS_537.jpg,train,SANAS_NUEVAS_537
1154,C:\Users\luise\OneDrive\Documentos\DECAFIA_v2\01_dataset\decafia_clean\images\train\SANAS_NUEVAS_538.jpg,train,SANAS_NUEVAS_538
1155,C:\Users\luise\OneDrive\Documentos\DECAFIA_v2\01_dataset\decafia_clean\images\train\SANAS_NUEVAS_539.jpg,train,SANAS_NUEVAS_539
1156,C:\Users\luise\OneDrive\Documentos\DECAFIA_v2\01_dataset\decafia_clean\images\train\SANAS_NUEVAS_540.jpg,train,SANAS_NUEVAS_540
1157,C:\Users\luise\OneDrive\Documentos\DECAFIA_v2\01_dataset\decafia_clean\images\train\SANAS_NUEVAS_541.jpg,train,SANAS_NUEVAS_541
1158,C:\Users\luise\OneDrive\Documentos\DECAFIA_v2\01_dataset\decafia_clean\images\train\SANAS_NUEVAS_543.jpg,train,SANAS_NUEVAS_543
1159,C:\Users\luise\OneDrive\Documentos\DECAFIA_v2\01_dataset\decafia_clean\images\train\SANAS_NUEVAS_544.jpg,train,SANAS_NUEVAS_544
1160,C:\Users\luise\OneDrive\Documentos\DECAFIA_v2\01_dataset\decafia_clean\images\train\SANAS_NUEVAS_545.jpg,train,SANAS_NUEVAS_545
1161,C:\Users\luise\OneDrive\Documentos\DECAFIA_v2\01_dataset\decafia_clean\images\train\SANAS_NUEVAS_549.jpg,train,SANAS_NUEVAS_549
1162,C:\Users\luise\OneDrive\Documentos\DECAFIA_v2\01_dataset\decafia_clean\images\train\SANAS_NUEVAS_55.jpg,train,SANAS_NUEVAS_55
1163,C:\Users\luise\OneDrive\Documentos\DECAFIA_v2\01_dataset\decafia_clean\images\train\SANAS_NUEVAS_551.jpg,train,SANAS_NUEVAS_551
1164,C:\Users\luise\OneDrive\Documentos\DECAFIA_v2\01_dataset\decafia_clean\images\train\SANAS_NUEVAS_553.jpg,train,SANAS_NUEVAS_553
1165,C:\Users\luise\OneDrive\Documentos\DECAFIA_v2\01_dataset\decafia_clean\images\train\SANAS_NUEVAS_556.jpg,train,SANAS_NUEVAS_556
1166,C:\Users\luise\OneDrive\Documentos\DECAFIA_v2\01_dataset\decafia_clean\images\train\SANAS_NUEVAS_557.jpg,train,SANAS_NUEVAS_557
1167,C:\Users\luise\OneDrive\Documentos\DECAFIA_v2\01_dataset\decafia_clean\images\train\SANAS_NUEVAS_559.jpg,train,SANAS_NUEVAS_559
1168,C:\Users\luise\OneDrive\Documentos\DECAFIA_v2\01_dataset\decafia_clean\images\train\SANAS_NUEVAS_56.jpg,train,SANAS_NUEVAS_56
1169,C:\Users\luise\OneDrive\Documentos\DECAFIA_v2\01_dataset\decafia_clean\images\train\SANAS_NUEVAS_560.jpg,train,SANAS_NUEVAS_560
1170,C:\Users\luise\OneDrive\Documentos\DECAFIA_v2\01_dataset\decafia_clean\images\train\SANAS_NUEVAS_561.jpg,train,SANAS_NUEVAS_561
1171,C:\Users\luise\OneDrive\Documentos\DECAFIA_v2\01_dataset\decafia_clean\images\train\SANAS_NUEVAS_562.jpg,train,SANAS_NUEVAS_562
1172,C:\Users\luise\OneDrive\Documentos\DECAFIA_v2\01_dataset\decafia_clean\images\train\SANAS_NUEVAS_563.jpg,train,SANAS_NUEVAS_563
1173,C:\Users\luise\OneDrive\Documentos\DECAFIA_v2\01_dataset\decafia_clean\images\train\SANAS_NUEVAS_564.jpg,train,SANAS_NUEVAS_564
1174,C:\Users\luise\OneDrive\Documentos\DECAFIA_v2\01_dataset\decafia_clean\images\train\SANAS_NUEVAS_565.jpg,train,SANAS_NUEVAS_565
1175,C:\Users\luise\OneDrive\Documentos\DECAFIA_v2\01_dataset\decafia_clean\images\train\SANAS_NUEVAS_567.jpg,train,SANAS_NUEVAS_567
1176,C:\Users\luise\OneDrive\Documentos\DECAFIA_v2\01_dataset\decafia_clean\images\train\SANAS_NUEVAS_568.jpg,train,SANAS_NUEVAS_568
1177,C:\Users\luise\OneDrive\Documentos\DECAFIA_v2\01_dataset\decafia_clean\images\train\SANAS_NUEVAS_57.jpg,train,SANAS_NUEVAS_57
1178,C:\Users\luise\OneDrive\Documentos\DECAFIA_v2\01_dataset\decafia_clean\images\train\SANAS_NUEVAS_570.jpg,train,SANAS_NUEVAS_570
1179,C:\Users\luise\OneDrive\Documentos\DECAFIA_v2\01_dataset\decafia_clean\images\train\SANAS_NUEVAS_572.jpg,train,SANAS_NUEVAS_572
1180,C:\Users\luise\OneDrive\Documentos\DECAFIA_v2\01_dataset\decafia_clean\images\train\SANAS_NUEVAS_573.jpg,train,SANAS_NUEVAS_573
1181,C:\Users\luise\OneDrive\Documentos\DECAFIA_v2\01_dataset\decafia_clean\images\train\SANAS_NUEVAS_574.jpg,train,SANAS_NUEVAS_574
1182,C:\Users\luise\OneDrive\Documentos\DECAFIA_v2\01_dataset\decafia_clean\images\train\SANAS_NUEVAS_575.jpg,train,SANAS_NUEVAS_575
1183,C:\Users\luise\OneDrive\Documentos\DECAFIA_v2\01_dataset\decafia_clean\images\train\SANAS_NUEVAS_576.jpg,train,SANAS_NUEVAS_576
1184,C:\Users\luise\OneDrive\Documentos\DECAFIA_v2\01_dataset\decafia_clean\images\train\SANAS_NUEVAS_577.jpg,train,SANAS_NUEVAS_577
1185,C:\Users\luise\OneDrive\Documentos\DECAFIA_v2\01_dataset\decafia_clean\images\train\SANAS_NUEVAS_578.jpg,train,SANAS_NUEVAS_578
1186,C:\Users\luise\OneDrive\Documentos\DECAFIA_v2\01_dataset\decafia_clean\images\train\SANAS_NUEVAS_579.jpg,train,SANAS_NUEVAS_579
1187,C:\Users\luise\OneDrive\Documentos\DECAFIA_v2\01_dataset\decafia_clean\images\train\SANAS_NUEVAS_58.jpg,train,SANAS_NUEVAS_58
1188,C:\Users\luise\OneDrive\Documentos\DECAFIA_v2\01_dataset\decafia_clean\images\train\SANAS_NUEVAS_580.jpg,train,SANAS_NUEVAS_580
1189,C:\Users\luise\OneDrive\Documentos\DECAFIA_v2\01_dataset\decafia_clean\images\train\SANAS_NUEVAS_584.jpg,train,SANAS_NUEVAS_584
1190,C:\Users\luise\OneDrive\Documentos\DECAFIA_v2\01_dataset\decafia_clean\images\train\SANAS_NUEVAS_585.jpg,train,SANAS_NUEVAS_585
1191,C:\Users\luise\OneDrive\Documentos\DECAFIA_v2\01_dataset\decafia_clean\images\train\SANAS_NUEVAS_586.jpg,train,SANAS_NUEVAS_586
1192,C:\Users\luise\OneDrive\Documentos\DECAFIA_v2\01_dataset\decafia_clean\images\train\SANAS_NUEVAS_587.jpg,train,SANAS_NUEVAS_587
1193,C:\Users\luise\OneDrive\Documentos\DECAFIA_v2\01_dataset\decafia_clean\images\train\SANAS_NUEVAS_588.jpg,train,SANAS_NUEVAS_588
1194,C:\Users\luise\OneDrive\Documentos\DECAFIA_v2\01_dataset\decafia_clean\images\train\SANAS_NUEVAS_589.jpg,train,SANAS_NUEVAS_589
1195,C:\Users\luise\OneDrive\Documentos\DECAFIA_v2\01_dataset\decafia_clean\images\train\SANAS_NUEVAS_590.jpg,train,SANAS_NUEVAS_590
1196,C:\Users\luise\OneDrive\Documentos\DECAFIA_v2\01_dataset\decafia_clean\images\train\SANAS_NUEVAS_594.jpg,train,SANAS_NUEVAS_594
1197,C:\Users\luise\OneDrive\Documentos\DECAFIA_v2\01_dataset\decafia_clean\images\train\SANAS_NUEVAS_596.jpg,train,SANAS_NUEVAS_596
1198,C:\Users\luise\OneDrive\Documentos\DECAFIA_v2\01_dataset\decafia_clean\images\train\SANAS_NUEVAS_597.jpg,train,SANAS_NUEVAS_597
1199,C:\Users\luise\OneDrive\Documentos\DECAFIA_v2\01_dataset\decafia_clean\images\train\SANAS_NUEVAS_6.jpg,train,SANAS_NUEVAS_6
1200,C:\Users\luise\OneDrive\Documentos\DECAFIA_v2\01_dataset\decafia_clean\images\train\SANAS_NUEVAS_60.jpg,train,SANAS_NUEVAS_60
1201,C:\Users\luise\OneDrive\Documentos\DECAFIA_v2\01_dataset\decafia_clean\images\train\SANAS_NUEVAS_600.jpg,train,SANAS_NUEVAS_600
1202,C:\Users\luise\OneDrive\Documentos\DECAFIA_v2\01_dataset\decafia_clean\images\train\SANAS_NUEVAS_601.jpg,train,SANAS_NUEVAS_601
1203,C:\Users\luise\OneDrive\Documentos\DECAFIA_v2\01_dataset\decafia_clean\images\train\SANAS_NUEVAS_602.jpg,train,SANAS_NUEVAS_602
1204,C:\Users\luise\OneDrive\Documentos\DECAFIA_v2\01_dataset\decafia_clean\images\train\SANAS_NUEVAS_603.jpg,train,SANAS_NUEVAS_603
1205,C:\Users\luise\OneDrive\Documentos\DECAFIA_v2\01_dataset\decafia_clean\images\train\SANAS_NUEVAS_607.jpg,train,SANAS_NUEVAS_607
1206,C:\Users\luise\OneDrive\Documentos\DECAFIA_v2\01_dataset\decafia_clean\images\train\SANAS_NUEVAS_609.jpg,train,SANAS_NUEVAS_609
1207,C:\Users\luise\OneDrive\Documentos\DECAFIA_v2\01_dataset\decafia_clean\images\train\SANAS_NUEVAS_610.jpg,train,SANAS_NUEVAS_610
1208,C:\Users\luise\OneDrive\Documentos\DECAFIA_v2\01_dataset\decafia_clean\images\train\SANAS_NUEVAS_611.jpg,train,SANAS_NUEVAS_611
1209,C:\Users\luise\OneDrive\Documentos\DECAFIA_v2\01_dataset\decafia_clean\images\train\SANAS_NUEVAS_612.jpg,train,SANAS_NUEVAS_612
1210,C:\Users\luise\OneDrive\Documentos\DECAFIA_v2\01_dataset\decafia_clean\images\train\SANAS_NUEVAS_613.jpg,train,SANAS_NUEVAS_613
1211,C:\Users\luise\OneDrive\Documentos\DECAFIA_v2\01_dataset\decafia_clean\images\train\SANAS_NUEVAS_614.jpg,train,SANAS_NUEVAS_614
1212,C:\Users\luise\OneDrive\Documentos\DECAFIA_v2\01_dataset\decafia_clean\images\train\SANAS_NUEVAS_615.jpg,train,SANAS_NUEVAS_615
1213,C:\Users\luise\OneDrive\Documentos\DECAFIA_v2\01_dataset\decafia_clean\images\train\SANAS_NUEVAS_618.jpg,train,SANAS_NUEVAS_618
1214,C:\Users\luise\OneDrive\Documentos\DECAFIA_v2\01_dataset\decafia_clean\images\train\SANAS_NUEVAS_619.jpg,train,SANAS_NUEVAS_619
1215,C:\Users\luise\OneDrive\Documentos\DECAFIA_v2\01_dataset\decafia_clean\images\train\SANAS_NUEVAS_62.jpg,train,SANAS_NUEVAS_62
1216,C:\Users\luise\OneDrive\Documentos\DECAFIA_v2\01_dataset\decafia_clean\images\train\SANAS_NUEVAS_64.jpg,train,SANAS_NUEVAS_64
1217,C:\Users\luise\OneDrive\Documentos\DECAFIA_v2\01_dataset\decafia_clean\images\train\SANAS_NUEVAS_66.jpg,train,SANAS_NUEVAS_66
1218,C:\Users\luise\OneDrive\Documentos\DECAFIA_v2\01_dataset\decafia_clean\images\train\SANAS_NUEVAS_68.jpg,train,SANAS_NUEVAS_68
1219,C:\Users\luise\OneDrive\Documentos\DECAFIA_v2\01_dataset\decafia_clean\images\train\SANAS_NUEVAS_69.jpg,train,SANAS_NUEVAS_69
1220,C:\Users\luise\OneDrive\Documentos\DECAFIA_v2\01_dataset\decafia_clean\images\train\SANAS_NUEVAS_7.jpg,train,SANAS_NUEVAS_7
1221,C:\Users\luise\OneDrive\Documentos\DECAFIA_v2\01_dataset\decafia_clean\images\train\SANAS_NUEVAS_70.jpg,train,SANAS_NUEVAS_70
1222,C:\Users\luise\OneDrive\Documentos\DECAFIA_v2\01_dataset\decafia_clean\images\train\SANAS_NUEVAS_71.jpg,train,SANAS_NUEVAS_71
1223,C:\Users\luise\OneDrive\Documentos\DECAFIA_v2\01_dataset\decafia_clean\images\train\SANAS_NUEVAS_74.jpg,train,SANAS_NUEVAS_74
1224,C:\Users\luise\OneDrive\Documentos\DECAFIA_v2\01_dataset\decafia_clean\images\train\SANAS_NUEVAS_75.jpg,train,SANAS_NUEVAS_75
1225,C:\Users\luise\OneDrive\Documentos\DECAFIA_v2\01_dataset\decafia_clean\images\train\SANAS_NUEVAS_78.jpg,train,SANAS_NUEVAS_78
1226,C:\Users\luise\OneDrive\Documentos\DECAFIA_v2\01_dataset\decafia_clean\images\train\SANAS_NUEVAS_79.jpg,train,SANAS_NUEVAS_79
1227,C:\Users\luise\OneDrive\Documentos\DECAFIA_v2\01_dataset\decafia_clean\images\train\SANAS_NUEVAS_82.jpg,train,SANAS_NUEVAS_82
1228,C:\Users\luise\OneDrive\Documentos\DECAFIA_v2\01_dataset\decafia_clean\images\train\SANAS_NUEVAS_83.jpg,train,SANAS_NUEVAS_83
1229,C:\Users\luise\OneDrive\Documentos\DECAFIA_v2\01_dataset\decafia_clean\images\train\SANAS_NUEVAS_85.jpg,train,SANAS_NUEVAS_85
1230,C:\Users\luise\OneDrive\Documentos\DECAFIA_v2\01_dataset\decafia_clean\images\train\SANAS_NUEVAS_88.jpg,train,SANAS_NUEVAS_88
1231,C:\Users\luise\OneDrive\Documentos\DECAFIA_v2\01_dataset\decafia_clean\images\train\SANAS_NUEVAS_89.jpg,train,SANAS_NUEVAS_89
1232,C:\Users\luise\OneDrive\Documentos\DECAFIA_v2\01_dataset\decafia_clean\images\train\SANAS_NUEVAS_9.jpg,train,SANAS_NUEVAS_9
1233,C:\Users\luise\OneDrive\Documentos\DECAFIA_v2\01_dataset\decafia_clean\images\train\SANAS_NUEVAS_91.jpg,train,SANAS_NUEVAS_91
1234,C:\Users\luise\OneDrive\Documentos\DECAFIA_v2\01_dataset\decafia_clean\images\train\SANAS_NUEVAS_93.jpg,train,SANAS_NUEVAS_93
1235,C:\Users\luise\OneDrive\Documentos\DECAFIA_v2\01_dataset\decafia_clean\images\train\SANAS_NUEVAS_95.jpg,train,SANAS_NUEVAS_95
1236,C:\Users\luise\OneDrive\Documentos\DECAFIA_v2\01_dataset\decafia_clean\images\train\SANAS_NUEVAS_96.jpg,train,SANAS_NUEVAS_96
1237,C:\Users\luise\OneDrive\Documentos\DECAFIA_v2\01_dataset\decafia_clean\images\train\SANAS_NUEVAS_98.jpg,train,SANAS_NUEVAS_98
1238,C:\Users\luise\OneDrive\Documentos\DECAFIA_v2\01_dataset\decafia_clean\images\train\SANAS_NUEVAS_99.jpg,train,SANAS_NUEVAS_99
1239,C:\Users\luise\OneDrive\Documentos\DECAFIA_v2\01_dataset\decafia_clean\images\train\SANAS_SOCORRO_1.jpg,train,SANAS_SOCORRO_1
1240,C:\Users\luise\OneDrive\Documentos\DECAFIA_v2\01_dataset\decafia_clean\images\train\SANAS_SOCORRO_10.jpg,train,SANAS_SOCORRO_10
1241,C:\Users\luise\OneDrive\Documentos\DECAFIA_v2\01_dataset\decafia_clean\images\train\SANAS_SOCORRO_100.jpg,train,SANAS_SOCORRO_100
1242,C:\Users\luise\OneDrive\Documentos\DECAFIA_v2\01_dataset\decafia_clean\images\train\SANAS_SOCORRO_101.jpg,train,SANAS_SOCORRO_101
1243,C:\Users\luise\OneDrive\Documentos\DECAFIA_v2\01_dataset\decafia_clean\images\train\SANAS_SOCORRO_103.jpg,train,SANAS_SOCORRO_103
1244,C:\Users\luise\OneDrive\Documentos\DECAFIA_v2\01_dataset\decafia_clean\images\train\SANAS_SOCORRO_104.jpg,train,SANAS_SOCORRO_104
1245,C:\Users\luise\OneDrive\Documentos\DECAFIA_v2\01_dataset\decafia_clean\images\train\SANAS_SOCORRO_106.jpg,train,SANAS_SOCORRO_106
1246,C:\Users\luise\OneDrive\Documentos\DECAFIA_v2\01_dataset\decafia_clean\images\train\SANAS_SOCORRO_108.jpg,train,SANAS_SOCORRO_108
1247,C:\Users\luise\OneDrive\Documentos\DECAFIA_v2\01_dataset\decafia_clean\images\train\SANAS_SOCORRO_110.jpg,train,SANAS_SOCORRO_110
1248,C:\Users\luise\OneDrive\Documentos\DECAFIA_v2\01_dataset\decafia_clean\images\train\SANAS_SOCORRO_112.jpg,train,SANAS_SOCORRO_112
1249,C:\Users\luise\OneDrive\Documentos\DECAFIA_v2\01_dataset\decafia_clean\images\train\SANAS_SOCORRO_113.jpg,train,SANAS_SOCORRO_113
1250,C:\Users\luise\OneDrive\Documentos\DECAFIA_v2\01_dataset\decafia_clean\images\train\SANAS_SOCORRO_114.jpg,train,SANAS_SOCORRO_114
1251,C:\Users\luise\OneDrive\Documentos\DECAFIA_v2\01_dataset\decafia_clean\images\train\SANAS_SOCORRO_115.jpg,train,SANAS_SOCORRO_115
1252,C:\Users\luise\OneDrive\Documentos\DECAFIA_v2\01_dataset\decafia_clean\images\train\SANAS_SOCORRO_116.jpg,train,SANAS_SOCORRO_116
1253,C:\Users\luise\OneDrive\Documentos\DECAFIA_v2\01_dataset\decafia_clean\images\train\SANAS_SOCORRO_117.jpg,train,SANAS_SOCORRO_117
1254,C:\Users\luise\OneDrive\Documentos\DECAFIA_v2\01_dataset\decafia_clean\images\train\SANAS_SOCORRO_118.jpg,train,SANAS_SOCORRO_118
1255,C:\Users\luise\OneDrive\Documentos\DECAFIA_v2\01_dataset\decafia_clean\images\train\SANAS_SOCORRO_119.jpg,train,SANAS_SOCORRO_119
1256,C:\Users\luise\OneDrive\Documentos\DECAFIA_v2\01_dataset\decafia_clean\images\train\SANAS_SOCORRO_12.jpg,train,SANAS_SOCORRO_12
1257,C:\Users\luise\OneDrive\Documentos\DECAFIA_v2\01_dataset\decafia_clean\images\train\SANAS_SOCORRO_120.jpg,train,SANAS_SOCORRO_120
1258,C:\Users\luise\OneDrive\Documentos\DECAFIA_v2\01_dataset\decafia_clean\images\train\SANAS_SOCORRO_121.jpg,train,SANAS_SOCORRO_121
1259,C:\Users\luise\OneDrive\Documentos\DECAFIA_v2\01_dataset\decafia_clean\images\train\SANAS_SOCORRO_123.jpg,train,SANAS_SOCORRO_123
1260,C:\Users\luise\OneDrive\Documentos\DECAFIA_v2\01_dataset\decafia_clean\images\train\SANAS_SOCORRO_125.jpg,train,SANAS_SOCORRO_125
1261,C:\Users\luise\OneDrive\Documentos\DECAFIA_v2\01_dataset\decafia_clean\images\train\SANAS_SOCORRO_126.jpg,train,SANAS_SOCORRO_126
1262,C:\Users\luise\OneDrive\Documentos\DECAFIA_v2\01_dataset\decafia_clean\images\train\SANAS_SOCORRO_127.jpg,train,SANAS_SOCORRO_127
1263,C:\Users\luise\OneDrive\Documentos\DECAFIA_v2\01_dataset\decafia_clean\images\train\SANAS_SOCORRO_129.jpg,train,SANAS_SOCORRO_129
1264,C:\Users\luise\OneDrive\Documentos\DECAFIA_v2\01_dataset\decafia_clean\images\train\SANAS_SOCORRO_131.jpg,train,SANAS_SOCORRO_131
1265,C:\Users\luise\OneDrive\Documentos\DECAFIA_v2\01_dataset\decafia_clean\images\train\SANAS_SOCORRO_132.jpg,train,SANAS_SOCORRO_132
1266,C:\Users\luise\OneDrive\Documentos\DECAFIA_v2\01_dataset\decafia_clean\images\train\SANAS_SOCORRO_134.jpg,train,SANAS_SOCORRO_134
1267,C:\Users\luise\OneDrive\Documentos\DECAFIA_v2\01_dataset\decafia_clean\images\train\SANAS_SOCORRO_135.jpg,train,SANAS_SOCORRO_135
1268,C:\Users\luise\OneDrive\Documentos\DECAFIA_v2\01_dataset\decafia_clean\images\train\SANAS_SOCORRO_136.jpg,train,SANAS_SOCORRO_136
1269,C:\Users\luise\OneDrive\Documentos\DECAFIA_v2\01_dataset\decafia_clean\images\train\SANAS_SOCORRO_137.jpg,train,SANAS_SOCORRO_137
1270,C:\Users\luise\OneDrive\Documentos\DECAFIA_v2\01_dataset\decafia_clean\images\train\SANAS_SOCORRO_14.jpg,train,SANAS_SOCORRO_14
1271,C:\Users\luise\OneDrive\Documentos\DECAFIA_v2\01_dataset\decafia_clean\images\train\SANAS_SOCORRO_140.jpg,train,SANAS_SOCORRO_140
1272,C:\Users\luise\OneDrive\Documentos\DECAFIA_v2\01_dataset\decafia_clean\images\train\SANAS_SOCORRO_143.jpg,train,SANAS_SOCORRO_143
1273,C:\Users\luise\OneDrive\Documentos\DECAFIA_v2\01_dataset\decafia_clean\images\train\SANAS_SOCORRO_144.jpg,train,SANAS_SOCORRO_144
1274,C:\Users\luise\OneDrive\Documentos\DECAFIA_v2\01_dataset\decafia_clean\images\train\SANAS_SOCORRO_145.jpg,train,SANAS_SOCORRO_145
1275,C:\Users\luise\OneDrive\Documentos\DECAFIA_v2\01_dataset\decafia_clean\images\train\SANAS_SOCORRO_146.jpg,train,SANAS_SOCORRO_146
1276,C:\Users\luise\OneDrive\Documentos\DECAFIA_v2\01_dataset\decafia_clean\images\train\SANAS_SOCORRO_147.jpg,train,SANAS_SOCORRO_147
1277,C:\Users\luise\OneDrive\Documentos\DECAFIA_v2\01_dataset\decafia_clean\images\train\SANAS_SOCORRO_148.jpg,train,SANAS_SOCORRO_148
1278,C:\Users\luise\OneDrive\Documentos\DECAFIA_v2\01_dataset\decafia_clean\images\train\SANAS_SOCORRO_149.jpg,train,SANAS_SOCORRO_149
1279,C:\Users\luise\OneDrive\Documentos\DECAFIA_v2\01_dataset\decafia_clean\images\train\SANAS_SOCORRO_15.jpg,train,SANAS_SOCORRO_15
1280,C:\Users\luise\OneDrive\Documentos\DECAFIA_v2\01_dataset\decafia_clean\images\train\SANAS_SOCORRO_150.jpg,train,SANAS_SOCORRO_150
1281,C:\Users\luise\OneDrive\Documentos\DECAFIA_v2\01_dataset\decafia_clean\images\train\SANAS_SOCORRO_151.jpg,train,SANAS_SOCORRO_151
1282,C:\Users\luise\OneDrive\Documentos\DECAFIA_v2\01_dataset\decafia_clean\images\train\SANAS_SOCORRO_152.jpg,train,SANAS_SOCORRO_152
1283,C:\Users\luise\OneDrive\Documentos\DECAFIA_v2\01_dataset\decafia_clean\images\train\SANAS_SOCORRO_154.jpg,train,SANAS_SOCORRO_154
1284,C:\Users\luise\OneDrive\Documentos\DECAFIA_v2\01_dataset\decafia_clean\images\train\SANAS_SOCORRO_155.jpg,train,SANAS_SOCORRO_155
1285,C:\Users\luise\OneDrive\Documentos\DECAFIA_v2\01_dataset\decafia_clean\images\train\SANAS_SOCORRO_157.jpg,train,SANAS_SOCORRO_157
1286,C:\Users\luise\OneDrive\Documentos\DECAFIA_v2\01_dataset\decafia_clean\images\train\SANAS_SOCORRO_159.jpg,train,SANAS_SOCORRO_159
1287,C:\Users\luise\OneDrive\Documentos\DECAFIA_v2\01_dataset\decafia_clean\images\train\SANAS_SOCORRO_160.jpg,train,SANAS_SOCORRO_160
1288,C:\Users\luise\OneDrive\Documentos\DECAFIA_v2\01_dataset\decafia_clean\images\train\SANAS_SOCORRO_161.jpg,train,SANAS_SOCORRO_161
1289,C:\Users\luise\OneDrive\Documentos\DECAFIA_v2\01_dataset\decafia_clean\images\train\SANAS_SOCORRO_162.jpg,train,SANAS_SOCORRO_162
1290,C:\Users\luise\OneDrive\Documentos\DECAFIA_v2\01_dataset\decafia_clean\images\train\SANAS_SOCORRO_165.jpg,train,SANAS_SOCORRO_165
1291,C:\Users\luise\OneDrive\Documentos\DECAFIA_v2\01_dataset\decafia_clean\images\train\SANAS_SOCORRO_166.jpg,train,SANAS_SOCORRO_166
1292,C:\Users\luise\OneDrive\Documentos\DECAFIA_v2\01_dataset\decafia_clean\images\train\SANAS_SOCORRO_168.jpg,train,SANAS_SOCORRO_168
1293,C:\Users\luise\OneDrive\Documentos\DECAFIA_v2\01_dataset\decafia_clean\images\train\SANAS_SOCORRO_17.jpg,train,SANAS_SOCORRO_17
1294,C:\Users\luise\OneDrive\Documentos\DECAFIA_v2\01_dataset\decafia_clean\images\train\SANAS_SOCORRO_172.jpg,train,SANAS_SOCORRO_172
1295,C:\Users\luise\OneDrive\Documentos\DECAFIA_v2\01_dataset\decafia_clean\images\train\SANAS_SOCORRO_173.jpg,train,SANAS_SOCORRO_173
1296,C:\Users\luise\OneDrive\Documentos\DECAFIA_v2\01_dataset\decafia_clean\images\train\SANAS_SOCORRO_176.jpg,train,SANAS_SOCORRO_176
1297,C:\Users\luise\OneDrive\Documentos\DECAFIA_v2\01_dataset\decafia_clean\images\train\SANAS_SOCORRO_177.jpg,train,SANAS_SOCORRO_177
1298,C:\Users\luise\OneDrive\Documentos\DECAFIA_v2\01_dataset\decafia_clean\images\train\SANAS_SOCORRO_179.jpg,train,SANAS_SOCORRO_179
1299,C:\Users\luise\OneDrive\Documentos\DECAFIA_v2\01_dataset\decafia_clean\images\train\SANAS_SOCORRO_18.jpg,train,SANAS_SOCORRO_18
1300,C:\Users\luise\OneDrive\Documentos\DECAFIA_v2\01_dataset\decafia_clean\images\train\SANAS_SOCORRO_180.jpg,train,SANAS_SOCORRO_180
1301,C:\Users\luise\OneDrive\Documentos\DECAFIA_v2\01_dataset\decafia_clean\images\train\SANAS_SOCORRO_183.jpg,train,SANAS_SOCORRO_183
1302,C:\Users\luise\OneDrive\Documentos\DECAFIA_v2\01_dataset\decafia_clean\images\train\SANAS_SOCORRO_184.jpg,train,SANAS_SOCORRO_184
1303,C:\Users\luise\OneDrive\Documentos\DECAFIA_v2\01_dataset\decafia_clean\images\train\SANAS_SOCORRO_185.jpg,train,SANAS_SOCORRO_185
1304,C:\Users\luise\OneDrive\Documentos\DECAFIA_v2\01_dataset\decafia_clean\images\train\SANAS_SOCORRO_187.jpg,train,SANAS_SOCORRO_187
1305,C:\Users\luise\OneDrive\Documentos\DECAFIA_v2\01_dataset\decafia_clean\images\train\SANAS_SOCORRO_189.jpg,train,SANAS_SOCORRO_189
1306,C:\Users\luise\OneDrive\Documentos\DECAFIA_v2\01_dataset\decafia_clean\images\train\SANAS_SOCORRO_191.jpg,train,SANAS_SOCORRO_191
1307,C:\Users\luise\OneDrive\Documentos\DECAFIA_v2\01_dataset\decafia_clean\images\train\SANAS_SOCORRO_192.jpg,train,SANAS_SOCORRO_192
1308,C:\Users\luise\OneDrive\Documentos\DECAFIA_v2\01_dataset\decafia_clean\images\train\SANAS_SOCORRO_194.jpg,train,SANAS_SOCORRO_194
1309,C:\Users\luise\OneDrive\Documentos\DECAFIA_v2\01_dataset\decafia_clean\images\train\SANAS_SOCORRO_195.jpg,train,SANAS_SOCORRO_195
1310,C:\Users\luise\OneDrive\Documentos\DECAFIA_v2\01_dataset\decafia_clean\images\train\SANAS_SOCORRO_196.jpg,train,SANAS_SOCORRO_196
1311,C:\Users\luise\OneDrive\Documentos\DECAFIA_v2\01_dataset\decafia_clean\images\train\SANAS_SOCORRO_197.jpg,train,SANAS_SOCORRO_197
1312,C:\Users\luise\OneDrive\Documentos\DECAFIA_v2\01_dataset\decafia_clean\images\train\SANAS_SOCORRO_198.jpg,train,SANAS_SOCORRO_198
1313,C:\Users\luise\OneDrive\Documentos\DECAFIA_v2\01_dataset\decafia_clean\images\train\SANAS_SOCORRO_199.jpg,train,SANAS_SOCORRO_199
1314,C:\Users\luise\OneDrive\Documentos\DECAFIA_v2\01_dataset\decafia_clean\images\train\SANAS_SOCORRO_20.jpg,train,SANAS_SOCORRO_20
1315,C:\Users\luise\OneDrive\Documentos\DECAFIA_v2\01_dataset\decafia_clean\images\train\SANAS_SOCORRO_200.jpg,train,SANAS_SOCORRO_200
1316,C:\Users\luise\OneDrive\Documentos\DECAFIA_v2\01_dataset\decafia_clean\images\train\SANAS_SOCORRO_201.jpg,train,SANAS_SOCORRO_201
1317,C:\Users\luise\OneDrive\Documentos\DECAFIA_v2\01_dataset\decafia_clean\images\train\SANAS_SOCORRO_202.jpg,train,SANAS_SOCORRO_202
1318,C:\Users\luise\OneDrive\Documentos\DECAFIA_v2\01_dataset\decafia_clean\images\train\SANAS_SOCORRO_205.jpg,train,SANAS_SOCORRO_205
1319,C:\Users\luise\OneDrive\Documentos\DECAFIA_v2\01_dataset\decafia_clean\images\train\SANAS_SOCORRO_206.jpg,train,SANAS_SOCORRO_206
1320,C:\Users\luise\OneDrive\Documentos\DECAFIA_v2\01_dataset\decafia_clean\images\train\SANAS_SOCORRO_208.jpg,train,SANAS_SOCORRO_208
1321,C:\Users\luise\OneDrive\Documentos\DECAFIA_v2\01_dataset\decafia_clean\images\train\SANAS_SOCORRO_209.jpg,train,SANAS_SOCORRO_209
1322,C:\Users\luise\OneDrive\Documentos\DECAFIA_v2\01_dataset\decafia_clean\images\train\SANAS_SOCORRO_211.jpg,train,SANAS_SOCORRO_211
1323,C:\Users\luise\OneDrive\Documentos\DECAFIA_v2\01_dataset\decafia_clean\images\train\SANAS_SOCORRO_212.jpg,train,SANAS_SOCORRO_212
1324,C:\Users\luise\OneDrive\Documentos\DECAFIA_v2\01_dataset\decafia_clean\images\train\SANAS_SOCORRO_213.jpg,train,SANAS_SOCORRO_213
1325,C:\Users\luise\OneDrive\Documentos\DECAFIA_v2\01_dataset\decafia_clean\images\train\SANAS_SOCORRO_215.jpg,train,SANAS_SOCORRO_215
1326,C:\Users\luise\OneDrive\Documentos\DECAFIA_v2\01_dataset\decafia_clean\images\train\SANAS_SOCORRO_216.jpg,train,SANAS_SOCORRO_216
1327,C:\Users\luise\OneDrive\Documentos\DECAFIA_v2\01_dataset\decafia_clean\images\train\SANAS_SOCORRO_217.jpg,train,SANAS_SOCORRO_217
1328,C:\Users\luise\OneDrive\Documentos\DECAFIA_v2\01_dataset\decafia_clean\images\train\SANAS_SOCORRO_219.jpg,train,SANAS_SOCORRO_219
1329,C:\Users\luise\OneDrive\Documentos\DECAFIA_v2\01_dataset\decafia_clean\images\train\SANAS_SOCORRO_220.jpg,train,SANAS_SOCORRO_220
1330,C:\Users\luise\OneDrive\Documentos\DECAFIA_v2\01_dataset\decafia_clean\images\train\SANAS_SOCORRO_221.jpg,train,SANAS_SOCORRO_221
1331,C:\Users\luise\OneDrive\Documentos\DECAFIA_v2\01_dataset\decafia_clean\images\train\SANAS_SOCORRO_223.jpg,train,SANAS_SOCORRO_223
1332,C:\Users\luise\OneDrive\Documentos\DECAFIA_v2\01_dataset\decafia_clean\images\train\SANAS_SOCORRO_224.jpg,train,SANAS_SOCORRO_224
1333,C:\Users\luise\OneDrive\Documentos\DECAFIA_v2\01_dataset\decafia_clean\images\train\SANAS_SOCORRO_226.jpg,train,SANAS_SOCORRO_226
1334,C:\Users\luise\OneDrive\Documentos\DECAFIA_v2\01_dataset\decafia_clean\images\train\SANAS_SOCORRO_227.jpg,train,SANAS_SOCORRO_227
1335,C:\Users\luise\OneDrive\Documentos\DECAFIA_v2\01_dataset\decafia_clean\images\train\SANAS_SOCORRO_228.jpg,train,SANAS_SOCORRO_228
1336,C:\Users\luise\OneDrive\Documentos\DECAFIA_v2\01_dataset\decafia_clean\images\train\SANAS_SOCORRO_229.jpg,train,SANAS_SOCORRO_229
1337,C:\Users\luise\OneDrive\Documentos\DECAFIA_v2\01_dataset\decafia_clean\images\train\SANAS_SOCORRO_23.jpg,train,SANAS_SOCORRO_23
1338,C:\Users\luise\OneDrive\Documentos\DECAFIA_v2\01_dataset\decafia_clean\images\train\SANAS_SOCORRO_231.jpg,train,SANAS_SOCORRO_231
1339,C:\Users\luise\OneDrive\Documentos\DECAFIA_v2\01_dataset\decafia_clean\images\train\SANAS_SOCORRO_232.jpg,train,SANAS_SOCORRO_232
1340,C:\Users\luise\OneDrive\Documentos\DECAFIA_v2\01_dataset\decafia_clean\images\train\SANAS_SOCORRO_233.jpg,train,SANAS_SOCORRO_233
1341,C:\Users\luise\OneDrive\Documentos\DECAFIA_v2\01_dataset\decafia_clean\images\train\SANAS_SOCORRO_235.jpg,train,SANAS_SOCORRO_235
1342,C:\Users\luise\OneDrive\Documentos\DECAFIA_v2\01_dataset\decafia_clean\images\train\SANAS_SOCORRO_236.jpg,train,SANAS_SOCORRO_236
1343,C:\Users\luise\OneDrive\Documentos\DECAFIA_v2\01_dataset\decafia_clean\images\train\SANAS_SOCORRO_237.jpg,train,SANAS_SOCORRO_237
1344,C:\Users\luise\OneDrive\Documentos\DECAFIA_v2\01_dataset\decafia_clean\images\train\SANAS_SOCORRO_239.jpg,train,SANAS_SOCORRO_239
1345,C:\Users\luise\OneDrive\Documentos\DECAFIA_v2\01_dataset\decafia_clean\images\train\SANAS_SOCORRO_24.jpg,train,SANAS_SOCORRO_24
1346,C:\Users\luise\OneDrive\Documentos\DECAFIA_v2\01_dataset\decafia_clean\images\train\SANAS_SOCORRO_242.jpg,train,SANAS_SOCORRO_242
1347,C:\Users\luise\OneDrive\Documentos\DECAFIA_v2\01_dataset\decafia_clean\images\train\SANAS_SOCORRO_245.jpg,train,SANAS_SOCORRO_245
1348,C:\Users\luise\OneDrive\Documentos\DECAFIA_v2\01_dataset\decafia_clean\images\train\SANAS_SOCORRO_246.jpg,train,SANAS_SOCORRO_246
1349,C:\Users\luise\OneDrive\Documentos\DECAFIA_v2\01_dataset\decafia_clean\images\train\SANAS_SOCORRO_248.jpg,train,SANAS_SOCORRO_248
1350,C:\Users\luise\OneDrive\Documentos\DECAFIA_v2\01_dataset\decafia_clean\images\train\SANAS_SOCORRO_249.jpg,train,SANAS_SOCORRO_249
1351,C:\Users\luise\OneDrive\Documentos\DECAFIA_v2\01_dataset\decafia_clean\images\train\SANAS_SOCORRO_25.jpg,train,SANAS_SOCORRO_25
1352,C:\Users\luise\OneDrive\Documentos\DECAFIA_v2\01_dataset\decafia_clean\images\train\SANAS_SOCORRO_250.jpg,train,SANAS_SOCORRO_250
1353,C:\Users\luise\OneDrive\Documentos\DECAFIA_v2\01_dataset\decafia_clean\images\train\SANAS_SOCORRO_251.jpg,train,SANAS_SOCORRO_251
1354,C:\Users\luise\OneDrive\Documentos\DECAFIA_v2\01_dataset\decafia_clean\images\train\SANAS_SOCORRO_253.jpg,train,SANAS_SOCORRO_253
1355,C:\Users\luise\OneDrive\Documentos\DECAFIA_v2\01_dataset\decafia_clean\images\train\SANAS_SOCORRO_254.jpg,train,SANAS_SOCORRO_254
1356,C:\Users\luise\OneDrive\Documentos\DECAFIA_v2\01_dataset\decafia_clean\images\train\SANAS_SOCORRO_255.jpg,train,SANAS_SOCORRO_255
1357,C:\Users\luise\OneDrive\Documentos\DECAFIA_v2\01_dataset\decafia_clean\images\train\SANAS_SOCORRO_256.jpg,train,SANAS_SOCORRO_256
1358,C:\Users\luise\OneDrive\Documentos\DECAFIA_v2\01_dataset\decafia_clean\images\train\SANAS_SOCORRO_257.jpg,train,SANAS_SOCORRO_257
1359,C:\Users\luise\OneDrive\Documentos\DECAFIA_v2\01_dataset\decafia_clean\images\train\SANAS_SOCORRO_258.jpg,train,SANAS_SOCORRO_258
1360,C:\Users\luise\OneDrive\Documentos\DECAFIA_v2\01_dataset\decafia_clean\images\train\SANAS_SOCORRO_259.jpg,train,SANAS_SOCORRO_259
1361,C:\Users\luise\OneDrive\Documentos\DECAFIA_v2\01_dataset\decafia_clean\images\train\SANAS_SOCORRO_260.jpg,train,SANAS_SOCORRO_260
1362,C:\Users\luise\OneDrive\Documentos\DECAFIA_v2\01_dataset\decafia_clean\images\train\SANAS_SOCORRO_261.jpg,train,SANAS_SOCORRO_261
1363,C:\Users\luise\OneDrive\Documentos\DECAFIA_v2\01_dataset\decafia_clean\images\train\SANAS_SOCORRO_262.jpg,train,SANAS_SOCORRO_262
1364,C:\Users\luise\OneDrive\Documentos\DECAFIA_v2\01_dataset\decafia_clean\images\train\SANAS_SOCORRO_263.jpg,train,SANAS_SOCORRO_263
1365,C:\Users\luise\OneDrive\Documentos\DECAFIA_v2\01_dataset\decafia_clean\images\train\SANAS_SOCORRO_264.jpg,train,SANAS_SOCORRO_264
1366,C:\Users\luise\OneDrive\Documentos\DECAFIA_v2\01_dataset\decafia_clean\images\train\SANAS_SOCORRO_265.jpg,train,SANAS_SOCORRO_265
1367,C:\Users\luise\OneDrive\Documentos\DECAFIA_v2\01_dataset\decafia_clean\images\train\SANAS_SOCORRO_266.jpg,train,SANAS_SOCORRO_266
1368,C:\Users\luise\OneDrive\Documentos\DECAFIA_v2\01_dataset\decafia_clean\images\train\SANAS_SOCORRO_267.jpg,train,SANAS_SOCORRO_267
1369,C:\Users\luise\OneDrive\Documentos\DECAFIA_v2\01_dataset\decafia_clean\images\train\SANAS_SOCORRO_268.jpg,train,SANAS_SOCORRO_268
1370,C:\Users\luise\OneDrive\Documentos\DECAFIA_v2\01_dataset\decafia_clean\images\train\SANAS_SOCORRO_269.jpg,train,SANAS_SOCORRO_269
1371,C:\Users\luise\OneDrive\Documentos\DECAFIA_v2\01_dataset\decafia_clean\images\train\SANAS_SOCORRO_27.jpg,train,SANAS_SOCORRO_27
1372,C:\Users\luise\OneDrive\Documentos\DECAFIA_v2\01_dataset\decafia_clean\images\train\SANAS_SOCORRO_270.jpg,train,SANAS_SOCORRO_270
1373,C:\Users\luise\OneDrive\Documentos\DECAFIA_v2\01_dataset\decafia_clean\images\train\SANAS_SOCORRO_271.jpg,train,SANAS_SOCORRO_271
1374,C:\Users\luise\OneDrive\Documentos\DECAFIA_v2\01_dataset\decafia_clean\images\train\SANAS_SOCORRO_273.jpg,train,SANAS_SOCORRO_273
1375,C:\Users\luise\OneDrive\Documentos\DECAFIA_v2\01_dataset\decafia_clean\images\train\SANAS_SOCORRO_274.jpg,train,SANAS_SOCORRO_274
1376,C:\Users\luise\OneDrive\Documentos\DECAFIA_v2\01_dataset\decafia_clean\images\train\SANAS_SOCORRO_275.jpg,train,SANAS_SOCORRO_275
1377,C:\Users\luise\OneDrive\Documentos\DECAFIA_v2\01_dataset\decafia_clean\images\train\SANAS_SOCORRO_276.jpg,train,SANAS_SOCORRO_276
1378,C:\Users\luise\OneDrive\Documentos\DECAFIA_v2\01_dataset\decafia_clean\images\train\SANAS_SOCORRO_277.jpg,train,SANAS_SOCORRO_277
1379,C:\Users\luise\OneDrive\Documentos\DECAFIA_v2\01_dataset\decafia_clean\images\train\SANAS_SOCORRO_278.jpg,train,SANAS_SOCORRO_278
1380,C:\Users\luise\OneDrive\Documentos\DECAFIA_v2\01_dataset\decafia_clean\images\train\SANAS_SOCORRO_279.jpg,train,SANAS_SOCORRO_279
1381,C:\Users\luise\OneDrive\Documentos\DECAFIA_v2\01_dataset\decafia_clean\images\train\SANAS_SOCORRO_28.jpg,train,SANAS_SOCORRO_28
1382,C:\Users\luise\OneDrive\Documentos\DECAFIA_v2\01_dataset\decafia_clean\images\train\SANAS_SOCORRO_280.jpg,train,SANAS_SOCORRO_280
1383,C:\Users\luise\OneDrive\Documentos\DECAFIA_v2\01_dataset\decafia_clean\images\train\SANAS_SOCORRO_281.jpg,train,SANAS_SOCORRO_281
1384,C:\Users\luise\OneDrive\Documentos\DECAFIA_v2\01_dataset\decafia_clean\images\train\SANAS_SOCORRO_285.jpg,train,SANAS_SOCORRO_285
1385,C:\Users\luise\OneDrive\Documentos\DECAFIA_v2\01_dataset\decafia_clean\images\train\SANAS_SOCORRO_287.jpg,train,SANAS_SOCORRO_287
1386,C:\Users\luise\OneDrive\Documentos\DECAFIA_v2\01_dataset\decafia_clean\images\train\SANAS_SOCORRO_288.jpg,train,SANAS_SOCORRO_288
1387,C:\Users\luise\OneDrive\Documentos\DECAFIA_v2\01_dataset\decafia_clean\images\train\SANAS_SOCORRO_289.jpg,train,SANAS_SOCORRO_289
1388,C:\Users\luise\OneDrive\Documentos\DECAFIA_v2\01_dataset\decafia_clean\images\train\SANAS_SOCORRO_29.jpg,train,SANAS_SOCORRO_29
1389,C:\Users\luise\OneDrive\Documentos\DECAFIA_v2\01_dataset\decafia_clean\images\train\SANAS_SOCORRO_290.jpg,train,SANAS_SOCORRO_290
1390,C:\Users\luise\OneDrive\Documentos\DECAFIA_v2\01_dataset\decafia_clean\images\train\SANAS_SOCORRO_291.jpg,train,SANAS_SOCORRO_291
1391,C:\Users\luise\OneDrive\Documentos\DECAFIA_v2\01_dataset\decafia_clean\images\train\SANAS_SOCORRO_292.jpg,train,SANAS_SOCORRO_292
1392,C:\Users\luise\OneDrive\Documentos\DECAFIA_v2\01_dataset\decafia_clean\images\train\SANAS_SOCORRO_293.jpg,train,SANAS_SOCORRO_293
1393,C:\Users\luise\OneDrive\Documentos\DECAFIA_v2\01_dataset\decafia_clean\images\train\SANAS_SOCORRO_294.jpg,train,SANAS_SOCORRO_294
1394,C:\Users\luise\OneDrive\Documentos\DECAFIA_v2\01_dataset\decafia_clean\images\train\SANAS_SOCORRO_296.jpg,train,SANAS_SOCORRO_296
1395,C:\Users\luise\OneDrive\Documentos\DECAFIA_v2\01_dataset\decafia_clean\images\train\SANAS_SOCORRO_297.jpg,train,SANAS_SOCORRO_297
1396,C:\Users\luise\OneDrive\Documentos\DECAFIA_v2\01_dataset\decafia_clean\images\train\SANAS_SOCORRO_299.jpg,train,SANAS_SOCORRO_299
1397,C:\Users\luise\OneDrive\Documentos\DECAFIA_v2\01_dataset\decafia_clean\images\train\SANAS_SOCORRO_3.jpg,train,SANAS_SOCORRO_3
1398,C:\Users\luise\OneDrive\Documentos\DECAFIA_v2\01_dataset\decafia_clean\images\train\SANAS_SOCORRO_300.jpg,train,SANAS_SOCORRO_300
1399,C:\Users\luise\OneDrive\Documentos\DECAFIA_v2\01_dataset\decafia_clean\images\train\SANAS_SOCORRO_302.jpg,train,SANAS_SOCORRO_302
1400,C:\Users\luise\OneDrive\Documentos\DECAFIA_v2\01_dataset\decafia_clean\images\train\SANAS_SOCORRO_303.jpg,train,SANAS_SOCORRO_303
1401,C:\Users\luise\OneDrive\Documentos\DECAFIA_v2\01_dataset\decafia_clean\images\train\SANAS_SOCORRO_304.jpg,train,SANAS_SOCORRO_304
1402,C:\Users\luise\OneDrive\Documentos\DECAFIA_v2\01_dataset\decafia_clean\images\train\SANAS_SOCORRO_305.jpg,train,SANAS_SOCORRO_305
1403,C:\Users\luise\OneDrive\Documentos\DECAFIA_v2\01_dataset\decafia_clean\images\train\SANAS_SOCORRO_306.jpg,train,SANAS_SOCORRO_306
1404,C:\Users\luise\OneDrive\Documentos\DECAFIA_v2\01_dataset\decafia_clean\images\train\SANAS_SOCORRO_307.jpg,train,SANAS_SOCORRO_307
1405,C:\Users\luise\OneDrive\Documentos\DECAFIA_v2\01_dataset\decafia_clean\images\train\SANAS_SOCORRO_308.jpg,train,SANAS_SOCORRO_308
1406,C:\Users\luise\OneDrive\Documentos\DECAFIA_v2\01_dataset\decafia_clean\images\train\SANAS_SOCORRO_309.jpg,train,SANAS_SOCORRO_309
1407,C:\Users\luise\OneDrive\Documentos\DECAFIA_v2\01_dataset\decafia_clean\images\train\SANAS_SOCORRO_31.jpg,train,SANAS_SOCORRO_31
1408,C:\Users\luise\OneDrive\Documentos\DECAFIA_v2\01_dataset\decafia_clean\images\train\SANAS_SOCORRO_310.jpg,train,SANAS_SOCORRO_310
1409,C:\Users\luise\OneDrive\Documentos\DECAFIA_v2\01_dataset\decafia_clean\images\train\SANAS_SOCORRO_311.jpg,train,SANAS_SOCORRO_311
1410,C:\Users\luise\OneDrive\Documentos\DECAFIA_v2\01_dataset\decafia_clean\images\train\SANAS_SOCORRO_312.jpg,train,SANAS_SOCORRO_312
1411,C:\Users\luise\OneDrive\Documentos\DECAFIA_v2\01_dataset\decafia_clean\images\train\SANAS_SOCORRO_314.jpg,train,SANAS_SOCORRO_314
1412,C:\Users\luise\OneDrive\Documentos\DECAFIA_v2\01_dataset\decafia_clean\images\train\SANAS_SOCORRO_317.jpg,train,SANAS_SOCORRO_317
1413,C:\Users\luise\OneDrive\Documentos\DECAFIA_v2\01_dataset\decafia_clean\images\train\SANAS_SOCORRO_318.jpg,train,SANAS_SOCORRO_318
1414,C:\Users\luise\OneDrive\Documentos\DECAFIA_v2\01_dataset\decafia_clean\images\train\SANAS_SOCORRO_319.jpg,train,SANAS_SOCORRO_319
1415,C:\Users\luise\OneDrive\Documentos\DECAFIA_v2\01_dataset\decafia_clean\images\train\SANAS_SOCORRO_32.jpg,train,SANAS_SOCORRO_32
1416,C:\Users\luise\OneDrive\Documentos\DECAFIA_v2\01_dataset\decafia_clean\images\train\SANAS_SOCORRO_320.jpg,train,SANAS_SOCORRO_320
1417,C:\Users\luise\OneDrive\Documentos\DECAFIA_v2\01_dataset\decafia_clean\images\train\SANAS_SOCORRO_321.jpg,train,SANAS_SOCORRO_321
1418,C:\Users\luise\OneDrive\Documentos\DECAFIA_v2\01_dataset\decafia_clean\images\train\SANAS_SOCORRO_322.jpg,train,SANAS_SOCORRO_322
1419,C:\Users\luise\OneDrive\Documentos\DECAFIA_v2\01_dataset\decafia_clean\images\train\SANAS_SOCORRO_323.jpg,train,SANAS_SOCORRO_323
1420,C:\Users\luise\OneDrive\Documentos\DECAFIA_v2\01_dataset\decafia_clean\images\train\SANAS_SOCORRO_325.jpg,train,SANAS_SOCORRO_325
1421,C:\Users\luise\OneDrive\Documentos\DECAFIA_v2\01_dataset\decafia_clean\images\train\SANAS_SOCORRO_326.jpg,train,SANAS_SOCORRO_326
1422,C:\Users\luise\OneDrive\Documentos\DECAFIA_v2\01_dataset\decafia_clean\images\train\SANAS_SOCORRO_328.jpg,train,SANAS_SOCORRO_328
1423,C:\Users\luise\OneDrive\Documentos\DECAFIA_v2\01_dataset\decafia_clean\images\train\SANAS_SOCORRO_329.jpg,train,SANAS_SOCORRO_329
1424,C:\Users\luise\OneDrive\Documentos\DECAFIA_v2\01_dataset\decafia_clean\images\train\SANAS_SOCORRO_33.jpg,train,SANAS_SOCORRO_33
1425,C:\Users\luise\OneDrive\Documentos\DECAFIA_v2\01_dataset\decafia_clean\images\train\SANAS_SOCORRO_330.jpg,train,SANAS_SOCORRO_330
1426,C:\Users\luise\OneDrive\Documentos\DECAFIA_v2\01_dataset\decafia_clean\images\train\SANAS_SOCORRO_331.jpg,train,SANAS_SOCORRO_331
1427,C:\Users\luise\OneDrive\Documentos\DECAFIA_v2\01_dataset\decafia_clean\images\train\SANAS_SOCORRO_332.jpg,train,SANAS_SOCORRO_332
1428,C:\Users\luise\OneDrive\Documentos\DECAFIA_v2\01_dataset\decafia_clean\images\train\SANAS_SOCORRO_333.jpg,train,SANAS_SOCORRO_333
1429,C:\Users\luise\OneDrive\Documentos\DECAFIA_v2\01_dataset\decafia_clean\images\train\SANAS_SOCORRO_334.jpg,train,SANAS_SOCORRO_334
1430,C:\Users\luise\OneDrive\Documentos\DECAFIA_v2\01_dataset\decafia_clean\images\train\SANAS_SOCORRO_336.jpg,train,SANAS_SOCORRO_336
1431,C:\Users\luise\OneDrive\Documentos\DECAFIA_v2\01_dataset\decafia_clean\images\train\SANAS_SOCORRO_339.jpg,train,SANAS_SOCORRO_339
1432,C:\Users\luise\OneDrive\Documentos\DECAFIA_v2\01_dataset\decafia_clean\images\train\SANAS_SOCORRO_34.jpg,train,SANAS_SOCORRO_34
1433,C:\Users\luise\OneDrive\Documentos\DECAFIA_v2\01_dataset\decafia_clean\images\train\SANAS_SOCORRO_340.jpg,train,SANAS_SOCORRO_340
1434,C:\Users\luise\OneDrive\Documentos\DECAFIA_v2\01_dataset\decafia_clean\images\train\SANAS_SOCORRO_341.jpg,train,SANAS_SOCORRO_341
1435,C:\Users\luise\OneDrive\Documentos\DECAFIA_v2\01_dataset\decafia_clean\images\train\SANAS_SOCORRO_342.jpg,train,SANAS_SOCORRO_342
1436,C:\Users\luise\OneDrive\Documentos\DECAFIA_v2\01_dataset\decafia_clean\images\train\SANAS_SOCORRO_343.jpg,train,SANAS_SOCORRO_343
1437,C:\Users\luise\OneDrive\Documentos\DECAFIA_v2\01_dataset\decafia_clean\images\train\SANAS_SOCORRO_344.jpg,train,SANAS_SOCORRO_344
1438,C:\Users\luise\OneDrive\Documentos\DECAFIA_v2\01_dataset\decafia_clean\images\train\SANAS_SOCORRO_346.jpg,train,SANAS_SOCORRO_346
1439,C:\Users\luise\OneDrive\Documentos\DECAFIA_v2\01_dataset\decafia_clean\images\train\SANAS_SOCORRO_348.jpg,train,SANAS_SOCORRO_348
1440,C:\Users\luise\OneDrive\Documentos\DECAFIA_v2\01_dataset\decafia_clean\images\train\SANAS_SOCORRO_349.jpg,train,SANAS_SOCORRO_349
1441,C:\Users\luise\OneDrive\Documentos\DECAFIA_v2\01_dataset\decafia_clean\images\train\SANAS_SOCORRO_35.jpg,train,SANAS_SOCORRO_35
1442,C:\Users\luise\OneDrive\Documentos\DECAFIA_v2\01_dataset\decafia_clean\images\train\SANAS_SOCORRO_350.jpg,train,SANAS_SOCORRO_350
1443,C:\Users\luise\OneDrive\Documentos\DECAFIA_v2\01_dataset\decafia_clean\images\train\SANAS_SOCORRO_351.jpg,train,SANAS_SOCORRO_351
1444,C:\Users\luise\OneDrive\Documentos\DECAFIA_v2\01_dataset\decafia_clean\images\train\SANAS_SOCORRO_352.jpg,train,SANAS_SOCORRO_352
1445,C:\Users\luise\OneDrive\Documentos\DECAFIA_v2\01_dataset\decafia_clean\images\train\SANAS_SOCORRO_356.jpg,train,SANAS_SOCORRO_356
1446,C:\Users\luise\OneDrive\Documentos\DECAFIA_v2\01_dataset\decafia_clean\images\train\SANAS_SOCORRO_357.jpg,train,SANAS_SOCORRO_357
1447,C:\Users\luise\OneDrive\Documentos\DECAFIA_v2\01_dataset\decafia_clean\images\train\SANAS_SOCORRO_358.jpg,train,SANAS_SOCORRO_358
1448,C:\Users\luise\OneDrive\Documentos\DECAFIA_v2\01_dataset\decafia_clean\images\train\SANAS_SOCORRO_359.jpg,train,SANAS_SOCORRO_359
1449,C:\Users\luise\OneDrive\Documentos\DECAFIA_v2\01_dataset\decafia_clean\images\train\SANAS_SOCORRO_360.jpg,train,SANAS_SOCORRO_360
1450,C:\Users\luise\OneDrive\Documentos\DECAFIA_v2\01_dataset\decafia_clean\images\train\SANAS_SOCORRO_362.jpg,train,SANAS_SOCORRO_362
1451,C:\Users\luise\OneDrive\Documentos\DECAFIA_v2\01_dataset\decafia_clean\images\train\SANAS_SOCORRO_363.jpg,train,SANAS_SOCORRO_363
1452,C:\Users\luise\OneDrive\Documentos\DECAFIA_v2\01_dataset\decafia_clean\images\train\SANAS_SOCORRO_364.jpg,train,SANAS_SOCORRO_364
1453,C:\Users\luise\OneDrive\Documentos\DECAFIA_v2\01_dataset\decafia_clean\images\train\SANAS_SOCORRO_365.jpg,train,SANAS_SOCORRO_365
1454,C:\Users\luise\OneDrive\Documentos\DECAFIA_v2\01_dataset\decafia_clean\images\train\SANAS_SOCORRO_367.jpg,train,SANAS_SOCORRO_367
1455,C:\Users\luise\OneDrive\Documentos\DECAFIA_v2\01_dataset\decafia_clean\images\train\SANAS_SOCORRO_37.jpg,train,SANAS_SOCORRO_37
1456,C:\Users\luise\OneDrive\Documentos\DECAFIA_v2\01_dataset\decafia_clean\images\train\SANAS_SOCORRO_370.jpg,train,SANAS_SOCORRO_370
1457,C:\Users\luise\OneDrive\Documentos\DECAFIA_v2\01_dataset\decafia_clean\images\train\SANAS_SOCORRO_371.jpg,train,SANAS_SOCORRO_371
1458,C:\Users\luise\OneDrive\Documentos\DECAFIA_v2\01_dataset\decafia_clean\images\train\SANAS_SOCORRO_372.jpg,train,SANAS_SOCORRO_372
1459,C:\Users\luise\OneDrive\Documentos\DECAFIA_v2\01_dataset\decafia_clean\images\train\SANAS_SOCORRO_373.jpg,train,SANAS_SOCORRO_373
1460,C:\Users\luise\OneDrive\Documentos\DECAFIA_v2\01_dataset\decafia_clean\images\train\SANAS_SOCORRO_376.jpg,train,SANAS_SOCORRO_376
1461,C:\Users\luise\OneDrive\Documentos\DECAFIA_v2\01_dataset\decafia_clean\images\train\SANAS_SOCORRO_377.jpg,train,SANAS_SOCORRO_377
1462,C:\Users\luise\OneDrive\Documentos\DECAFIA_v2\01_dataset\decafia_clean\images\train\SANAS_SOCORRO_378.jpg,train,SANAS_SOCORRO_378
1463,C:\Users\luise\OneDrive\Documentos\DECAFIA_v2\01_dataset\decafia_clean\images\train\SANAS_SOCORRO_379.jpg,train,SANAS_SOCORRO_379
1464,C:\Users\luise\OneDrive\Documentos\DECAFIA_v2\01_dataset\decafia_clean\images\train\SANAS_SOCORRO_38.jpg,train,SANAS_SOCORRO_38
1465,C:\Users\luise\OneDrive\Documentos\DECAFIA_v2\01_dataset\decafia_clean\images\train\SANAS_SOCORRO_380.jpg,train,SANAS_SOCORRO_380
1466,C:\Users\luise\OneDrive\Documentos\DECAFIA_v2\01_dataset\decafia_clean\images\train\SANAS_SOCORRO_381.jpg,train,SANAS_SOCORRO_381
1467,C:\Users\luise\OneDrive\Documentos\DECAFIA_v2\01_dataset\decafia_clean\images\train\SANAS_SOCORRO_382.jpg,train,SANAS_SOCORRO_382
1468,C:\Users\luise\OneDrive\Documentos\DECAFIA_v2\01_dataset\decafia_clean\images\train\SANAS_SOCORRO_384.jpg,train,SANAS_SOCORRO_384
1469,C:\Users\luise\OneDrive\Documentos\DECAFIA_v2\01_dataset\decafia_clean\images\train\SANAS_SOCORRO_385.jpg,train,SANAS_SOCORRO_385
1470,C:\Users\luise\OneDrive\Documentos\DECAFIA_v2\01_dataset\decafia_clean\images\train\SANAS_SOCORRO_386.jpg,train,SANAS_SOCORRO_386
1471,C:\Users\luise\OneDrive\Documentos\DECAFIA_v2\01_dataset\decafia_clean\images\train\SANAS_SOCORRO_388.jpg,train,SANAS_SOCORRO_388
1472,C:\Users\luise\OneDrive\Documentos\DECAFIA_v2\01_dataset\decafia_clean\images\train\SANAS_SOCORRO_39.jpg,train,SANAS_SOCORRO_39
1473,C:\Users\luise\OneDrive\Documentos\DECAFIA_v2\01_dataset\decafia_clean\images\train\SANAS_SOCORRO_390.jpg,train,SANAS_SOCORRO_390
1474,C:\Users\luise\OneDrive\Documentos\DECAFIA_v2\01_dataset\decafia_clean\images\train\SANAS_SOCORRO_392.jpg,train,SANAS_SOCORRO_392
1475,C:\Users\luise\OneDrive\Documentos\DECAFIA_v2\01_dataset\decafia_clean\images\train\SANAS_SOCORRO_393.jpg,train,SANAS_SOCORRO_393
1476,C:\Users\luise\OneDrive\Documentos\DECAFIA_v2\01_dataset\decafia_clean\images\train\SANAS_SOCORRO_394.jpg,train,SANAS_SOCORRO_394
1477,C:\Users\luise\OneDrive\Documentos\DECAFIA_v2\01_dataset\decafia_clean\images\train\SANAS_SOCORRO_395.jpg,train,SANAS_SOCORRO_395
1478,C:\Users\luise\OneDrive\Documentos\DECAFIA_v2\01_dataset\decafia_clean\images\train\SANAS_SOCORRO_396.jpg,train,SANAS_SOCORRO_396
1479,C:\Users\luise\OneDrive\Documentos\DECAFIA_v2\01_dataset\decafia_clean\images\train\SANAS_SOCORRO_397.jpg,train,SANAS_SOCORRO_397
1480,C:\Users\luise\OneDrive\Documentos\DECAFIA_v2\01_dataset\decafia_clean\images\train\SANAS_SOCORRO_398.jpg,train,SANAS_SOCORRO_398
1481,C:\Users\luise\OneDrive\Documentos\DECAFIA_v2\01_dataset\decafia_clean\images\train\SANAS_SOCORRO_399.jpg,train,SANAS_SOCORRO_399
1482,C:\Users\luise\OneDrive\Documentos\DECAFIA_v2\01_dataset\decafia_clean\images\train\SANAS_SOCORRO_4.jpg,train,SANAS_SOCORRO_4
1483,C:\Users\luise\OneDrive\Documentos\DECAFIA_v2\01_dataset\decafia_clean\images\train\SANAS_SOCORRO_40.jpg,train,SANAS_SOCORRO_40
1484,C:\Users\luise\OneDrive\Documentos\DECAFIA_v2\01_dataset\decafia_clean\images\train\SANAS_SOCORRO_400.jpg,train,SANAS_SOCORRO_400
1485,C:\Users\luise\OneDrive\Documentos\DECAFIA_v2\01_dataset\decafia_clean\images\train\SANAS_SOCORRO_401.jpg,train,SANAS_SOCORRO_401
1486,C:\Users\luise\OneDrive\Documentos\DECAFIA_v2\01_dataset\decafia_clean\images\train\SANAS_SOCORRO_402.jpg,train,SANAS_SOCORRO_402
1487,C:\Users\luise\OneDrive\Documentos\DECAFIA_v2\01_dataset\decafia_clean\images\train\SANAS_SOCORRO_405.jpg,train,SANAS_SOCORRO_405
1488,C:\Users\luise\OneDrive\Documentos\DECAFIA_v2\01_dataset\decafia_clean\images\train\SANAS_SOCORRO_407.jpg,train,SANAS_SOCORRO_407
1489,C:\Users\luise\OneDrive\Documentos\DECAFIA_v2\01_dataset\decafia_clean\images\train\SANAS_SOCORRO_408.jpg,train,SANAS_SOCORRO_408
1490,C:\Users\luise\OneDrive\Documentos\DECAFIA_v2\01_dataset\decafia_clean\images\train\SANAS_SOCORRO_41.jpg,train,SANAS_SOCORRO_41
1491,C:\Users\luise\OneDrive\Documentos\DECAFIA_v2\01_dataset\decafia_clean\images\train\SANAS_SOCORRO_410.jpg,train,SANAS_SOCORRO_410
1492,C:\Users\luise\OneDrive\Documentos\DECAFIA_v2\01_dataset\decafia_clean\images\train\SANAS_SOCORRO_411.jpg,train,SANAS_SOCORRO_411
1493,C:\Users\luise\OneDrive\Documentos\DECAFIA_v2\01_dataset\decafia_clean\images\train\SANAS_SOCORRO_412.jpg,train,SANAS_SOCORRO_412
1494,C:\Users\luise\OneDrive\Documentos\DECAFIA_v2\01_dataset\decafia_clean\images\train\SANAS_SOCORRO_416.jpg,train,SANAS_SOCORRO_416
1495,C:\Users\luise\OneDrive\Documentos\DECAFIA_v2\01_dataset\decafia_clean\images\train\SANAS_SOCORRO_417.jpg,train,SANAS_SOCORRO_417
1496,C:\Users\luise\OneDrive\Documentos\DECAFIA_v2\01_dataset\decafia_clean\images\train\SANAS_SOCORRO_420.jpg,train,SANAS_SOCORRO_420
1497,C:\Users\luise\OneDrive\Documentos\DECAFIA_v2\01_dataset\decafia_clean\images\train\SANAS_SOCORRO_421.jpg,train,SANAS_SOCORRO_421
1498,C:\Users\luise\OneDrive\Documentos\DECAFIA_v2\01_dataset\decafia_clean\images\train\SANAS_SOCORRO_424.jpg,train,SANAS_SOCORRO_424
1499,C:\Users\luise\OneDrive\Documentos\DECAFIA_v2\01_dataset\decafia_clean\images\train\SANAS_SOCORRO_427.jpg,train,SANAS_SOCORRO_427
1500,C:\Users\luise\OneDrive\Documentos\DECAFIA_v2\01_dataset\decafia_clean\images\train\SANAS_SOCORRO_428.jpg,train,SANAS_SOCORRO_428
1501,C:\Users\luise\OneDrive\Documentos\DECAFIA_v2\01_dataset\decafia_clean\images\train\SANAS_SOCORRO_431.jpg,train,SANAS_SOCORRO_431
1502,C:\Users\luise\OneDrive\Documentos\DECAFIA_v2\01_dataset\decafia_clean\images\train\SANAS_SOCORRO_432.jpg,train,SANAS_SOCORRO_432
1503,C:\Users\luise\OneDrive\Documentos\DECAFIA_v2\01_dataset\decafia_clean\images\train\SANAS_SOCORRO_433.jpg,train,SANAS_SOCORRO_433
1504,C:\Users\luise\OneDrive\Documentos\DECAFIA_v2\01_dataset\decafia_clean\images\train\SANAS_SOCORRO_434.jpg,train,SANAS_SOCORRO_434
1505,C:\Users\luise\OneDrive\Documentos\DECAFIA_v2\01_dataset\decafia_clean\images\train\SANAS_SOCORRO_435.jpg,train,SANAS_SOCORRO_435
1506,C:\Users\luise\OneDrive\Documentos\DECAFIA_v2\01_dataset\decafia_clean\images\train\SANAS_SOCORRO_436.jpg,train,SANAS_SOCORRO_436
1507,C:\Users\luise\OneDrive\Documentos\DECAFIA_v2\01_dataset\decafia_clean\images\train\SANAS_SOCORRO_439.jpg,train,SANAS_SOCORRO_439
1508,C:\Users\luise\OneDrive\Documentos\DECAFIA_v2\01_dataset\decafia_clean\images\train\SANAS_SOCORRO_44.jpg,train,SANAS_SOCORRO_44
1509,C:\Users\luise\OneDrive\Documentos\DECAFIA_v2\01_dataset\decafia_clean\images\train\SANAS_SOCORRO_440.jpg,train,SANAS_SOCORRO_440
1510,C:\Users\luise\OneDrive\Documentos\DECAFIA_v2\01_dataset\decafia_clean\images\train\SANAS_SOCORRO_441.jpg,train,SANAS_SOCORRO_441
1511,C:\Users\luise\OneDrive\Documentos\DECAFIA_v2\01_dataset\decafia_clean\images\train\SANAS_SOCORRO_442.jpg,train,SANAS_SOCORRO_442
1512,C:\Users\luise\OneDrive\Documentos\DECAFIA_v2\01_dataset\decafia_clean\images\train\SANAS_SOCORRO_444.jpg,train,SANAS_SOCORRO_444
1513,C:\Users\luise\OneDrive\Documentos\DECAFIA_v2\01_dataset\decafia_clean\images\train\SANAS_SOCORRO_445.jpg,train,SANAS_SOCORRO_445
1514,C:\Users\luise\OneDrive\Documentos\DECAFIA_v2\01_dataset\decafia_clean\images\train\SANAS_SOCORRO_446.jpg,train,SANAS_SOCORRO_446
1515,C:\Users\luise\OneDrive\Documentos\DECAFIA_v2\01_dataset\decafia_clean\images\train\SANAS_SOCORRO_447.jpg,train,SANAS_SOCORRO_447
1516,C:\Users\luise\OneDrive\Documentos\DECAFIA_v2\01_dataset\decafia_clean\images\train\SANAS_SOCORRO_449.jpg,train,SANAS_SOCORRO_449
1517,C:\Users\luise\OneDrive\Documentos\DECAFIA_v2\01_dataset\decafia_clean\images\train\SANAS_SOCORRO_45.jpg,train,SANAS_SOCORRO_45
1518,C:\Users\luise\OneDrive\Documentos\DECAFIA_v2\01_dataset\decafia_clean\images\train\SANAS_SOCORRO_451.jpg,train,SANAS_SOCORRO_451
1519,C:\Users\luise\OneDrive\Documentos\DECAFIA_v2\01_dataset\decafia_clean\images\train\SANAS_SOCORRO_452.jpg,train,SANAS_SOCORRO_452
1520,C:\Users\luise\OneDrive\Documentos\DECAFIA_v2\01_dataset\decafia_clean\images\train\SANAS_SOCORRO_453.jpg,train,SANAS_SOCORRO_453
1521,C:\Users\luise\OneDrive\Documentos\DECAFIA_v2\01_dataset\decafia_clean\images\train\SANAS_SOCORRO_454.jpg,train,SANAS_SOCORRO_454
1522,C:\Users\luise\OneDrive\Documentos\DECAFIA_v2\01_dataset\decafia_clean\images\train\SANAS_SOCORRO_455.jpg,train,SANAS_SOCORRO_455
1523,C:\Users\luise\OneDrive\Documentos\DECAFIA_v2\01_dataset\decafia_clean\images\train\SANAS_SOCORRO_457.jpg,train,SANAS_SOCORRO_457
1524,C:\Users\luise\OneDrive\Documentos\DECAFIA_v2\01_dataset\decafia_clean\images\train\SANAS_SOCORRO_458.jpg,train,SANAS_SOCORRO_458
1525,C:\Users\luise\OneDrive\Documentos\DECAFIA_v2\01_dataset\decafia_clean\images\train\SANAS_SOCORRO_46.jpg,train,SANAS_SOCORRO_46
1526,C:\Users\luise\OneDrive\Documentos\DECAFIA_v2\01_dataset\decafia_clean\images\train\SANAS_SOCORRO_460.jpg,train,SANAS_SOCORRO_460
1527,C:\Users\luise\OneDrive\Documentos\DECAFIA_v2\01_dataset\decafia_clean\images\train\SANAS_SOCORRO_461.jpg,train,SANAS_SOCORRO_461
1528,C:\Users\luise\OneDrive\Documentos\DECAFIA_v2\01_dataset\decafia_clean\images\train\SANAS_SOCORRO_463.jpg,train,SANAS_SOCORRO_463
1529,C:\Users\luise\OneDrive\Documentos\DECAFIA_v2\01_dataset\decafia_clean\images\train\SANAS_SOCORRO_464.jpg,train,SANAS_SOCORRO_464
1530,C:\Users\luise\OneDrive\Documentos\DECAFIA_v2\01_dataset\decafia_clean\images\train\SANAS_SOCORRO_465.jpg,train,SANAS_SOCORRO_465
1531,C:\Users\luise\OneDrive\Documentos\DECAFIA_v2\01_dataset\decafia_clean\images\train\SANAS_SOCORRO_466.jpg,train,SANAS_SOCORRO_466
1532,C:\Users\luise\OneDrive\Documentos\DECAFIA_v2\01_dataset\decafia_clean\images\train\SANAS_SOCORRO_467.jpg,train,SANAS_SOCORRO_467
1533,C:\Users\luise\OneDrive\Documentos\DECAFIA_v2\01_dataset\decafia_clean\images\train\SANAS_SOCORRO_468.jpg,train,SANAS_SOCORRO_468
1534,C:\Users\luise\OneDrive\Documentos\DECAFIA_v2\01_dataset\decafia_clean\images\train\SANAS_SOCORRO_471.jpg,train,SANAS_SOCORRO_471
1535,C:\Users\luise\OneDrive\Documentos\DECAFIA_v2\01_dataset\decafia_clean\images\train\SANAS_SOCORRO_472.jpg,train,SANAS_SOCORRO_472
1536,C:\Users\luise\OneDrive\Documentos\DECAFIA_v2\01_dataset\decafia_clean\images\train\SANAS_SOCORRO_473.jpg,train,SANAS_SOCORRO_473
1537,C:\Users\luise\OneDrive\Documentos\DECAFIA_v2\01_dataset\decafia_clean\images\train\SANAS_SOCORRO_474.jpg,train,SANAS_SOCORRO_474
1538,C:\Users\luise\OneDrive\Documentos\DECAFIA_v2\01_dataset\decafia_clean\images\train\SANAS_SOCORRO_475.jpg,train,SANAS_SOCORRO_475
1539,C:\Users\luise\OneDrive\Documentos\DECAFIA_v2\01_dataset\decafia_clean\images\train\SANAS_SOCORRO_476.jpg,train,SANAS_SOCORRO_476
1540,C:\Users\luise\OneDrive\Documentos\DECAFIA_v2\01_dataset\decafia_clean\images\train\SANAS_SOCORRO_478.jpg,train,SANAS_SOCORRO_478
1541,C:\Users\luise\OneDrive\Documentos\DECAFIA_v2\01_dataset\decafia_clean\images\train\SANAS_SOCORRO_479.jpg,train,SANAS_SOCORRO_479
1542,C:\Users\luise\OneDrive\Documentos\DECAFIA_v2\01_dataset\decafia_clean\images\train\SANAS_SOCORRO_480.jpg,train,SANAS_SOCORRO_480
1543,C:\Users\luise\OneDrive\Documentos\DECAFIA_v2\01_dataset\decafia_clean\images\train\SANAS_SOCORRO_481.jpg,train,SANAS_SOCORRO_481
1544,C:\Users\luise\OneDrive\Documentos\DECAFIA_v2\01_dataset\decafia_clean\images\train\SANAS_SOCORRO_482.jpg,train,SANAS_SOCORRO_482
1545,C:\Users\luise\OneDrive\Documentos\DECAFIA_v2\01_dataset\decafia_clean\images\train\SANAS_SOCORRO_484.jpg,train,SANAS_SOCORRO_484
1546,C:\Users\luise\OneDrive\Documentos\DECAFIA_v2\01_dataset\decafia_clean\images\train\SANAS_SOCORRO_485.jpg,train,SANAS_SOCORRO_485
1547,C:\Users\luise\OneDrive\Documentos\DECAFIA_v2\01_dataset\decafia_clean\images\train\SANAS_SOCORRO_486.jpg,train,SANAS_SOCORRO_486
1548,C:\Users\luise\OneDrive\Documentos\DECAFIA_v2\01_dataset\decafia_clean\images\train\SANAS_SOCORRO_487.jpg,train,SANAS_SOCORRO_487
1549,C:\Users\luise\OneDrive\Documentos\DECAFIA_v2\01_dataset\decafia_clean\images\train\SANAS_SOCORRO_488.jpg,train,SANAS_SOCORRO_488
1550,C:\Users\luise\OneDrive\Documentos\DECAFIA_v2\01_dataset\decafia_clean\images\train\SANAS_SOCORRO_489.jpg,train,SANAS_SOCORRO_489
1551,C:\Users\luise\OneDrive\Documentos\DECAFIA_v2\01_dataset\decafia_clean\images\train\SANAS_SOCORRO_49.jpg,train,SANAS_SOCORRO_49
1552,C:\Users\luise\OneDrive\Documentos\DECAFIA_v2\01_dataset\decafia_clean\images\train\SANAS_SOCORRO_490.jpg,train,SANAS_SOCORRO_490
1553,C:\Users\luise\OneDrive\Documentos\DECAFIA_v2\01_dataset\decafia_clean\images\train\SANAS_SOCORRO_491.jpg,train,SANAS_SOCORRO_491
1554,C:\Users\luise\OneDrive\Documentos\DECAFIA_v2\01_dataset\decafia_clean\images\train\SANAS_SOCORRO_493.jpg,train,SANAS_SOCORRO_493
1555,C:\Users\luise\OneDrive\Documentos\DECAFIA_v2\01_dataset\decafia_clean\images\train\SANAS_SOCORRO_494.jpg,train,SANAS_SOCORRO_494
1556,C:\Users\luise\OneDrive\Documentos\DECAFIA_v2\01_dataset\decafia_clean\images\train\SANAS_SOCORRO_495.jpg,train,SANAS_SOCORRO_495
1557,C:\Users\luise\OneDrive\Documentos\DECAFIA_v2\01_dataset\decafia_clean\images\train\SANAS_SOCORRO_497.jpg,train,SANAS_SOCORRO_497
1558,C:\Users\luise\OneDrive\Documentos\DECAFIA_v2\01_dataset\decafia_clean\images\train\SANAS_SOCORRO_498.jpg,train,SANAS_SOCORRO_498
1559,C:\Users\luise\OneDrive\Documentos\DECAFIA_v2\01_dataset\decafia_clean\images\train\SANAS_SOCORRO_499.jpg,train,SANAS_SOCORRO_499
1560,C:\Users\luise\OneDrive\Documentos\DECAFIA_v2\01_dataset\decafia_clean\images\train\SANAS_SOCORRO_5.jpg,train,SANAS_SOCORRO_5
1561,C:\Users\luise\OneDrive\Documentos\DECAFIA_v2\01_dataset\decafia_clean\images\train\SANAS_SOCORRO_50.jpg,train,SANAS_SOCORRO_50
1562,C:\Users\luise\OneDrive\Documentos\DECAFIA_v2\01_dataset\decafia_clean\images\train\SANAS_SOCORRO_501.jpg,train,SANAS_SOCORRO_501
1563,C:\Users\luise\OneDrive\Documentos\DECAFIA_v2\01_dataset\decafia_clean\images\train\SANAS_SOCORRO_503.jpg,train,SANAS_SOCORRO_503
1564,C:\Users\luise\OneDrive\Documentos\DECAFIA_v2\01_dataset\decafia_clean\images\train\SANAS_SOCORRO_504.jpg,train,SANAS_SOCORRO_504
1565,C:\Users\luise\OneDrive\Documentos\DECAFIA_v2\01_dataset\decafia_clean\images\train\SANAS_SOCORRO_505.jpg,train,SANAS_SOCORRO_505
1566,C:\Users\luise\OneDrive\Documentos\DECAFIA_v2\01_dataset\decafia_clean\images\train\SANAS_SOCORRO_507.jpg,train,SANAS_SOCORRO_507
1567,C:\Users\luise\OneDrive\Documentos\DECAFIA_v2\01_dataset\decafia_clean\images\train\SANAS_SOCORRO_508.jpg,train,SANAS_SOCORRO_508
1568,C:\Users\luise\OneDrive\Documentos\DECAFIA_v2\01_dataset\decafia_clean\images\train\SANAS_SOCORRO_509.jpg,train,SANAS_SOCORRO_509
1569,C:\Users\luise\OneDrive\Documentos\DECAFIA_v2\01_dataset\decafia_clean\images\train\SANAS_SOCORRO_51.jpg,train,SANAS_SOCORRO_51
1570,C:\Users\luise\OneDrive\Documentos\DECAFIA_v2\01_dataset\decafia_clean\images\train\SANAS_SOCORRO_511.jpg,train,SANAS_SOCORRO_511
1571,C:\Users\luise\OneDrive\Documentos\DECAFIA_v2\01_dataset\decafia_clean\images\train\SANAS_SOCORRO_512.jpg,train,SANAS_SOCORRO_512
1572,C:\Users\luise\OneDrive\Documentos\DECAFIA_v2\01_dataset\decafia_clean\images\train\SANAS_SOCORRO_513.jpg,train,SANAS_SOCORRO_513
1573,C:\Users\luise\OneDrive\Documentos\DECAFIA_v2\01_dataset\decafia_clean\images\train\SANAS_SOCORRO_514.jpg,train,SANAS_SOCORRO_514
1574,C:\Users\luise\OneDrive\Documentos\DECAFIA_v2\01_dataset\decafia_clean\images\train\SANAS_SOCORRO_515.jpg,train,SANAS_SOCORRO_515
1575,C:\Users\luise\OneDrive\Documentos\DECAFIA_v2\01_dataset\decafia_clean\images\train\SANAS_SOCORRO_517.jpg,train,SANAS_SOCORRO_517
1576,C:\Users\luise\OneDrive\Documentos\DECAFIA_v2\01_dataset\decafia_clean\images\train\SANAS_SOCORRO_518.jpg,train,SANAS_SOCORRO_518
1577,C:\Users\luise\OneDrive\Documentos\DECAFIA_v2\01_dataset\decafia_clean\images\train\SANAS_SOCORRO_52.jpg,train,SANAS_SOCORRO_52
1578,C:\Users\luise\OneDrive\Documentos\DECAFIA_v2\01_dataset\decafia_clean\images\train\SANAS_SOCORRO_54.jpg,train,SANAS_SOCORRO_54
1579,C:\Users\luise\OneDrive\Documentos\DECAFIA_v2\01_dataset\decafia_clean\images\train\SANAS_SOCORRO_55.jpg,train,SANAS_SOCORRO_55
1580,C:\Users\luise\OneDrive\Documentos\DECAFIA_v2\01_dataset\decafia_clean\images\train\SANAS_SOCORRO_56.jpg,train,SANAS_SOCORRO_56
1581,C:\Users\luise\OneDrive\Documentos\DECAFIA_v2\01_dataset\decafia_clean\images\train\SANAS_SOCORRO_57.jpg,train,SANAS_SOCORRO_57
1582,C:\Users\luise\OneDrive\Documentos\DECAFIA_v2\01_dataset\decafia_clean\images\train\SANAS_SOCORRO_58.jpg,train,SANAS_SOCORRO_58
1583,C:\Users\luise\OneDrive\Documentos\DECAFIA_v2\01_dataset\decafia_clean\images\train\SANAS_SOCORRO_61.jpg,train,SANAS_SOCORRO_61
1584,C:\Users\luise\OneDrive\Documentos\DECAFIA_v2\01_dataset\decafia_clean\images\train\SANAS_SOCORRO_63.jpg,train,SANAS_SOCORRO_63
1585,C:\Users\luise\OneDrive\Documentos\DECAFIA_v2\01_dataset\decafia_clean\images\train\SANAS_SOCORRO_64.jpg,train,SANAS_SOCORRO_64
1586,C:\Users\luise\OneDrive\Documentos\DECAFIA_v2\01_dataset\decafia_clean\images\train\SANAS_SOCORRO_65.jpg,train,SANAS_SOCORRO_65
1587,C:\Users\luise\OneDrive\Documentos\DECAFIA_v2\01_dataset\decafia_clean\images\train\SANAS_SOCORRO_66.jpg,train,SANAS_SOCORRO_66
1588,C:\Users\luise\OneDrive\Documentos\DECAFIA_v2\01_dataset\decafia_clean\images\train\SANAS_SOCORRO_67.jpg,train,SANAS_SOCORRO_67
1589,C:\Users\luise\OneDrive\Documentos\DECAFIA_v2\01_dataset\decafia_clean\images\train\SANAS_SOCORRO_69.jpg,train,SANAS_SOCORRO_69
1590,C:\Users\luise\OneDrive\Documentos\DECAFIA_v2\01_dataset\decafia_clean\images\train\SANAS_SOCORRO_7.jpg,train,SANAS_SOCORRO_7
1591,C:\Users\luise\OneDrive\Documentos\DECAFIA_v2\01_dataset\decafia_clean\images\train\SANAS_SOCORRO_70.jpg,train,SANAS_SOCORRO_70
1592,C:\Users\luise\OneDrive\Documentos\DECAFIA_v2\01_dataset\decafia_clean\images\train\SANAS_SOCORRO_71.jpg,train,SANAS_SOCORRO_71
1593,C:\Users\luise\OneDrive\Documentos\DECAFIA_v2\01_dataset\decafia_clean\images\train\SANAS_SOCORRO_72.jpg,train,SANAS_SOCORRO_72
1594,C:\Users\luise\OneDrive\Documentos\DECAFIA_v2\01_dataset\decafia_clean\images\train\SANAS_SOCORRO_75.jpg,train,SANAS_SOCORRO_75
1595,C:\Users\luise\OneDrive\Documentos\DECAFIA_v2\01_dataset\decafia_clean\images\train\SANAS_SOCORRO_76.jpg,train,SANAS_SOCORRO_76
1596,C:\Users\luise\OneDrive\Documentos\DECAFIA_v2\01_dataset\decafia_clean\images\train\SANAS_SOCORRO_77.jpg,train,SANAS_SOCORRO_77
1597,C:\Users\luise\OneDrive\Documentos\DECAFIA_v2\01_dataset\decafia_clean\images\train\SANAS_SOCORRO_78.jpg,train,SANAS_SOCORRO_78
1598,C:\Users\luise\OneDrive\Documentos\DECAFIA_v2\01_dataset\decafia_clean\images\train\SANAS_SOCORRO_79.jpg,train,SANAS_SOCORRO_79
1599,C:\Users\luise\OneDrive\Documentos\DECAFIA_v2\01_dataset\decafia_clean\images\train\SANAS_SOCORRO_80.jpg,train,SANAS_SOCORRO_80
1600,C:\Users\luise\OneDrive\Documentos\DECAFIA_v2\01_dataset\decafia_clean\images\train\SANAS_SOCORRO_81.jpg,train,SANAS_SOCORRO_81
1601,C:\Users\luise\OneDrive\Documentos\DECAFIA_v2\01_dataset\decafia_clean\images\train\SANAS_SOCORRO_82.jpg,train,SANAS_SOCORRO_82
1602,C:\Users\luise\OneDrive\Documentos\DECAFIA_v2\01_dataset\decafia_clean\images\train\SANAS_SOCORRO_83.jpg,train,SANAS_SOCORRO_83
1603,C:\Users\luise\OneDrive\Documentos\DECAFIA_v2\01_dataset\decafia_clean\images\train\SANAS_SOCORRO_84.jpg,train,SANAS_SOCORRO_84
1604,C:\Users\luise\OneDrive\Documentos\DECAFIA_v2\01_dataset\decafia_clean\images\train\SANAS_SOCORRO_85.jpg,train,SANAS_SOCORRO_85
1605,C:\Users\luise\OneDrive\Documentos\DECAFIA_v2\01_dataset\decafia_clean\images\train\SANAS_SOCORRO_86.jpg,train,SANAS_SOCORRO_86
1606,C:\Users\luise\OneDrive\Documentos\DECAFIA_v2\01_dataset\decafia_clean\images\train\SANAS_SOCORRO_87.jpg,train,SANAS_SOCORRO_87
1607,C:\Users\luise\OneDrive\Documentos\DECAFIA_v2\01_dataset\decafia_clean\images\train\SANAS_SOCORRO_88.jpg,train,SANAS_SOCORRO_88
1608,C:\Users\luise\OneDrive\Documentos\DECAFIA_v2\01_dataset\decafia_clean\images\train\SANAS_SOCORRO_89.jpg,train,SANAS_SOCORRO_89
1609,C:\Users\luise\OneDrive\Documentos\DECAFIA_v2\01_dataset\decafia_clean\images\train\SANAS_SOCORRO_9.jpg,train,SANAS_SOCORRO_9
1610,C:\Users\luise\OneDrive\Documentos\DECAFIA_v2\01_dataset\decafia_clean\images\train\SANAS_SOCORRO_91.jpg,train,SANAS_SOCORRO_91
1611,C:\Users\luise\OneDrive\Documentos\DECAFIA_v2\01_dataset\decafia_clean\images\train\SANAS_SOCORRO_92.jpg,train,SANAS_SOCORRO_92
1612,C:\Users\luise\OneDrive\Documentos\DECAFIA_v2\01_dataset\decafia_clean\images\train\SANAS_SOCORRO_94.jpg,train,SANAS_SOCORRO_94
1613,C:\Users\luise\OneDrive\Documentos\DECAFIA_v2\01_dataset\decafia_clean\images\train\SANAS_SOCORRO_95.jpg,train,SANAS_SOCORRO_95
1614,C:\Users\luise\OneDrive\Documentos\DECAFIA_v2\01_dataset\decafia_clean\images\train\SANAS_SOCORRO_96.jpg,train,SANAS_SOCORRO_96
1615,C:\Users\luise\OneDrive\Documentos\DECAFIA_v2\01_dataset\decafia_clean\images\train\SANAS_SOCORRO_97.jpg,train,SANAS_SOCORRO_97
1616,C:\Users\luise\OneDrive\Documentos\DECAFIA_v2\01_dataset\decafia_clean\images\train\SANAS_SOCORRO_98.jpg,train,SANAS_SOCORRO_98
1617,C:\Users\luise\OneDrive\Documentos\DECAFIA_v2\01_dataset\decafia_clean\images\train\SANAS_SOCORRO_99.jpg,train,SANAS_SOCORRO_99
1618,C:\Users\luise\OneDrive\Documentos\DECAFIA_v2\01_dataset\decafia_clean\images\val\COCO_M_A_10.jpg,val,COCO_M_A_10
1619,C:\Users\luise\OneDrive\Documentos\DECAFIA_v2\01_dataset\decafia_clean\images\val\COCO_M_A_103.jpg,val,COCO_M_A_103
1620,C:\Users\luise\OneDrive\Documentos\DECAFIA_v2\01_dataset\decafia_clean\images\val\COCO_M_A_13.jpg,val,COCO_M_A_13
1621,C:\Users\luise\OneDrive\Documentos\DECAFIA_v2\01_dataset\decafia_clean\images\val\COCO_M_A_30.jpg,val,COCO_M_A_30
1622,C:\Users\luise\OneDrive\Documentos\DECAFIA_v2\01_dataset\decafia_clean\images\val\COCO_M_A_5.jpg,val,COCO_M_A_5
1623,C:\Users\luise\OneDrive\Documentos\DECAFIA_v2\01_dataset\decafia_clean\images\val\COCO_M_A_56.jpg,val,COCO_M_A_56
1624,C:\Users\luise\OneDrive\Documentos\DECAFIA_v2\01_dataset\decafia_clean\images\val\COCO_M_A_64.jpg,val,COCO_M_A_64
1625,C:\Users\luise\OneDrive\Documentos\DECAFIA_v2\01_dataset\decafia_clean\images\val\COCO_M_A_65.jpg,val,COCO_M_A_65
1626,C:\Users\luise\OneDrive\Documentos\DECAFIA_v2\01_dataset\decafia_clean\images\val\COCO_M_A_7.jpg,val,COCO_M_A_7
1627,C:\Users\luise\OneDrive\Documentos\DECAFIA_v2\01_dataset\decafia_clean\images\val\COCO_M_A_84.jpg,val,COCO_M_A_84
1628,C:\Users\luise\OneDrive\Documentos\DECAFIA_v2\01_dataset\decafia_clean\images\val\COCO_M_A_9.jpg,val,COCO_M_A_9
1629,C:\Users\luise\OneDrive\Documentos\DECAFIA_v2\01_dataset\decafia_clean\images\val\COCO_M_A_91.jpg,val,COCO_M_A_91
1630,C:\Users\luise\OneDrive\Documentos\DECAFIA_v2\01_dataset\decafia_clean\images\val\COCO_Muy_A_10.jpg,val,COCO_Muy_A_10
1631,C:\Users\luise\OneDrive\Documentos\DECAFIA_v2\01_dataset\decafia_clean\images\val\COCO_Muy_A_103.jpg,val,COCO_Muy_A_103
1632,C:\Users\luise\OneDrive\Documentos\DECAFIA_v2\01_dataset\decafia_clean\images\val\COCO_Muy_A_104.jpg,val,COCO_Muy_A_104
1633,C:\Users\luise\OneDrive\Documentos\DECAFIA_v2\01_dataset\decafia_clean\images\val\COCO_Muy_A_112.jpg,val,COCO_Muy_A_112
1634,C:\Users\luise\OneDrive\Documentos\DECAFIA_v2\01_dataset\decafia_clean\images\val\COCO_Muy_A_14.jpg,val,COCO_Muy_A_14
1635,C:\Users\luise\OneDrive\Documentos\DECAFIA_v2\01_dataset\decafia_clean\images\val\COCO_Muy_A_58.jpg,val,COCO_Muy_A_58
1636,C:\Users\luise\OneDrive\Documentos\DECAFIA_v2\01_dataset\decafia_clean\images\val\COCO_Muy_A_59.jpg,val,COCO_Muy_A_59
1637,C:\Users\luise\OneDrive\Documentos\DECAFIA_v2\01_dataset\decafia_clean\images\val\COCO_Muy_A_65.jpg,val,COCO_Muy_A_65
1638,C:\Users\luise\OneDrive\Documentos\DECAFIA_v2\01_dataset\decafia_clean\images\val\COCO_Muy_A_76.jpg,val,COCO_Muy_A_76
1639,C:\Users\luise\OneDrive\Documentos\DECAFIA_v2\01_dataset\decafia_clean\images\val\COCO_Muy_A_85.jpg,val,COCO_Muy_A_85
1640,C:\Users\luise\OneDrive\Documentos\DECAFIA_v2\01_dataset\decafia_clean\images\val\COCO_Muy_A_94.jpg,val,COCO_Muy_A_94
1641,C:\Users\luise\OneDrive\Documentos\DECAFIA_v2\01_dataset\decafia_clean\images\val\COCO_Muy_A_98.jpg,val,COCO_Muy_A_98
1642,C:\Users\luise\OneDrive\Documentos\DECAFIA_v2\01_dataset\decafia_clean\images\val\COCO_P_A_2.jpg,val,COCO_P_A_2
1643,C:\Users\luise\OneDrive\Documentos\DECAFIA_v2\01_dataset\decafia_clean\images\val\COCO_P_A_23.jpg,val,COCO_P_A_23
1644,C:\Users\luise\OneDrive\Documentos\DECAFIA_v2\01_dataset\decafia_clean\images\val\COCO_P_A_28.jpg,val,COCO_P_A_28
1645,C:\Users\luise\OneDrive\Documentos\DECAFIA_v2\01_dataset\decafia_clean\images\val\COCO_P_A_29.jpg,val,COCO_P_A_29
1646,C:\Users\luise\OneDrive\Documentos\DECAFIA_v2\01_dataset\decafia_clean\images\val\COCO_P_A_38.jpg,val,COCO_P_A_38
1647,C:\Users\luise\OneDrive\Documentos\DECAFIA_v2\01_dataset\decafia_clean\images\val\COCO_P_A_4.jpg,val,COCO_P_A_4
1648,C:\Users\luise\OneDrive\Documentos\DECAFIA_v2\01_dataset\decafia_clean\images\val\COCO_P_A_49.jpg,val,COCO_P_A_49
1649,C:\Users\luise\OneDrive\Documentos\DECAFIA_v2\01_dataset\decafia_clean\images\val\COCO_P_A_5.jpg,val,COCO_P_A_5
1650,C:\Users\luise\OneDrive\Documentos\DECAFIA_v2\01_dataset\decafia_clean\images\val\COCO_P_A_55.jpg,val,COCO_P_A_55
1651,C:\Users\luise\OneDrive\Documentos\DECAFIA_v2\01_dataset\decafia_clean\images\val\COCO_P_A_77.jpg,val,COCO_P_A_77
1652,C:\Users\luise\OneDrive\Documentos\DECAFIA_v2\01_dataset\decafia_clean\images\val\COCO_P_A_9.jpg,val,COCO_P_A_9
1653,C:\Users\luise\OneDrive\Documentos\DECAFIA_v2\01_dataset\decafia_clean\images\val\COCO_RECORTE_10.jpg,val,COCO_RECORTE_10
1654,C:\Users\luise\OneDrive\Documentos\DECAFIA_v2\01_dataset\decafia_clean\images\val\COCO_RECORTE_101.jpg,val,COCO_RECORTE_101
1655,C:\Users\luise\OneDrive\Documentos\DECAFIA_v2\01_dataset\decafia_clean\images\val\COCO_RECORTE_102.jpg,val,COCO_RECORTE_102
1656,C:\Users\luise\OneDrive\Documentos\DECAFIA_v2\01_dataset\decafia_clean\images\val\COCO_RECORTE_105.jpg,val,COCO_RECORTE_105
1657,C:\Users\luise\OneDrive\Documentos\DECAFIA_v2\01_dataset\decafia_clean\images\val\COCO_RECORTE_11.jpg,val,COCO_RECORTE_11
1658,C:\Users\luise\OneDrive\Documentos\DECAFIA_v2\01_dataset\decafia_clean\images\val\COCO_RECORTE_12.jpg,val,COCO_RECORTE_12
1659,C:\Users\luise\OneDrive\Documentos\DECAFIA_v2\01_dataset\decafia_clean\images\val\COCO_RECORTE_127.jpg,val,COCO_RECORTE_127
1660,C:\Users\luise\OneDrive\Documentos\DECAFIA_v2\01_dataset\decafia_clean\images\val\COCO_RECORTE_133.jpg,val,COCO_RECORTE_133
1661,C:\Users\luise\OneDrive\Documentos\DECAFIA_v2\01_dataset\decafia_clean\images\val\COCO_RECORTE_134.jpg,val,COCO_RECORTE_134
1662,C:\Users\luise\OneDrive\Documentos\DECAFIA_v2\01_dataset\decafia_clean\images\val\COCO_RECORTE_138.jpg,val,COCO_RECORTE_138
1663,C:\Users\luise\OneDrive\Documentos\DECAFIA_v2\01_dataset\decafia_clean\images\val\COCO_RECORTE_149.jpg,val,COCO_RECORTE_149
1664,C:\Users\luise\OneDrive\Documentos\DECAFIA_v2\01_dataset\decafia_clean\images\val\COCO_RECORTE_153.jpg,val,COCO_RECORTE_153
1665,C:\Users\luise\OneDrive\Documentos\DECAFIA_v2\01_dataset\decafia_clean\images\val\COCO_RECORTE_155.jpg,val,COCO_RECORTE_155
1666,C:\Users\luise\OneDrive\Documentos\DECAFIA_v2\01_dataset\decafia_clean\images\val\COCO_RECORTE_20.jpg,val,COCO_RECORTE_20
1667,C:\Users\luise\OneDrive\Documentos\DECAFIA_v2\01_dataset\decafia_clean\images\val\COCO_RECORTE_32.jpg,val,COCO_RECORTE_32
1668,C:\Users\luise\OneDrive\Documentos\DECAFIA_v2\01_dataset\decafia_clean\images\val\COCO_RECORTE_38.jpg,val,COCO_RECORTE_38
1669,C:\Users\luise\OneDrive\Documentos\DECAFIA_v2\01_dataset\decafia_clean\images\val\COCO_RECORTE_39.jpg,val,COCO_RECORTE_39
1670,C:\Users\luise\OneDrive\Documentos\DECAFIA_v2\01_dataset\decafia_clean\images\val\COCO_RECORTE_42.jpg,val,COCO_RECORTE_42
1671,C:\Users\luise\OneDrive\Documentos\DECAFIA_v2\01_dataset\decafia_clean\images\val\COCO_RECORTE_63.jpg,val,COCO_RECORTE_63
1672,C:\Users\luise\OneDrive\Documentos\DECAFIA_v2\01_dataset\decafia_clean\images\val\COCO_RECORTE_66.jpg,val,COCO_RECORTE_66
1673,C:\Users\luise\OneDrive\Documentos\DECAFIA_v2\01_dataset\decafia_clean\images\val\COCO_RECORTE_79.jpg,val,COCO_RECORTE_79
1674,C:\Users\luise\OneDrive\Documentos\DECAFIA_v2\01_dataset\decafia_clean\images\val\COCO_RECORTE_82.jpg,val,COCO_RECORTE_82
1675,C:\Users\luise\OneDrive\Documentos\DECAFIA_v2\01_dataset\decafia_clean\images\val\COCO_RECORTE_84.jpg,val,COCO_RECORTE_84
1676,C:\Users\luise\OneDrive\Documentos\DECAFIA_v2\01_dataset\decafia_clean\images\val\COCO_RECORTE_87.jpg,val,COCO_RECORTE_87
1677,C:\Users\luise\OneDrive\Documentos\DECAFIA_v2\01_dataset\decafia_clean\images\val\COCO_RECORTE_88.jpg,val,COCO_RECORTE_88
1678,C:\Users\luise\OneDrive\Documentos\DECAFIA_v2\01_dataset\decafia_clean\images\val\COCO_RECORTE_91.jpg,val,COCO_RECORTE_91
1679,C:\Users\luise\OneDrive\Documentos\DECAFIA_v2\01_dataset\decafia_clean\images\val\COCO_RECORTE_97.jpg,val,COCO_RECORTE_97
1680,C:\Users\luise\OneDrive\Documentos\DECAFIA_v2\01_dataset\decafia_clean\images\val\COCO_RECORTE_99.jpg,val,COCO_RECORTE_99
1681,C:\Users\luise\OneDrive\Documentos\DECAFIA_v2\01_dataset\decafia_clean\images\val\MINADO_RECORTES_10.jpg,val,MINADO_RECORTES_10
1682,C:\Users\luise\OneDrive\Documentos\DECAFIA_v2\01_dataset\decafia_clean\images\val\MINADO_RECORTES_103.jpg,val,MINADO_RECORTES_103
1683,C:\Users\luise\OneDrive\Documentos\DECAFIA_v2\01_dataset\decafia_clean\images\val\MINADO_RECORTES_109.jpg,val,MINADO_RECORTES_109
1684,C:\Users\luise\OneDrive\Documentos\DECAFIA_v2\01_dataset\decafia_clean\images\val\MINADO_RECORTES_11.jpg,val,MINADO_RECORTES_11
1685,C:\Users\luise\OneDrive\Documentos\DECAFIA_v2\01_dataset\decafia_clean\images\val\MINADO_RECORTES_129.jpg,val,MINADO_RECORTES_129
1686,C:\Users\luise\OneDrive\Documentos\DECAFIA_v2\01_dataset\decafia_clean\images\val\MINADO_RECORTES_132.jpg,val,MINADO_RECORTES_132
1687,C:\Users\luise\OneDrive\Documentos\DECAFIA_v2\01_dataset\decafia_clean\images\val\MINADO_RECORTES_16.jpg,val,MINADO_RECORTES_16
1688,C:\Users\luise\OneDrive\Documentos\DECAFIA_v2\01_dataset\decafia_clean\images\val\MINADO_RECORTES_2.jpg,val,MINADO_RECORTES_2
1689,C:\Users\luise\OneDrive\Documentos\DECAFIA_v2\01_dataset\decafia_clean\images\val\MINADO_RECORTES_29.jpg,val,MINADO_RECORTES_29
1690,C:\Users\luise\OneDrive\Documentos\DECAFIA_v2\01_dataset\decafia_clean\images\val\MINADO_RECORTES_32.jpg,val,MINADO_RECORTES_32
1691,C:\Users\luise\OneDrive\Documentos\DECAFIA_v2\01_dataset\decafia_clean\images\val\MINADO_RECORTES_35.jpg,val,MINADO_RECORTES_35
1692,C:\Users\luise\OneDrive\Documentos\DECAFIA_v2\01_dataset\decafia_clean\images\val\MINADO_RECORTES_4.jpg,val,MINADO_RECORTES_4
1693,C:\Users\luise\OneDrive\Documentos\DECAFIA_v2\01_dataset\decafia_clean\images\val\MINADO_RECORTES_43.jpg,val,MINADO_RECORTES_43
1694,C:\Users\luise\OneDrive\Documentos\DECAFIA_v2\01_dataset\decafia_clean\images\val\MINADO_RECORTES_46.jpg,val,MINADO_RECORTES_46
1695,C:\Users\luise\OneDrive\Documentos\DECAFIA_v2\01_dataset\decafia_clean\images\val\MINADO_RECORTES_49.jpg,val,MINADO_RECORTES_49
1696,C:\Users\luise\OneDrive\Documentos\DECAFIA_v2\01_dataset\decafia_clean\images\val\MINADO_RECORTES_51.jpg,val,MINADO_RECORTES_51
1697,C:\Users\luise\OneDrive\Documentos\DECAFIA_v2\01_dataset\decafia_clean\images\val\MINADO_RECORTES_57.jpg,val,MINADO_RECORTES_57
1698,C:\Users\luise\OneDrive\Documentos\DECAFIA_v2\01_dataset\decafia_clean\images\val\MINADO_RECORTES_63.jpg,val,MINADO_RECORTES_63
1699,C:\Users\luise\OneDrive\Documentos\DECAFIA_v2\01_dataset\decafia_clean\images\val\MINADO_RECORTES_72.jpg,val,MINADO_RECORTES_72
1700,C:\Users\luise\OneDrive\Documentos\DECAFIA_v2\01_dataset\decafia_clean\images\val\MINADO_RECORTES_8.jpg,val,MINADO_RECORTES_8
1701,C:\Users\luise\OneDrive\Documentos\DECAFIA_v2\01_dataset\decafia_clean\images\val\MINADO_RECORTES_81.jpg,val,MINADO_RECORTES_81
1702,C:\Users\luise\OneDrive\Documentos\DECAFIA_v2\01_dataset\decafia_clean\images\val\MINADO_RECORTES_85.jpg,val,MINADO_RECORTES_85
1703,C:\Users\luise\OneDrive\Documentos\DECAFIA_v2\01_dataset\decafia_clean\images\val\MINADO_RECORTES_86.jpg,val,MINADO_RECORTES_86
1704,C:\Users\luise\OneDrive\Documentos\DECAFIA_v2\01_dataset\decafia_clean\images\val\MINADO_RECORTES_88.jpg,val,MINADO_RECORTES_88
1705,C:\Users\luise\OneDrive\Documentos\DECAFIA_v2\01_dataset\decafia_clean\images\val\MINADO_RECORTES_98.jpg,val,MINADO_RECORTES_98
1706,C:\Users\luise\OneDrive\Documentos\DECAFIA_v2\01_dataset\decafia_clean\images\val\MINADOR_12.jpg,val,MINADOR_12
1707,C:\Users\luise\OneDrive\Documentos\DECAFIA_v2\01_dataset\decafia_clean\images\val\MINADOR_13.jpg,val,MINADOR_13
1708,C:\Users\luise\OneDrive\Documentos\DECAFIA_v2\01_dataset\decafia_clean\images\val\MINADOR_18.jpg,val,MINADOR_18
1709,C:\Users\luise\OneDrive\Documentos\DECAFIA_v2\01_dataset\decafia_clean\images\val\MINADOR_32.jpg,val,MINADOR_32
1710,C:\Users\luise\OneDrive\Documentos\DECAFIA_v2\01_dataset\decafia_clean\images\val\MINADOR_56.jpg,val,MINADOR_56
1711,C:\Users\luise\OneDrive\Documentos\DECAFIA_v2\01_dataset\decafia_clean\images\val\MINADOR_61.jpg,val,MINADOR_61
1712,C:\Users\luise\OneDrive\Documentos\DECAFIA_v2\01_dataset\decafia_clean\images\val\MINADOR_64.jpg,val,MINADOR_64
1713,C:\Users\luise\OneDrive\Documentos\DECAFIA_v2\01_dataset\decafia_clean\images\val\MINADOR_66.jpg,val,MINADOR_66
1714,C:\Users\luise\OneDrive\Documentos\DECAFIA_v2\01_dataset\decafia_clean\images\val\MINADOR_72.jpg,val,MINADOR_72
1715,C:\Users\luise\OneDrive\Documentos\DECAFIA_v2\01_dataset\decafia_clean\images\val\MINADOR_9.jpg,val,MINADOR_9
1716,C:\Users\luise\OneDrive\Documentos\DECAFIA_v2\01_dataset\decafia_clean\images\val\MINEIRO_108.jpg,val,MINEIRO_108
1717,C:\Users\luise\OneDrive\Documentos\DECAFIA_v2\01_dataset\decafia_clean\images\val\MINEIRO_114.jpg,val,MINEIRO_114
1718,C:\Users\luise\OneDrive\Documentos\DECAFIA_v2\01_dataset\decafia_clean\images\val\MINEIRO_116.jpg,val,MINEIRO_116
1719,C:\Users\luise\OneDrive\Documentos\DECAFIA_v2\01_dataset\decafia_clean\images\val\MINEIRO_141.jpg,val,MINEIRO_141
1720,C:\Users\luise\OneDrive\Documentos\DECAFIA_v2\01_dataset\decafia_clean\images\val\MINEIRO_145.jpg,val,MINEIRO_145
1721,C:\Users\luise\OneDrive\Documentos\DECAFIA_v2\01_dataset\decafia_clean\images\val\MINEIRO_156.jpg,val,MINEIRO_156
1722,C:\Users\luise\OneDrive\Documentos\DECAFIA_v2\01_dataset\decafia_clean\images\val\MINEIRO_17.jpg,val,MINEIRO_17
1723,C:\Users\luise\OneDrive\Documentos\DECAFIA_v2\01_dataset\decafia_clean\images\val\MINEIRO_171.jpg,val,MINEIRO_171
1724,C:\Users\luise\OneDrive\Documentos\DECAFIA_v2\01_dataset\decafia_clean\images\val\MINEIRO_172.jpg,val,MINEIRO_172
1725,C:\Users\luise\OneDrive\Documentos\DECAFIA_v2\01_dataset\decafia_clean\images\val\MINEIRO_187.jpg,val,MINEIRO_187
1726,C:\Users\luise\OneDrive\Documentos\DECAFIA_v2\01_dataset\decafia_clean\images\val\MINEIRO_21.jpg,val,MINEIRO_21
1727,C:\Users\luise\OneDrive\Documentos\DECAFIA_v2\01_dataset\decafia_clean\images\val\MINEIRO_3.jpg,val,MINEIRO_3
1728,C:\Users\luise\OneDrive\Documentos\DECAFIA_v2\01_dataset\decafia_clean\images\val\MINEIRO_44.jpg,val,MINEIRO_44
1729,C:\Users\luise\OneDrive\Documentos\DECAFIA_v2\01_dataset\decafia_clean\images\val\MINEIRO_50.jpg,val,MINEIRO_50
1730,C:\Users\luise\OneDrive\Documentos\DECAFIA_v2\01_dataset\decafia_clean\images\val\MINEIRO_52.jpg,val,MINEIRO_52
1731,C:\Users\luise\OneDrive\Documentos\DECAFIA_v2\01_dataset\decafia_clean\images\val\MINEIRO_61.jpg,val,MINEIRO_61
1732,C:\Users\luise\OneDrive\Documentos\DECAFIA_v2\01_dataset\decafia_clean\images\val\MINEIRO_72.jpg,val,MINEIRO_72
1733,C:\Users\luise\OneDrive\Documentos\DECAFIA_v2\01_dataset\decafia_clean\images\val\MINEIRO_73.jpg,val,MINEIRO_73
1734,C:\Users\luise\OneDrive\Documentos\DECAFIA_v2\01_dataset\decafia_clean\images\val\MINEIRO_77.jpg,val,MINEIRO_77
1735,C:\Users\luise\OneDrive\Documentos\DECAFIA_v2\01_dataset\decafia_clean\images\val\MINEIRO_78.jpg,val,MINEIRO_78
1736,C:\Users\luise\OneDrive\Documentos\DECAFIA_v2\01_dataset\decafia_clean\images\val\MINEIRO_80.jpg,val,MINEIRO_80
1737,C:\Users\luise\OneDrive\Documentos\DECAFIA_v2\01_dataset\decafia_clean\images\val\MINEIRO_88.jpg,val,MINEIRO_88
1738,C:\Users\luise\OneDrive\Documentos\DECAFIA_v2\01_dataset\decafia_clean\images\val\MINEIRO_89.jpg,val,MINEIRO_89
1739,C:\Users\luise\OneDrive\Documentos\DECAFIA_v2\01_dataset\decafia_clean\images\val\MINEIRO_92.jpg,val,MINEIRO_92
1740,C:\Users\luise\OneDrive\Documentos\DECAFIA_v2\01_dataset\decafia_clean\images\val\MINEIRO_95.jpg,val,MINEIRO_95
1741,C:\Users\luise\OneDrive\Documentos\DECAFIA_v2\01_dataset\decafia_clean\images\val\MINEIRO_96.jpg,val,MINEIRO_96
1742,C:\Users\luise\OneDrive\Documentos\DECAFIA_v2\01_dataset\decafia_clean\images\val\ROYA_FONDO_17.jpg,val,ROYA_FONDO_17
1743,C:\Users\luise\OneDrive\Documentos\DECAFIA_v2\01_dataset\decafia_clean\images\val\ROYA_FONDO_27.jpg,val,ROYA_FONDO_27
1744,C:\Users\luise\OneDrive\Documentos\DECAFIA_v2\01_dataset\decafia_clean\images\val\ROYA_FONDO_35.jpg,val,ROYA_FONDO_35
1745,C:\Users\luise\OneDrive\Documentos\DECAFIA_v2\01_dataset\decafia_clean\images\val\ROYA_FONDO_39.jpg,val,ROYA_FONDO_39
1746,C:\Users\luise\OneDrive\Documentos\DECAFIA_v2\01_dataset\decafia_clean\images\val\ROYA_FONDO_4.jpg,val,ROYA_FONDO_4
1747,C:\Users\luise\OneDrive\Documentos\DECAFIA_v2\01_dataset\decafia_clean\images\val\ROYA_FONDO_40.jpg,val,ROYA_FONDO_40
1748,C:\Users\luise\OneDrive\Documentos\DECAFIA_v2\01_dataset\decafia_clean\images\val\ROYA_FONDO_43.jpg,val,ROYA_FONDO_43
1749,C:\Users\luise\OneDrive\Documentos\DECAFIA_v2\01_dataset\decafia_clean\images\val\ROYA_FONDO_48.jpg,val,ROYA_FONDO_48
1750,C:\Users\luise\OneDrive\Documentos\DECAFIA_v2\01_dataset\decafia_clean\images\val\ROYA_FONDO_5.jpg,val,ROYA_FONDO_5
1751,C:\Users\luise\OneDrive\Documentos\DECAFIA_v2\01_dataset\decafia_clean\images\val\ROYA_FONDO_69.jpg,val,ROYA_FONDO_69
1752,C:\Users\luise\OneDrive\Documentos\DECAFIA_v2\01_dataset\decafia_clean\images\val\ROYA_FONDO_70.jpg,val,ROYA_FONDO_70
1753,C:\Users\luise\OneDrive\Documentos\DECAFIA_v2\01_dataset\decafia_clean\images\val\ROYA_FONDO_81.jpg,val,ROYA_FONDO_81
1754,C:\Users\luise\OneDrive\Documentos\DECAFIA_v2\01_dataset\decafia_clean\images\val\ROYA_FONDO_87.jpg,val,ROYA_FONDO_87
1755,C:\Users\luise\OneDrive\Documentos\DECAFIA_v2\01_dataset\decafia_clean\images\val\ROYA_FONDO_89.jpg,val,ROYA_FONDO_89
1756,C:\Users\luise\OneDrive\Documentos\DECAFIA_v2\01_dataset\decafia_clean\images\val\ROYA_MA_11.jpg,val,ROYA_MA_11
1757,C:\Users\luise\OneDrive\Documentos\DECAFIA_v2\01_dataset\decafia_clean\images\val\ROYA_MA_15.jpg,val,ROYA_MA_15
1758,C:\Users\luise\OneDrive\Documentos\DECAFIA_v2\01_dataset\decafia_clean\images\val\ROYA_MA_37.jpg,val,ROYA_MA_37
1759,C:\Users\luise\OneDrive\Documentos\DECAFIA_v2\01_dataset\decafia_clean\images\val\ROYA_MA_38.jpg,val,ROYA_MA_38
1760,C:\Users\luise\OneDrive\Documentos\DECAFIA_v2\01_dataset\decafia_clean\images\val\ROYA_MA_40.jpg,val,ROYA_MA_40
1761,C:\Users\luise\OneDrive\Documentos\DECAFIA_v2\01_dataset\decafia_clean\images\val\ROYA_MA_46.jpg,val,ROYA_MA_46
1762,C:\Users\luise\OneDrive\Documentos\DECAFIA_v2\01_dataset\decafia_clean\images\val\ROYA_MA_59.jpg,val,ROYA_MA_59
1763,C:\Users\luise\OneDrive\Documentos\DECAFIA_v2\01_dataset\decafia_clean\images\val\ROYA_MA_6.jpg,val,ROYA_MA_6
1764,C:\Users\luise\OneDrive\Documentos\DECAFIA_v2\01_dataset\decafia_clean\images\val\ROYA_Muy_A_19.jpg,val,ROYA_Muy_A_19
1765,C:\Users\luise\OneDrive\Documentos\DECAFIA_v2\01_dataset\decafia_clean\images\val\ROYA_Muy_A_4.jpg,val,ROYA_Muy_A_4
1766,C:\Users\luise\OneDrive\Documentos\DECAFIA_v2\01_dataset\decafia_clean\images\val\ROYA_Muy_A_8.jpg,val,ROYA_Muy_A_8
1767,C:\Users\luise\OneDrive\Documentos\DECAFIA_v2\01_dataset\decafia_clean\images\val\ROYA_P_A_1.jpg,val,ROYA_P_A_1
1768,C:\Users\luise\OneDrive\Documentos\DECAFIA_v2\01_dataset\decafia_clean\images\val\ROYA_P_A_12.jpg,val,ROYA_P_A_12
1769,C:\Users\luise\OneDrive\Documentos\DECAFIA_v2\01_dataset\decafia_clean\images\val\ROYA_P_A_22.jpg,val,ROYA_P_A_22
1770,C:\Users\luise\OneDrive\Documentos\DECAFIA_v2\01_dataset\decafia_clean\images\val\ROYA_P_A_25.jpg,val,ROYA_P_A_25
1771,C:\Users\luise\OneDrive\Documentos\DECAFIA_v2\01_dataset\decafia_clean\images\val\ROYA_P_A_3.jpg,val,ROYA_P_A_3
1772,C:\Users\luise\OneDrive\Documentos\DECAFIA_v2\01_dataset\decafia_clean\images\val\ROYA_P_A_32.jpg,val,ROYA_P_A_32
1773,C:\Users\luise\OneDrive\Documentos\DECAFIA_v2\01_dataset\decafia_clean\images\val\ROYA_P_A_37.jpg,val,ROYA_P_A_37
1774,C:\Users\luise\OneDrive\Documentos\DECAFIA_v2\01_dataset\decafia_clean\images\val\ROYA_P_A_38.jpg,val,ROYA_P_A_38
1775,C:\Users\luise\OneDrive\Documentos\DECAFIA_v2\01_dataset\decafia_clean\images\val\ROYA_P_A_42.jpg,val,ROYA_P_A_42
1776,C:\Users\luise\OneDrive\Documentos\DECAFIA_v2\01_dataset\decafia_clean\images\val\ROYA_P_A_61.jpg,val,ROYA_P_A_61
1777,C:\Users\luise\OneDrive\Documentos\DECAFIA_v2\01_dataset\decafia_clean\images\val\ROYA_P_A_9.jpg,val,ROYA_P_A_9
1778,C:\Users\luise\OneDrive\Documentos\DECAFIA_v2\01_dataset\decafia_clean\images\val\ROYA_RECORTES_1.jpg,val,ROYA_RECORTES_1
1779,C:\Users\luise\OneDrive\Documentos\DECAFIA_v2\01_dataset\decafia_clean\images\val\ROYA_RECORTES_105.jpg,val,ROYA_RECORTES_105
1780,C:\Users\luise\OneDrive\Documentos\DECAFIA_v2\01_dataset\decafia_clean\images\val\ROYA_RECORTES_22.jpg,val,ROYA_RECORTES_22
1781,C:\Users\luise\OneDrive\Documentos\DECAFIA_v2\01_dataset\decafia_clean\images\val\ROYA_RECORTES_28.jpg,val,ROYA_RECORTES_28
1782,C:\Users\luise\OneDrive\Documentos\DECAFIA_v2\01_dataset\decafia_clean\images\val\ROYA_RECORTES_30.jpg,val,ROYA_RECORTES_30
1783,C:\Users\luise\OneDrive\Documentos\DECAFIA_v2\01_dataset\decafia_clean\images\val\ROYA_RECORTES_32.jpg,val,ROYA_RECORTES_32
1784,C:\Users\luise\OneDrive\Documentos\DECAFIA_v2\01_dataset\decafia_clean\images\val\ROYA_RECORTES_36.jpg,val,ROYA_RECORTES_36
1785,C:\Users\luise\OneDrive\Documentos\DECAFIA_v2\01_dataset\decafia_clean\images\val\ROYA_RECORTES_38.jpg,val,ROYA_RECORTES_38
1786,C:\Users\luise\OneDrive\Documentos\DECAFIA_v2\01_dataset\decafia_clean\images\val\ROYA_RECORTES_4.jpg,val,ROYA_RECORTES_4
1787,C:\Users\luise\OneDrive\Documentos\DECAFIA_v2\01_dataset\decafia_clean\images\val\ROYA_RECORTES_40.jpg,val,ROYA_RECORTES_40
1788,C:\Users\luise\OneDrive\Documentos\DECAFIA_v2\01_dataset\decafia_clean\images\val\ROYA_RECORTES_43.jpg,val,ROYA_RECORTES_43
1789,C:\Users\luise\OneDrive\Documentos\DECAFIA_v2\01_dataset\decafia_clean\images\val\ROYA_RECORTES_47.jpg,val,ROYA_RECORTES_47
1790,C:\Users\luise\OneDrive\Documentos\DECAFIA_v2\01_dataset\decafia_clean\images\val\ROYA_RECORTES_56.jpg,val,ROYA_RECORTES_56
1791,C:\Users\luise\OneDrive\Documentos\DECAFIA_v2\01_dataset\decafia_clean\images\val\ROYA_RECORTES_61.jpg,val,ROYA_RECORTES_61
1792,C:\Users\luise\OneDrive\Documentos\DECAFIA_v2\01_dataset\decafia_clean\images\val\ROYA_RECORTES_63.jpg,val,ROYA_RECORTES_63
1793,C:\Users\luise\OneDrive\Documentos\DECAFIA_v2\01_dataset\decafia_clean\images\val\ROYA_RECORTES_70.jpg,val,ROYA_RECORTES_70
1794,C:\Users\luise\OneDrive\Documentos\DECAFIA_v2\01_dataset\decafia_clean\images\val\ROYA_RECORTES_84.jpg,val,ROYA_RECORTES_84
1795,C:\Users\luise\OneDrive\Documentos\DECAFIA_v2\01_dataset\decafia_clean\images\val\ROYA_RECORTES_94.jpg,val,ROYA_RECORTES_94
1796,C:\Users\luise\OneDrive\Documentos\DECAFIA_v2\01_dataset\decafia_clean\images\val\SANAS_NUEVAS_114.jpg,val,SANAS_NUEVAS_114
1797,C:\Users\luise\OneDrive\Documentos\DECAFIA_v2\01_dataset\decafia_clean\images\val\SANAS_NUEVAS_118.jpg,val,SANAS_NUEVAS_118
1798,C:\Users\luise\OneDrive\Documentos\DECAFIA_v2\01_dataset\decafia_clean\images\val\SANAS_NUEVAS_121.jpg,val,SANAS_NUEVAS_121
1799,C:\Users\luise\OneDrive\Documentos\DECAFIA_v2\01_dataset\decafia_clean\images\val\SANAS_NUEVAS_135.jpg,val,SANAS_NUEVAS_135
1800,C:\Users\luise\OneDrive\Documentos\DECAFIA_v2\01_dataset\decafia_clean\images\val\SANAS_NUEVAS_139.jpg,val,SANAS_NUEVAS_139
1801,C:\Users\luise\OneDrive\Documentos\DECAFIA_v2\01_dataset\decafia_clean\images\val\SANAS_NUEVAS_141.jpg,val,SANAS_NUEVAS_141
1802,C:\Users\luise\OneDrive\Documentos\DECAFIA_v2\01_dataset\decafia_clean\images\val\SANAS_NUEVAS_144.jpg,val,SANAS_NUEVAS_144
1803,C:\Users\luise\OneDrive\Documentos\DECAFIA_v2\01_dataset\decafia_clean\images\val\SANAS_NUEVAS_149.jpg,val,SANAS_NUEVAS_149
1804,C:\Users\luise\OneDrive\Documentos\DECAFIA_v2\01_dataset\decafia_clean\images\val\SANAS_NUEVAS_159.jpg,val,SANAS_NUEVAS_159
1805,C:\Users\luise\OneDrive\Documentos\DECAFIA_v2\01_dataset\decafia_clean\images\val\SANAS_NUEVAS_167.jpg,val,SANAS_NUEVAS_167
1806,C:\Users\luise\OneDrive\Documentos\DECAFIA_v2\01_dataset\decafia_clean\images\val\SANAS_NUEVAS_172.jpg,val,SANAS_NUEVAS_172
1807,C:\Users\luise\OneDrive\Documentos\DECAFIA_v2\01_dataset\decafia_clean\images\val\SANAS_NUEVAS_18.jpg,val,SANAS_NUEVAS_18
1808,C:\Users\luise\OneDrive\Documentos\DECAFIA_v2\01_dataset\decafia_clean\images\val\SANAS_NUEVAS_186.jpg,val,SANAS_NUEVAS_186
1809,C:\Users\luise\OneDrive\Documentos\DECAFIA_v2\01_dataset\decafia_clean\images\val\SANAS_NUEVAS_188.jpg,val,SANAS_NUEVAS_188
1810,C:\Users\luise\OneDrive\Documentos\DECAFIA_v2\01_dataset\decafia_clean\images\val\SANAS_NUEVAS_200.jpg,val,SANAS_NUEVAS_200
1811,C:\Users\luise\OneDrive\Documentos\DECAFIA_v2\01_dataset\decafia_clean\images\val\SANAS_NUEVAS_203.jpg,val,SANAS_NUEVAS_203
1812,C:\Users\luise\OneDrive\Documentos\DECAFIA_v2\01_dataset\decafia_clean\images\val\SANAS_NUEVAS_21.jpg,val,SANAS_NUEVAS_21
1813,C:\Users\luise\OneDrive\Documentos\DECAFIA_v2\01_dataset\decafia_clean\images\val\SANAS_NUEVAS_213.jpg,val,SANAS_NUEVAS_213
1814,C:\Users\luise\OneDrive\Documentos\DECAFIA_v2\01_dataset\decafia_clean\images\val\SANAS_NUEVAS_215.jpg,val,SANAS_NUEVAS_215
1815,C:\Users\luise\OneDrive\Documentos\DECAFIA_v2\01_dataset\decafia_clean\images\val\SANAS_NUEVAS_220.jpg,val,SANAS_NUEVAS_220
1816,C:\Users\luise\OneDrive\Documentos\DECAFIA_v2\01_dataset\decafia_clean\images\val\SANAS_NUEVAS_223.jpg,val,SANAS_NUEVAS_223
1817,C:\Users\luise\OneDrive\Documentos\DECAFIA_v2\01_dataset\decafia_clean\images\val\SANAS_NUEVAS_249.jpg,val,SANAS_NUEVAS_249
1818,C:\Users\luise\OneDrive\Documentos\DECAFIA_v2\01_dataset\decafia_clean\images\val\SANAS_NUEVAS_250.jpg,val,SANAS_NUEVAS_250
1819,C:\Users\luise\OneDrive\Documentos\DECAFIA_v2\01_dataset\decafia_clean\images\val\SANAS_NUEVAS_255.jpg,val,SANAS_NUEVAS_255
1820,C:\Users\luise\OneDrive\Documentos\DECAFIA_v2\01_dataset\decafia_clean\images\val\SANAS_NUEVAS_257.jpg,val,SANAS_NUEVAS_257
1821,C:\Users\luise\OneDrive\Documentos\DECAFIA_v2\01_dataset\decafia_clean\images\val\SANAS_NUEVAS_263.jpg,val,SANAS_NUEVAS_263
1822,C:\Users\luise\OneDrive\Documentos\DECAFIA_v2\01_dataset\decafia_clean\images\val\SANAS_NUEVAS_264.jpg,val,SANAS_NUEVAS_264
1823,C:\Users\luise\OneDrive\Documentos\DECAFIA_v2\01_dataset\decafia_clean\images\val\SANAS_NUEVAS_266.jpg,val,SANAS_NUEVAS_266
1824,C:\Users\luise\OneDrive\Documentos\DECAFIA_v2\01_dataset\decafia_clean\images\val\SANAS_NUEVAS_278.jpg,val,SANAS_NUEVAS_278
1825,C:\Users\luise\OneDrive\Documentos\DECAFIA_v2\01_dataset\decafia_clean\images\val\SANAS_NUEVAS_279.jpg,val,SANAS_NUEVAS_279
1826,C:\Users\luise\OneDrive\Documentos\DECAFIA_v2\01_dataset\decafia_clean\images\val\SANAS_NUEVAS_283.jpg,val,SANAS_NUEVAS_283
1827,C:\Users\luise\OneDrive\Documentos\DECAFIA_v2\01_dataset\decafia_clean\images\val\SANAS_NUEVAS_285.jpg,val,SANAS_NUEVAS_285
1828,C:\Users\luise\OneDrive\Documentos\DECAFIA_v2\01_dataset\decafia_clean\images\val\SANAS_NUEVAS_286.jpg,val,SANAS_NUEVAS_286
1829,C:\Users\luise\OneDrive\Documentos\DECAFIA_v2\01_dataset\decafia_clean\images\val\SANAS_NUEVAS_29.jpg,val,SANAS_NUEVAS_29
1830,C:\Users\luise\OneDrive\Documentos\DECAFIA_v2\01_dataset\decafia_clean\images\val\SANAS_NUEVAS_296.jpg,val,SANAS_NUEVAS_296
1831,C:\Users\luise\OneDrive\Documentos\DECAFIA_v2\01_dataset\decafia_clean\images\val\SANAS_NUEVAS_311.jpg,val,SANAS_NUEVAS_311
1832,C:\Users\luise\OneDrive\Documentos\DECAFIA_v2\01_dataset\decafia_clean\images\val\SANAS_NUEVAS_312.jpg,val,SANAS_NUEVAS_312
1833,C:\Users\luise\OneDrive\Documentos\DECAFIA_v2\01_dataset\decafia_clean\images\val\SANAS_NUEVAS_315.jpg,val,SANAS_NUEVAS_315
1834,C:\Users\luise\OneDrive\Documentos\DECAFIA_v2\01_dataset\decafia_clean\images\val\SANAS_NUEVAS_321.jpg,val,SANAS_NUEVAS_321
1835,C:\Users\luise\OneDrive\Documentos\DECAFIA_v2\01_dataset\decafia_clean\images\val\SANAS_NUEVAS_322.jpg,val,SANAS_NUEVAS_322
1836,C:\Users\luise\OneDrive\Documentos\DECAFIA_v2\01_dataset\decafia_clean\images\val\SANAS_NUEVAS_332.jpg,val,SANAS_NUEVAS_332
1837,C:\Users\luise\OneDrive\Documentos\DECAFIA_v2\01_dataset\decafia_clean\images\val\SANAS_NUEVAS_34.jpg,val,SANAS_NUEVAS_34
1838,C:\Users\luise\OneDrive\Documentos\DECAFIA_v2\01_dataset\decafia_clean\images\val\SANAS_NUEVAS_342.jpg,val,SANAS_NUEVAS_342
1839,C:\Users\luise\OneDrive\Documentos\DECAFIA_v2\01_dataset\decafia_clean\images\val\SANAS_NUEVAS_365.jpg,val,SANAS_NUEVAS_365
1840,C:\Users\luise\OneDrive\Documentos\DECAFIA_v2\01_dataset\decafia_clean\images\val\SANAS_NUEVAS_368.jpg,val,SANAS_NUEVAS_368
1841,C:\Users\luise\OneDrive\Documentos\DECAFIA_v2\01_dataset\decafia_clean\images\val\SANAS_NUEVAS_37.jpg,val,SANAS_NUEVAS_37
1842,C:\Users\luise\OneDrive\Documentos\DECAFIA_v2\01_dataset\decafia_clean\images\val\SANAS_NUEVAS_370.jpg,val,SANAS_NUEVAS_370
1843,C:\Users\luise\OneDrive\Documentos\DECAFIA_v2\01_dataset\decafia_clean\images\val\SANAS_NUEVAS_375.jpg,val,SANAS_NUEVAS_375
1844,C:\Users\luise\OneDrive\Documentos\DECAFIA_v2\01_dataset\decafia_clean\images\val\SANAS_NUEVAS_377.jpg,val,SANAS_NUEVAS_377
1845,C:\Users\luise\OneDrive\Documentos\DECAFIA_v2\01_dataset\decafia_clean\images\val\SANAS_NUEVAS_397.jpg,val,SANAS_NUEVAS_397
1846,C:\Users\luise\OneDrive\Documentos\DECAFIA_v2\01_dataset\decafia_clean\images\val\SANAS_NUEVAS_40.jpg,val,SANAS_NUEVAS_40
1847,C:\Users\luise\OneDrive\Documentos\DECAFIA_v2\01_dataset\decafia_clean\images\val\SANAS_NUEVAS_413.jpg,val,SANAS_NUEVAS_413
1848,C:\Users\luise\OneDrive\Documentos\DECAFIA_v2\01_dataset\decafia_clean\images\val\SANAS_NUEVAS_417.jpg,val,SANAS_NUEVAS_417
1849,C:\Users\luise\OneDrive\Documentos\DECAFIA_v2\01_dataset\decafia_clean\images\val\SANAS_NUEVAS_42.jpg,val,SANAS_NUEVAS_42
1850,C:\Users\luise\OneDrive\Documentos\DECAFIA_v2\01_dataset\decafia_clean\images\val\SANAS_NUEVAS_421.jpg,val,SANAS_NUEVAS_421
1851,C:\Users\luise\OneDrive\Documentos\DECAFIA_v2\01_dataset\decafia_clean\images\val\SANAS_NUEVAS_423.jpg,val,SANAS_NUEVAS_423
1852,C:\Users\luise\OneDrive\Documentos\DECAFIA_v2\01_dataset\decafia_clean\images\val\SANAS_NUEVAS_425.jpg,val,SANAS_NUEVAS_425
1853,C:\Users\luise\OneDrive\Documentos\DECAFIA_v2\01_dataset\decafia_clean\images\val\SANAS_NUEVAS_427.jpg,val,SANAS_NUEVAS_427
1854,C:\Users\luise\OneDrive\Documentos\DECAFIA_v2\01_dataset\decafia_clean\images\val\SANAS_NUEVAS_43.jpg,val,SANAS_NUEVAS_43
1855,C:\Users\luise\OneDrive\Documentos\DECAFIA_v2\01_dataset\decafia_clean\images\val\SANAS_NUEVAS_440.jpg,val,SANAS_NUEVAS_440
1856,C:\Users\luise\OneDrive\Documentos\DECAFIA_v2\01_dataset\decafia_clean\images\val\SANAS_NUEVAS_445.jpg,val,SANAS_NUEVAS_445
1857,C:\Users\luise\OneDrive\Documentos\DECAFIA_v2\01_dataset\decafia_clean\images\val\SANAS_NUEVAS_446.jpg,val,SANAS_NUEVAS_446
1858,C:\Users\luise\OneDrive\Documentos\DECAFIA_v2\01_dataset\decafia_clean\images\val\SANAS_NUEVAS_447.jpg,val,SANAS_NUEVAS_447
1859,C:\Users\luise\OneDrive\Documentos\DECAFIA_v2\01_dataset\decafia_clean\images\val\SANAS_NUEVAS_452.jpg,val,SANAS_NUEVAS_452
1860,C:\Users\luise\OneDrive\Documentos\DECAFIA_v2\01_dataset\decafia_clean\images\val\SANAS_NUEVAS_457.jpg,val,SANAS_NUEVAS_457
1861,C:\Users\luise\OneDrive\Documentos\DECAFIA_v2\01_dataset\decafia_clean\images\val\SANAS_NUEVAS_458.jpg,val,SANAS_NUEVAS_458
1862,C:\Users\luise\OneDrive\Documentos\DECAFIA_v2\01_dataset\decafia_clean\images\val\SANAS_NUEVAS_469.jpg,val,SANAS_NUEVAS_469
1863,C:\Users\luise\OneDrive\Documentos\DECAFIA_v2\01_dataset\decafia_clean\images\val\SANAS_NUEVAS_476.jpg,val,SANAS_NUEVAS_476
1864,C:\Users\luise\OneDrive\Documentos\DECAFIA_v2\01_dataset\decafia_clean\images\val\SANAS_NUEVAS_491.jpg,val,SANAS_NUEVAS_491
1865,C:\Users\luise\OneDrive\Documentos\DECAFIA_v2\01_dataset\decafia_clean\images\val\SANAS_NUEVAS_494.jpg,val,SANAS_NUEVAS_494
1866,C:\Users\luise\OneDrive\Documentos\DECAFIA_v2\01_dataset\decafia_clean\images\val\SANAS_NUEVAS_496.jpg,val,SANAS_NUEVAS_496
1867,C:\Users\luise\OneDrive\Documentos\DECAFIA_v2\01_dataset\decafia_clean\images\val\SANAS_NUEVAS_50.jpg,val,SANAS_NUEVAS_50
1868,C:\Users\luise\OneDrive\Documentos\DECAFIA_v2\01_dataset\decafia_clean\images\val\SANAS_NUEVAS_513.jpg,val,SANAS_NUEVAS_513
1869,C:\Users\luise\OneDrive\Documentos\DECAFIA_v2\01_dataset\decafia_clean\images\val\SANAS_NUEVAS_517.jpg,val,SANAS_NUEVAS_517
1870,C:\Users\luise\OneDrive\Documentos\DECAFIA_v2\01_dataset\decafia_clean\images\val\SANAS_NUEVAS_525.jpg,val,SANAS_NUEVAS_525
1871,C:\Users\luise\OneDrive\Documentos\DECAFIA_v2\01_dataset\decafia_clean\images\val\SANAS_NUEVAS_526.jpg,val,SANAS_NUEVAS_526
1872,C:\Users\luise\OneDrive\Documentos\DECAFIA_v2\01_dataset\decafia_clean\images\val\SANAS_NUEVAS_528.jpg,val,SANAS_NUEVAS_528
1873,C:\Users\luise\OneDrive\Documentos\DECAFIA_v2\01_dataset\decafia_clean\images\val\SANAS_NUEVAS_533.jpg,val,SANAS_NUEVAS_533
1874,C:\Users\luise\OneDrive\Documentos\DECAFIA_v2\01_dataset\decafia_clean\images\val\SANAS_NUEVAS_542.jpg,val,SANAS_NUEVAS_542
1875,C:\Users\luise\OneDrive\Documentos\DECAFIA_v2\01_dataset\decafia_clean\images\val\SANAS_NUEVAS_566.jpg,val,SANAS_NUEVAS_566
1876,C:\Users\luise\OneDrive\Documentos\DECAFIA_v2\01_dataset\decafia_clean\images\val\SANAS_NUEVAS_571.jpg,val,SANAS_NUEVAS_571
1877,C:\Users\luise\OneDrive\Documentos\DECAFIA_v2\01_dataset\decafia_clean\images\val\SANAS_NUEVAS_583.jpg,val,SANAS_NUEVAS_583
1878,C:\Users\luise\OneDrive\Documentos\DECAFIA_v2\01_dataset\decafia_clean\images\val\SANAS_NUEVAS_59.jpg,val,SANAS_NUEVAS_59
1879,C:\Users\luise\OneDrive\Documentos\DECAFIA_v2\01_dataset\decafia_clean\images\val\SANAS_NUEVAS_595.jpg,val,SANAS_NUEVAS_595
1880,C:\Users\luise\OneDrive\Documentos\DECAFIA_v2\01_dataset\decafia_clean\images\val\SANAS_NUEVAS_598.jpg,val,SANAS_NUEVAS_598
1881,C:\Users\luise\OneDrive\Documentos\DECAFIA_v2\01_dataset\decafia_clean\images\val\SANAS_NUEVAS_599.jpg,val,SANAS_NUEVAS_599
1882,C:\Users\luise\OneDrive\Documentos\DECAFIA_v2\01_dataset\decafia_clean\images\val\SANAS_NUEVAS_604.jpg,val,SANAS_NUEVAS_604
1883,C:\Users\luise\OneDrive\Documentos\DECAFIA_v2\01_dataset\decafia_clean\images\val\SANAS_NUEVAS_606.jpg,val,SANAS_NUEVAS_606
1884,C:\Users\luise\OneDrive\Documentos\DECAFIA_v2\01_dataset\decafia_clean\images\val\SANAS_NUEVAS_608.jpg,val,SANAS_NUEVAS_608
1885,C:\Users\luise\OneDrive\Documentos\DECAFIA_v2\01_dataset\decafia_clean\images\val\SANAS_NUEVAS_61.jpg,val,SANAS_NUEVAS_61
1886,C:\Users\luise\OneDrive\Documentos\DECAFIA_v2\01_dataset\decafia_clean\images\val\SANAS_NUEVAS_617.jpg,val,SANAS_NUEVAS_617
1887,C:\Users\luise\OneDrive\Documentos\DECAFIA_v2\01_dataset\decafia_clean\images\val\SANAS_NUEVAS_620.jpg,val,SANAS_NUEVAS_620
1888,C:\Users\luise\OneDrive\Documentos\DECAFIA_v2\01_dataset\decafia_clean\images\val\SANAS_NUEVAS_63.jpg,val,SANAS_NUEVAS_63
1889,C:\Users\luise\OneDrive\Documentos\DECAFIA_v2\01_dataset\decafia_clean\images\val\SANAS_NUEVAS_67.jpg,val,SANAS_NUEVAS_67
1890,C:\Users\luise\OneDrive\Documentos\DECAFIA_v2\01_dataset\decafia_clean\images\val\SANAS_NUEVAS_8.jpg,val,SANAS_NUEVAS_8
1891,C:\Users\luise\OneDrive\Documentos\DECAFIA_v2\01_dataset\decafia_clean\images\val\SANAS_NUEVAS_80.jpg,val,SANAS_NUEVAS_80
1892,C:\Users\luise\OneDrive\Documentos\DECAFIA_v2\01_dataset\decafia_clean\images\val\SANAS_NUEVAS_81.jpg,val,SANAS_NUEVAS_81
1893,C:\Users\luise\OneDrive\Documentos\DECAFIA_v2\01_dataset\decafia_clean\images\val\SANAS_NUEVAS_90.jpg,val,SANAS_NUEVAS_90
1894,C:\Users\luise\OneDrive\Documentos\DECAFIA_v2\01_dataset\decafia_clean\images\val\SANAS_NUEVAS_92.jpg,val,SANAS_NUEVAS_92
1895,C:\Users\luise\OneDrive\Documentos\DECAFIA_v2\01_dataset\decafia_clean\images\val\SANAS_SOCORRO_105.jpg,val,SANAS_SOCORRO_105
1896,C:\Users\luise\OneDrive\Documentos\DECAFIA_v2\01_dataset\decafia_clean\images\val\SANAS_SOCORRO_107.jpg,val,SANAS_SOCORRO_107
1897,C:\Users\luise\OneDrive\Documentos\DECAFIA_v2\01_dataset\decafia_clean\images\val\SANAS_SOCORRO_11.jpg,val,SANAS_SOCORRO_11
1898,C:\Users\luise\OneDrive\Documentos\DECAFIA_v2\01_dataset\decafia_clean\images\val\SANAS_SOCORRO_128.jpg,val,SANAS_SOCORRO_128
1899,C:\Users\luise\OneDrive\Documentos\DECAFIA_v2\01_dataset\decafia_clean\images\val\SANAS_SOCORRO_133.jpg,val,SANAS_SOCORRO_133
1900,C:\Users\luise\OneDrive\Documentos\DECAFIA_v2\01_dataset\decafia_clean\images\val\SANAS_SOCORRO_153.jpg,val,SANAS_SOCORRO_153
1901,C:\Users\luise\OneDrive\Documentos\DECAFIA_v2\01_dataset\decafia_clean\images\val\SANAS_SOCORRO_158.jpg,val,SANAS_SOCORRO_158
1902,C:\Users\luise\OneDrive\Documentos\DECAFIA_v2\01_dataset\decafia_clean\images\val\SANAS_SOCORRO_16.jpg,val,SANAS_SOCORRO_16
1903,C:\Users\luise\OneDrive\Documentos\DECAFIA_v2\01_dataset\decafia_clean\images\val\SANAS_SOCORRO_167.jpg,val,SANAS_SOCORRO_167
1904,C:\Users\luise\OneDrive\Documentos\DECAFIA_v2\01_dataset\decafia_clean\images\val\SANAS_SOCORRO_170.jpg,val,SANAS_SOCORRO_170
1905,C:\Users\luise\OneDrive\Documentos\DECAFIA_v2\01_dataset\decafia_clean\images\val\SANAS_SOCORRO_171.jpg,val,SANAS_SOCORRO_171
1906,C:\Users\luise\OneDrive\Documentos\DECAFIA_v2\01_dataset\decafia_clean\images\val\SANAS_SOCORRO_175.jpg,val,SANAS_SOCORRO_175
1907,C:\Users\luise\OneDrive\Documentos\DECAFIA_v2\01_dataset\decafia_clean\images\val\SANAS_SOCORRO_186.jpg,val,SANAS_SOCORRO_186
1908,C:\Users\luise\OneDrive\Documentos\DECAFIA_v2\01_dataset\decafia_clean\images\val\SANAS_SOCORRO_188.jpg,val,SANAS_SOCORRO_188
1909,C:\Users\luise\OneDrive\Documentos\DECAFIA_v2\01_dataset\decafia_clean\images\val\SANAS_SOCORRO_19.jpg,val,SANAS_SOCORRO_19
1910,C:\Users\luise\OneDrive\Documentos\DECAFIA_v2\01_dataset\decafia_clean\images\val\SANAS_SOCORRO_190.jpg,val,SANAS_SOCORRO_190
1911,C:\Users\luise\OneDrive\Documentos\DECAFIA_v2\01_dataset\decafia_clean\images\val\SANAS_SOCORRO_193.jpg,val,SANAS_SOCORRO_193
1912,C:\Users\luise\OneDrive\Documentos\DECAFIA_v2\01_dataset\decafia_clean\images\val\SANAS_SOCORRO_2.jpg,val,SANAS_SOCORRO_2
1913,C:\Users\luise\OneDrive\Documentos\DECAFIA_v2\01_dataset\decafia_clean\images\val\SANAS_SOCORRO_203.jpg,val,SANAS_SOCORRO_203
1914,C:\Users\luise\OneDrive\Documentos\DECAFIA_v2\01_dataset\decafia_clean\images\val\SANAS_SOCORRO_204.jpg,val,SANAS_SOCORRO_204
1915,C:\Users\luise\OneDrive\Documentos\DECAFIA_v2\01_dataset\decafia_clean\images\val\SANAS_SOCORRO_207.jpg,val,SANAS_SOCORRO_207
1916,C:\Users\luise\OneDrive\Documentos\DECAFIA_v2\01_dataset\decafia_clean\images\val\SANAS_SOCORRO_21.jpg,val,SANAS_SOCORRO_21
1917,C:\Users\luise\OneDrive\Documentos\DECAFIA_v2\01_dataset\decafia_clean\images\val\SANAS_SOCORRO_22.jpg,val,SANAS_SOCORRO_22
1918,C:\Users\luise\OneDrive\Documentos\DECAFIA_v2\01_dataset\decafia_clean\images\val\SANAS_SOCORRO_225.jpg,val,SANAS_SOCORRO_225
1919,C:\Users\luise\OneDrive\Documentos\DECAFIA_v2\01_dataset\decafia_clean\images\val\SANAS_SOCORRO_230.jpg,val,SANAS_SOCORRO_230
1920,C:\Users\luise\OneDrive\Documentos\DECAFIA_v2\01_dataset\decafia_clean\images\val\SANAS_SOCORRO_238.jpg,val,SANAS_SOCORRO_238
1921,C:\Users\luise\OneDrive\Documentos\DECAFIA_v2\01_dataset\decafia_clean\images\val\SANAS_SOCORRO_252.jpg,val,SANAS_SOCORRO_252
1922,C:\Users\luise\OneDrive\Documentos\DECAFIA_v2\01_dataset\decafia_clean\images\val\SANAS_SOCORRO_272.jpg,val,SANAS_SOCORRO_272
1923,C:\Users\luise\OneDrive\Documentos\DECAFIA_v2\01_dataset\decafia_clean\images\val\SANAS_SOCORRO_282.jpg,val,SANAS_SOCORRO_282
1924,C:\Users\luise\OneDrive\Documentos\DECAFIA_v2\01_dataset\decafia_clean\images\val\SANAS_SOCORRO_284.jpg,val,SANAS_SOCORRO_284
1925,C:\Users\luise\OneDrive\Documentos\DECAFIA_v2\01_dataset\decafia_clean\images\val\SANAS_SOCORRO_286.jpg,val,SANAS_SOCORRO_286
1926,C:\Users\luise\OneDrive\Documentos\DECAFIA_v2\01_dataset\decafia_clean\images\val\SANAS_SOCORRO_298.jpg,val,SANAS_SOCORRO_298
1927,C:\Users\luise\OneDrive\Documentos\DECAFIA_v2\01_dataset\decafia_clean\images\val\SANAS_SOCORRO_301.jpg,val,SANAS_SOCORRO_301
1928,C:\Users\luise\OneDrive\Documentos\DECAFIA_v2\01_dataset\decafia_clean\images\val\SANAS_SOCORRO_313.jpg,val,SANAS_SOCORRO_313
1929,C:\Users\luise\OneDrive\Documentos\DECAFIA_v2\01_dataset\decafia_clean\images\val\SANAS_SOCORRO_316.jpg,val,SANAS_SOCORRO_316
1930,C:\Users\luise\OneDrive\Documentos\DECAFIA_v2\01_dataset\decafia_clean\images\val\SANAS_SOCORRO_327.jpg,val,SANAS_SOCORRO_327
1931,C:\Users\luise\OneDrive\Documentos\DECAFIA_v2\01_dataset\decafia_clean\images\val\SANAS_SOCORRO_335.jpg,val,SANAS_SOCORRO_335
1932,C:\Users\luise\OneDrive\Documentos\DECAFIA_v2\01_dataset\decafia_clean\images\val\SANAS_SOCORRO_338.jpg,val,SANAS_SOCORRO_338
1933,C:\Users\luise\OneDrive\Documentos\DECAFIA_v2\01_dataset\decafia_clean\images\val\SANAS_SOCORRO_345.jpg,val,SANAS_SOCORRO_345
1934,C:\Users\luise\OneDrive\Documentos\DECAFIA_v2\01_dataset\decafia_clean\images\val\SANAS_SOCORRO_347.jpg,val,SANAS_SOCORRO_347
1935,C:\Users\luise\OneDrive\Documentos\DECAFIA_v2\01_dataset\decafia_clean\images\val\SANAS_SOCORRO_353.jpg,val,SANAS_SOCORRO_353
1936,C:\Users\luise\OneDrive\Documentos\DECAFIA_v2\01_dataset\decafia_clean\images\val\SANAS_SOCORRO_361.jpg,val,SANAS_SOCORRO_361
1937,C:\Users\luise\OneDrive\Documentos\DECAFIA_v2\01_dataset\decafia_clean\images\val\SANAS_SOCORRO_368.jpg,val,SANAS_SOCORRO_368
1938,C:\Users\luise\OneDrive\Documentos\DECAFIA_v2\01_dataset\decafia_clean\images\val\SANAS_SOCORRO_369.jpg,val,SANAS_SOCORRO_369
1939,C:\Users\luise\OneDrive\Documentos\DECAFIA_v2\01_dataset\decafia_clean\images\val\SANAS_SOCORRO_387.jpg,val,SANAS_SOCORRO_387
1940,C:\Users\luise\OneDrive\Documentos\DECAFIA_v2\01_dataset\decafia_clean\images\val\SANAS_SOCORRO_391.jpg,val,SANAS_SOCORRO_391
1941,C:\Users\luise\OneDrive\Documentos\DECAFIA_v2\01_dataset\decafia_clean\images\val\SANAS_SOCORRO_406.jpg,val,SANAS_SOCORRO_406
1942,C:\Users\luise\OneDrive\Documentos\DECAFIA_v2\01_dataset\decafia_clean\images\val\SANAS_SOCORRO_409.jpg,val,SANAS_SOCORRO_409
1943,C:\Users\luise\OneDrive\Documentos\DECAFIA_v2\01_dataset\decafia_clean\images\val\SANAS_SOCORRO_413.jpg,val,SANAS_SOCORRO_413
1944,C:\Users\luise\OneDrive\Documentos\DECAFIA_v2\01_dataset\decafia_clean\images\val\SANAS_SOCORRO_418.jpg,val,SANAS_SOCORRO_418
1945,C:\Users\luise\OneDrive\Documentos\DECAFIA_v2\01_dataset\decafia_clean\images\val\SANAS_SOCORRO_419.jpg,val,SANAS_SOCORRO_419
1946,C:\Users\luise\OneDrive\Documentos\DECAFIA_v2\01_dataset\decafia_clean\images\val\SANAS_SOCORRO_42.jpg,val,SANAS_SOCORRO_42
1947,C:\Users\luise\OneDrive\Documentos\DECAFIA_v2\01_dataset\decafia_clean\images\val\SANAS_SOCORRO_426.jpg,val,SANAS_SOCORRO_426
1948,C:\Users\luise\OneDrive\Documentos\DECAFIA_v2\01_dataset\decafia_clean\images\val\SANAS_SOCORRO_448.jpg,val,SANAS_SOCORRO_448
1949,C:\Users\luise\OneDrive\Documentos\DECAFIA_v2\01_dataset\decafia_clean\images\val\SANAS_SOCORRO_456.jpg,val,SANAS_SOCORRO_456
1950,C:\Users\luise\OneDrive\Documentos\DECAFIA_v2\01_dataset\decafia_clean\images\val\SANAS_SOCORRO_459.jpg,val,SANAS_SOCORRO_459
1951,C:\Users\luise\OneDrive\Documentos\DECAFIA_v2\01_dataset\decafia_clean\images\val\SANAS_SOCORRO_462.jpg,val,SANAS_SOCORRO_462
1952,C:\Users\luise\OneDrive\Documentos\DECAFIA_v2\01_dataset\decafia_clean\images\val\SANAS_SOCORRO_470.jpg,val,SANAS_SOCORRO_470
1953,C:\Users\luise\OneDrive\Documentos\DECAFIA_v2\01_dataset\decafia_clean\images\val\SANAS_SOCORRO_48.jpg,val,SANAS_SOCORRO_48
1954,C:\Users\luise\OneDrive\Documentos\DECAFIA_v2\01_dataset\decafia_clean\images\val\SANAS_SOCORRO_492.jpg,val,SANAS_SOCORRO_492
1955,C:\Users\luise\OneDrive\Documentos\DECAFIA_v2\01_dataset\decafia_clean\images\val\SANAS_SOCORRO_500.jpg,val,SANAS_SOCORRO_500
1956,C:\Users\luise\OneDrive\Documentos\DECAFIA_v2\01_dataset\decafia_clean\images\val\SANAS_SOCORRO_510.jpg,val,SANAS_SOCORRO_510
1957,C:\Users\luise\OneDrive\Documentos\DECAFIA_v2\01_dataset\decafia_clean\images\val\SANAS_SOCORRO_516.jpg,val,SANAS_SOCORRO_516
1958,C:\Users\luise\OneDrive\Documentos\DECAFIA_v2\01_dataset\decafia_clean\images\val\SANAS_SOCORRO_53.jpg,val,SANAS_SOCORRO_53
1959,C:\Users\luise\OneDrive\Documentos\DECAFIA_v2\01_dataset\decafia_clean\images\val\SANAS_SOCORRO_59.jpg,val,SANAS_SOCORRO_59
1960,C:\Users\luise\OneDrive\Documentos\DECAFIA_v2\01_dataset\decafia_clean\images\val\SANAS_SOCORRO_6.jpg,val,SANAS_SOCORRO_6
1961,C:\Users\luise\OneDrive\Documentos\DECAFIA_v2\01_dataset\decafia_clean\images\val\SANAS_SOCORRO_60.jpg,val,SANAS_SOCORRO_60
1962,C:\Users\luise\OneDrive\Documentos\DECAFIA_v2\01_dataset\decafia_clean\images\val\SANAS_SOCORRO_62.jpg,val,SANAS_SOCORRO_62
1963,C:\Users\luise\OneDrive\Documentos\DECAFIA_v2\01_dataset\decafia_clean\images\val\SANAS_SOCORRO_68.jpg,val,SANAS_SOCORRO_68
1964,C:\Users\luise\OneDrive\Documentos\DECAFIA_v2\01_dataset\decafia_clean\images\val\SANAS_SOCORRO_73.jpg,val,SANAS_SOCORRO_73
1965,C:\Users\luise\OneDrive\Documentos\DECAFIA_v2\01_dataset\decafia_clean\images\val\SANAS_SOCORRO_90.jpg,val,SANAS_SOCORRO_90
1966,C:\Users\luise\OneDrive\Documentos\DECAFIA_v2\01_dataset\decafia_clean\images\test\COCO_M_A_16.jpg,test,COCO_M_A_16
1967,C:\Users\luise\OneDrive\Documentos\DECAFIA_v2\01_dataset\decafia_clean\images\test\COCO_M_A_2.jpg,test,COCO_M_A_2
1968,C:\Users\luise\OneDrive\Documentos\DECAFIA_v2\01_dataset\decafia_clean\images\test\COCO_M_A_25.jpg,test,COCO_M_A_25
1969,C:\Users\luise\OneDrive\Documentos\DECAFIA_v2\01_dataset\decafia_clean\images\test\COCO_M_A_27.jpg,test,COCO_M_A_27
1970,C:\Users\luise\OneDrive\Documentos\DECAFIA_v2\01_dataset\decafia_clean\images\test\COCO_M_A_3.jpg,test,COCO_M_A_3
1971,C:\Users\luise\OneDrive\Documentos\DECAFIA_v2\01_dataset\decafia_clean\images\test\COCO_M_A_34.jpg,test,COCO_M_A_34
1972,C:\Users\luise\OneDrive\Documentos\DECAFIA_v2\01_dataset\decafia_clean\images\test\COCO_M_A_35.jpg,test,COCO_M_A_35
1973,C:\Users\luise\OneDrive\Documentos\DECAFIA_v2\01_dataset\decafia_clean\images\test\COCO_M_A_37.jpg,test,COCO_M_A_37
1974,C:\Users\luise\OneDrive\Documentos\DECAFIA_v2\01_dataset\decafia_clean\images\test\COCO_M_A_39.jpg,test,COCO_M_A_39
1975,C:\Users\luise\OneDrive\Documentos\DECAFIA_v2\01_dataset\decafia_clean\images\test\COCO_M_A_57.jpg,test,COCO_M_A_57
1976,C:\Users\luise\OneDrive\Documentos\DECAFIA_v2\01_dataset\decafia_clean\images\test\COCO_M_A_66.jpg,test,COCO_M_A_66
1977,C:\Users\luise\OneDrive\Documentos\DECAFIA_v2\01_dataset\decafia_clean\images\test\COCO_M_A_81.jpg,test,COCO_M_A_81
1978,C:\Users\luise\OneDrive\Documentos\DECAFIA_v2\01_dataset\decafia_clean\images\test\COCO_M_A_89.jpg,test,COCO_M_A_89
1979,C:\Users\luise\OneDrive\Documentos\DECAFIA_v2\01_dataset\decafia_clean\images\test\COCO_M_A_90.jpg,test,COCO_M_A_90
1980,C:\Users\luise\OneDrive\Documentos\DECAFIA_v2\01_dataset\decafia_clean\images\test\COCO_M_A_96.jpg,test,COCO_M_A_96
1981,C:\Users\luise\OneDrive\Documentos\DECAFIA_v2\01_dataset\decafia_clean\images\test\COCO_Muy_A_19.jpg,test,COCO_Muy_A_19
1982,C:\Users\luise\OneDrive\Documentos\DECAFIA_v2\01_dataset\decafia_clean\images\test\COCO_Muy_A_28.jpg,test,COCO_Muy_A_28
1983,C:\Users\luise\OneDrive\Documentos\DECAFIA_v2\01_dataset\decafia_clean\images\test\COCO_Muy_A_34.jpg,test,COCO_Muy_A_34
1984,C:\Users\luise\OneDrive\Documentos\DECAFIA_v2\01_dataset\decafia_clean\images\test\COCO_Muy_A_39.jpg,test,COCO_Muy_A_39
1985,C:\Users\luise\OneDrive\Documentos\DECAFIA_v2\01_dataset\decafia_clean\images\test\COCO_Muy_A_54.jpg,test,COCO_Muy_A_54
1986,C:\Users\luise\OneDrive\Documentos\DECAFIA_v2\01_dataset\decafia_clean\images\test\COCO_Muy_A_55.jpg,test,COCO_Muy_A_55
1987,C:\Users\luise\OneDrive\Documentos\DECAFIA_v2\01_dataset\decafia_clean\images\test\COCO_Muy_A_70.jpg,test,COCO_Muy_A_70
1988,C:\Users\luise\OneDrive\Documentos\DECAFIA_v2\01_dataset\decafia_clean\images\test\COCO_Muy_A_80.jpg,test,COCO_Muy_A_80
1989,C:\Users\luise\OneDrive\Documentos\DECAFIA_v2\01_dataset\decafia_clean\images\test\COCO_Muy_A_82.jpg,test,COCO_Muy_A_82
1990,C:\Users\luise\OneDrive\Documentos\DECAFIA_v2\01_dataset\decafia_clean\images\test\COCO_Muy_A_95.jpg,test,COCO_Muy_A_95
1991,C:\Users\luise\OneDrive\Documentos\DECAFIA_v2\01_dataset\decafia_clean\images\test\COCO_P_A_10.jpg,test,COCO_P_A_10
1992,C:\Users\luise\OneDrive\Documentos\DECAFIA_v2\01_dataset\decafia_clean\images\test\COCO_P_A_11.jpg,test,COCO_P_A_11
1993,C:\Users\luise\OneDrive\Documentos\DECAFIA_v2\01_dataset\decafia_clean\images\test\COCO_P_A_12.jpg,test,COCO_P_A_12
1994,C:\Users\luise\OneDrive\Documentos\DECAFIA_v2\01_dataset\decafia_clean\images\test\COCO_P_A_13.jpg,test,COCO_P_A_13
1995,C:\Users\luise\OneDrive\Documentos\DECAFIA_v2\01_dataset\decafia_clean\images\test\COCO_P_A_17.jpg,test,COCO_P_A_17
1996,C:\Users\luise\OneDrive\Documentos\DECAFIA_v2\01_dataset\decafia_clean\images\test\COCO_P_A_19.jpg,test,COCO_P_A_19
1997,C:\Users\luise\OneDrive\Documentos\DECAFIA_v2\01_dataset\decafia_clean\images\test\COCO_P_A_30.jpg,test,COCO_P_A_30
1998,C:\Users\luise\OneDrive\Documentos\DECAFIA_v2\01_dataset\decafia_clean\images\test\COCO_P_A_33.jpg,test,COCO_P_A_33
1999,C:\Users\luise\OneDrive\Documentos\DECAFIA_v2\01_dataset\decafia_clean\images\test\COCO_P_A_39.jpg,test,COCO_P_A_39
2000,C:\Users\luise\OneDrive\Documentos\DECAFIA_v2\01_dataset\decafia_clean\images\test\COCO_P_A_48.jpg,test,COCO_P_A_48
2001,C:\Users\luise\OneDrive\Documentos\DECAFIA_v2\01_dataset\decafia_clean\images\test\COCO_P_A_51.jpg,test,COCO_P_A_51
2002,C:\Users\luise\OneDrive\Documentos\DECAFIA_v2\01_dataset\decafia_clean\images\test\COCO_P_A_52.jpg,test,COCO_P_A_52
2003,C:\Users\luise\OneDrive\Documentos\DECAFIA_v2\01_dataset\decafia_clean\images\test\COCO_P_A_56.jpg,test,COCO_P_A_56
2004,C:\Users\luise\OneDrive\Documentos\DECAFIA_v2\01_dataset\decafia_clean\images\test\COCO_P_A_67.jpg,test,COCO_P_A_67
2005,C:\Users\luise\OneDrive\Documentos\DECAFIA_v2\01_dataset\decafia_clean\images\test\COCO_RECORTE_112.jpg,test,COCO_RECORTE_112
2006,C:\Users\luise\OneDrive\Documentos\DECAFIA_v2\01_dataset\decafia_clean\images\test\COCO_RECORTE_118.jpg,test,COCO_RECORTE_118
2007,C:\Users\luise\OneDrive\Documentos\DECAFIA_v2\01_dataset\decafia_clean\images\test\COCO_RECORTE_120.jpg,test,COCO_RECORTE_120
2008,C:\Users\luise\OneDrive\Documentos\DECAFIA_v2\01_dataset\decafia_clean\images\test\COCO_RECORTE_121.jpg,test,COCO_RECORTE_121
2009,C:\Users\luise\OneDrive\Documentos\DECAFIA_v2\01_dataset\decafia_clean\images\test\COCO_RECORTE_122.jpg,test,COCO_RECORTE_122
2010,C:\Users\luise\OneDrive\Documentos\DECAFIA_v2\01_dataset\decafia_clean\images\test\COCO_RECORTE_124.jpg,test,COCO_RECORTE_124
2011,C:\Users\luise\OneDrive\Documentos\DECAFIA_v2\01_dataset\decafia_clean\images\test\COCO_RECORTE_13.jpg,test,COCO_RECORTE_13
2012,C:\Users\luise\OneDrive\Documentos\DECAFIA_v2\01_dataset\decafia_clean\images\test\COCO_RECORTE_131.jpg,test,COCO_RECORTE_131
2013,C:\Users\luise\OneDrive\Documentos\DECAFIA_v2\01_dataset\decafia_clean\images\test\COCO_RECORTE_137.jpg,test,COCO_RECORTE_137
2014,C:\Users\luise\OneDrive\Documentos\DECAFIA_v2\01_dataset\decafia_clean\images\test\COCO_RECORTE_140.jpg,test,COCO_RECORTE_140
2015,C:\Users\luise\OneDrive\Documentos\DECAFIA_v2\01_dataset\decafia_clean\images\test\COCO_RECORTE_144.jpg,test,COCO_RECORTE_144
2016,C:\Users\luise\OneDrive\Documentos\DECAFIA_v2\01_dataset\decafia_clean\images\test\COCO_RECORTE_145.jpg,test,COCO_RECORTE_145
2017,C:\Users\luise\OneDrive\Documentos\DECAFIA_v2\01_dataset\decafia_clean\images\test\COCO_RECORTE_154.jpg,test,COCO_RECORTE_154
2018,C:\Users\luise\OneDrive\Documentos\DECAFIA_v2\01_dataset\decafia_clean\images\test\COCO_RECORTE_19.jpg,test,COCO_RECORTE_19
2019,C:\Users\luise\OneDrive\Documentos\DECAFIA_v2\01_dataset\decafia_clean\images\test\COCO_RECORTE_21.jpg,test,COCO_RECORTE_21
2020,C:\Users\luise\OneDrive\Documentos\DECAFIA_v2\01_dataset\decafia_clean\images\test\COCO_RECORTE_27.jpg,test,COCO_RECORTE_27
2021,C:\Users\luise\OneDrive\Documentos\DECAFIA_v2\01_dataset\decafia_clean\images\test\COCO_RECORTE_37.jpg,test,COCO_RECORTE_37
2022,C:\Users\luise\OneDrive\Documentos\DECAFIA_v2\01_dataset\decafia_clean\images\test\COCO_RECORTE_45.jpg,test,COCO_RECORTE_45
2023,C:\Users\luise\OneDrive\Documentos\DECAFIA_v2\01_dataset\decafia_clean\images\test\COCO_RECORTE_56.jpg,test,COCO_RECORTE_56
2024,C:\Users\luise\OneDrive\Documentos\DECAFIA_v2\01_dataset\decafia_clean\images\test\COCO_RECORTE_58.jpg,test,COCO_RECORTE_58
2025,C:\Users\luise\OneDrive\Documentos\DECAFIA_v2\01_dataset\decafia_clean\images\test\COCO_RECORTE_8.jpg,test,COCO_RECORTE_8
2026,C:\Users\luise\OneDrive\Documentos\DECAFIA_v2\01_dataset\decafia_clean\images\test\COCO_RECORTE_86.jpg,test,COCO_RECORTE_86
2027,C:\Users\luise\OneDrive\Documentos\DECAFIA_v2\01_dataset\decafia_clean\images\test\COCO_RECORTE_9.jpg,test,COCO_RECORTE_9
2028,C:\Users\luise\OneDrive\Documentos\DECAFIA_v2\01_dataset\decafia_clean\images\test\MINADO_RECORTES_111.jpg,test,MINADO_RECORTES_111
2029,C:\Users\luise\OneDrive\Documentos\DECAFIA_v2\01_dataset\decafia_clean\images\test\MINADO_RECORTES_12.jpg,test,MINADO_RECORTES_12
2030,C:\Users\luise\OneDrive\Documentos\DECAFIA_v2\01_dataset\decafia_clean\images\test\MINADO_RECORTES_126.jpg,test,MINADO_RECORTES_126
2031,C:\Users\luise\OneDrive\Documentos\DECAFIA_v2\01_dataset\decafia_clean\images\test\MINADO_RECORTES_128.jpg,test,MINADO_RECORTES_128
2032,C:\Users\luise\OneDrive\Documentos\DECAFIA_v2\01_dataset\decafia_clean\images\test\MINADO_RECORTES_131.jpg,test,MINADO_RECORTES_131
2033,C:\Users\luise\OneDrive\Documentos\DECAFIA_v2\01_dataset\decafia_clean\images\test\MINADO_RECORTES_14.jpg,test,MINADO_RECORTES_14
2034,C:\Users\luise\OneDrive\Documentos\DECAFIA_v2\01_dataset\decafia_clean\images\test\MINADO_RECORTES_22.jpg,test,MINADO_RECORTES_22
2035,C:\Users\luise\OneDrive\Documentos\DECAFIA_v2\01_dataset\decafia_clean\images\test\MINADO_RECORTES_25.jpg,test,MINADO_RECORTES_25
2036,C:\Users\luise\OneDrive\Documentos\DECAFIA_v2\01_dataset\decafia_clean\images\test\MINADO_RECORTES_3.jpg,test,MINADO_RECORTES_3
2037,C:\Users\luise\OneDrive\Documentos\DECAFIA_v2\01_dataset\decafia_clean\images\test\MINADO_RECORTES_40.jpg,test,MINADO_RECORTES_40
2038,C:\Users\luise\OneDrive\Documentos\DECAFIA_v2\01_dataset\decafia_clean\images\test\MINADO_RECORTES_48.jpg,test,MINADO_RECORTES_48
2039,C:\Users\luise\OneDrive\Documentos\DECAFIA_v2\01_dataset\decafia_clean\images\test\MINADO_RECORTES_53.jpg,test,MINADO_RECORTES_53
2040,C:\Users\luise\OneDrive\Documentos\DECAFIA_v2\01_dataset\decafia_clean\images\test\MINADO_RECORTES_61.jpg,test,MINADO_RECORTES_61
2041,C:\Users\luise\OneDrive\Documentos\DECAFIA_v2\01_dataset\decafia_clean\images\test\MINADO_RECORTES_69.jpg,test,MINADO_RECORTES_69
2042,C:\Users\luise\OneDrive\Documentos\DECAFIA_v2\01_dataset\decafia_clean\images\test\MINADO_RECORTES_90.jpg,test,MINADO_RECORTES_90
2043,C:\Users\luise\OneDrive\Documentos\DECAFIA_v2\01_dataset\decafia_clean\images\test\MINADO_RECORTES_95.jpg,test,MINADO_RECORTES_95
2044,C:\Users\luise\OneDrive\Documentos\DECAFIA_v2\01_dataset\decafia_clean\images\test\MINADO_RECORTES_96.jpg,test,MINADO_RECORTES_96
2045,C:\Users\luise\OneDrive\Documentos\DECAFIA_v2\01_dataset\decafia_clean\images\test\MINADOR_11.jpg,test,MINADOR_11
2046,C:\Users\luise\OneDrive\Documentos\DECAFIA_v2\01_dataset\decafia_clean\images\test\MINADOR_15.jpg,test,MINADOR_15
2047,C:\Users\luise\OneDrive\Documentos\DECAFIA_v2\01_dataset\decafia_clean\images\test\MINADOR_16.jpg,test,MINADOR_16
2048,C:\Users\luise\OneDrive\Documentos\DECAFIA_v2\01_dataset\decafia_clean\images\test\MINADOR_17.jpg,test,MINADOR_17
2049,C:\Users\luise\OneDrive\Documentos\DECAFIA_v2\01_dataset\decafia_clean\images\test\MINADOR_19.jpg,test,MINADOR_19
2050,C:\Users\luise\OneDrive\Documentos\DECAFIA_v2\01_dataset\decafia_clean\images\test\MINADOR_21.jpg,test,MINADOR_21
2051,C:\Users\luise\OneDrive\Documentos\DECAFIA_v2\01_dataset\decafia_clean\images\test\MINADOR_29.jpg,test,MINADOR_29
2052,C:\Users\luise\OneDrive\Documentos\DECAFIA_v2\01_dataset\decafia_clean\images\test\MINADOR_34.jpg,test,MINADOR_34
2053,C:\Users\luise\OneDrive\Documentos\DECAFIA_v2\01_dataset\decafia_clean\images\test\MINADOR_42.jpg,test,MINADOR_42
2054,C:\Users\luise\OneDrive\Documentos\DECAFIA_v2\01_dataset\decafia_clean\images\test\MINADOR_5.jpg,test,MINADOR_5
2055,C:\Users\luise\OneDrive\Documentos\DECAFIA_v2\01_dataset\decafia_clean\images\test\MINADOR_52.jpg,test,MINADOR_52
2056,C:\Users\luise\OneDrive\Documentos\DECAFIA_v2\01_dataset\decafia_clean\images\test\MINADOR_54.jpg,test,MINADOR_54
2057,C:\Users\luise\OneDrive\Documentos\DECAFIA_v2\01_dataset\decafia_clean\images\test\MINADOR_57.jpg,test,MINADOR_57
2058,C:\Users\luise\OneDrive\Documentos\DECAFIA_v2\01_dataset\decafia_clean\images\test\MINADOR_6.jpg,test,MINADOR_6
2059,C:\Users\luise\OneDrive\Documentos\DECAFIA_v2\01_dataset\decafia_clean\images\test\MINADOR_62.jpg,test,MINADOR_62
2060,C:\Users\luise\OneDrive\Documentos\DECAFIA_v2\01_dataset\decafia_clean\images\test\MINADOR_71.jpg,test,MINADOR_71
2061,C:\Users\luise\OneDrive\Documentos\DECAFIA_v2\01_dataset\decafia_clean\images\test\MINADOR_77.jpg,test,MINADOR_77
2062,C:\Users\luise\OneDrive\Documentos\DECAFIA_v2\01_dataset\decafia_clean\images\test\MINEIRO_1.jpg,test,MINEIRO_1
2063,C:\Users\luise\OneDrive\Documentos\DECAFIA_v2\01_dataset\decafia_clean\images\test\MINEIRO_110.jpg,test,MINEIRO_110
2064,C:\Users\luise\OneDrive\Documentos\DECAFIA_v2\01_dataset\decafia_clean\images\test\MINEIRO_111.jpg,test,MINEIRO_111
2065,C:\Users\luise\OneDrive\Documentos\DECAFIA_v2\01_dataset\decafia_clean\images\test\MINEIRO_112.jpg,test,MINEIRO_112
2066,C:\Users\luise\OneDrive\Documentos\DECAFIA_v2\01_dataset\decafia_clean\images\test\MINEIRO_120.jpg,test,MINEIRO_120
2067,C:\Users\luise\OneDrive\Documentos\DECAFIA_v2\01_dataset\decafia_clean\images\test\MINEIRO_130.jpg,test,MINEIRO_130
2068,C:\Users\luise\OneDrive\Documentos\DECAFIA_v2\01_dataset\decafia_clean\images\test\MINEIRO_140.jpg,test,MINEIRO_140
2069,C:\Users\luise\OneDrive\Documentos\DECAFIA_v2\01_dataset\decafia_clean\images\test\MINEIRO_143.jpg,test,MINEIRO_143
2070,C:\Users\luise\OneDrive\Documentos\DECAFIA_v2\01_dataset\decafia_clean\images\test\MINEIRO_147.jpg,test,MINEIRO_147
2071,C:\Users\luise\OneDrive\Documentos\DECAFIA_v2\01_dataset\decafia_clean\images\test\MINEIRO_148.jpg,test,MINEIRO_148
2072,C:\Users\luise\OneDrive\Documentos\DECAFIA_v2\01_dataset\decafia_clean\images\test\MINEIRO_154.jpg,test,MINEIRO_154
2073,C:\Users\luise\OneDrive\Documentos\DECAFIA_v2\01_dataset\decafia_clean\images\test\MINEIRO_164.jpg,test,MINEIRO_164
2074,C:\Users\luise\OneDrive\Documentos\DECAFIA_v2\01_dataset\decafia_clean\images\test\MINEIRO_169.jpg,test,MINEIRO_169
2075,C:\Users\luise\OneDrive\Documentos\DECAFIA_v2\01_dataset\decafia_clean\images\test\MINEIRO_174.jpg,test,MINEIRO_174
2076,C:\Users\luise\OneDrive\Documentos\DECAFIA_v2\01_dataset\decafia_clean\images\test\MINEIRO_176.jpg,test,MINEIRO_176
2077,C:\Users\luise\OneDrive\Documentos\DECAFIA_v2\01_dataset\decafia_clean\images\test\MINEIRO_179.jpg,test,MINEIRO_179
2078,C:\Users\luise\OneDrive\Documentos\DECAFIA_v2\01_dataset\decafia_clean\images\test\MINEIRO_191.jpg,test,MINEIRO_191
2079,C:\Users\luise\OneDrive\Documentos\DECAFIA_v2\01_dataset\decafia_clean\images\test\MINEIRO_20.jpg,test,MINEIRO_20
2080,C:\Users\luise\OneDrive\Documentos\DECAFIA_v2\01_dataset\decafia_clean\images\test\MINEIRO_32.jpg,test,MINEIRO_32
2081,C:\Users\luise\OneDrive\Documentos\DECAFIA_v2\01_dataset\decafia_clean\images\test\MINEIRO_33.jpg,test,MINEIRO_33
2082,C:\Users\luise\OneDrive\Documentos\DECAFIA_v2\01_dataset\decafia_clean\images\test\MINEIRO_42.jpg,test,MINEIRO_42
2083,C:\Users\luise\OneDrive\Documentos\DECAFIA_v2\01_dataset\decafia_clean\images\test\MINEIRO_62.jpg,test,MINEIRO_62
2084,C:\Users\luise\OneDrive\Documentos\DECAFIA_v2\01_dataset\decafia_clean\images\test\MINEIRO_63.jpg,test,MINEIRO_63
2085,C:\Users\luise\OneDrive\Documentos\DECAFIA_v2\01_dataset\decafia_clean\images\test\MINEIRO_66.jpg,test,MINEIRO_66
2086,C:\Users\luise\OneDrive\Documentos\DECAFIA_v2\01_dataset\decafia_clean\images\test\MINEIRO_69.jpg,test,MINEIRO_69
2087,C:\Users\luise\OneDrive\Documentos\DECAFIA_v2\01_dataset\decafia_clean\images\test\MINEIRO_76.jpg,test,MINEIRO_76
2088,C:\Users\luise\OneDrive\Documentos\DECAFIA_v2\01_dataset\decafia_clean\images\test\MINEIRO_8.jpg,test,MINEIRO_8
2089,C:\Users\luise\OneDrive\Documentos\DECAFIA_v2\01_dataset\decafia_clean\images\test\MINEIRO_9.jpg,test,MINEIRO_9
2090,C:\Users\luise\OneDrive\Documentos\DECAFIA_v2\01_dataset\decafia_clean\images\test\ROYA_FONDO_12.jpg,test,ROYA_FONDO_12
2091,C:\Users\luise\OneDrive\Documentos\DECAFIA_v2\01_dataset\decafia_clean\images\test\ROYA_FONDO_14.jpg,test,ROYA_FONDO_14
2092,C:\Users\luise\OneDrive\Documentos\DECAFIA_v2\01_dataset\decafia_clean\images\test\ROYA_FONDO_16.jpg,test,ROYA_FONDO_16
2093,C:\Users\luise\OneDrive\Documentos\DECAFIA_v2\01_dataset\decafia_clean\images\test\ROYA_FONDO_21.jpg,test,ROYA_FONDO_21
2094,C:\Users\luise\OneDrive\Documentos\DECAFIA_v2\01_dataset\decafia_clean\images\test\ROYA_FONDO_26.jpg,test,ROYA_FONDO_26
2095,C:\Users\luise\OneDrive\Documentos\DECAFIA_v2\01_dataset\decafia_clean\images\test\ROYA_FONDO_32.jpg,test,ROYA_FONDO_32
2096,C:\Users\luise\OneDrive\Documentos\DECAFIA_v2\01_dataset\decafia_clean\images\test\ROYA_FONDO_34.jpg,test,ROYA_FONDO_34
2097,C:\Users\luise\OneDrive\Documentos\DECAFIA_v2\01_dataset\decafia_clean\images\test\ROYA_FONDO_52.jpg,test,ROYA_FONDO_52
2098,C:\Users\luise\OneDrive\Documentos\DECAFIA_v2\01_dataset\decafia_clean\images\test\ROYA_FONDO_56.jpg,test,ROYA_FONDO_56
2099,C:\Users\luise\OneDrive\Documentos\DECAFIA_v2\01_dataset\decafia_clean\images\test\ROYA_FONDO_61.jpg,test,ROYA_FONDO_61
2100,C:\Users\luise\OneDrive\Documentos\DECAFIA_v2\01_dataset\decafia_clean\images\test\ROYA_FONDO_63.jpg,test,ROYA_FONDO_63
2101,C:\Users\luise\OneDrive\Documentos\DECAFIA_v2\01_dataset\decafia_clean\images\test\ROYA_FONDO_73.jpg,test,ROYA_FONDO_73
2102,C:\Users\luise\OneDrive\Documentos\DECAFIA_v2\01_dataset\decafia_clean\images\test\ROYA_FONDO_76.jpg,test,ROYA_FONDO_76
2103,C:\Users\luise\OneDrive\Documentos\DECAFIA_v2\01_dataset\decafia_clean\images\test\ROYA_FONDO_78.jpg,test,ROYA_FONDO_78
2104,C:\Users\luise\OneDrive\Documentos\DECAFIA_v2\01_dataset\decafia_clean\images\test\ROYA_FONDO_8.jpg,test,ROYA_FONDO_8
2105,C:\Users\luise\OneDrive\Documentos\DECAFIA_v2\01_dataset\decafia_clean\images\test\ROYA_FONDO_85.jpg,test,ROYA_FONDO_85
2106,C:\Users\luise\OneDrive\Documentos\DECAFIA_v2\01_dataset\decafia_clean\images\test\ROYA_FONDO_88.jpg,test,ROYA_FONDO_88
2107,C:\Users\luise\OneDrive\Documentos\DECAFIA_v2\01_dataset\decafia_clean\images\test\ROYA_FONDO_91.jpg,test,ROYA_FONDO_91
2108,C:\Users\luise\OneDrive\Documentos\DECAFIA_v2\01_dataset\decafia_clean\images\test\ROYA_FONDO_93.jpg,test,ROYA_FONDO_93
2109,C:\Users\luise\OneDrive\Documentos\DECAFIA_v2\01_dataset\decafia_clean\images\test\ROYA_MA_1.jpg,test,ROYA_MA_1
2110,C:\Users\luise\OneDrive\Documentos\DECAFIA_v2\01_dataset\decafia_clean\images\test\ROYA_MA_13.jpg,test,ROYA_MA_13
2111,C:\Users\luise\OneDrive\Documentos\DECAFIA_v2\01_dataset\decafia_clean\images\test\ROYA_MA_14.jpg,test,ROYA_MA_14
2112,C:\Users\luise\OneDrive\Documentos\DECAFIA_v2\01_dataset\decafia_clean\images\test\ROYA_MA_20.jpg,test,ROYA_MA_20
2113,C:\Users\luise\OneDrive\Documentos\DECAFIA_v2\01_dataset\decafia_clean\images\test\ROYA_MA_33.jpg,test,ROYA_MA_33
2114,C:\Users\luise\OneDrive\Documentos\DECAFIA_v2\01_dataset\decafia_clean\images\test\ROYA_MA_41.jpg,test,ROYA_MA_41
2115,C:\Users\luise\OneDrive\Documentos\DECAFIA_v2\01_dataset\decafia_clean\images\test\ROYA_MA_44.jpg,test,ROYA_MA_44
2116,C:\Users\luise\OneDrive\Documentos\DECAFIA_v2\01_dataset\decafia_clean\images\test\ROYA_MA_45.jpg,test,ROYA_MA_45
2117,C:\Users\luise\OneDrive\Documentos\DECAFIA_v2\01_dataset\decafia_clean\images\test\ROYA_MA_47.jpg,test,ROYA_MA_47
2118,C:\Users\luise\OneDrive\Documentos\DECAFIA_v2\01_dataset\decafia_clean\images\test\ROYA_MA_51.jpg,test,ROYA_MA_51
2119,C:\Users\luise\OneDrive\Documentos\DECAFIA_v2\01_dataset\decafia_clean\images\test\ROYA_MA_52.jpg,test,ROYA_MA_52
2120,C:\Users\luise\OneDrive\Documentos\DECAFIA_v2\01_dataset\decafia_clean\images\test\ROYA_MA_56.jpg,test,ROYA_MA_56
2121,C:\Users\luise\OneDrive\Documentos\DECAFIA_v2\01_dataset\decafia_clean\images\test\ROYA_MA_58.jpg,test,ROYA_MA_58
2122,C:\Users\luise\OneDrive\Documentos\DECAFIA_v2\01_dataset\decafia_clean\images\test\ROYA_Muy_A_25.jpg,test,ROYA_Muy_A_25
2123,C:\Users\luise\OneDrive\Documentos\DECAFIA_v2\01_dataset\decafia_clean\images\test\ROYA_Muy_A_30.jpg,test,ROYA_Muy_A_30
2124,C:\Users\luise\OneDrive\Documentos\DECAFIA_v2\01_dataset\decafia_clean\images\test\ROYA_Muy_A_5.jpg,test,ROYA_Muy_A_5
2125,C:\Users\luise\OneDrive\Documentos\DECAFIA_v2\01_dataset\decafia_clean\images\test\ROYA_P_A_26.jpg,test,ROYA_P_A_26
2126,C:\Users\luise\OneDrive\Documentos\DECAFIA_v2\01_dataset\decafia_clean\images\test\ROYA_P_A_40.jpg,test,ROYA_P_A_40
2127,C:\Users\luise\OneDrive\Documentos\DECAFIA_v2\01_dataset\decafia_clean\images\test\ROYA_P_A_44.jpg,test,ROYA_P_A_44
2128,C:\Users\luise\OneDrive\Documentos\DECAFIA_v2\01_dataset\decafia_clean\images\test\ROYA_P_A_47.jpg,test,ROYA_P_A_47
2129,C:\Users\luise\OneDrive\Documentos\DECAFIA_v2\01_dataset\decafia_clean\images\test\ROYA_P_A_58.jpg,test,ROYA_P_A_58
2130,C:\Users\luise\OneDrive\Documentos\DECAFIA_v2\01_dataset\decafia_clean\images\test\ROYA_RECORTES_100.jpg,test,ROYA_RECORTES_100
2131,C:\Users\luise\OneDrive\Documentos\DECAFIA_v2\01_dataset\decafia_clean\images\test\ROYA_RECORTES_102.jpg,test,ROYA_RECORTES_102
2132,C:\Users\luise\OneDrive\Documentos\DECAFIA_v2\01_dataset\decafia_clean\images\test\ROYA_RECORTES_11.jpg,test,ROYA_RECORTES_11
2133,C:\Users\luise\OneDrive\Documentos\DECAFIA_v2\01_dataset\decafia_clean\images\test\ROYA_RECORTES_34.jpg,test,ROYA_RECORTES_34
2134,C:\Users\luise\OneDrive\Documentos\DECAFIA_v2\01_dataset\decafia_clean\images\test\ROYA_RECORTES_37.jpg,test,ROYA_RECORTES_37
2135,C:\Users\luise\OneDrive\Documentos\DECAFIA_v2\01_dataset\decafia_clean\images\test\ROYA_RECORTES_48.jpg,test,ROYA_RECORTES_48
2136,C:\Users\luise\OneDrive\Documentos\DECAFIA_v2\01_dataset\decafia_clean\images\test\ROYA_RECORTES_5.jpg,test,ROYA_RECORTES_5
2137,C:\Users\luise\OneDrive\Documentos\DECAFIA_v2\01_dataset\decafia_clean\images\test\ROYA_RECORTES_52.jpg,test,ROYA_RECORTES_52
2138,C:\Users\luise\OneDrive\Documentos\DECAFIA_v2\01_dataset\decafia_clean\images\test\ROYA_RECORTES_55.jpg,test,ROYA_RECORTES_55
2139,C:\Users\luise\OneDrive\Documentos\DECAFIA_v2\01_dataset\decafia_clean\images\test\ROYA_RECORTES_66.jpg,test,ROYA_RECORTES_66
2140,C:\Users\luise\OneDrive\Documentos\DECAFIA_v2\01_dataset\decafia_clean\images\test\ROYA_RECORTES_68.jpg,test,ROYA_RECORTES_68
2141,C:\Users\luise\OneDrive\Documentos\DECAFIA_v2\01_dataset\decafia_clean\images\test\ROYA_RECORTES_75.jpg,test,ROYA_RECORTES_75
2142,C:\Users\luise\OneDrive\Documentos\DECAFIA_v2\01_dataset\decafia_clean\images\test\ROYA_RECORTES_78.jpg,test,ROYA_RECORTES_78
2143,C:\Users\luise\OneDrive\Documentos\DECAFIA_v2\01_dataset\decafia_clean\images\test\ROYA_RECORTES_79.jpg,test,ROYA_RECORTES_79
2144,C:\Users\luise\OneDrive\Documentos\DECAFIA_v2\01_dataset\decafia_clean\images\test\ROYA_RECORTES_97.jpg,test,ROYA_RECORTES_97
2145,C:\Users\luise\OneDrive\Documentos\DECAFIA_v2\01_dataset\decafia_clean\images\test\SANAS_NUEVAS_10.jpg,test,SANAS_NUEVAS_10
2146,C:\Users\luise\OneDrive\Documentos\DECAFIA_v2\01_dataset\decafia_clean\images\test\SANAS_NUEVAS_101.jpg,test,SANAS_NUEVAS_101
2147,C:\Users\luise\OneDrive\Documentos\DECAFIA_v2\01_dataset\decafia_clean\images\test\SANAS_NUEVAS_102.jpg,test,SANAS_NUEVAS_102
2148,C:\Users\luise\OneDrive\Documentos\DECAFIA_v2\01_dataset\decafia_clean\images\test\SANAS_NUEVAS_103.jpg,test,SANAS_NUEVAS_103
2149,C:\Users\luise\OneDrive\Documentos\DECAFIA_v2\01_dataset\decafia_clean\images\test\SANAS_NUEVAS_111.jpg,test,SANAS_NUEVAS_111
2150,C:\Users\luise\OneDrive\Documentos\DECAFIA_v2\01_dataset\decafia_clean\images\test\SANAS_NUEVAS_112.jpg,test,SANAS_NUEVAS_112
2151,C:\Users\luise\OneDrive\Documentos\DECAFIA_v2\01_dataset\decafia_clean\images\test\SANAS_NUEVAS_120.jpg,test,SANAS_NUEVAS_120
2152,C:\Users\luise\OneDrive\Documentos\DECAFIA_v2\01_dataset\decafia_clean\images\test\SANAS_NUEVAS_122.jpg,test,SANAS_NUEVAS_122
2153,C:\Users\luise\OneDrive\Documentos\DECAFIA_v2\01_dataset\decafia_clean\images\test\SANAS_NUEVAS_125.jpg,test,SANAS_NUEVAS_125
2154,C:\Users\luise\OneDrive\Documentos\DECAFIA_v2\01_dataset\decafia_clean\images\test\SANAS_NUEVAS_128.jpg,test,SANAS_NUEVAS_128
2155,C:\Users\luise\OneDrive\Documentos\DECAFIA_v2\01_dataset\decafia_clean\images\test\SANAS_NUEVAS_133.jpg,test,SANAS_NUEVAS_133
2156,C:\Users\luise\OneDrive\Documentos\DECAFIA_v2\01_dataset\decafia_clean\images\test\SANAS_NUEVAS_145.jpg,test,SANAS_NUEVAS_145
2157,C:\Users\luise\OneDrive\Documentos\DECAFIA_v2\01_dataset\decafia_clean\images\test\SANAS_NUEVAS_146.jpg,test,SANAS_NUEVAS_146
2158,C:\Users\luise\OneDrive\Documentos\DECAFIA_v2\01_dataset\decafia_clean\images\test\SANAS_NUEVAS_157.jpg,test,SANAS_NUEVAS_157
2159,C:\Users\luise\OneDrive\Documentos\DECAFIA_v2\01_dataset\decafia_clean\images\test\SANAS_NUEVAS_16.jpg,test,SANAS_NUEVAS_16
2160,C:\Users\luise\OneDrive\Documentos\DECAFIA_v2\01_dataset\decafia_clean\images\test\SANAS_NUEVAS_160.jpg,test,SANAS_NUEVAS_160
2161,C:\Users\luise\OneDrive\Documentos\DECAFIA_v2\01_dataset\decafia_clean\images\test\SANAS_NUEVAS_163.jpg,test,SANAS_NUEVAS_163
2162,C:\Users\luise\OneDrive\Documentos\DECAFIA_v2\01_dataset\decafia_clean\images\test\SANAS_NUEVAS_169.jpg,test,SANAS_NUEVAS_169
2163,C:\Users\luise\OneDrive\Documentos\DECAFIA_v2\01_dataset\decafia_clean\images\test\SANAS_NUEVAS_177.jpg,test,SANAS_NUEVAS_177
2164,C:\Users\luise\OneDrive\Documentos\DECAFIA_v2\01_dataset\decafia_clean\images\test\SANAS_NUEVAS_194.jpg,test,SANAS_NUEVAS_194
2165,C:\Users\luise\OneDrive\Documentos\DECAFIA_v2\01_dataset\decafia_clean\images\test\SANAS_NUEVAS_204.jpg,test,SANAS_NUEVAS_204
2166,C:\Users\luise\OneDrive\Documentos\DECAFIA_v2\01_dataset\decafia_clean\images\test\SANAS_NUEVAS_208.jpg,test,SANAS_NUEVAS_208
2167,C:\Users\luise\OneDrive\Documentos\DECAFIA_v2\01_dataset\decafia_clean\images\test\SANAS_NUEVAS_217.jpg,test,SANAS_NUEVAS_217
2168,C:\Users\luise\OneDrive\Documentos\DECAFIA_v2\01_dataset\decafia_clean\images\test\SANAS_NUEVAS_235.jpg,test,SANAS_NUEVAS_235
2169,C:\Users\luise\OneDrive\Documentos\DECAFIA_v2\01_dataset\decafia_clean\images\test\SANAS_NUEVAS_238.jpg,test,SANAS_NUEVAS_238
2170,C:\Users\luise\OneDrive\Documentos\DECAFIA_v2\01_dataset\decafia_clean\images\test\SANAS_NUEVAS_241.jpg,test,SANAS_NUEVAS_241
2171,C:\Users\luise\OneDrive\Documentos\DECAFIA_v2\01_dataset\decafia_clean\images\test\SANAS_NUEVAS_252.jpg,test,SANAS_NUEVAS_252
2172,C:\Users\luise\OneDrive\Documentos\DECAFIA_v2\01_dataset\decafia_clean\images\test\SANAS_NUEVAS_261.jpg,test,SANAS_NUEVAS_261
2173,C:\Users\luise\OneDrive\Documentos\DECAFIA_v2\01_dataset\decafia_clean\images\test\SANAS_NUEVAS_269.jpg,test,SANAS_NUEVAS_269
2174,C:\Users\luise\OneDrive\Documentos\DECAFIA_v2\01_dataset\decafia_clean\images\test\SANAS_NUEVAS_273.jpg,test,SANAS_NUEVAS_273
2175,C:\Users\luise\OneDrive\Documentos\DECAFIA_v2\01_dataset\decafia_clean\images\test\SANAS_NUEVAS_28.jpg,test,SANAS_NUEVAS_28
2176,C:\Users\luise\OneDrive\Documentos\DECAFIA_v2\01_dataset\decafia_clean\images\test\SANAS_NUEVAS_284.jpg,test,SANAS_NUEVAS_284
2177,C:\Users\luise\OneDrive\Documentos\DECAFIA_v2\01_dataset\decafia_clean\images\test\SANAS_NUEVAS_289.jpg,test,SANAS_NUEVAS_289
2178,C:\Users\luise\OneDrive\Documentos\DECAFIA_v2\01_dataset\decafia_clean\images\test\SANAS_NUEVAS_292.jpg,test,SANAS_NUEVAS_292
2179,C:\Users\luise\OneDrive\Documentos\DECAFIA_v2\01_dataset\decafia_clean\images\test\SANAS_NUEVAS_299.jpg,test,SANAS_NUEVAS_299
2180,C:\Users\luise\OneDrive\Documentos\DECAFIA_v2\01_dataset\decafia_clean\images\test\SANAS_NUEVAS_300.jpg,test,SANAS_NUEVAS_300
2181,C:\Users\luise\OneDrive\Documentos\DECAFIA_v2\01_dataset\decafia_clean\images\test\SANAS_NUEVAS_305.jpg,test,SANAS_NUEVAS_305
2182,C:\Users\luise\OneDrive\Documentos\DECAFIA_v2\01_dataset\decafia_clean\images\test\SANAS_NUEVAS_308.jpg,test,SANAS_NUEVAS_308
2183,C:\Users\luise\OneDrive\Documentos\DECAFIA_v2\01_dataset\decafia_clean\images\test\SANAS_NUEVAS_317.jpg,test,SANAS_NUEVAS_317
2184,C:\Users\luise\OneDrive\Documentos\DECAFIA_v2\01_dataset\decafia_clean\images\test\SANAS_NUEVAS_331.jpg,test,SANAS_NUEVAS_331
2185,C:\Users\luise\OneDrive\Documentos\DECAFIA_v2\01_dataset\decafia_clean\images\test\SANAS_NUEVAS_333.jpg,test,SANAS_NUEVAS_333
2186,C:\Users\luise\OneDrive\Documentos\DECAFIA_v2\01_dataset\decafia_clean\images\test\SANAS_NUEVAS_334.jpg,test,SANAS_NUEVAS_334
2187,C:\Users\luise\OneDrive\Documentos\DECAFIA_v2\01_dataset\decafia_clean\images\test\SANAS_NUEVAS_344.jpg,test,SANAS_NUEVAS_344
2188,C:\Users\luise\OneDrive\Documentos\DECAFIA_v2\01_dataset\decafia_clean\images\test\SANAS_NUEVAS_349.jpg,test,SANAS_NUEVAS_349
2189,C:\Users\luise\OneDrive\Documentos\DECAFIA_v2\01_dataset\decafia_clean\images\test\SANAS_NUEVAS_350.jpg,test,SANAS_NUEVAS_350
2190,C:\Users\luise\OneDrive\Documentos\DECAFIA_v2\01_dataset\decafia_clean\images\test\SANAS_NUEVAS_352.jpg,test,SANAS_NUEVAS_352
2191,C:\Users\luise\OneDrive\Documentos\DECAFIA_v2\01_dataset\decafia_clean\images\test\SANAS_NUEVAS_355.jpg,test,SANAS_NUEVAS_355
2192,C:\Users\luise\OneDrive\Documentos\DECAFIA_v2\01_dataset\decafia_clean\images\test\SANAS_NUEVAS_362.jpg,test,SANAS_NUEVAS_362
2193,C:\Users\luise\OneDrive\Documentos\DECAFIA_v2\01_dataset\decafia_clean\images\test\SANAS_NUEVAS_363.jpg,test,SANAS_NUEVAS_363
2194,C:\Users\luise\OneDrive\Documentos\DECAFIA_v2\01_dataset\decafia_clean\images\test\SANAS_NUEVAS_373.jpg,test,SANAS_NUEVAS_373
2195,C:\Users\luise\OneDrive\Documentos\DECAFIA_v2\01_dataset\decafia_clean\images\test\SANAS_NUEVAS_374.jpg,test,SANAS_NUEVAS_374
2196,C:\Users\luise\OneDrive\Documentos\DECAFIA_v2\01_dataset\decafia_clean\images\test\SANAS_NUEVAS_38.jpg,test,SANAS_NUEVAS_38
2197,C:\Users\luise\OneDrive\Documentos\DECAFIA_v2\01_dataset\decafia_clean\images\test\SANAS_NUEVAS_385.jpg,test,SANAS_NUEVAS_385
2198,C:\Users\luise\OneDrive\Documentos\DECAFIA_v2\01_dataset\decafia_clean\images\test\SANAS_NUEVAS_390.jpg,test,SANAS_NUEVAS_390
2199,C:\Users\luise\OneDrive\Documentos\DECAFIA_v2\01_dataset\decafia_clean\images\test\SANAS_NUEVAS_404.jpg,test,SANAS_NUEVAS_404
2200,C:\Users\luise\OneDrive\Documentos\DECAFIA_v2\01_dataset\decafia_clean\images\test\SANAS_NUEVAS_419.jpg,test,SANAS_NUEVAS_419
2201,C:\Users\luise\OneDrive\Documentos\DECAFIA_v2\01_dataset\decafia_clean\images\test\SANAS_NUEVAS_422.jpg,test,SANAS_NUEVAS_422
2202,C:\Users\luise\OneDrive\Documentos\DECAFIA_v2\01_dataset\decafia_clean\images\test\SANAS_NUEVAS_428.jpg,test,SANAS_NUEVAS_428
2203,C:\Users\luise\OneDrive\Documentos\DECAFIA_v2\01_dataset\decafia_clean\images\test\SANAS_NUEVAS_434.jpg,test,SANAS_NUEVAS_434
2204,C:\Users\luise\OneDrive\Documentos\DECAFIA_v2\01_dataset\decafia_clean\images\test\SANAS_NUEVAS_437.jpg,test,SANAS_NUEVAS_437
2205,C:\Users\luise\OneDrive\Documentos\DECAFIA_v2\01_dataset\decafia_clean\images\test\SANAS_NUEVAS_451.jpg,test,SANAS_NUEVAS_451
2206,C:\Users\luise\OneDrive\Documentos\DECAFIA_v2\01_dataset\decafia_clean\images\test\SANAS_NUEVAS_456.jpg,test,SANAS_NUEVAS_456
2207,C:\Users\luise\OneDrive\Documentos\DECAFIA_v2\01_dataset\decafia_clean\images\test\SANAS_NUEVAS_465.jpg,test,SANAS_NUEVAS_465
2208,C:\Users\luise\OneDrive\Documentos\DECAFIA_v2\01_dataset\decafia_clean\images\test\SANAS_NUEVAS_472.jpg,test,SANAS_NUEVAS_472
2209,C:\Users\luise\OneDrive\Documentos\DECAFIA_v2\01_dataset\decafia_clean\images\test\SANAS_NUEVAS_480.jpg,test,SANAS_NUEVAS_480
2210,C:\Users\luise\OneDrive\Documentos\DECAFIA_v2\01_dataset\decafia_clean\images\test\SANAS_NUEVAS_482.jpg,test,SANAS_NUEVAS_482
2211,C:\Users\luise\OneDrive\Documentos\DECAFIA_v2\01_dataset\decafia_clean\images\test\SANAS_NUEVAS_484.jpg,test,SANAS_NUEVAS_484
2212,C:\Users\luise\OneDrive\Documentos\DECAFIA_v2\01_dataset\decafia_clean\images\test\SANAS_NUEVAS_486.jpg,test,SANAS_NUEVAS_486
2213,C:\Users\luise\OneDrive\Documentos\DECAFIA_v2\01_dataset\decafia_clean\images\test\SANAS_NUEVAS_489.jpg,test,SANAS_NUEVAS_489
2214,C:\Users\luise\OneDrive\Documentos\DECAFIA_v2\01_dataset\decafia_clean\images\test\SANAS_NUEVAS_49.jpg,test,SANAS_NUEVAS_49
2215,C:\Users\luise\OneDrive\Documentos\DECAFIA_v2\01_dataset\decafia_clean\images\test\SANAS_NUEVAS_510.jpg,test,SANAS_NUEVAS_510
2216,C:\Users\luise\OneDrive\Documentos\DECAFIA_v2\01_dataset\decafia_clean\images\test\SANAS_NUEVAS_515.jpg,test,SANAS_NUEVAS_515
2217,C:\Users\luise\OneDrive\Documentos\DECAFIA_v2\01_dataset\decafia_clean\images\test\SANAS_NUEVAS_527.jpg,test,SANAS_NUEVAS_527
2218,C:\Users\luise\OneDrive\Documentos\DECAFIA_v2\01_dataset\decafia_clean\images\test\SANAS_NUEVAS_534.jpg,test,SANAS_NUEVAS_534
2219,C:\Users\luise\OneDrive\Documentos\DECAFIA_v2\01_dataset\decafia_clean\images\test\SANAS_NUEVAS_535.jpg,test,SANAS_NUEVAS_535
2220,C:\Users\luise\OneDrive\Documentos\DECAFIA_v2\01_dataset\decafia_clean\images\test\SANAS_NUEVAS_54.jpg,test,SANAS_NUEVAS_54
2221,C:\Users\luise\OneDrive\Documentos\DECAFIA_v2\01_dataset\decafia_clean\images\test\SANAS_NUEVAS_546.jpg,test,SANAS_NUEVAS_546
2222,C:\Users\luise\OneDrive\Documentos\DECAFIA_v2\01_dataset\decafia_clean\images\test\SANAS_NUEVAS_547.jpg,test,SANAS_NUEVAS_547
2223,C:\Users\luise\OneDrive\Documentos\DECAFIA_v2\01_dataset\decafia_clean\images\test\SANAS_NUEVAS_548.jpg,test,SANAS_NUEVAS_548
2224,C:\Users\luise\OneDrive\Documentos\DECAFIA_v2\01_dataset\decafia_clean\images\test\SANAS_NUEVAS_550.jpg,test,SANAS_NUEVAS_550
2225,C:\Users\luise\OneDrive\Documentos\DECAFIA_v2\01_dataset\decafia_clean\images\test\SANAS_NUEVAS_552.jpg,test,SANAS_NUEVAS_552
2226,C:\Users\luise\OneDrive\Documentos\DECAFIA_v2\01_dataset\decafia_clean\images\test\SANAS_NUEVAS_554.jpg,test,SANAS_NUEVAS_554
2227,C:\Users\luise\OneDrive\Documentos\DECAFIA_v2\01_dataset\decafia_clean\images\test\SANAS_NUEVAS_555.jpg,test,SANAS_NUEVAS_555
2228,C:\Users\luise\OneDrive\Documentos\DECAFIA_v2\01_dataset\decafia_clean\images\test\SANAS_NUEVAS_558.jpg,test,SANAS_NUEVAS_558
2229,C:\Users\luise\OneDrive\Documentos\DECAFIA_v2\01_dataset\decafia_clean\images\test\SANAS_NUEVAS_569.jpg,test,SANAS_NUEVAS_569
2230,C:\Users\luise\OneDrive\Documentos\DECAFIA_v2\01_dataset\decafia_clean\images\test\SANAS_NUEVAS_581.jpg,test,SANAS_NUEVAS_581
2231,C:\Users\luise\OneDrive\Documentos\DECAFIA_v2\01_dataset\decafia_clean\images\test\SANAS_NUEVAS_582.jpg,test,SANAS_NUEVAS_582
2232,C:\Users\luise\OneDrive\Documentos\DECAFIA_v2\01_dataset\decafia_clean\images\test\SANAS_NUEVAS_591.jpg,test,SANAS_NUEVAS_591
2233,C:\Users\luise\OneDrive\Documentos\DECAFIA_v2\01_dataset\decafia_clean\images\test\SANAS_NUEVAS_592.jpg,test,SANAS_NUEVAS_592
2234,C:\Users\luise\OneDrive\Documentos\DECAFIA_v2\01_dataset\decafia_clean\images\test\SANAS_NUEVAS_593.jpg,test,SANAS_NUEVAS_593
2235,C:\Users\luise\OneDrive\Documentos\DECAFIA_v2\01_dataset\decafia_clean\images\test\SANAS_NUEVAS_605.jpg,test,SANAS_NUEVAS_605
2236,C:\Users\luise\OneDrive\Documentos\DECAFIA_v2\01_dataset\decafia_clean\images\test\SANAS_NUEVAS_616.jpg,test,SANAS_NUEVAS_616
2237,C:\Users\luise\OneDrive\Documentos\DECAFIA_v2\01_dataset\decafia_clean\images\test\SANAS_NUEVAS_65.jpg,test,SANAS_NUEVAS_65
2238,C:\Users\luise\OneDrive\Documentos\DECAFIA_v2\01_dataset\decafia_clean\images\test\SANAS_NUEVAS_72.jpg,test,SANAS_NUEVAS_72
2239,C:\Users\luise\OneDrive\Documentos\DECAFIA_v2\01_dataset\decafia_clean\images\test\SANAS_NUEVAS_73.jpg,test,SANAS_NUEVAS_73
2240,C:\Users\luise\OneDrive\Documentos\DECAFIA_v2\01_dataset\decafia_clean\images\test\SANAS_NUEVAS_76.jpg,test,SANAS_NUEVAS_76
2241,C:\Users\luise\OneDrive\Documentos\DECAFIA_v2\01_dataset\decafia_clean\images\test\SANAS_NUEVAS_77.jpg,test,SANAS_NUEVAS_77
2242,C:\Users\luise\OneDrive\Documentos\DECAFIA_v2\01_dataset\decafia_clean\images\test\SANAS_NUEVAS_84.jpg,test,SANAS_NUEVAS_84
2243,C:\Users\luise\OneDrive\Documentos\DECAFIA_v2\01_dataset\decafia_clean\images\test\SANAS_NUEVAS_86.jpg,test,SANAS_NUEVAS_86
2244,C:\Users\luise\OneDrive\Documentos\DECAFIA_v2\01_dataset\decafia_clean\images\test\SANAS_NUEVAS_87.jpg,test,SANAS_NUEVAS_87
2245,C:\Users\luise\OneDrive\Documentos\DECAFIA_v2\01_dataset\decafia_clean\images\test\SANAS_NUEVAS_94.jpg,test,SANAS_NUEVAS_94
2246,C:\Users\luise\OneDrive\Documentos\DECAFIA_v2\01_dataset\decafia_clean\images\test\SANAS_NUEVAS_97.jpg,test,SANAS_NUEVAS_97
2247,C:\Users\luise\OneDrive\Documentos\DECAFIA_v2\01_dataset\decafia_clean\images\test\SANAS_SOCORRO_102.jpg,test,SANAS_SOCORRO_102
2248,C:\Users\luise\OneDrive\Documentos\DECAFIA_v2\01_dataset\decafia_clean\images\test\SANAS_SOCORRO_109.jpg,test,SANAS_SOCORRO_109
2249,C:\Users\luise\OneDrive\Documentos\DECAFIA_v2\01_dataset\decafia_clean\images\test\SANAS_SOCORRO_111.jpg,test,SANAS_SOCORRO_111
2250,C:\Users\luise\OneDrive\Documentos\DECAFIA_v2\01_dataset\decafia_clean\images\test\SANAS_SOCORRO_122.jpg,test,SANAS_SOCORRO_122
2251,C:\Users\luise\OneDrive\Documentos\DECAFIA_v2\01_dataset\decafia_clean\images\test\SANAS_SOCORRO_124.jpg,test,SANAS_SOCORRO_124
2252,C:\Users\luise\OneDrive\Documentos\DECAFIA_v2\01_dataset\decafia_clean\images\test\SANAS_SOCORRO_13.jpg,test,SANAS_SOCORRO_13
2253,C:\Users\luise\OneDrive\Documentos\DECAFIA_v2\01_dataset\decafia_clean\images\test\SANAS_SOCORRO_130.jpg,test,SANAS_SOCORRO_130
2254,C:\Users\luise\OneDrive\Documentos\DECAFIA_v2\01_dataset\decafia_clean\images\test\SANAS_SOCORRO_138.jpg,test,SANAS_SOCORRO_138
2255,C:\Users\luise\OneDrive\Documentos\DECAFIA_v2\01_dataset\decafia_clean\images\test\SANAS_SOCORRO_139.jpg,test,SANAS_SOCORRO_139
2256,C:\Users\luise\OneDrive\Documentos\DECAFIA_v2\01_dataset\decafia_clean\images\test\SANAS_SOCORRO_141.jpg,test,SANAS_SOCORRO_141
2257,C:\Users\luise\OneDrive\Documentos\DECAFIA_v2\01_dataset\decafia_clean\images\test\SANAS_SOCORRO_142.jpg,test,SANAS_SOCORRO_142
2258,C:\Users\luise\OneDrive\Documentos\DECAFIA_v2\01_dataset\decafia_clean\images\test\SANAS_SOCORRO_156.jpg,test,SANAS_SOCORRO_156
2259,C:\Users\luise\OneDrive\Documentos\DECAFIA_v2\01_dataset\decafia_clean\images\test\SANAS_SOCORRO_163.jpg,test,SANAS_SOCORRO_163
2260,C:\Users\luise\OneDrive\Documentos\DECAFIA_v2\01_dataset\decafia_clean\images\test\SANAS_SOCORRO_164.jpg,test,SANAS_SOCORRO_164
2261,C:\Users\luise\OneDrive\Documentos\DECAFIA_v2\01_dataset\decafia_clean\images\test\SANAS_SOCORRO_169.jpg,test,SANAS_SOCORRO_169
2262,C:\Users\luise\OneDrive\Documentos\DECAFIA_v2\01_dataset\decafia_clean\images\test\SANAS_SOCORRO_174.jpg,test,SANAS_SOCORRO_174
2263,C:\Users\luise\OneDrive\Documentos\DECAFIA_v2\01_dataset\decafia_clean\images\test\SANAS_SOCORRO_178.jpg,test,SANAS_SOCORRO_178
2264,C:\Users\luise\OneDrive\Documentos\DECAFIA_v2\01_dataset\decafia_clean\images\test\SANAS_SOCORRO_181.jpg,test,SANAS_SOCORRO_181
2265,C:\Users\luise\OneDrive\Documentos\DECAFIA_v2\01_dataset\decafia_clean\images\test\SANAS_SOCORRO_182.jpg,test,SANAS_SOCORRO_182
2266,C:\Users\luise\OneDrive\Documentos\DECAFIA_v2\01_dataset\decafia_clean\images\test\SANAS_SOCORRO_210.jpg,test,SANAS_SOCORRO_210
2267,C:\Users\luise\OneDrive\Documentos\DECAFIA_v2\01_dataset\decafia_clean\images\test\SANAS_SOCORRO_214.jpg,test,SANAS_SOCORRO_214
2268,C:\Users\luise\OneDrive\Documentos\DECAFIA_v2\01_dataset\decafia_clean\images\test\SANAS_SOCORRO_218.jpg,test,SANAS_SOCORRO_218
2269,C:\Users\luise\OneDrive\Documentos\DECAFIA_v2\01_dataset\decafia_clean\images\test\SANAS_SOCORRO_222.jpg,test,SANAS_SOCORRO_222
2270,C:\Users\luise\OneDrive\Documentos\DECAFIA_v2\01_dataset\decafia_clean\images\test\SANAS_SOCORRO_234.jpg,test,SANAS_SOCORRO_234
2271,C:\Users\luise\OneDrive\Documentos\DECAFIA_v2\01_dataset\decafia_clean\images\test\SANAS_SOCORRO_240.jpg,test,SANAS_SOCORRO_240
2272,C:\Users\luise\OneDrive\Documentos\DECAFIA_v2\01_dataset\decafia_clean\images\test\SANAS_SOCORRO_241.jpg,test,SANAS_SOCORRO_241
2273,C:\Users\luise\OneDrive\Documentos\DECAFIA_v2\01_dataset\decafia_clean\images\test\SANAS_SOCORRO_243.jpg,test,SANAS_SOCORRO_243
2274,C:\Users\luise\OneDrive\Documentos\DECAFIA_v2\01_dataset\decafia_clean\images\test\SANAS_SOCORRO_244.jpg,test,SANAS_SOCORRO_244
2275,C:\Users\luise\OneDrive\Documentos\DECAFIA_v2\01_dataset\decafia_clean\images\test\SANAS_SOCORRO_247.jpg,test,SANAS_SOCORRO_247
2276,C:\Users\luise\OneDrive\Documentos\DECAFIA_v2\01_dataset\decafia_clean\images\test\SANAS_SOCORRO_26.jpg,test,SANAS_SOCORRO_26
2277,C:\Users\luise\OneDrive\Documentos\DECAFIA_v2\01_dataset\decafia_clean\images\test\SANAS_SOCORRO_283.jpg,test,SANAS_SOCORRO_283
2278,C:\Users\luise\OneDrive\Documentos\DECAFIA_v2\01_dataset\decafia_clean\images\test\SANAS_SOCORRO_295.jpg,test,SANAS_SOCORRO_295
2279,C:\Users\luise\OneDrive\Documentos\DECAFIA_v2\01_dataset\decafia_clean\images\test\SANAS_SOCORRO_30.jpg,test,SANAS_SOCORRO_30
2280,C:\Users\luise\OneDrive\Documentos\DECAFIA_v2\01_dataset\decafia_clean\images\test\SANAS_SOCORRO_315.jpg,test,SANAS_SOCORRO_315
2281,C:\Users\luise\OneDrive\Documentos\DECAFIA_v2\01_dataset\decafia_clean\images\test\SANAS_SOCORRO_324.jpg,test,SANAS_SOCORRO_324
2282,C:\Users\luise\OneDrive\Documentos\DECAFIA_v2\01_dataset\decafia_clean\images\test\SANAS_SOCORRO_337.jpg,test,SANAS_SOCORRO_337
2283,C:\Users\luise\OneDrive\Documentos\DECAFIA_v2\01_dataset\decafia_clean\images\test\SANAS_SOCORRO_354.jpg,test,SANAS_SOCORRO_354
2284,C:\Users\luise\OneDrive\Documentos\DECAFIA_v2\01_dataset\decafia_clean\images\test\SANAS_SOCORRO_355.jpg,test,SANAS_SOCORRO_355
2285,C:\Users\luise\OneDrive\Documentos\DECAFIA_v2\01_dataset\decafia_clean\images\test\SANAS_SOCORRO_36.jpg,test,SANAS_SOCORRO_36
2286,C:\Users\luise\OneDrive\Documentos\DECAFIA_v2\01_dataset\decafia_clean\images\test\SANAS_SOCORRO_366.jpg,test,SANAS_SOCORRO_366
2287,C:\Users\luise\OneDrive\Documentos\DECAFIA_v2\01_dataset\decafia_clean\images\test\SANAS_SOCORRO_374.jpg,test,SANAS_SOCORRO_374
2288,C:\Users\luise\OneDrive\Documentos\DECAFIA_v2\01_dataset\decafia_clean\images\test\SANAS_SOCORRO_375.jpg,test,SANAS_SOCORRO_375
2289,C:\Users\luise\OneDrive\Documentos\DECAFIA_v2\01_dataset\decafia_clean\images\test\SANAS_SOCORRO_383.jpg,test,SANAS_SOCORRO_383
2290,C:\Users\luise\OneDrive\Documentos\DECAFIA_v2\01_dataset\decafia_clean\images\test\SANAS_SOCORRO_389.jpg,test,SANAS_SOCORRO_389
2291,C:\Users\luise\OneDrive\Documentos\DECAFIA_v2\01_dataset\decafia_clean\images\test\SANAS_SOCORRO_403.jpg,test,SANAS_SOCORRO_403
2292,C:\Users\luise\OneDrive\Documentos\DECAFIA_v2\01_dataset\decafia_clean\images\test\SANAS_SOCORRO_404.jpg,test,SANAS_SOCORRO_404
2293,C:\Users\luise\OneDrive\Documentos\DECAFIA_v2\01_dataset\decafia_clean\images\test\SANAS_SOCORRO_414.jpg,test,SANAS_SOCORRO_414
2294,C:\Users\luise\OneDrive\Documentos\DECAFIA_v2\01_dataset\decafia_clean\images\test\SANAS_SOCORRO_415.jpg,test,SANAS_SOCORRO_415
2295,C:\Users\luise\OneDrive\Documentos\DECAFIA_v2\01_dataset\decafia_clean\images\test\SANAS_SOCORRO_422.jpg,test,SANAS_SOCORRO_422
2296,C:\Users\luise\OneDrive\Documentos\DECAFIA_v2\01_dataset\decafia_clean\images\test\SANAS_SOCORRO_423.jpg,test,SANAS_SOCORRO_423
2297,C:\Users\luise\OneDrive\Documentos\DECAFIA_v2\01_dataset\decafia_clean\images\test\SANAS_SOCORRO_425.jpg,test,SANAS_SOCORRO_425
2298,C:\Users\luise\OneDrive\Documentos\DECAFIA_v2\01_dataset\decafia_clean\images\test\SANAS_SOCORRO_429.jpg,test,SANAS_SOCORRO_429
2299,C:\Users\luise\OneDrive\Documentos\DECAFIA_v2\01_dataset\decafia_clean\images\test\SANAS_SOCORRO_43.jpg,test,SANAS_SOCORRO_43
2300,C:\Users\luise\OneDrive\Documentos\DECAFIA_v2\01_dataset\decafia_clean\images\test\SANAS_SOCORRO_430.jpg,test,SANAS_SOCORRO_430
2301,C:\Users\luise\OneDrive\Documentos\DECAFIA_v2\01_dataset\decafia_clean\images\test\SANAS_SOCORRO_437.jpg,test,SANAS_SOCORRO_437
2302,C:\Users\luise\OneDrive\Documentos\DECAFIA_v2\01_dataset\decafia_clean\images\test\SANAS_SOCORRO_438.jpg,test,SANAS_SOCORRO_438
2303,C:\Users\luise\OneDrive\Documentos\DECAFIA_v2\01_dataset\decafia_clean\images\test\SANAS_SOCORRO_443.jpg,test,SANAS_SOCORRO_443
2304,C:\Users\luise\OneDrive\Documentos\DECAFIA_v2\01_dataset\decafia_clean\images\test\SANAS_SOCORRO_450.jpg,test,SANAS_SOCORRO_450
2305,C:\Users\luise\OneDrive\Documentos\DECAFIA_v2\01_dataset\decafia_clean\images\test\SANAS_SOCORRO_469.jpg,test,SANAS_SOCORRO_469
2306,C:\Users\luise\OneDrive\Documentos\DECAFIA_v2\01_dataset\decafia_clean\images\test\SANAS_SOCORRO_47.jpg,test,SANAS_SOCORRO_47
2307,C:\Users\luise\OneDrive\Documentos\DECAFIA_v2\01_dataset\decafia_clean\images\test\SANAS_SOCORRO_477.jpg,test,SANAS_SOCORRO_477
2308,C:\Users\luise\OneDrive\Documentos\DECAFIA_v2\01_dataset\decafia_clean\images\test\SANAS_SOCORRO_483.jpg,test,SANAS_SOCORRO_483
2309,C:\Users\luise\OneDrive\Documentos\DECAFIA_v2\01_dataset\decafia_clean\images\test\SANAS_SOCORRO_496.jpg,test,SANAS_SOCORRO_496
2310,C:\Users\luise\OneDrive\Documentos\DECAFIA_v2\01_dataset\decafia_clean\images\test\SANAS_SOCORRO_502.jpg,test,SANAS_SOCORRO_502
2311,C:\Users\luise\OneDrive\Documentos\DECAFIA_v2\01_dataset\decafia_clean\images\test\SANAS_SOCORRO_506.jpg,test,SANAS_SOCORRO_506
2312,C:\Users\luise\OneDrive\Documentos\DECAFIA_v2\01_dataset\decafia_clean\images\test\SANAS_SOCORRO_74.jpg,test,SANAS_SOCORRO_74
2313,C:\Users\luise\OneDrive\Documentos\DECAFIA_v2\01_dataset\decafia_clean\images\test\SANAS_SOCORRO_8.jpg,test,SANAS_SOCORRO_8
2314,C:\Users\luise\OneDrive\Documentos\DECAFIA_v2\01_dataset\decafia_clean\images\test\SANAS_SOCORRO_93.jpg,test,SANAS_SOCORRO_93
