filepath,split,stem,datetime_original,datetime_fallback,timestamp_used,timestamp_source,timestamp_raw,camera_make,camera_model,has_gps
C:\Users\luise\OneDrive\Documentos\DECAFIA_v2\01_dataset\decafia_clean\images\train\COCO_M_A_1.jpg,train,COCO_M_A_1,,,,no_timestamp,,,,False
C:\Users\luise\OneDrive\Documentos\DECAFIA_v2\01_dataset\decafia_clean\images\train\COCO_M_A_101.jpg,train,COCO_M_A_101,,,,no_timestamp,,,,False
C:\Users\luise\OneDrive\Documentos\DECAFIA_v2\01_dataset\decafia_clean\images\train\COCO_M_A_104.jpg,train,COCO_M_A_104,,,,no_timestamp,,,,False
C:\Users\luise\OneDrive\Documentos\DECAFIA_v2\01_dataset\decafia_clean\images\train\COCO_M_A_11.jpg,train,COCO_M_A_11,,,,no_timestamp,,,,False
C:\Users\luise\OneDrive\Documentos\DECAFIA_v2\01_dataset\decafia_clean\images\train\COCO_M_A_12.jpg,train,COCO_M_A_12,,,,no_timestamp,,,,False
C:\Users\luise\OneDrive\Documentos\DECAFIA_v2\01_dataset\decafia_clean\images\train\COCO_M_A_14.jpg,train,COCO_M_A_14,,,,no_timestamp,,,,False
C:\Users\luise\OneDrive\Documentos\DECAFIA_v2\01_dataset\decafia_clean\images\train\COCO_M_A_15.jpg,train,COCO_M_A_15,,,,no_timestamp,,,,False
C:\Users\luise\OneDrive\Documentos\DECAFIA_v2\01_dataset\decafia_clean\images\train\COCO_M_A_17.jpg,train,COCO_M_A_17,,,,no_timestamp,,,,False
C:\Users\luise\OneDrive\Documentos\DECAFIA_v2\01_dataset\decafia_clean\images\train\COCO_M_A_18.jpg,train,COCO_M_A_18,,,,no_timestamp,,,,False
C:\Users\luise\OneDrive\Documentos\DECAFIA_v2\01_dataset\decafia_clean\images\train\COCO_M_A_19.jpg,train,COCO_M_A_19,,,,no_timestamp,,,,False
C:\Users\luise\OneDrive\Documentos\DECAFIA_v2\01_dataset\decafia_clean\images\train\COCO_M_A_20.jpg,train,COCO_M_A_20,,,,no_timestamp,,,,False
C:\Users\luise\OneDrive\Documentos\DECAFIA_v2\01_dataset\decafia_clean\images\train\COCO_M_A_21.jpg,train,COCO_M_A_21,,,,no_timestamp,,,,False
C:\Users\luise\OneDrive\Documentos\DECAFIA_v2\01_dataset\decafia_clean\images\train\COCO_M_A_23.jpg,train,COCO_M_A_23,,,,no_timestamp,,,,False
C:\Users\luise\OneDrive\Documentos\DECAFIA_v2\01_dataset\decafia_clean\images\train\COCO_M_A_24.jpg,train,COCO_M_A_24,,,,no_timestamp,,,,False
C:\Users\luise\OneDrive\Documentos\DECAFIA_v2\01_dataset\decafia_clean\images\train\COCO_M_A_26.jpg,train,COCO_M_A_26,,,,no_timestamp,,,,False
C:\Users\luise\OneDrive\Documentos\DECAFIA_v2\01_dataset\decafia_clean\images\train\COCO_M_A_28.jpg,train,COCO_M_A_28,,,,no_timestamp,,,,False
C:\Users\luise\OneDrive\Documentos\DECAFIA_v2\01_dataset\decafia_clean\images\train\COCO_M_A_29.jpg,train,COCO_M_A_29,,,,no_timestamp,,,,False
C:\Users\luise\OneDrive\Documentos\DECAFIA_v2\01_dataset\decafia_clean\images\train\COCO_M_A_31.jpg,train,COCO_M_A_31,,,,no_timestamp,,,,False
C:\Users\luise\OneDrive\Documentos\DECAFIA_v2\01_dataset\decafia_clean\images\train\COCO_M_A_32.jpg,train,COCO_M_A_32,,,,no_timestamp,,,,False
C:\Users\luise\OneDrive\Documentos\DECAFIA_v2\01_dataset\decafia_clean\images\train\COCO_M_A_33.jpg,train,COCO_M_A_33,,,,no_timestamp,,,,False
C:\Users\luise\OneDrive\Documentos\DECAFIA_v2\01_dataset\decafia_clean\images\train\COCO_M_A_38.jpg,train,COCO_M_A_38,,,,no_timestamp,,,,False
C:\Users\luise\OneDrive\Documentos\DECAFIA_v2\01_dataset\decafia_clean\images\train\COCO_M_A_4.jpg,train,COCO_M_A_4,,,,no_timestamp,,,,False
C:\Users\luise\OneDrive\Documentos\DECAFIA_v2\01_dataset\decafia_clean\images\train\COCO_M_A_40.jpg,train,COCO_M_A_40,,,,no_timestamp,,,,False
C:\Users\luise\OneDrive\Documentos\DECAFIA_v2\01_dataset\decafia_clean\images\train\COCO_M_A_41.jpg,train,COCO_M_A_41,,,,no_timestamp,,,,False
C:\Users\luise\OneDrive\Documentos\DECAFIA_v2\01_dataset\decafia_clean\images\train\COCO_M_A_42.jpg,train,COCO_M_A_42,,,,no_timestamp,,,,False
C:\Users\luise\OneDrive\Documentos\DECAFIA_v2\01_dataset\decafia_clean\images\train\COCO_M_A_43.jpg,train,COCO_M_A_43,,,,no_timestamp,,,,False
C:\Users\luise\OneDrive\Documentos\DECAFIA_v2\01_dataset\decafia_clean\images\train\COCO_M_A_44.jpg,train,COCO_M_A_44,,,,no_timestamp,,,,False
C:\Users\luise\OneDrive\Documentos\DECAFIA_v2\01_dataset\decafia_clean\images\train\COCO_M_A_45.jpg,train,COCO_M_A_45,,,,no_timestamp,,,,False
C:\Users\luise\OneDrive\Documentos\DECAFIA_v2\01_dataset\decafia_clean\images\train\COCO_M_A_46.jpg,train,COCO_M_A_46,,,,no_timestamp,,,,False
C:\Users\luise\OneDrive\Documentos\DECAFIA_v2\01_dataset\decafia_clean\images\train\COCO_M_A_47.jpg,train,COCO_M_A_47,,,,no_timestamp,,,,False
C:\Users\luise\OneDrive\Documentos\DECAFIA_v2\01_dataset\decafia_clean\images\train\COCO_M_A_48.jpg,train,COCO_M_A_48,,,,no_timestamp,,,,False
C:\Users\luise\OneDrive\Documentos\DECAFIA_v2\01_dataset\decafia_clean\images\train\COCO_M_A_49.jpg,train,COCO_M_A_49,,,,no_timestamp,,,,False
C:\Users\luise\OneDrive\Documentos\DECAFIA_v2\01_dataset\decafia_clean\images\train\COCO_M_A_50.jpg,train,COCO_M_A_50,,,,no_timestamp,,,,False
C:\Users\luise\OneDrive\Documentos\DECAFIA_v2\01_dataset\decafia_clean\images\train\COCO_M_A_51.jpg,train,COCO_M_A_51,,,,no_timestamp,,,,False
C:\Users\luise\OneDrive\Documentos\DECAFIA_v2\01_dataset\decafia_clean\images\train\COCO_M_A_53.jpg,train,COCO_M_A_53,,,,no_timestamp,,,,False
C:\Users\luise\OneDrive\Documentos\DECAFIA_v2\01_dataset\decafia_clean\images\train\COCO_M_A_54.jpg,train,COCO_M_A_54,,,,no_timestamp,,,,False
C:\Users\luise\OneDrive\Documentos\DECAFIA_v2\01_dataset\decafia_clean\images\train\COCO_M_A_55.jpg,train,COCO_M_A_55,,,,no_timestamp,,,,False
C:\Users\luise\OneDrive\Documentos\DECAFIA_v2\01_dataset\decafia_clean\images\train\COCO_M_A_59.jpg,train,COCO_M_A_59,,,,no_timestamp,,,,False
C:\Users\luise\OneDrive\Documentos\DECAFIA_v2\01_dataset\decafia_clean\images\train\COCO_M_A_6.jpg,train,COCO_M_A_6,,,,no_timestamp,,,,False
C:\Users\luise\OneDrive\Documentos\DECAFIA_v2\01_dataset\decafia_clean\images\train\COCO_M_A_61.jpg,train,COCO_M_A_61,,,,no_timestamp,,,,False
C:\Users\luise\OneDrive\Documentos\DECAFIA_v2\01_dataset\decafia_clean\images\train\COCO_M_A_62.jpg,train,COCO_M_A_62,,,,no_timestamp,,,,False
C:\Users\luise\OneDrive\Documentos\DECAFIA_v2\01_dataset\decafia_clean\images\train\COCO_M_A_63.jpg,train,COCO_M_A_63,,,,no_timestamp,,,,False
C:\Users\luise\OneDrive\Documentos\DECAFIA_v2\01_dataset\decafia_clean\images\train\COCO_M_A_67.jpg,train,COCO_M_A_67,,,,no_timestamp,,,,False
C:\Users\luise\OneDrive\Documentos\DECAFIA_v2\01_dataset\decafia_clean\images\train\COCO_M_A_68.jpg,train,COCO_M_A_68,,,,no_timestamp,,,,False
C:\Users\luise\OneDrive\Documentos\DECAFIA_v2\01_dataset\decafia_clean\images\train\COCO_M_A_69.jpg,train,COCO_M_A_69,,,,no_timestamp,,,,False
C:\Users\luise\OneDrive\Documentos\DECAFIA_v2\01_dataset\decafia_clean\images\train\COCO_M_A_70.jpg,train,COCO_M_A_70,,,,no_timestamp,,,,False
C:\Users\luise\OneDrive\Documentos\DECAFIA_v2\01_dataset\decafia_clean\images\train\COCO_M_A_71.jpg,train,COCO_M_A_71,,,,no_timestamp,,,,False
C:\Users\luise\OneDrive\Documentos\DECAFIA_v2\01_dataset\decafia_clean\images\train\COCO_M_A_72.jpg,train,COCO_M_A_72,,,,no_timestamp,,,,False
C:\Users\luise\OneDrive\Documentos\DECAFIA_v2\01_dataset\decafia_clean\images\train\COCO_M_A_73.jpg,train,COCO_M_A_73,,,,no_timestamp,,,,False
C:\Users\luise\OneDrive\Documentos\DECAFIA_v2\01_dataset\decafia_clean\images\train\COCO_M_A_74.jpg,train,COCO_M_A_74,,,,no_timestamp,,,,False
C:\Users\luise\OneDrive\Documentos\DECAFIA_v2\01_dataset\decafia_clean\images\train\COCO_M_A_75.jpg,train,COCO_M_A_75,,,,no_timestamp,,,,False
C:\Users\luise\OneDrive\Documentos\DECAFIA_v2\01_dataset\decafia_clean\images\train\COCO_M_A_78.jpg,train,COCO_M_A_78,,,,no_timestamp,,,,False
C:\Users\luise\OneDrive\Documentos\DECAFIA_v2\01_dataset\decafia_clean\images\train\COCO_M_A_79.jpg,train,COCO_M_A_79,,,,no_timestamp,,,,False
C:\Users\luise\OneDrive\Documentos\DECAFIA_v2\01_dataset\decafia_clean\images\train\COCO_M_A_8.jpg,train,COCO_M_A_8,,,,no_timestamp,,,,False
C:\Users\luise\OneDrive\Documentos\DECAFIA_v2\01_dataset\decafia_clean\images\train\COCO_M_A_80.jpg,train,COCO_M_A_80,,,,no_timestamp,,,,False
C:\Users\luise\OneDrive\Documentos\DECAFIA_v2\01_dataset\decafia_clean\images\train\COCO_M_A_82.jpg,train,COCO_M_A_82,,,,no_timestamp,,,,False
C:\Users\luise\OneDrive\Documentos\DECAFIA_v2\01_dataset\decafia_clean\images\train\COCO_M_A_83.jpg,train,COCO_M_A_83,,,,no_timestamp,,,,False
C:\Users\luise\OneDrive\Documentos\DECAFIA_v2\01_dataset\decafia_clean\images\train\COCO_M_A_85.jpg,train,COCO_M_A_85,,,,no_timestamp,,,,False
C:\Users\luise\OneDrive\Documentos\DECAFIA_v2\01_dataset\decafia_clean\images\train\COCO_M_A_86.jpg,train,COCO_M_A_86,,,,no_timestamp,,,,False
C:\Users\luise\OneDrive\Documentos\DECAFIA_v2\01_dataset\decafia_clean\images\train\COCO_M_A_87.jpg,train,COCO_M_A_87,,,,no_timestamp,,,,False
C:\Users\luise\OneDrive\Documentos\DECAFIA_v2\01_dataset\decafia_clean\images\train\COCO_M_A_88.jpg,train,COCO_M_A_88,,,,no_timestamp,,,,False
C:\Users\luise\OneDrive\Documentos\DECAFIA_v2\01_dataset\decafia_clean\images\train\COCO_M_A_93.jpg,train,COCO_M_A_93,,,,no_timestamp,,,,False
C:\Users\luise\OneDrive\Documentos\DECAFIA_v2\01_dataset\decafia_clean\images\train\COCO_M_A_94.jpg,train,COCO_M_A_94,,,,no_timestamp,,,,False
C:\Users\luise\OneDrive\Documentos\DECAFIA_v2\01_dataset\decafia_clean\images\train\COCO_M_A_95.jpg,train,COCO_M_A_95,,,,no_timestamp,,,,False
C:\Users\luise\OneDrive\Documentos\DECAFIA_v2\01_dataset\decafia_clean\images\train\COCO_M_A_97.jpg,train,COCO_M_A_97,,,,no_timestamp,,,,False
C:\Users\luise\OneDrive\Documentos\DECAFIA_v2\01_dataset\decafia_clean\images\train\COCO_M_A_98.jpg,train,COCO_M_A_98,,,,no_timestamp,,,,False
C:\Users\luise\OneDrive\Documentos\DECAFIA_v2\01_dataset\decafia_clean\images\train\COCO_M_A_99.jpg,train,COCO_M_A_99,,,,no_timestamp,,,,False
C:\Users\luise\OneDrive\Documentos\DECAFIA_v2\01_dataset\decafia_clean\images\train\COCO_Muy_A_1.jpg,train,COCO_Muy_A_1,,,,no_timestamp,,,,False
C:\Users\luise\OneDrive\Documentos\DECAFIA_v2\01_dataset\decafia_clean\images\train\COCO_Muy_A_100.jpg,train,COCO_Muy_A_100,,,,no_timestamp,,,,False
C:\Users\luise\OneDrive\Documentos\DECAFIA_v2\01_dataset\decafia_clean\images\train\COCO_Muy_A_101.jpg,train,COCO_Muy_A_101,,,,no_timestamp,,,,False
C:\Users\luise\OneDrive\Documentos\DECAFIA_v2\01_dataset\decafia_clean\images\train\COCO_Muy_A_102.jpg,train,COCO_Muy_A_102,,,,no_timestamp,,,,False
C:\Users\luise\OneDrive\Documentos\DECAFIA_v2\01_dataset\decafia_clean\images\train\COCO_Muy_A_105.jpg,train,COCO_Muy_A_105,,,,no_timestamp,,,,False
C:\Users\luise\OneDrive\Documentos\DECAFIA_v2\01_dataset\decafia_clean\images\train\COCO_Muy_A_106.jpg,train,COCO_Muy_A_106,,,,no_timestamp,,,,False
C:\Users\luise\OneDrive\Documentos\DECAFIA_v2\01_dataset\decafia_clean\images\train\COCO_Muy_A_107.jpg,train,COCO_Muy_A_107,,,,no_timestamp,,,,False
C:\Users\luise\OneDrive\Documentos\DECAFIA_v2\01_dataset\decafia_clean\images\train\COCO_Muy_A_108.jpg,train,COCO_Muy_A_108,,,,no_timestamp,,,,False
C:\Users\luise\OneDrive\Documentos\DECAFIA_v2\01_dataset\decafia_clean\images\train\COCO_Muy_A_109.jpg,train,COCO_Muy_A_109,,,,no_timestamp,,,,False
C:\Users\luise\OneDrive\Documentos\DECAFIA_v2\01_dataset\decafia_clean\images\train\COCO_Muy_A_11.jpg,train,COCO_Muy_A_11,,,,no_timestamp,,,,False
C:\Users\luise\OneDrive\Documentos\DECAFIA_v2\01_dataset\decafia_clean\images\train\COCO_Muy_A_110.jpg,train,COCO_Muy_A_110,,,,no_timestamp,,,,False
C:\Users\luise\OneDrive\Documentos\DECAFIA_v2\01_dataset\decafia_clean\images\train\COCO_Muy_A_114.jpg,train,COCO_Muy_A_114,,,,no_timestamp,,,,False
C:\Users\luise\OneDrive\Documentos\DECAFIA_v2\01_dataset\decafia_clean\images\train\COCO_Muy_A_12.jpg,train,COCO_Muy_A_12,,,,no_timestamp,,,,False
C:\Users\luise\OneDrive\Documentos\DECAFIA_v2\01_dataset\decafia_clean\images\train\COCO_Muy_A_13.jpg,train,COCO_Muy_A_13,,,,no_timestamp,,,,False
C:\Users\luise\OneDrive\Documentos\DECAFIA_v2\01_dataset\decafia_clean\images\train\COCO_Muy_A_15.jpg,train,COCO_Muy_A_15,,,,no_timestamp,,,,False
C:\Users\luise\OneDrive\Documentos\DECAFIA_v2\01_dataset\decafia_clean\images\train\COCO_Muy_A_16.jpg,train,COCO_Muy_A_16,,,,no_timestamp,,,,False
C:\Users\luise\OneDrive\Documentos\DECAFIA_v2\01_dataset\decafia_clean\images\train\COCO_Muy_A_2.jpg,train,COCO_Muy_A_2,,,,no_timestamp,,,,False
C:\Users\luise\OneDrive\Documentos\DECAFIA_v2\01_dataset\decafia_clean\images\train\COCO_Muy_A_20.jpg,train,COCO_Muy_A_20,,,,no_timestamp,,,,False
C:\Users\luise\OneDrive\Documentos\DECAFIA_v2\01_dataset\decafia_clean\images\train\COCO_Muy_A_21.jpg,train,COCO_Muy_A_21,,,,no_timestamp,,,,False
C:\Users\luise\OneDrive\Documentos\DECAFIA_v2\01_dataset\decafia_clean\images\train\COCO_Muy_A_22.jpg,train,COCO_Muy_A_22,,,,no_timestamp,,,,False
C:\Users\luise\OneDrive\Documentos\DECAFIA_v2\01_dataset\decafia_clean\images\train\COCO_Muy_A_23.jpg,train,COCO_Muy_A_23,,,,no_timestamp,,,,False
C:\Users\luise\OneDrive\Documentos\DECAFIA_v2\01_dataset\decafia_clean\images\train\COCO_Muy_A_24.jpg,train,COCO_Muy_A_24,,,,no_timestamp,,,,False
C:\Users\luise\OneDrive\Documentos\DECAFIA_v2\01_dataset\decafia_clean\images\train\COCO_Muy_A_25.jpg,train,COCO_Muy_A_25,,,,no_timestamp,,,,False
C:\Users\luise\OneDrive\Documentos\DECAFIA_v2\01_dataset\decafia_clean\images\train\COCO_Muy_A_26.jpg,train,COCO_Muy_A_26,,,,no_timestamp,,,,False
C:\Users\luise\OneDrive\Documentos\DECAFIA_v2\01_dataset\decafia_clean\images\train\COCO_Muy_A_27.jpg,train,COCO_Muy_A_27,,,,no_timestamp,,,,False
C:\Users\luise\OneDrive\Documentos\DECAFIA_v2\01_dataset\decafia_clean\images\train\COCO_Muy_A_3.jpg,train,COCO_Muy_A_3,,,,no_timestamp,,,,False
C:\Users\luise\OneDrive\Documentos\DECAFIA_v2\01_dataset\decafia_clean\images\train\COCO_Muy_A_31.jpg,train,COCO_Muy_A_31,,,,no_timestamp,,,,False
C:\Users\luise\OneDrive\Documentos\DECAFIA_v2\01_dataset\decafia_clean\images\train\COCO_Muy_A_35.jpg,train,COCO_Muy_A_35,,,,no_timestamp,,,,False
C:\Users\luise\OneDrive\Documentos\DECAFIA_v2\01_dataset\decafia_clean\images\train\COCO_Muy_A_36.jpg,train,COCO_Muy_A_36,,,,no_timestamp,,,,False
C:\Users\luise\OneDrive\Documentos\DECAFIA_v2\01_dataset\decafia_clean\images\train\COCO_Muy_A_43.jpg,train,COCO_Muy_A_43,,,,no_timestamp,,,,False
C:\Users\luise\OneDrive\Documentos\DECAFIA_v2\01_dataset\decafia_clean\images\train\COCO_Muy_A_44.jpg,train,COCO_Muy_A_44,,,,no_timestamp,,,,False
C:\Users\luise\OneDrive\Documentos\DECAFIA_v2\01_dataset\decafia_clean\images\train\COCO_Muy_A_45.jpg,train,COCO_Muy_A_45,,,,no_timestamp,,,,False
C:\Users\luise\OneDrive\Documentos\DECAFIA_v2\01_dataset\decafia_clean\images\train\COCO_Muy_A_49.jpg,train,COCO_Muy_A_49,,,,no_timestamp,,,,False
C:\Users\luise\OneDrive\Documentos\DECAFIA_v2\01_dataset\decafia_clean\images\train\COCO_Muy_A_5.jpg,train,COCO_Muy_A_5,,,,no_timestamp,,,,False
C:\Users\luise\OneDrive\Documentos\DECAFIA_v2\01_dataset\decafia_clean\images\train\COCO_Muy_A_50.jpg,train,COCO_Muy_A_50,,,,no_timestamp,,,,False
C:\Users\luise\OneDrive\Documentos\DECAFIA_v2\01_dataset\decafia_clean\images\train\COCO_Muy_A_52.jpg,train,COCO_Muy_A_52,,,,no_timestamp,,,,False
C:\Users\luise\OneDrive\Documentos\DECAFIA_v2\01_dataset\decafia_clean\images\train\COCO_Muy_A_53.jpg,train,COCO_Muy_A_53,,,,no_timestamp,,,,False
C:\Users\luise\OneDrive\Documentos\DECAFIA_v2\01_dataset\decafia_clean\images\train\COCO_Muy_A_56.jpg,train,COCO_Muy_A_56,,,,no_timestamp,,,,False
C:\Users\luise\OneDrive\Documentos\DECAFIA_v2\01_dataset\decafia_clean\images\train\COCO_Muy_A_57.jpg,train,COCO_Muy_A_57,,,,no_timestamp,,,,False
C:\Users\luise\OneDrive\Documentos\DECAFIA_v2\01_dataset\decafia_clean\images\train\COCO_Muy_A_60.jpg,train,COCO_Muy_A_60,,,,no_timestamp,,,,False
C:\Users\luise\OneDrive\Documentos\DECAFIA_v2\01_dataset\decafia_clean\images\train\COCO_Muy_A_62.jpg,train,COCO_Muy_A_62,,,,no_timestamp,,,,False
C:\Users\luise\OneDrive\Documentos\DECAFIA_v2\01_dataset\decafia_clean\images\train\COCO_Muy_A_64.jpg,train,COCO_Muy_A_64,,,,no_timestamp,,,,False
C:\Users\luise\OneDrive\Documentos\DECAFIA_v2\01_dataset\decafia_clean\images\train\COCO_Muy_A_66.jpg,train,COCO_Muy_A_66,,,,no_timestamp,,,,False
C:\Users\luise\OneDrive\Documentos\DECAFIA_v2\01_dataset\decafia_clean\images\train\COCO_Muy_A_67.jpg,train,COCO_Muy_A_67,,,,no_timestamp,,,,False
C:\Users\luise\OneDrive\Documentos\DECAFIA_v2\01_dataset\decafia_clean\images\train\COCO_Muy_A_68.jpg,train,COCO_Muy_A_68,,,,no_timestamp,,,,False
C:\Users\luise\OneDrive\Documentos\DECAFIA_v2\01_dataset\decafia_clean\images\train\COCO_Muy_A_69.jpg,train,COCO_Muy_A_69,,,,no_timestamp,,,,False
C:\Users\luise\OneDrive\Documentos\DECAFIA_v2\01_dataset\decafia_clean\images\train\COCO_Muy_A_71.jpg,train,COCO_Muy_A_71,,,,no_timestamp,,,,False
C:\Users\luise\OneDrive\Documentos\DECAFIA_v2\01_dataset\decafia_clean\images\train\COCO_Muy_A_72.jpg,train,COCO_Muy_A_72,,,,no_timestamp,,,,False
C:\Users\luise\OneDrive\Documentos\DECAFIA_v2\01_dataset\decafia_clean\images\train\COCO_Muy_A_73.jpg,train,COCO_Muy_A_73,,,,no_timestamp,,,,False
C:\Users\luise\OneDrive\Documentos\DECAFIA_v2\01_dataset\decafia_clean\images\train\COCO_Muy_A_74.jpg,train,COCO_Muy_A_74,,,,no_timestamp,,,,False
C:\Users\luise\OneDrive\Documentos\DECAFIA_v2\01_dataset\decafia_clean\images\train\COCO_Muy_A_75.jpg,train,COCO_Muy_A_75,,,,no_timestamp,,,,False
C:\Users\luise\OneDrive\Documentos\DECAFIA_v2\01_dataset\decafia_clean\images\train\COCO_Muy_A_77.jpg,train,COCO_Muy_A_77,,,,no_timestamp,,,,False
C:\Users\luise\OneDrive\Documentos\DECAFIA_v2\01_dataset\decafia_clean\images\train\COCO_Muy_A_78.jpg,train,COCO_Muy_A_78,,,,no_timestamp,,,,False
C:\Users\luise\OneDrive\Documentos\DECAFIA_v2\01_dataset\decafia_clean\images\train\COCO_Muy_A_8.jpg,train,COCO_Muy_A_8,,,,no_timestamp,,,,False
C:\Users\luise\OneDrive\Documentos\DECAFIA_v2\01_dataset\decafia_clean\images\train\COCO_Muy_A_81.jpg,train,COCO_Muy_A_81,,,,no_timestamp,,,,False
C:\Users\luise\OneDrive\Documentos\DECAFIA_v2\01_dataset\decafia_clean\images\train\COCO_Muy_A_83.jpg,train,COCO_Muy_A_83,,,,no_timestamp,,,,False
C:\Users\luise\OneDrive\Documentos\DECAFIA_v2\01_dataset\decafia_clean\images\train\COCO_Muy_A_86.jpg,train,COCO_Muy_A_86,,,,no_timestamp,,,,False
C:\Users\luise\OneDrive\Documentos\DECAFIA_v2\01_dataset\decafia_clean\images\train\COCO_Muy_A_87.jpg,train,COCO_Muy_A_87,,,,no_timestamp,,,,False
C:\Users\luise\OneDrive\Documentos\DECAFIA_v2\01_dataset\decafia_clean\images\train\COCO_Muy_A_88.jpg,train,COCO_Muy_A_88,,,,no_timestamp,,,,False
C:\Users\luise\OneDrive\Documentos\DECAFIA_v2\01_dataset\decafia_clean\images\train\COCO_Muy_A_89.jpg,train,COCO_Muy_A_89,,,,no_timestamp,,,,False
C:\Users\luise\OneDrive\Documentos\DECAFIA_v2\01_dataset\decafia_clean\images\train\COCO_Muy_A_9.jpg,train,COCO_Muy_A_9,,,,no_timestamp,,,,False
C:\Users\luise\OneDrive\Documentos\DECAFIA_v2\01_dataset\decafia_clean\images\train\COCO_Muy_A_91.jpg,train,COCO_Muy_A_91,,,,no_timestamp,,,,False
C:\Users\luise\OneDrive\Documentos\DECAFIA_v2\01_dataset\decafia_clean\images\train\COCO_Muy_A_92.jpg,train,COCO_Muy_A_92,,,,no_timestamp,,,,False
C:\Users\luise\OneDrive\Documentos\DECAFIA_v2\01_dataset\decafia_clean\images\train\COCO_Muy_A_93.jpg,train,COCO_Muy_A_93,,,,no_timestamp,,,,False
C:\Users\luise\OneDrive\Documentos\DECAFIA_v2\01_dataset\decafia_clean\images\train\COCO_Muy_A_96.jpg,train,COCO_Muy_A_96,,,,no_timestamp,,,,False
C:\Users\luise\OneDrive\Documentos\DECAFIA_v2\01_dataset\decafia_clean\images\train\COCO_Muy_A_99.jpg,train,COCO_Muy_A_99,,,,no_timestamp,,,,False
C:\Users\luise\OneDrive\Documentos\DECAFIA_v2\01_dataset\decafia_clean\images\train\COCO_P_A_1.jpg,train,COCO_P_A_1,,,,no_timestamp,,,,False
C:\Users\luise\OneDrive\Documentos\DECAFIA_v2\01_dataset\decafia_clean\images\train\COCO_P_A_14.jpg,train,COCO_P_A_14,,,,no_timestamp,,,,False
C:\Users\luise\OneDrive\Documentos\DECAFIA_v2\01_dataset\decafia_clean\images\train\COCO_P_A_15.jpg,train,COCO_P_A_15,,,,no_timestamp,,,,False
C:\Users\luise\OneDrive\Documentos\DECAFIA_v2\01_dataset\decafia_clean\images\train\COCO_P_A_16.jpg,train,COCO_P_A_16,,,,no_timestamp,,,,False
C:\Users\luise\OneDrive\Documentos\DECAFIA_v2\01_dataset\decafia_clean\images\train\COCO_P_A_18.jpg,train,COCO_P_A_18,,,,no_timestamp,,,,False
C:\Users\luise\OneDrive\Documentos\DECAFIA_v2\01_dataset\decafia_clean\images\train\COCO_P_A_20.jpg,train,COCO_P_A_20,,,,no_timestamp,,,,False
C:\Users\luise\OneDrive\Documentos\DECAFIA_v2\01_dataset\decafia_clean\images\train\COCO_P_A_21.jpg,train,COCO_P_A_21,,,,no_timestamp,,,,False
C:\Users\luise\OneDrive\Documentos\DECAFIA_v2\01_dataset\decafia_clean\images\train\COCO_P_A_22.jpg,train,COCO_P_A_22,,,,no_timestamp,,,,False
C:\Users\luise\OneDrive\Documentos\DECAFIA_v2\01_dataset\decafia_clean\images\train\COCO_P_A_24.jpg,train,COCO_P_A_24,,,,no_timestamp,,,,False
C:\Users\luise\OneDrive\Documentos\DECAFIA_v2\01_dataset\decafia_clean\images\train\COCO_P_A_25.jpg,train,COCO_P_A_25,,,,no_timestamp,,,,False
C:\Users\luise\OneDrive\Documentos\DECAFIA_v2\01_dataset\decafia_clean\images\train\COCO_P_A_26.jpg,train,COCO_P_A_26,,,,no_timestamp,,,,False
C:\Users\luise\OneDrive\Documentos\DECAFIA_v2\01_dataset\decafia_clean\images\train\COCO_P_A_27.jpg,train,COCO_P_A_27,,,,no_timestamp,,,,False
C:\Users\luise\OneDrive\Documentos\DECAFIA_v2\01_dataset\decafia_clean\images\train\COCO_P_A_3.jpg,train,COCO_P_A_3,,,,no_timestamp,,,,False
C:\Users\luise\OneDrive\Documentos\DECAFIA_v2\01_dataset\decafia_clean\images\train\COCO_P_A_31.jpg,train,COCO_P_A_31,,,,no_timestamp,,,,False
C:\Users\luise\OneDrive\Documentos\DECAFIA_v2\01_dataset\decafia_clean\images\train\COCO_P_A_32.jpg,train,COCO_P_A_32,,,,no_timestamp,,,,False
C:\Users\luise\OneDrive\Documentos\DECAFIA_v2\01_dataset\decafia_clean\images\train\COCO_P_A_34.jpg,train,COCO_P_A_34,,,,no_timestamp,,,,False
C:\Users\luise\OneDrive\Documentos\DECAFIA_v2\01_dataset\decafia_clean\images\train\COCO_P_A_35.jpg,train,COCO_P_A_35,,,,no_timestamp,,,,False
C:\Users\luise\OneDrive\Documentos\DECAFIA_v2\01_dataset\decafia_clean\images\train\COCO_P_A_36.jpg,train,COCO_P_A_36,,,,no_timestamp,,,,False
C:\Users\luise\OneDrive\Documentos\DECAFIA_v2\01_dataset\decafia_clean\images\train\COCO_P_A_37.jpg,train,COCO_P_A_37,,,,no_timestamp,,,,False
C:\Users\luise\OneDrive\Documentos\DECAFIA_v2\01_dataset\decafia_clean\images\train\COCO_P_A_40.jpg,train,COCO_P_A_40,,,,no_timestamp,,,,False
C:\Users\luise\OneDrive\Documentos\DECAFIA_v2\01_dataset\decafia_clean\images\train\COCO_P_A_41.jpg,train,COCO_P_A_41,,,,no_timestamp,,,,False
C:\Users\luise\OneDrive\Documentos\DECAFIA_v2\01_dataset\decafia_clean\images\train\COCO_P_A_42.jpg,train,COCO_P_A_42,,,,no_timestamp,,,,False
C:\Users\luise\OneDrive\Documentos\DECAFIA_v2\01_dataset\decafia_clean\images\train\COCO_P_A_43.jpg,train,COCO_P_A_43,,,,no_timestamp,,,,False
C:\Users\luise\OneDrive\Documentos\DECAFIA_v2\01_dataset\decafia_clean\images\train\COCO_P_A_44.jpg,train,COCO_P_A_44,,,,no_timestamp,,,,False
C:\Users\luise\OneDrive\Documentos\DECAFIA_v2\01_dataset\decafia_clean\images\train\COCO_P_A_45.jpg,train,COCO_P_A_45,,,,no_timestamp,,,,False
C:\Users\luise\OneDrive\Documentos\DECAFIA_v2\01_dataset\decafia_clean\images\train\COCO_P_A_46.jpg,train,COCO_P_A_46,,,,no_timestamp,,,,False
C:\Users\luise\OneDrive\Documentos\DECAFIA_v2\01_dataset\decafia_clean\images\train\COCO_P_A_47.jpg,train,COCO_P_A_47,,,,no_timestamp,,,,False
C:\Users\luise\OneDrive\Documentos\DECAFIA_v2\01_dataset\decafia_clean\images\train\COCO_P_A_50.jpg,train,COCO_P_A_50,,,,no_timestamp,,,,False
C:\Users\luise\OneDrive\Documentos\DECAFIA_v2\01_dataset\decafia_clean\images\train\COCO_P_A_53.jpg,train,COCO_P_A_53,,,,no_timestamp,,,,False
C:\Users\luise\OneDrive\Documentos\DECAFIA_v2\01_dataset\decafia_clean\images\train\COCO_P_A_54.jpg,train,COCO_P_A_54,,,,no_timestamp,,,,False
C:\Users\luise\OneDrive\Documentos\DECAFIA_v2\01_dataset\decafia_clean\images\train\COCO_P_A_57.jpg,train,COCO_P_A_57,,,,no_timestamp,,,,False
C:\Users\luise\OneDrive\Documentos\DECAFIA_v2\01_dataset\decafia_clean\images\train\COCO_P_A_58.jpg,train,COCO_P_A_58,,,,no_timestamp,,,,False
C:\Users\luise\OneDrive\Documentos\DECAFIA_v2\01_dataset\decafia_clean\images\train\COCO_P_A_59.jpg,train,COCO_P_A_59,,,,no_timestamp,,,,False
C:\Users\luise\OneDrive\Documentos\DECAFIA_v2\01_dataset\decafia_clean\images\train\COCO_P_A_6.jpg,train,COCO_P_A_6,,,,no_timestamp,,,,False
C:\Users\luise\OneDrive\Documentos\DECAFIA_v2\01_dataset\decafia_clean\images\train\COCO_P_A_60.jpg,train,COCO_P_A_60,,,,no_timestamp,,,,False
C:\Users\luise\OneDrive\Documentos\DECAFIA_v2\01_dataset\decafia_clean\images\train\COCO_P_A_61.jpg,train,COCO_P_A_61,,,,no_timestamp,,,,False
C:\Users\luise\OneDrive\Documentos\DECAFIA_v2\01_dataset\decafia_clean\images\train\COCO_P_A_62.jpg,train,COCO_P_A_62,,,,no_timestamp,,,,False
C:\Users\luise\OneDrive\Documentos\DECAFIA_v2\01_dataset\decafia_clean\images\train\COCO_P_A_63.jpg,train,COCO_P_A_63,,,,no_timestamp,,,,False
C:\Users\luise\OneDrive\Documentos\DECAFIA_v2\01_dataset\decafia_clean\images\train\COCO_P_A_64.jpg,train,COCO_P_A_64,,,,no_timestamp,,,,False
C:\Users\luise\OneDrive\Documentos\DECAFIA_v2\01_dataset\decafia_clean\images\train\COCO_P_A_65.jpg,train,COCO_P_A_65,,,,no_timestamp,,,,False
C:\Users\luise\OneDrive\Documentos\DECAFIA_v2\01_dataset\decafia_clean\images\train\COCO_P_A_66.jpg,train,COCO_P_A_66,,,,no_timestamp,,,,False
C:\Users\luise\OneDrive\Documentos\DECAFIA_v2\01_dataset\decafia_clean\images\train\COCO_P_A_68.jpg,train,COCO_P_A_68,,,,no_timestamp,,,,False
C:\Users\luise\OneDrive\Documentos\DECAFIA_v2\01_dataset\decafia_clean\images\train\COCO_P_A_69.jpg,train,COCO_P_A_69,,,,no_timestamp,,,,False
C:\Users\luise\OneDrive\Documentos\DECAFIA_v2\01_dataset\decafia_clean\images\train\COCO_P_A_7.jpg,train,COCO_P_A_7,,,,no_timestamp,,,,False
C:\Users\luise\OneDrive\Documentos\DECAFIA_v2\01_dataset\decafia_clean\images\train\COCO_P_A_70.jpg,train,COCO_P_A_70,,,,no_timestamp,,,,False
C:\Users\luise\OneDrive\Documentos\DECAFIA_v2\01_dataset\decafia_clean\images\train\COCO_P_A_71.jpg,train,COCO_P_A_71,,,,no_timestamp,,,,False
C:\Users\luise\OneDrive\Documentos\DECAFIA_v2\01_dataset\decafia_clean\images\train\COCO_P_A_72.jpg,train,COCO_P_A_72,,,,no_timestamp,,,,False
C:\Users\luise\OneDrive\Documentos\DECAFIA_v2\01_dataset\decafia_clean\images\train\COCO_P_A_73.jpg,train,COCO_P_A_73,,,,no_timestamp,,,,False
C:\Users\luise\OneDrive\Documentos\DECAFIA_v2\01_dataset\decafia_clean\images\train\COCO_P_A_74.jpg,train,COCO_P_A_74,,,,no_timestamp,,,,False
C:\Users\luise\OneDrive\Documentos\DECAFIA_v2\01_dataset\decafia_clean\images\train\COCO_P_A_75.jpg,train,COCO_P_A_75,,,,no_timestamp,,,,False
C:\Users\luise\OneDrive\Documentos\DECAFIA_v2\01_dataset\decafia_clean\images\train\COCO_P_A_76.jpg,train,COCO_P_A_76,,,,no_timestamp,,,,False
C:\Users\luise\OneDrive\Documentos\DECAFIA_v2\01_dataset\decafia_clean\images\train\COCO_P_A_8.jpg,train,COCO_P_A_8,,,,no_timestamp,,,,False
C:\Users\luise\OneDrive\Documentos\DECAFIA_v2\01_dataset\decafia_clean\images\train\COCO_RECORTE_1.jpg,train,COCO_RECORTE_1,,,,no_timestamp,,,,False
C:\Users\luise\OneDrive\Documentos\DECAFIA_v2\01_dataset\decafia_clean\images\train\COCO_RECORTE_100.jpg,train,COCO_RECORTE_100,,,,no_timestamp,,,,False
C:\Users\luise\OneDrive\Documentos\DECAFIA_v2\01_dataset\decafia_clean\images\train\COCO_RECORTE_103.jpg,train,COCO_RECORTE_103,,,,no_timestamp,,,,False
C:\Users\luise\OneDrive\Documentos\DECAFIA_v2\01_dataset\decafia_clean\images\train\COCO_RECORTE_104.jpg,train,COCO_RECORTE_104,,,,no_timestamp,,,,False
C:\Users\luise\OneDrive\Documentos\DECAFIA_v2\01_dataset\decafia_clean\images\train\COCO_RECORTE_106.jpg,train,COCO_RECORTE_106,,,,no_timestamp,,,,False
C:\Users\luise\OneDrive\Documentos\DECAFIA_v2\01_dataset\decafia_clean\images\train\COCO_RECORTE_107.jpg,train,COCO_RECORTE_107,,,,no_timestamp,,,,False
C:\Users\luise\OneDrive\Documentos\DECAFIA_v2\01_dataset\decafia_clean\images\train\COCO_RECORTE_108.jpg,train,COCO_RECORTE_108,,,,no_timestamp,,,,False
C:\Users\luise\OneDrive\Documentos\DECAFIA_v2\01_dataset\decafia_clean\images\train\COCO_RECORTE_109.jpg,train,COCO_RECORTE_109,,,,no_timestamp,,,,False
C:\Users\luise\OneDrive\Documentos\DECAFIA_v2\01_dataset\decafia_clean\images\train\COCO_RECORTE_110.jpg,train,COCO_RECORTE_110,,,,no_timestamp,,,,False
C:\Users\luise\OneDrive\Documentos\DECAFIA_v2\01_dataset\decafia_clean\images\train\COCO_RECORTE_111.jpg,train,COCO_RECORTE_111,,,,no_timestamp,,,,False
C:\Users\luise\OneDrive\Documentos\DECAFIA_v2\01_dataset\decafia_clean\images\train\COCO_RECORTE_113.jpg,train,COCO_RECORTE_113,,,,no_timestamp,,,,False
C:\Users\luise\OneDrive\Documentos\DECAFIA_v2\01_dataset\decafia_clean\images\train\COCO_RECORTE_114.jpg,train,COCO_RECORTE_114,,,,no_timestamp,,,,False
C:\Users\luise\OneDrive\Documentos\DECAFIA_v2\01_dataset\decafia_clean\images\train\COCO_RECORTE_115.jpg,train,COCO_RECORTE_115,,,,no_timestamp,,,,False
C:\Users\luise\OneDrive\Documentos\DECAFIA_v2\01_dataset\decafia_clean\images\train\COCO_RECORTE_116.jpg,train,COCO_RECORTE_116,,,,no_timestamp,,,,False
C:\Users\luise\OneDrive\Documentos\DECAFIA_v2\01_dataset\decafia_clean\images\train\COCO_RECORTE_117.jpg,train,COCO_RECORTE_117,,,,no_timestamp,,,,False
C:\Users\luise\OneDrive\Documentos\DECAFIA_v2\01_dataset\decafia_clean\images\train\COCO_RECORTE_119.jpg,train,COCO_RECORTE_119,,,,no_timestamp,,,,False
C:\Users\luise\OneDrive\Documentos\DECAFIA_v2\01_dataset\decafia_clean\images\train\COCO_RECORTE_123.jpg,train,COCO_RECORTE_123,,,,no_timestamp,,,,False
C:\Users\luise\OneDrive\Documentos\DECAFIA_v2\01_dataset\decafia_clean\images\train\COCO_RECORTE_125.jpg,train,COCO_RECORTE_125,,,,no_timestamp,,,,False
C:\Users\luise\OneDrive\Documentos\DECAFIA_v2\01_dataset\decafia_clean\images\train\COCO_RECORTE_126.jpg,train,COCO_RECORTE_126,,,,no_timestamp,,,,False
C:\Users\luise\OneDrive\Documentos\DECAFIA_v2\01_dataset\decafia_clean\images\train\COCO_RECORTE_128.jpg,train,COCO_RECORTE_128,,,,no_timestamp,,,,False
C:\Users\luise\OneDrive\Documentos\DECAFIA_v2\01_dataset\decafia_clean\images\train\COCO_RECORTE_129.jpg,train,COCO_RECORTE_129,,,,no_timestamp,,,,False
C:\Users\luise\OneDrive\Documentos\DECAFIA_v2\01_dataset\decafia_clean\images\train\COCO_RECORTE_130.jpg,train,COCO_RECORTE_130,,,,no_timestamp,,,,False
C:\Users\luise\OneDrive\Documentos\DECAFIA_v2\01_dataset\decafia_clean\images\train\COCO_RECORTE_132.jpg,train,COCO_RECORTE_132,,,,no_timestamp,,,,False
C:\Users\luise\OneDrive\Documentos\DECAFIA_v2\01_dataset\decafia_clean\images\train\COCO_RECORTE_135.jpg,train,COCO_RECORTE_135,,,,no_timestamp,,,,False
C:\Users\luise\OneDrive\Documentos\DECAFIA_v2\01_dataset\decafia_clean\images\train\COCO_RECORTE_136.jpg,train,COCO_RECORTE_136,,,,no_timestamp,,,,False
C:\Users\luise\OneDrive\Documentos\DECAFIA_v2\01_dataset\decafia_clean\images\train\COCO_RECORTE_139.jpg,train,COCO_RECORTE_139,,,,no_timestamp,,,,False
C:\Users\luise\OneDrive\Documentos\DECAFIA_v2\01_dataset\decafia_clean\images\train\COCO_RECORTE_14.jpg,train,COCO_RECORTE_14,,,,no_timestamp,,,,False
C:\Users\luise\OneDrive\Documentos\DECAFIA_v2\01_dataset\decafia_clean\images\train\COCO_RECORTE_141.jpg,train,COCO_RECORTE_141,,,,no_timestamp,,,,False
C:\Users\luise\OneDrive\Documentos\DECAFIA_v2\01_dataset\decafia_clean\images\train\COCO_RECORTE_142.jpg,train,COCO_RECORTE_142,,,,no_timestamp,,,,False
C:\Users\luise\OneDrive\Documentos\DECAFIA_v2\01_dataset\decafia_clean\images\train\COCO_RECORTE_143.jpg,train,COCO_RECORTE_143,,,,no_timestamp,,,,False
C:\Users\luise\OneDrive\Documentos\DECAFIA_v2\01_dataset\decafia_clean\images\train\COCO_RECORTE_146.jpg,train,COCO_RECORTE_146,,,,no_timestamp,,,,False
C:\Users\luise\OneDrive\Documentos\DECAFIA_v2\01_dataset\decafia_clean\images\train\COCO_RECORTE_147.jpg,train,COCO_RECORTE_147,,,,no_timestamp,,,,False
C:\Users\luise\OneDrive\Documentos\DECAFIA_v2\01_dataset\decafia_clean\images\train\COCO_RECORTE_148.jpg,train,COCO_RECORTE_148,,,,no_timestamp,,,,False
C:\Users\luise\OneDrive\Documentos\DECAFIA_v2\01_dataset\decafia_clean\images\train\COCO_RECORTE_15.jpg,train,COCO_RECORTE_15,,,,no_timestamp,,,,False
C:\Users\luise\OneDrive\Documentos\DECAFIA_v2\01_dataset\decafia_clean\images\train\COCO_RECORTE_150.jpg,train,COCO_RECORTE_150,,,,no_timestamp,,,,False
C:\Users\luise\OneDrive\Documentos\DECAFIA_v2\01_dataset\decafia_clean\images\train\COCO_RECORTE_151.jpg,train,COCO_RECORTE_151,,,,no_timestamp,,,,False
C:\Users\luise\OneDrive\Documentos\DECAFIA_v2\01_dataset\decafia_clean\images\train\COCO_RECORTE_152.jpg,train,COCO_RECORTE_152,,,,no_timestamp,,,,False
C:\Users\luise\OneDrive\Documentos\DECAFIA_v2\01_dataset\decafia_clean\images\train\COCO_RECORTE_156.jpg,train,COCO_RECORTE_156,,,,no_timestamp,,,,False
C:\Users\luise\OneDrive\Documentos\DECAFIA_v2\01_dataset\decafia_clean\images\train\COCO_RECORTE_16.jpg,train,COCO_RECORTE_16,,,,no_timestamp,,,,False
C:\Users\luise\OneDrive\Documentos\DECAFIA_v2\01_dataset\decafia_clean\images\train\COCO_RECORTE_17.jpg,train,COCO_RECORTE_17,,,,no_timestamp,,,,False
C:\Users\luise\OneDrive\Documentos\DECAFIA_v2\01_dataset\decafia_clean\images\train\COCO_RECORTE_18.jpg,train,COCO_RECORTE_18,,,,no_timestamp,,,,False
C:\Users\luise\OneDrive\Documentos\DECAFIA_v2\01_dataset\decafia_clean\images\train\COCO_RECORTE_2.jpg,train,COCO_RECORTE_2,,,,no_timestamp,,,,False
C:\Users\luise\OneDrive\Documentos\DECAFIA_v2\01_dataset\decafia_clean\images\train\COCO_RECORTE_22.jpg,train,COCO_RECORTE_22,,,,no_timestamp,,,,False
C:\Users\luise\OneDrive\Documentos\DECAFIA_v2\01_dataset\decafia_clean\images\train\COCO_RECORTE_23.jpg,train,COCO_RECORTE_23,,,,no_timestamp,,,,False
C:\Users\luise\OneDrive\Documentos\DECAFIA_v2\01_dataset\decafia_clean\images\train\COCO_RECORTE_24.jpg,train,COCO_RECORTE_24,,,,no_timestamp,,,,False
C:\Users\luise\OneDrive\Documentos\DECAFIA_v2\01_dataset\decafia_clean\images\train\COCO_RECORTE_25.jpg,train,COCO_RECORTE_25,,,,no_timestamp,,,,False
C:\Users\luise\OneDrive\Documentos\DECAFIA_v2\01_dataset\decafia_clean\images\train\COCO_RECORTE_26.jpg,train,COCO_RECORTE_26,,,,no_timestamp,,,,False
C:\Users\luise\OneDrive\Documentos\DECAFIA_v2\01_dataset\decafia_clean\images\train\COCO_RECORTE_28.jpg,train,COCO_RECORTE_28,,,,no_timestamp,,,,False
C:\Users\luise\OneDrive\Documentos\DECAFIA_v2\01_dataset\decafia_clean\images\train\COCO_RECORTE_29.jpg,train,COCO_RECORTE_29,,,,no_timestamp,,,,False
C:\Users\luise\OneDrive\Documentos\DECAFIA_v2\01_dataset\decafia_clean\images\train\COCO_RECORTE_3.jpg,train,COCO_RECORTE_3,,,,no_timestamp,,,,False
C:\Users\luise\OneDrive\Documentos\DECAFIA_v2\01_dataset\decafia_clean\images\train\COCO_RECORTE_30.jpg,train,COCO_RECORTE_30,,,,no_timestamp,,,,False
C:\Users\luise\OneDrive\Documentos\DECAFIA_v2\01_dataset\decafia_clean\images\train\COCO_RECORTE_31.jpg,train,COCO_RECORTE_31,,,,no_timestamp,,,,False
C:\Users\luise\OneDrive\Documentos\DECAFIA_v2\01_dataset\decafia_clean\images\train\COCO_RECORTE_33.jpg,train,COCO_RECORTE_33,,,,no_timestamp,,,,False
C:\Users\luise\OneDrive\Documentos\DECAFIA_v2\01_dataset\decafia_clean\images\train\COCO_RECORTE_34.jpg,train,COCO_RECORTE_34,,,,no_timestamp,,,,False
C:\Users\luise\OneDrive\Documentos\DECAFIA_v2\01_dataset\decafia_clean\images\train\COCO_RECORTE_35.jpg,train,COCO_RECORTE_35,,,,no_timestamp,,,,False
C:\Users\luise\OneDrive\Documentos\DECAFIA_v2\01_dataset\decafia_clean\images\train\COCO_RECORTE_36.jpg,train,COCO_RECORTE_36,,,,no_timestamp,,,,False
C:\Users\luise\OneDrive\Documentos\DECAFIA_v2\01_dataset\decafia_clean\images\train\COCO_RECORTE_4.jpg,train,COCO_RECORTE_4,,,,no_timestamp,,,,False
C:\Users\luise\OneDrive\Documentos\DECAFIA_v2\01_dataset\decafia_clean\images\train\COCO_RECORTE_40.jpg,train,COCO_RECORTE_40,,,,no_timestamp,,,,False
C:\Users\luise\OneDrive\Documentos\DECAFIA_v2\01_dataset\decafia_clean\images\train\COCO_RECORTE_41.jpg,train,COCO_RECORTE_41,,,,no_timestamp,,,,False
C:\Users\luise\OneDrive\Documentos\DECAFIA_v2\01_dataset\decafia_clean\images\train\COCO_RECORTE_43.jpg,train,COCO_RECORTE_43,,,,no_timestamp,,,,False
C:\Users\luise\OneDrive\Documentos\DECAFIA_v2\01_dataset\decafia_clean\images\train\COCO_RECORTE_44.jpg,train,COCO_RECORTE_44,,,,no_timestamp,,,,False
C:\Users\luise\OneDrive\Documentos\DECAFIA_v2\01_dataset\decafia_clean\images\train\COCO_RECORTE_46.jpg,train,COCO_RECORTE_46,,,,no_timestamp,,,,False
C:\Users\luise\OneDrive\Documentos\DECAFIA_v2\01_dataset\decafia_clean\images\train\COCO_RECORTE_47.jpg,train,COCO_RECORTE_47,,,,no_timestamp,,,,False
C:\Users\luise\OneDrive\Documentos\DECAFIA_v2\01_dataset\decafia_clean\images\train\COCO_RECORTE_48.jpg,train,COCO_RECORTE_48,,,,no_timestamp,,,,False
C:\Users\luise\OneDrive\Documentos\DECAFIA_v2\01_dataset\decafia_clean\images\train\COCO_RECORTE_49.jpg,train,COCO_RECORTE_49,,,,no_timestamp,,,,False
C:\Users\luise\OneDrive\Documentos\DECAFIA_v2\01_dataset\decafia_clean\images\train\COCO_RECORTE_5.jpg,train,COCO_RECORTE_5,,,,no_timestamp,,,,False
C:\Users\luise\OneDrive\Documentos\DECAFIA_v2\01_dataset\decafia_clean\images\train\COCO_RECORTE_50.jpg,train,COCO_RECORTE_50,,,,no_timestamp,,,,False
C:\Users\luise\OneDrive\Documentos\DECAFIA_v2\01_dataset\decafia_clean\images\train\COCO_RECORTE_51.jpg,train,COCO_RECORTE_51,,,,no_timestamp,,,,False
C:\Users\luise\OneDrive\Documentos\DECAFIA_v2\01_dataset\decafia_clean\images\train\COCO_RECORTE_52.jpg,train,COCO_RECORTE_52,,,,no_timestamp,,,,False
C:\Users\luise\OneDrive\Documentos\DECAFIA_v2\01_dataset\decafia_clean\images\train\COCO_RECORTE_53.jpg,train,COCO_RECORTE_53,,,,no_timestamp,,,,False
C:\Users\luise\OneDrive\Documentos\DECAFIA_v2\01_dataset\decafia_clean\images\train\COCO_RECORTE_54.jpg,train,COCO_RECORTE_54,,,,no_timestamp,,,,False
C:\Users\luise\OneDrive\Documentos\DECAFIA_v2\01_dataset\decafia_clean\images\train\COCO_RECORTE_55.jpg,train,COCO_RECORTE_55,,,,no_timestamp,,,,False
C:\Users\luise\OneDrive\Documentos\DECAFIA_v2\01_dataset\decafia_clean\images\train\COCO_RECORTE_57.jpg,train,COCO_RECORTE_57,,,,no_timestamp,,,,False
C:\Users\luise\OneDrive\Documentos\DECAFIA_v2\01_dataset\decafia_clean\images\train\COCO_RECORTE_59.jpg,train,COCO_RECORTE_59,,,,no_timestamp,,,,False
C:\Users\luise\OneDrive\Documentos\DECAFIA_v2\01_dataset\decafia_clean\images\train\COCO_RECORTE_6.jpg,train,COCO_RECORTE_6,,,,no_timestamp,,,,False
C:\Users\luise\OneDrive\Documentos\DECAFIA_v2\01_dataset\decafia_clean\images\train\COCO_RECORTE_60.jpg,train,COCO_RECORTE_60,,,,no_timestamp,,,,False
C:\Users\luise\OneDrive\Documentos\DECAFIA_v2\01_dataset\decafia_clean\images\train\COCO_RECORTE_61.jpg,train,COCO_RECORTE_61,,,,no_timestamp,,,,False
C:\Users\luise\OneDrive\Documentos\DECAFIA_v2\01_dataset\decafia_clean\images\train\COCO_RECORTE_62.jpg,train,COCO_RECORTE_62,,,,no_timestamp,,,,False
C:\Users\luise\OneDrive\Documentos\DECAFIA_v2\01_dataset\decafia_clean\images\train\COCO_RECORTE_64.jpg,train,COCO_RECORTE_64,,,,no_timestamp,,,,False
C:\Users\luise\OneDrive\Documentos\DECAFIA_v2\01_dataset\decafia_clean\images\train\COCO_RECORTE_65.jpg,train,COCO_RECORTE_65,,,,no_timestamp,,,,False
C:\Users\luise\OneDrive\Documentos\DECAFIA_v2\01_dataset\decafia_clean\images\train\COCO_RECORTE_67.jpg,train,COCO_RECORTE_67,,,,no_timestamp,,,,False
C:\Users\luise\OneDrive\Documentos\DECAFIA_v2\01_dataset\decafia_clean\images\train\COCO_RECORTE_68.jpg,train,COCO_RECORTE_68,,,,no_timestamp,,,,False
C:\Users\luise\OneDrive\Documentos\DECAFIA_v2\01_dataset\decafia_clean\images\train\COCO_RECORTE_69.jpg,train,COCO_RECORTE_69,,,,no_timestamp,,,,False
C:\Users\luise\OneDrive\Documentos\DECAFIA_v2\01_dataset\decafia_clean\images\train\COCO_RECORTE_7.jpg,train,COCO_RECORTE_7,,,,no_timestamp,,,,False
C:\Users\luise\OneDrive\Documentos\DECAFIA_v2\01_dataset\decafia_clean\images\train\COCO_RECORTE_70.jpg,train,COCO_RECORTE_70,,,,no_timestamp,,,,False
C:\Users\luise\OneDrive\Documentos\DECAFIA_v2\01_dataset\decafia_clean\images\train\COCO_RECORTE_71.jpg,train,COCO_RECORTE_71,,,,no_timestamp,,,,False
C:\Users\luise\OneDrive\Documentos\DECAFIA_v2\01_dataset\decafia_clean\images\train\COCO_RECORTE_72.jpg,train,COCO_RECORTE_72,,,,no_timestamp,,,,False
C:\Users\luise\OneDrive\Documentos\DECAFIA_v2\01_dataset\decafia_clean\images\train\COCO_RECORTE_73.jpg,train,COCO_RECORTE_73,,,,no_timestamp,,,,False
C:\Users\luise\OneDrive\Documentos\DECAFIA_v2\01_dataset\decafia_clean\images\train\COCO_RECORTE_74.jpg,train,COCO_RECORTE_74,,,,no_timestamp,,,,False
C:\Users\luise\OneDrive\Documentos\DECAFIA_v2\01_dataset\decafia_clean\images\train\COCO_RECORTE_75.jpg,train,COCO_RECORTE_75,,,,no_timestamp,,,,False
C:\Users\luise\OneDrive\Documentos\DECAFIA_v2\01_dataset\decafia_clean\images\train\COCO_RECORTE_76.jpg,train,COCO_RECORTE_76,,,,no_timestamp,,,,False
C:\Users\luise\OneDrive\Documentos\DECAFIA_v2\01_dataset\decafia_clean\images\train\COCO_RECORTE_77.jpg,train,COCO_RECORTE_77,,,,no_timestamp,,,,False
C:\Users\luise\OneDrive\Documentos\DECAFIA_v2\01_dataset\decafia_clean\images\train\COCO_RECORTE_78.jpg,train,COCO_RECORTE_78,,,,no_timestamp,,,,False
C:\Users\luise\OneDrive\Documentos\DECAFIA_v2\01_dataset\decafia_clean\images\train\COCO_RECORTE_80.jpg,train,COCO_RECORTE_80,,,,no_timestamp,,,,False
C:\Users\luise\OneDrive\Documentos\DECAFIA_v2\01_dataset\decafia_clean\images\train\COCO_RECORTE_81.jpg,train,COCO_RECORTE_81,,,,no_timestamp,,,,False
C:\Users\luise\OneDrive\Documentos\DECAFIA_v2\01_dataset\decafia_clean\images\train\COCO_RECORTE_83.jpg,train,COCO_RECORTE_83,,,,no_timestamp,,,,False
C:\Users\luise\OneDrive\Documentos\DECAFIA_v2\01_dataset\decafia_clean\images\train\COCO_RECORTE_85.jpg,train,COCO_RECORTE_85,,,,no_timestamp,,,,False
C:\Users\luise\OneDrive\Documentos\DECAFIA_v2\01_dataset\decafia_clean\images\train\COCO_RECORTE_89.jpg,train,COCO_RECORTE_89,,,,no_timestamp,,,,False
C:\Users\luise\OneDrive\Documentos\DECAFIA_v2\01_dataset\decafia_clean\images\train\COCO_RECORTE_90.jpg,train,COCO_RECORTE_90,,,,no_timestamp,,,,False
C:\Users\luise\OneDrive\Documentos\DECAFIA_v2\01_dataset\decafia_clean\images\train\COCO_RECORTE_92.jpg,train,COCO_RECORTE_92,,,,no_timestamp,,,,False
C:\Users\luise\OneDrive\Documentos\DECAFIA_v2\01_dataset\decafia_clean\images\train\COCO_RECORTE_93.jpg,train,COCO_RECORTE_93,,,,no_timestamp,,,,False
C:\Users\luise\OneDrive\Documentos\DECAFIA_v2\01_dataset\decafia_clean\images\train\COCO_RECORTE_94.jpg,train,COCO_RECORTE_94,,,,no_timestamp,,,,False
C:\Users\luise\OneDrive\Documentos\DECAFIA_v2\01_dataset\decafia_clean\images\train\COCO_RECORTE_95.jpg,train,COCO_RECORTE_95,,,,no_timestamp,,,,False
C:\Users\luise\OneDrive\Documentos\DECAFIA_v2\01_dataset\decafia_clean\images\train\COCO_RECORTE_96.jpg,train,COCO_RECORTE_96,,,,no_timestamp,,,,False
C:\Users\luise\OneDrive\Documentos\DECAFIA_v2\01_dataset\decafia_clean\images\train\COCO_RECORTE_98.jpg,train,COCO_RECORTE_98,,,,no_timestamp,,,,False
C:\Users\luise\OneDrive\Documentos\DECAFIA_v2\01_dataset\decafia_clean\images\train\MINADO_RECORTES_1.jpg,train,MINADO_RECORTES_1,,,,no_timestamp,,,,False
C:\Users\luise\OneDrive\Documentos\DECAFIA_v2\01_dataset\decafia_clean\images\train\MINADO_RECORTES_100.jpg,train,MINADO_RECORTES_100,,,,no_timestamp,,,,False
C:\Users\luise\OneDrive\Documentos\DECAFIA_v2\01_dataset\decafia_clean\images\train\MINADO_RECORTES_101.jpg,train,MINADO_RECORTES_101,,,,no_timestamp,,,,False
C:\Users\luise\OneDrive\Documentos\DECAFIA_v2\01_dataset\decafia_clean\images\train\MINADO_RECORTES_102.jpg,train,MINADO_RECORTES_102,,,,no_timestamp,,,,False
C:\Users\luise\OneDrive\Documentos\DECAFIA_v2\01_dataset\decafia_clean\images\train\MINADO_RECORTES_104.jpg,train,MINADO_RECORTES_104,,,,no_timestamp,,,,False
C:\Users\luise\OneDrive\Documentos\DECAFIA_v2\01_dataset\decafia_clean\images\train\MINADO_RECORTES_105.jpg,train,MINADO_RECORTES_105,,,,no_timestamp,,,,False
C:\Users\luise\OneDrive\Documentos\DECAFIA_v2\01_dataset\decafia_clean\images\train\MINADO_RECORTES_106.jpg,train,MINADO_RECORTES_106,,,,no_timestamp,,,,False
C:\Users\luise\OneDrive\Documentos\DECAFIA_v2\01_dataset\decafia_clean\images\train\MINADO_RECORTES_107.jpg,train,MINADO_RECORTES_107,,,,no_timestamp,,,,False
C:\Users\luise\OneDrive\Documentos\DECAFIA_v2\01_dataset\decafia_clean\images\train\MINADO_RECORTES_108.jpg,train,MINADO_RECORTES_108,,,,no_timestamp,,,,False
C:\Users\luise\OneDrive\Documentos\DECAFIA_v2\01_dataset\decafia_clean\images\train\MINADO_RECORTES_110.jpg,train,MINADO_RECORTES_110,,,,no_timestamp,,,,False
C:\Users\luise\OneDrive\Documentos\DECAFIA_v2\01_dataset\decafia_clean\images\train\MINADO_RECORTES_112.jpg,train,MINADO_RECORTES_112,,,,no_timestamp,,,,False
C:\Users\luise\OneDrive\Documentos\DECAFIA_v2\01_dataset\decafia_clean\images\train\MINADO_RECORTES_113.jpg,train,MINADO_RECORTES_113,,,,no_timestamp,,,,False
C:\Users\luise\OneDrive\Documentos\DECAFIA_v2\01_dataset\decafia_clean\images\train\MINADO_RECORTES_114.jpg,train,MINADO_RECORTES_114,,,,no_timestamp,,,,False
C:\Users\luise\OneDrive\Documentos\DECAFIA_v2\01_dataset\decafia_clean\images\train\MINADO_RECORTES_115.jpg,train,MINADO_RECORTES_115,,,,no_timestamp,,,,False
C:\Users\luise\OneDrive\Documentos\DECAFIA_v2\01_dataset\decafia_clean\images\train\MINADO_RECORTES_116.jpg,train,MINADO_RECORTES_116,,,,no_timestamp,,,,False
C:\Users\luise\OneDrive\Documentos\DECAFIA_v2\01_dataset\decafia_clean\images\train\MINADO_RECORTES_117.jpg,train,MINADO_RECORTES_117,,,,no_timestamp,,,,False
C:\Users\luise\OneDrive\Documentos\DECAFIA_v2\01_dataset\decafia_clean\images\train\MINADO_RECORTES_118.jpg,train,MINADO_RECORTES_118,,,,no_timestamp,,,,False
C:\Users\luise\OneDrive\Documentos\DECAFIA_v2\01_dataset\decafia_clean\images\train\MINADO_RECORTES_119.jpg,train,MINADO_RECORTES_119,,,,no_timestamp,,,,False
C:\Users\luise\OneDrive\Documentos\DECAFIA_v2\01_dataset\decafia_clean\images\train\MINADO_RECORTES_120.jpg,train,MINADO_RECORTES_120,,,,no_timestamp,,,,False
C:\Users\luise\OneDrive\Documentos\DECAFIA_v2\01_dataset\decafia_clean\images\train\MINADO_RECORTES_121.jpg,train,MINADO_RECORTES_121,,,,no_timestamp,,,,False
C:\Users\luise\OneDrive\Documentos\DECAFIA_v2\01_dataset\decafia_clean\images\train\MINADO_RECORTES_122.jpg,train,MINADO_RECORTES_122,,,,no_timestamp,,,,False
C:\Users\luise\OneDrive\Documentos\DECAFIA_v2\01_dataset\decafia_clean\images\train\MINADO_RECORTES_123.jpg,train,MINADO_RECORTES_123,,,,no_timestamp,,,,False
C:\Users\luise\OneDrive\Documentos\DECAFIA_v2\01_dataset\decafia_clean\images\train\MINADO_RECORTES_124.jpg,train,MINADO_RECORTES_124,,,,no_timestamp,,,,False
C:\Users\luise\OneDrive\Documentos\DECAFIA_v2\01_dataset\decafia_clean\images\train\MINADO_RECORTES_125.jpg,train,MINADO_RECORTES_125,,,,no_timestamp,,,,False
C:\Users\luise\OneDrive\Documentos\DECAFIA_v2\01_dataset\decafia_clean\images\train\MINADO_RECORTES_127.jpg,train,MINADO_RECORTES_127,,,,no_timestamp,,,,False
C:\Users\luise\OneDrive\Documentos\DECAFIA_v2\01_dataset\decafia_clean\images\train\MINADO_RECORTES_13.jpg,train,MINADO_RECORTES_13,,,,no_timestamp,,,,False
C:\Users\luise\OneDrive\Documentos\DECAFIA_v2\01_dataset\decafia_clean\images\train\MINADO_RECORTES_130.jpg,train,MINADO_RECORTES_130,,,,no_timestamp,,,,False
C:\Users\luise\OneDrive\Documentos\DECAFIA_v2\01_dataset\decafia_clean\images\train\MINADO_RECORTES_15.jpg,train,MINADO_RECORTES_15,,,,no_timestamp,,,,False
C:\Users\luise\OneDrive\Documentos\DECAFIA_v2\01_dataset\decafia_clean\images\train\MINADO_RECORTES_17.jpg,train,MINADO_RECORTES_17,,,,no_timestamp,,,,False
C:\Users\luise\OneDrive\Documentos\DECAFIA_v2\01_dataset\decafia_clean\images\train\MINADO_RECORTES_18.jpg,train,MINADO_RECORTES_18,,,,no_timestamp,,,,False
C:\Users\luise\OneDrive\Documentos\DECAFIA_v2\01_dataset\decafia_clean\images\train\MINADO_RECORTES_19.jpg,train,MINADO_RECORTES_19,,,,no_timestamp,,,,False
C:\Users\luise\OneDrive\Documentos\DECAFIA_v2\01_dataset\decafia_clean\images\train\MINADO_RECORTES_20.jpg,train,MINADO_RECORTES_20,,,,no_timestamp,,,,False
C:\Users\luise\OneDrive\Documentos\DECAFIA_v2\01_dataset\decafia_clean\images\train\MINADO_RECORTES_21.jpg,train,MINADO_RECORTES_21,,,,no_timestamp,,,,False
C:\Users\luise\OneDrive\Documentos\DECAFIA_v2\01_dataset\decafia_clean\images\train\MINADO_RECORTES_23.jpg,train,MINADO_RECORTES_23,,,,no_timestamp,,,,False
C:\Users\luise\OneDrive\Documentos\DECAFIA_v2\01_dataset\decafia_clean\images\train\MINADO_RECORTES_24.jpg,train,MINADO_RECORTES_24,,,,no_timestamp,,,,False
C:\Users\luise\OneDrive\Documentos\DECAFIA_v2\01_dataset\decafia_clean\images\train\MINADO_RECORTES_26.jpg,train,MINADO_RECORTES_26,,,,no_timestamp,,,,False
C:\Users\luise\OneDrive\Documentos\DECAFIA_v2\01_dataset\decafia_clean\images\train\MINADO_RECORTES_27.jpg,train,MINADO_RECORTES_27,,,,no_timestamp,,,,False
C:\Users\luise\OneDrive\Documentos\DECAFIA_v2\01_dataset\decafia_clean\images\train\MINADO_RECORTES_28.jpg,train,MINADO_RECORTES_28,,,,no_timestamp,,,,False
C:\Users\luise\OneDrive\Documentos\DECAFIA_v2\01_dataset\decafia_clean\images\train\MINADO_RECORTES_30.jpg,train,MINADO_RECORTES_30,,,,no_timestamp,,,,False
C:\Users\luise\OneDrive\Documentos\DECAFIA_v2\01_dataset\decafia_clean\images\train\MINADO_RECORTES_31.jpg,train,MINADO_RECORTES_31,,,,no_timestamp,,,,False
C:\Users\luise\OneDrive\Documentos\DECAFIA_v2\01_dataset\decafia_clean\images\train\MINADO_RECORTES_33.jpg,train,MINADO_RECORTES_33,,,,no_timestamp,,,,False
C:\Users\luise\OneDrive\Documentos\DECAFIA_v2\01_dataset\decafia_clean\images\train\MINADO_RECORTES_34.jpg,train,MINADO_RECORTES_34,,,,no_timestamp,,,,False
C:\Users\luise\OneDrive\Documentos\DECAFIA_v2\01_dataset\decafia_clean\images\train\MINADO_RECORTES_36.jpg,train,MINADO_RECORTES_36,,,,no_timestamp,,,,False
C:\Users\luise\OneDrive\Documentos\DECAFIA_v2\01_dataset\decafia_clean\images\train\MINADO_RECORTES_37.jpg,train,MINADO_RECORTES_37,,,,no_timestamp,,,,False
C:\Users\luise\OneDrive\Documentos\DECAFIA_v2\01_dataset\decafia_clean\images\train\MINADO_RECORTES_38.jpg,train,MINADO_RECORTES_38,,,,no_timestamp,,,,False
C:\Users\luise\OneDrive\Documentos\DECAFIA_v2\01_dataset\decafia_clean\images\train\MINADO_RECORTES_39.jpg,train,MINADO_RECORTES_39,,,,no_timestamp,,,,False
C:\Users\luise\OneDrive\Documentos\DECAFIA_v2\01_dataset\decafia_clean\images\train\MINADO_RECORTES_41.jpg,train,MINADO_RECORTES_41,,,,no_timestamp,,,,False
C:\Users\luise\OneDrive\Documentos\DECAFIA_v2\01_dataset\decafia_clean\images\train\MINADO_RECORTES_42.jpg,train,MINADO_RECORTES_42,,,,no_timestamp,,,,False
C:\Users\luise\OneDrive\Documentos\DECAFIA_v2\01_dataset\decafia_clean\images\train\MINADO_RECORTES_44.jpg,train,MINADO_RECORTES_44,,,,no_timestamp,,,,False
C:\Users\luise\OneDrive\Documentos\DECAFIA_v2\01_dataset\decafia_clean\images\train\MINADO_RECORTES_45.jpg,train,MINADO_RECORTES_45,,,,no_timestamp,,,,False
C:\Users\luise\OneDrive\Documentos\DECAFIA_v2\01_dataset\decafia_clean\images\train\MINADO_RECORTES_47.jpg,train,MINADO_RECORTES_47,,,,no_timestamp,,,,False
C:\Users\luise\OneDrive\Documentos\DECAFIA_v2\01_dataset\decafia_clean\images\train\MINADO_RECORTES_5.jpg,train,MINADO_RECORTES_5,,,,no_timestamp,,,,False
C:\Users\luise\OneDrive\Documentos\DECAFIA_v2\01_dataset\decafia_clean\images\train\MINADO_RECORTES_50.jpg,train,MINADO_RECORTES_50,,,,no_timestamp,,,,False
C:\Users\luise\OneDrive\Documentos\DECAFIA_v2\01_dataset\decafia_clean\images\train\MINADO_RECORTES_52.jpg,train,MINADO_RECORTES_52,,,,no_timestamp,,,,False
C:\Users\luise\OneDrive\Documentos\DECAFIA_v2\01_dataset\decafia_clean\images\train\MINADO_RECORTES_54.jpg,train,MINADO_RECORTES_54,,,,no_timestamp,,,,False
C:\Users\luise\OneDrive\Documentos\DECAFIA_v2\01_dataset\decafia_clean\images\train\MINADO_RECORTES_55.jpg,train,MINADO_RECORTES_55,,,,no_timestamp,,,,False
C:\Users\luise\OneDrive\Documentos\DECAFIA_v2\01_dataset\decafia_clean\images\train\MINADO_RECORTES_56.jpg,train,MINADO_RECORTES_56,,,,no_timestamp,,,,False
C:\Users\luise\OneDrive\Documentos\DECAFIA_v2\01_dataset\decafia_clean\images\train\MINADO_RECORTES_58.jpg,train,MINADO_RECORTES_58,,,,no_timestamp,,,,False
C:\Users\luise\OneDrive\Documentos\DECAFIA_v2\01_dataset\decafia_clean\images\train\MINADO_RECORTES_59.jpg,train,MINADO_RECORTES_59,,,,no_timestamp,,,,False
C:\Users\luise\OneDrive\Documentos\DECAFIA_v2\01_dataset\decafia_clean\images\train\MINADO_RECORTES_6.jpg,train,MINADO_RECORTES_6,,,,no_timestamp,,,,False
C:\Users\luise\OneDrive\Documentos\DECAFIA_v2\01_dataset\decafia_clean\images\train\MINADO_RECORTES_60.jpg,train,MINADO_RECORTES_60,,,,no_timestamp,,,,False
C:\Users\luise\OneDrive\Documentos\DECAFIA_v2\01_dataset\decafia_clean\images\train\MINADO_RECORTES_62.jpg,train,MINADO_RECORTES_62,,,,no_timestamp,,,,False
C:\Users\luise\OneDrive\Documentos\DECAFIA_v2\01_dataset\decafia_clean\images\train\MINADO_RECORTES_64.jpg,train,MINADO_RECORTES_64,,,,no_timestamp,,,,False
C:\Users\luise\OneDrive\Documentos\DECAFIA_v2\01_dataset\decafia_clean\images\train\MINADO_RECORTES_65.jpg,train,MINADO_RECORTES_65,,,,no_timestamp,,,,False
C:\Users\luise\OneDrive\Documentos\DECAFIA_v2\01_dataset\decafia_clean\images\train\MINADO_RECORTES_66.jpg,train,MINADO_RECORTES_66,,,,no_timestamp,,,,False
C:\Users\luise\OneDrive\Documentos\DECAFIA_v2\01_dataset\decafia_clean\images\train\MINADO_RECORTES_67.jpg,train,MINADO_RECORTES_67,,,,no_timestamp,,,,False
C:\Users\luise\OneDrive\Documentos\DECAFIA_v2\01_dataset\decafia_clean\images\train\MINADO_RECORTES_68.jpg,train,MINADO_RECORTES_68,,,,no_timestamp,,,,False
C:\Users\luise\OneDrive\Documentos\DECAFIA_v2\01_dataset\decafia_clean\images\train\MINADO_RECORTES_7.jpg,train,MINADO_RECORTES_7,,,,no_timestamp,,,,False
C:\Users\luise\OneDrive\Documentos\DECAFIA_v2\01_dataset\decafia_clean\images\train\MINADO_RECORTES_70.jpg,train,MINADO_RECORTES_70,,,,no_timestamp,,,,False
C:\Users\luise\OneDrive\Documentos\DECAFIA_v2\01_dataset\decafia_clean\images\train\MINADO_RECORTES_71.jpg,train,MINADO_RECORTES_71,,,,no_timestamp,,,,False
C:\Users\luise\OneDrive\Documentos\DECAFIA_v2\01_dataset\decafia_clean\images\train\MINADO_RECORTES_73.jpg,train,MINADO_RECORTES_73,,,,no_timestamp,,,,False
C:\Users\luise\OneDrive\Documentos\DECAFIA_v2\01_dataset\decafia_clean\images\train\MINADO_RECORTES_74.jpg,train,MINADO_RECORTES_74,,,,no_timestamp,,,,False
C:\Users\luise\OneDrive\Documentos\DECAFIA_v2\01_dataset\decafia_clean\images\train\MINADO_RECORTES_75.jpg,train,MINADO_RECORTES_75,,,,no_timestamp,,,,False
C:\Users\luise\OneDrive\Documentos\DECAFIA_v2\01_dataset\decafia_clean\images\train\MINADO_RECORTES_76.jpg,train,MINADO_RECORTES_76,,,,no_timestamp,,,,False
C:\Users\luise\OneDrive\Documentos\DECAFIA_v2\01_dataset\decafia_clean\images\train\MINADO_RECORTES_77.jpg,train,MINADO_RECORTES_77,,,,no_timestamp,,,,False
C:\Users\luise\OneDrive\Documentos\DECAFIA_v2\01_dataset\decafia_clean\images\train\MINADO_RECORTES_78.jpg,train,MINADO_RECORTES_78,,,,no_timestamp,,,,False
C:\Users\luise\OneDrive\Documentos\DECAFIA_v2\01_dataset\decafia_clean\images\train\MINADO_RECORTES_79.jpg,train,MINADO_RECORTES_79,,,,no_timestamp,,,,False
C:\Users\luise\OneDrive\Documentos\DECAFIA_v2\01_dataset\decafia_clean\images\train\MINADO_RECORTES_80.jpg,train,MINADO_RECORTES_80,,,,no_timestamp,,,,False
C:\Users\luise\OneDrive\Documentos\DECAFIA_v2\01_dataset\decafia_clean\images\train\MINADO_RECORTES_82.jpg,train,MINADO_RECORTES_82,,,,no_timestamp,,,,False
C:\Users\luise\OneDrive\Documentos\DECAFIA_v2\01_dataset\decafia_clean\images\train\MINADO_RECORTES_83.jpg,train,MINADO_RECORTES_83,,,,no_timestamp,,,,False
C:\Users\luise\OneDrive\Documentos\DECAFIA_v2\01_dataset\decafia_clean\images\train\MINADO_RECORTES_84.jpg,train,MINADO_RECORTES_84,,,,no_timestamp,,,,False
C:\Users\luise\OneDrive\Documentos\DECAFIA_v2\01_dataset\decafia_clean\images\train\MINADO_RECORTES_87.jpg,train,MINADO_RECORTES_87,,,,no_timestamp,,,,False
C:\Users\luise\OneDrive\Documentos\DECAFIA_v2\01_dataset\decafia_clean\images\train\MINADO_RECORTES_89.jpg,train,MINADO_RECORTES_89,,,,no_timestamp,,,,False
C:\Users\luise\OneDrive\Documentos\DECAFIA_v2\01_dataset\decafia_clean\images\train\MINADO_RECORTES_9.jpg,train,MINADO_RECORTES_9,,,,no_timestamp,,,,False
C:\Users\luise\OneDrive\Documentos\DECAFIA_v2\01_dataset\decafia_clean\images\train\MINADO_RECORTES_91.jpg,train,MINADO_RECORTES_91,,,,no_timestamp,,,,False
C:\Users\luise\OneDrive\Documentos\DECAFIA_v2\01_dataset\decafia_clean\images\train\MINADO_RECORTES_92.jpg,train,MINADO_RECORTES_92,,,,no_timestamp,,,,False
C:\Users\luise\OneDrive\Documentos\DECAFIA_v2\01_dataset\decafia_clean\images\train\MINADO_RECORTES_93.jpg,train,MINADO_RECORTES_93,,,,no_timestamp,,,,False
C:\Users\luise\OneDrive\Documentos\DECAFIA_v2\01_dataset\decafia_clean\images\train\MINADO_RECORTES_94.jpg,train,MINADO_RECORTES_94,,,,no_timestamp,,,,False
C:\Users\luise\OneDrive\Documentos\DECAFIA_v2\01_dataset\decafia_clean\images\train\MINADO_RECORTES_97.jpg,train,MINADO_RECORTES_97,,,,no_timestamp,,,,False
C:\Users\luise\OneDrive\Documentos\DECAFIA_v2\01_dataset\decafia_clean\images\train\MINADO_RECORTES_99.jpg,train,MINADO_RECORTES_99,,,,no_timestamp,,,,False
C:\Users\luise\OneDrive\Documentos\DECAFIA_v2\01_dataset\decafia_clean\images\train\MINADOR_1.jpg,train,MINADOR_1,,,,no_timestamp,,,,False
C:\Users\luise\OneDrive\Documentos\DECAFIA_v2\01_dataset\decafia_clean\images\train\MINADOR_10.jpg,train,MINADOR_10,,,,no_timestamp,,,,False
C:\Users\luise\OneDrive\Documentos\DECAFIA_v2\01_dataset\decafia_clean\images\train\MINADOR_14.jpg,train,MINADOR_14,,,,no_timestamp,,,,False
C:\Users\luise\OneDrive\Documentos\DECAFIA_v2\01_dataset\decafia_clean\images\train\MINADOR_2.jpg,train,MINADOR_2,,,,no_timestamp,,,,False
C:\Users\luise\OneDrive\Documentos\DECAFIA_v2\01_dataset\decafia_clean\images\train\MINADOR_20.jpg,train,MINADOR_20,,,,no_timestamp,,,,False
C:\Users\luise\OneDrive\Documentos\DECAFIA_v2\01_dataset\decafia_clean\images\train\MINADOR_22.jpg,train,MINADOR_22,,,,no_timestamp,,,,False
C:\Users\luise\OneDrive\Documentos\DECAFIA_v2\01_dataset\decafia_clean\images\train\MINADOR_23.jpg,train,MINADOR_23,,,,no_timestamp,,,,False
C:\Users\luise\OneDrive\Documentos\DECAFIA_v2\01_dataset\decafia_clean\images\train\MINADOR_24.jpg,train,MINADOR_24,,,,no_timestamp,,,,False
C:\Users\luise\OneDrive\Documentos\DECAFIA_v2\01_dataset\decafia_clean\images\train\MINADOR_25.jpg,train,MINADOR_25,,,,no_timestamp,,,,False
C:\Users\luise\OneDrive\Documentos\DECAFIA_v2\01_dataset\decafia_clean\images\train\MINADOR_26.jpg,train,MINADOR_26,,,,no_timestamp,,,,False
C:\Users\luise\OneDrive\Documentos\DECAFIA_v2\01_dataset\decafia_clean\images\train\MINADOR_27.jpg,train,MINADOR_27,,,,no_timestamp,,,,False
C:\Users\luise\OneDrive\Documentos\DECAFIA_v2\01_dataset\decafia_clean\images\train\MINADOR_28.jpg,train,MINADOR_28,,,,no_timestamp,,,,False
C:\Users\luise\OneDrive\Documentos\DECAFIA_v2\01_dataset\decafia_clean\images\train\MINADOR_3.jpg,train,MINADOR_3,,,,no_timestamp,,,,False
C:\Users\luise\OneDrive\Documentos\DECAFIA_v2\01_dataset\decafia_clean\images\train\MINADOR_30.jpg,train,MINADOR_30,,,,no_timestamp,,,,False
C:\Users\luise\OneDrive\Documentos\DECAFIA_v2\01_dataset\decafia_clean\images\train\MINADOR_31.jpg,train,MINADOR_31,,,,no_timestamp,,,,False
C:\Users\luise\OneDrive\Documentos\DECAFIA_v2\01_dataset\decafia_clean\images\train\MINADOR_33.jpg,train,MINADOR_33,,,,no_timestamp,,,,False
C:\Users\luise\OneDrive\Documentos\DECAFIA_v2\01_dataset\decafia_clean\images\train\MINADOR_35.jpg,train,MINADOR_35,,,,no_timestamp,,,,False
C:\Users\luise\OneDrive\Documentos\DECAFIA_v2\01_dataset\decafia_clean\images\train\MINADOR_36.jpg,train,MINADOR_36,,,,no_timestamp,,,,False
C:\Users\luise\OneDrive\Documentos\DECAFIA_v2\01_dataset\decafia_clean\images\train\MINADOR_37.jpg,train,MINADOR_37,,,,no_timestamp,,,,False
C:\Users\luise\OneDrive\Documentos\DECAFIA_v2\01_dataset\decafia_clean\images\train\MINADOR_38.jpg,train,MINADOR_38,,,,no_timestamp,,,,False
C:\Users\luise\OneDrive\Documentos\DECAFIA_v2\01_dataset\decafia_clean\images\train\MINADOR_39.jpg,train,MINADOR_39,,,,no_timestamp,,,,False
C:\Users\luise\OneDrive\Documentos\DECAFIA_v2\01_dataset\decafia_clean\images\train\MINADOR_4.jpg,train,MINADOR_4,,,,no_timestamp,,,,False
C:\Users\luise\OneDrive\Documentos\DECAFIA_v2\01_dataset\decafia_clean\images\train\MINADOR_40.jpg,train,MINADOR_40,,,,no_timestamp,,,,False
C:\Users\luise\OneDrive\Documentos\DECAFIA_v2\01_dataset\decafia_clean\images\train\MINADOR_41.jpg,train,MINADOR_41,,,,no_timestamp,,,,False
C:\Users\luise\OneDrive\Documentos\DECAFIA_v2\01_dataset\decafia_clean\images\train\MINADOR_43.jpg,train,MINADOR_43,,,,no_timestamp,,,,False
C:\Users\luise\OneDrive\Documentos\DECAFIA_v2\01_dataset\decafia_clean\images\train\MINADOR_44.jpg,train,MINADOR_44,,,,no_timestamp,,,,False
C:\Users\luise\OneDrive\Documentos\DECAFIA_v2\01_dataset\decafia_clean\images\train\MINADOR_45.jpg,train,MINADOR_45,,,,no_timestamp,,,,False
C:\Users\luise\OneDrive\Documentos\DECAFIA_v2\01_dataset\decafia_clean\images\train\MINADOR_46.jpg,train,MINADOR_46,,,,no_timestamp,,,,False
C:\Users\luise\OneDrive\Documentos\DECAFIA_v2\01_dataset\decafia_clean\images\train\MINADOR_47.jpg,train,MINADOR_47,,,,no_timestamp,,,,False
C:\Users\luise\OneDrive\Documentos\DECAFIA_v2\01_dataset\decafia_clean\images\train\MINADOR_48.jpg,train,MINADOR_48,,,,no_timestamp,,,,False
C:\Users\luise\OneDrive\Documentos\DECAFIA_v2\01_dataset\decafia_clean\images\train\MINADOR_49.jpg,train,MINADOR_49,,,,no_timestamp,,,,False
C:\Users\luise\OneDrive\Documentos\DECAFIA_v2\01_dataset\decafia_clean\images\train\MINADOR_50.jpg,train,MINADOR_50,,,,no_timestamp,,,,False
C:\Users\luise\OneDrive\Documentos\DECAFIA_v2\01_dataset\decafia_clean\images\train\MINADOR_51.jpg,train,MINADOR_51,,,,no_timestamp,,,,False
C:\Users\luise\OneDrive\Documentos\DECAFIA_v2\01_dataset\decafia_clean\images\train\MINADOR_53.jpg,train,MINADOR_53,,,,no_timestamp,,,,False
C:\Users\luise\OneDrive\Documentos\DECAFIA_v2\01_dataset\decafia_clean\images\train\MINADOR_55.jpg,train,MINADOR_55,,,,no_timestamp,,,,False
C:\Users\luise\OneDrive\Documentos\DECAFIA_v2\01_dataset\decafia_clean\images\train\MINADOR_58.jpg,train,MINADOR_58,,,,no_timestamp,,,,False
C:\Users\luise\OneDrive\Documentos\DECAFIA_v2\01_dataset\decafia_clean\images\train\MINADOR_59.jpg,train,MINADOR_59,,,,no_timestamp,,,,False
C:\Users\luise\OneDrive\Documentos\DECAFIA_v2\01_dataset\decafia_clean\images\train\MINADOR_60.jpg,train,MINADOR_60,,,,no_timestamp,,,,False
C:\Users\luise\OneDrive\Documentos\DECAFIA_v2\01_dataset\decafia_clean\images\train\MINADOR_63.jpg,train,MINADOR_63,,,,no_timestamp,,,,False
C:\Users\luise\OneDrive\Documentos\DECAFIA_v2\01_dataset\decafia_clean\images\train\MINADOR_65.jpg,train,MINADOR_65,,,,no_timestamp,,,,False
C:\Users\luise\OneDrive\Documentos\DECAFIA_v2\01_dataset\decafia_clean\images\train\MINADOR_67.jpg,train,MINADOR_67,,,,no_timestamp,,,,False
C:\Users\luise\OneDrive\Documentos\DECAFIA_v2\01_dataset\decafia_clean\images\train\MINADOR_68.jpg,train,MINADOR_68,,,,no_timestamp,,,,False
C:\Users\luise\OneDrive\Documentos\DECAFIA_v2\01_dataset\decafia_clean\images\train\MINADOR_69.jpg,train,MINADOR_69,,,,no_timestamp,,,,False
C:\Users\luise\OneDrive\Documentos\DECAFIA_v2\01_dataset\decafia_clean\images\train\MINADOR_7.jpg,train,MINADOR_7,,,,no_timestamp,,,,False
C:\Users\luise\OneDrive\Documentos\DECAFIA_v2\01_dataset\decafia_clean\images\train\MINADOR_70.jpg,train,MINADOR_70,,,,no_timestamp,,,,False
C:\Users\luise\OneDrive\Documentos\DECAFIA_v2\01_dataset\decafia_clean\images\train\MINADOR_73.jpg,train,MINADOR_73,,,,no_timestamp,,,,False
C:\Users\luise\OneDrive\Documentos\DECAFIA_v2\01_dataset\decafia_clean\images\train\MINADOR_74.jpg,train,MINADOR_74,,,,no_timestamp,,,,False
C:\Users\luise\OneDrive\Documentos\DECAFIA_v2\01_dataset\decafia_clean\images\train\MINADOR_75.jpg,train,MINADOR_75,,,,no_timestamp,,,,False
C:\Users\luise\OneDrive\Documentos\DECAFIA_v2\01_dataset\decafia_clean\images\train\MINADOR_76.jpg,train,MINADOR_76,,,,no_timestamp,,,,False
C:\Users\luise\OneDrive\Documentos\DECAFIA_v2\01_dataset\decafia_clean\images\train\MINADOR_78.jpg,train,MINADOR_78,,,,no_timestamp,,,,False
C:\Users\luise\OneDrive\Documentos\DECAFIA_v2\01_dataset\decafia_clean\images\train\MINADOR_79.jpg,train,MINADOR_79,,,,no_timestamp,,,,False
C:\Users\luise\OneDrive\Documentos\DECAFIA_v2\01_dataset\decafia_clean\images\train\MINADOR_8.jpg,train,MINADOR_8,,,,no_timestamp,,,,False
C:\Users\luise\OneDrive\Documentos\DECAFIA_v2\01_dataset\decafia_clean\images\train\MINADOR_80.jpg,train,MINADOR_80,,,,no_timestamp,,,,False
C:\Users\luise\OneDrive\Documentos\DECAFIA_v2\01_dataset\decafia_clean\images\train\MINADOR_81.jpg,train,MINADOR_81,,,,no_timestamp,,,,False
C:\Users\luise\OneDrive\Documentos\DECAFIA_v2\01_dataset\decafia_clean\images\train\MINADOR_82.jpg,train,MINADOR_82,,,,no_timestamp,,,,False
C:\Users\luise\OneDrive\Documentos\DECAFIA_v2\01_dataset\decafia_clean\images\train\MINADOR_83.jpg,train,MINADOR_83,,,,no_timestamp,,,,False
C:\Users\luise\OneDrive\Documentos\DECAFIA_v2\01_dataset\decafia_clean\images\train\MINEIRO_0.jpg,train,MINEIRO_0,,,,no_timestamp,,,,False
C:\Users\luise\OneDrive\Documentos\DECAFIA_v2\01_dataset\decafia_clean\images\train\MINEIRO_10.jpg,train,MINEIRO_10,,,,no_timestamp,,,,False
C:\Users\luise\OneDrive\Documentos\DECAFIA_v2\01_dataset\decafia_clean\images\train\MINEIRO_100.jpg,train,MINEIRO_100,,,,no_timestamp,,,,False
C:\Users\luise\OneDrive\Documentos\DECAFIA_v2\01_dataset\decafia_clean\images\train\MINEIRO_101.jpg,train,MINEIRO_101,,,,no_timestamp,,,,False
C:\Users\luise\OneDrive\Documentos\DECAFIA_v2\01_dataset\decafia_clean\images\train\MINEIRO_102.jpg,train,MINEIRO_102,,,,no_timestamp,,,,False
C:\Users\luise\OneDrive\Documentos\DECAFIA_v2\01_dataset\decafia_clean\images\train\MINEIRO_103.jpg,train,MINEIRO_103,,,,no_timestamp,,,,False
C:\Users\luise\OneDrive\Documentos\DECAFIA_v2\01_dataset\decafia_clean\images\train\MINEIRO_104.jpg,train,MINEIRO_104,,,,no_timestamp,,,,False
C:\Users\luise\OneDrive\Documentos\DECAFIA_v2\01_dataset\decafia_clean\images\train\MINEIRO_105.jpg,train,MINEIRO_105,,,,no_timestamp,,,,False
C:\Users\luise\OneDrive\Documentos\DECAFIA_v2\01_dataset\decafia_clean\images\train\MINEIRO_106.jpg,train,MINEIRO_106,,,,no_timestamp,,,,False
C:\Users\luise\OneDrive\Documentos\DECAFIA_v2\01_dataset\decafia_clean\images\train\MINEIRO_107.jpg,train,MINEIRO_107,,,,no_timestamp,,,,False
C:\Users\luise\OneDrive\Documentos\DECAFIA_v2\01_dataset\decafia_clean\images\train\MINEIRO_109.jpg,train,MINEIRO_109,,,,no_timestamp,,,,False
C:\Users\luise\OneDrive\Documentos\DECAFIA_v2\01_dataset\decafia_clean\images\train\MINEIRO_11.jpg,train,MINEIRO_11,,,,no_timestamp,,,,False
C:\Users\luise\OneDrive\Documentos\DECAFIA_v2\01_dataset\decafia_clean\images\train\MINEIRO_113.jpg,train,MINEIRO_113,,,,no_timestamp,,,,False
C:\Users\luise\OneDrive\Documentos\DECAFIA_v2\01_dataset\decafia_clean\images\train\MINEIRO_115.jpg,train,MINEIRO_115,,,,no_timestamp,,,,False
C:\Users\luise\OneDrive\Documentos\DECAFIA_v2\01_dataset\decafia_clean\images\train\MINEIRO_117.jpg,train,MINEIRO_117,,,,no_timestamp,,,,False
C:\Users\luise\OneDrive\Documentos\DECAFIA_v2\01_dataset\decafia_clean\images\train\MINEIRO_118.jpg,train,MINEIRO_118,,,,no_timestamp,,,,False
C:\Users\luise\OneDrive\Documentos\DECAFIA_v2\01_dataset\decafia_clean\images\train\MINEIRO_119.jpg,train,MINEIRO_119,,,,no_timestamp,,,,False
C:\Users\luise\OneDrive\Documentos\DECAFIA_v2\01_dataset\decafia_clean\images\train\MINEIRO_12.jpg,train,MINEIRO_12,,,,no_timestamp,,,,False
C:\Users\luise\OneDrive\Documentos\DECAFIA_v2\01_dataset\decafia_clean\images\train\MINEIRO_121.jpg,train,MINEIRO_121,,,,no_timestamp,,,,False
C:\Users\luise\OneDrive\Documentos\DECAFIA_v2\01_dataset\decafia_clean\images\train\MINEIRO_122.jpg,train,MINEIRO_122,,,,no_timestamp,,,,False
C:\Users\luise\OneDrive\Documentos\DECAFIA_v2\01_dataset\decafia_clean\images\train\MINEIRO_123.jpg,train,MINEIRO_123,,,,no_timestamp,,,,False
C:\Users\luise\OneDrive\Documentos\DECAFIA_v2\01_dataset\decafia_clean\images\train\MINEIRO_124.jpg,train,MINEIRO_124,,,,no_timestamp,,,,False
C:\Users\luise\OneDrive\Documentos\DECAFIA_v2\01_dataset\decafia_clean\images\train\MINEIRO_125.jpg,train,MINEIRO_125,,,,no_timestamp,,,,False
C:\Users\luise\OneDrive\Documentos\DECAFIA_v2\01_dataset\decafia_clean\images\train\MINEIRO_126.jpg,train,MINEIRO_126,,,,no_timestamp,,,,False
C:\Users\luise\OneDrive\Documentos\DECAFIA_v2\01_dataset\decafia_clean\images\train\MINEIRO_127.jpg,train,MINEIRO_127,,,,no_timestamp,,,,False
C:\Users\luise\OneDrive\Documentos\DECAFIA_v2\01_dataset\decafia_clean\images\train\MINEIRO_128.jpg,train,MINEIRO_128,,,,no_timestamp,,,,False
C:\Users\luise\OneDrive\Documentos\DECAFIA_v2\01_dataset\decafia_clean\images\train\MINEIRO_129.jpg,train,MINEIRO_129,,,,no_timestamp,,,,False
C:\Users\luise\OneDrive\Documentos\DECAFIA_v2\01_dataset\decafia_clean\images\train\MINEIRO_13.jpg,train,MINEIRO_13,,,,no_timestamp,,,,False
C:\Users\luise\OneDrive\Documentos\DECAFIA_v2\01_dataset\decafia_clean\images\train\MINEIRO_131.jpg,train,MINEIRO_131,,,,no_timestamp,,,,False
C:\Users\luise\OneDrive\Documentos\DECAFIA_v2\01_dataset\decafia_clean\images\train\MINEIRO_133.jpg,train,MINEIRO_133,,,,no_timestamp,,,,False
C:\Users\luise\OneDrive\Documentos\DECAFIA_v2\01_dataset\decafia_clean\images\train\MINEIRO_134.jpg,train,MINEIRO_134,,,,no_timestamp,,,,False
C:\Users\luise\OneDrive\Documentos\DECAFIA_v2\01_dataset\decafia_clean\images\train\MINEIRO_135.jpg,train,MINEIRO_135,,,,no_timestamp,,,,False
C:\Users\luise\OneDrive\Documentos\DECAFIA_v2\01_dataset\decafia_clean\images\train\MINEIRO_136.jpg,train,MINEIRO_136,,,,no_timestamp,,,,False
C:\Users\luise\OneDrive\Documentos\DECAFIA_v2\01_dataset\decafia_clean\images\train\MINEIRO_137.jpg,train,MINEIRO_137,,,,no_timestamp,,,,False
C:\Users\luise\OneDrive\Documentos\DECAFIA_v2\01_dataset\decafia_clean\images\train\MINEIRO_138.jpg,train,MINEIRO_138,,,,no_timestamp,,,,False
C:\Users\luise\OneDrive\Documentos\DECAFIA_v2\01_dataset\decafia_clean\images\train\MINEIRO_139.jpg,train,MINEIRO_139,,,,no_timestamp,,,,False
C:\Users\luise\OneDrive\Documentos\DECAFIA_v2\01_dataset\decafia_clean\images\train\MINEIRO_14.jpg,train,MINEIRO_14,,,,no_timestamp,,,,False
C:\Users\luise\OneDrive\Documentos\DECAFIA_v2\01_dataset\decafia_clean\images\train\MINEIRO_142.jpg,train,MINEIRO_142,,,,no_timestamp,,,,False
C:\Users\luise\OneDrive\Documentos\DECAFIA_v2\01_dataset\decafia_clean\images\train\MINEIRO_144.jpg,train,MINEIRO_144,,,,no_timestamp,,,,False
C:\Users\luise\OneDrive\Documentos\DECAFIA_v2\01_dataset\decafia_clean\images\train\MINEIRO_146.jpg,train,MINEIRO_146,,,,no_timestamp,,,,False
C:\Users\luise\OneDrive\Documentos\DECAFIA_v2\01_dataset\decafia_clean\images\train\MINEIRO_149.jpg,train,MINEIRO_149,,,,no_timestamp,,,,False
C:\Users\luise\OneDrive\Documentos\DECAFIA_v2\01_dataset\decafia_clean\images\train\MINEIRO_15.jpg,train,MINEIRO_15,,,,no_timestamp,,,,False
C:\Users\luise\OneDrive\Documentos\DECAFIA_v2\01_dataset\decafia_clean\images\train\MINEIRO_151.jpg,train,MINEIRO_151,,,,no_timestamp,,,,False
C:\Users\luise\OneDrive\Documentos\DECAFIA_v2\01_dataset\decafia_clean\images\train\MINEIRO_152.jpg,train,MINEIRO_152,,,,no_timestamp,,,,False
C:\Users\luise\OneDrive\Documentos\DECAFIA_v2\01_dataset\decafia_clean\images\train\MINEIRO_153.jpg,train,MINEIRO_153,,,,no_timestamp,,,,False
C:\Users\luise\OneDrive\Documentos\DECAFIA_v2\01_dataset\decafia_clean\images\train\MINEIRO_155.jpg,train,MINEIRO_155,,,,no_timestamp,,,,False
C:\Users\luise\OneDrive\Documentos\DECAFIA_v2\01_dataset\decafia_clean\images\train\MINEIRO_157.jpg,train,MINEIRO_157,,,,no_timestamp,,,,False
C:\Users\luise\OneDrive\Documentos\DECAFIA_v2\01_dataset\decafia_clean\images\train\MINEIRO_158.jpg,train,MINEIRO_158,,,,no_timestamp,,,,False
C:\Users\luise\OneDrive\Documentos\DECAFIA_v2\01_dataset\decafia_clean\images\train\MINEIRO_159.jpg,train,MINEIRO_159,,,,no_timestamp,,,,False
C:\Users\luise\OneDrive\Documentos\DECAFIA_v2\01_dataset\decafia_clean\images\train\MINEIRO_16.jpg,train,MINEIRO_16,,,,no_timestamp,,,,False
C:\Users\luise\OneDrive\Documentos\DECAFIA_v2\01_dataset\decafia_clean\images\train\MINEIRO_160.jpg,train,MINEIRO_160,,,,no_timestamp,,,,False
C:\Users\luise\OneDrive\Documentos\DECAFIA_v2\01_dataset\decafia_clean\images\train\MINEIRO_161.jpg,train,MINEIRO_161,,,,no_timestamp,,,,False
C:\Users\luise\OneDrive\Documentos\DECAFIA_v2\01_dataset\decafia_clean\images\train\MINEIRO_162.jpg,train,MINEIRO_162,,,,no_timestamp,,,,False
C:\Users\luise\OneDrive\Documentos\DECAFIA_v2\01_dataset\decafia_clean\images\train\MINEIRO_163.jpg,train,MINEIRO_163,,,,no_timestamp,,,,False
C:\Users\luise\OneDrive\Documentos\DECAFIA_v2\01_dataset\decafia_clean\images\train\MINEIRO_165.jpg,train,MINEIRO_165,,,,no_timestamp,,,,False
C:\Users\luise\OneDrive\Documentos\DECAFIA_v2\01_dataset\decafia_clean\images\train\MINEIRO_166.jpg,train,MINEIRO_166,,,,no_timestamp,,,,False
C:\Users\luise\OneDrive\Documentos\DECAFIA_v2\01_dataset\decafia_clean\images\train\MINEIRO_167.jpg,train,MINEIRO_167,,,,no_timestamp,,,,False
C:\Users\luise\OneDrive\Documentos\DECAFIA_v2\01_dataset\decafia_clean\images\train\MINEIRO_168.jpg,train,MINEIRO_168,,,,no_timestamp,,,,False
C:\Users\luise\OneDrive\Documentos\DECAFIA_v2\01_dataset\decafia_clean\images\train\MINEIRO_170.jpg,train,MINEIRO_170,,,,no_timestamp,,,,False
C:\Users\luise\OneDrive\Documentos\DECAFIA_v2\01_dataset\decafia_clean\images\train\MINEIRO_173.jpg,train,MINEIRO_173,,,,no_timestamp,,,,False
C:\Users\luise\OneDrive\Documentos\DECAFIA_v2\01_dataset\decafia_clean\images\train\MINEIRO_175.jpg,train,MINEIRO_175,,,,no_timestamp,,,,False
C:\Users\luise\OneDrive\Documentos\DECAFIA_v2\01_dataset\decafia_clean\images\train\MINEIRO_177.jpg,train,MINEIRO_177,,,,no_timestamp,,,,False
C:\Users\luise\OneDrive\Documentos\DECAFIA_v2\01_dataset\decafia_clean\images\train\MINEIRO_178.jpg,train,MINEIRO_178,,,,no_timestamp,,,,False
C:\Users\luise\OneDrive\Documentos\DECAFIA_v2\01_dataset\decafia_clean\images\train\MINEIRO_18.jpg,train,MINEIRO_18,,,,no_timestamp,,,,False
C:\Users\luise\OneDrive\Documentos\DECAFIA_v2\01_dataset\decafia_clean\images\train\MINEIRO_180.jpg,train,MINEIRO_180,,,,no_timestamp,,,,False
C:\Users\luise\OneDrive\Documentos\DECAFIA_v2\01_dataset\decafia_clean\images\train\MINEIRO_181.jpg,train,MINEIRO_181,,,,no_timestamp,,,,False
C:\Users\luise\OneDrive\Documentos\DECAFIA_v2\01_dataset\decafia_clean\images\train\MINEIRO_182.jpg,train,MINEIRO_182,,,,no_timestamp,,,,False
C:\Users\luise\OneDrive\Documentos\DECAFIA_v2\01_dataset\decafia_clean\images\train\MINEIRO_183.jpg,train,MINEIRO_183,,,,no_timestamp,,,,False
C:\Users\luise\OneDrive\Documentos\DECAFIA_v2\01_dataset\decafia_clean\images\train\MINEIRO_184.jpg,train,MINEIRO_184,,,,no_timestamp,,,,False
C:\Users\luise\OneDrive\Documentos\DECAFIA_v2\01_dataset\decafia_clean\images\train\MINEIRO_185.jpg,train,MINEIRO_185,,,,no_timestamp,,,,False
C:\Users\luise\OneDrive\Documentos\DECAFIA_v2\01_dataset\decafia_clean\images\train\MINEIRO_186.jpg,train,MINEIRO_186,,,,no_timestamp,,,,False
C:\Users\luise\OneDrive\Documentos\DECAFIA_v2\01_dataset\decafia_clean\images\train\MINEIRO_188.jpg,train,MINEIRO_188,,,,no_timestamp,,,,False
C:\Users\luise\OneDrive\Documentos\DECAFIA_v2\01_dataset\decafia_clean\images\train\MINEIRO_189.jpg,train,MINEIRO_189,,,,no_timestamp,,,,False
C:\Users\luise\OneDrive\Documentos\DECAFIA_v2\01_dataset\decafia_clean\images\train\MINEIRO_19.jpg,train,MINEIRO_19,,,,no_timestamp,,,,False
C:\Users\luise\OneDrive\Documentos\DECAFIA_v2\01_dataset\decafia_clean\images\train\MINEIRO_190.jpg,train,MINEIRO_190,,,,no_timestamp,,,,False
C:\Users\luise\OneDrive\Documentos\DECAFIA_v2\01_dataset\decafia_clean\images\train\MINEIRO_192.jpg,train,MINEIRO_192,,,,no_timestamp,,,,False
C:\Users\luise\OneDrive\Documentos\DECAFIA_v2\01_dataset\decafia_clean\images\train\MINEIRO_2.jpg,train,MINEIRO_2,,,,no_timestamp,,,,False
C:\Users\luise\OneDrive\Documentos\DECAFIA_v2\01_dataset\decafia_clean\images\train\MINEIRO_22.jpg,train,MINEIRO_22,,,,no_timestamp,,,,False
C:\Users\luise\OneDrive\Documentos\DECAFIA_v2\01_dataset\decafia_clean\images\train\MINEIRO_23.jpg,train,MINEIRO_23,,,,no_timestamp,,,,False
C:\Users\luise\OneDrive\Documentos\DECAFIA_v2\01_dataset\decafia_clean\images\train\MINEIRO_24.jpg,train,MINEIRO_24,,,,no_timestamp,,,,False
C:\Users\luise\OneDrive\Documentos\DECAFIA_v2\01_dataset\decafia_clean\images\train\MINEIRO_25.jpg,train,MINEIRO_25,,,,no_timestamp,,,,False
C:\Users\luise\OneDrive\Documentos\DECAFIA_v2\01_dataset\decafia_clean\images\train\MINEIRO_26.jpg,train,MINEIRO_26,,,,no_timestamp,,,,False
C:\Users\luise\OneDrive\Documentos\DECAFIA_v2\01_dataset\decafia_clean\images\train\MINEIRO_27.jpg,train,MINEIRO_27,,,,no_timestamp,,,,False
C:\Users\luise\OneDrive\Documentos\DECAFIA_v2\01_dataset\decafia_clean\images\train\MINEIRO_28.jpg,train,MINEIRO_28,,,,no_timestamp,,,,False
C:\Users\luise\OneDrive\Documentos\DECAFIA_v2\01_dataset\decafia_clean\images\train\MINEIRO_29.jpg,train,MINEIRO_29,,,,no_timestamp,,,,False
C:\Users\luise\OneDrive\Documentos\DECAFIA_v2\01_dataset\decafia_clean\images\train\MINEIRO_30.jpg,train,MINEIRO_30,,,,no_timestamp,,,,False
C:\Users\luise\OneDrive\Documentos\DECAFIA_v2\01_dataset\decafia_clean\images\train\MINEIRO_31.jpg,train,MINEIRO_31,,,,no_timestamp,,,,False
C:\Users\luise\OneDrive\Documentos\DECAFIA_v2\01_dataset\decafia_clean\images\train\MINEIRO_34.jpg,train,MINEIRO_34,,,,no_timestamp,,,,False
C:\Users\luise\OneDrive\Documentos\DECAFIA_v2\01_dataset\decafia_clean\images\train\MINEIRO_35.jpg,train,MINEIRO_35,,,,no_timestamp,,,,False
C:\Users\luise\OneDrive\Documentos\DECAFIA_v2\01_dataset\decafia_clean\images\train\MINEIRO_36.jpg,train,MINEIRO_36,,,,no_timestamp,,,,False
C:\Users\luise\OneDrive\Documentos\DECAFIA_v2\01_dataset\decafia_clean\images\train\MINEIRO_37.jpg,train,MINEIRO_37,,,,no_timestamp,,,,False
C:\Users\luise\OneDrive\Documentos\DECAFIA_v2\01_dataset\decafia_clean\images\train\MINEIRO_38.jpg,train,MINEIRO_38,,,,no_timestamp,,,,False
C:\Users\luise\OneDrive\Documentos\DECAFIA_v2\01_dataset\decafia_clean\images\train\MINEIRO_39.jpg,train,MINEIRO_39,,,,no_timestamp,,,,False
C:\Users\luise\OneDrive\Documentos\DECAFIA_v2\01_dataset\decafia_clean\images\train\MINEIRO_4.jpg,train,MINEIRO_4,,,,no_timestamp,,,,False
C:\Users\luise\OneDrive\Documentos\DECAFIA_v2\01_dataset\decafia_clean\images\train\MINEIRO_40.jpg,train,MINEIRO_40,,,,no_timestamp,,,,False
C:\Users\luise\OneDrive\Documentos\DECAFIA_v2\01_dataset\decafia_clean\images\train\MINEIRO_41.jpg,train,MINEIRO_41,,,,no_timestamp,,,,False
C:\Users\luise\OneDrive\Documentos\DECAFIA_v2\01_dataset\decafia_clean\images\train\MINEIRO_43.jpg,train,MINEIRO_43,,,,no_timestamp,,,,False
C:\Users\luise\OneDrive\Documentos\DECAFIA_v2\01_dataset\decafia_clean\images\train\MINEIRO_45.jpg,train,MINEIRO_45,,,,no_timestamp,,,,False
C:\Users\luise\OneDrive\Documentos\DECAFIA_v2\01_dataset\decafia_clean\images\train\MINEIRO_46.jpg,train,MINEIRO_46,,,,no_timestamp,,,,False
C:\Users\luise\OneDrive\Documentos\DECAFIA_v2\01_dataset\decafia_clean\images\train\MINEIRO_47.jpg,train,MINEIRO_47,,,,no_timestamp,,,,False
C:\Users\luise\OneDrive\Documentos\DECAFIA_v2\01_dataset\decafia_clean\images\train\MINEIRO_48.jpg,train,MINEIRO_48,,,,no_timestamp,,,,False
C:\Users\luise\OneDrive\Documentos\DECAFIA_v2\01_dataset\decafia_clean\images\train\MINEIRO_49.jpg,train,MINEIRO_49,,,,no_timestamp,,,,False
C:\Users\luise\OneDrive\Documentos\DECAFIA_v2\01_dataset\decafia_clean\images\train\MINEIRO_5.jpg,train,MINEIRO_5,,,,no_timestamp,,,,False
C:\Users\luise\OneDrive\Documentos\DECAFIA_v2\01_dataset\decafia_clean\images\train\MINEIRO_51.jpg,train,MINEIRO_51,,,,no_timestamp,,,,False
C:\Users\luise\OneDrive\Documentos\DECAFIA_v2\01_dataset\decafia_clean\images\train\MINEIRO_53.jpg,train,MINEIRO_53,,,,no_timestamp,,,,False
C:\Users\luise\OneDrive\Documentos\DECAFIA_v2\01_dataset\decafia_clean\images\train\MINEIRO_54.jpg,train,MINEIRO_54,,,,no_timestamp,,,,False
C:\Users\luise\OneDrive\Documentos\DECAFIA_v2\01_dataset\decafia_clean\images\train\MINEIRO_55.jpg,train,MINEIRO_55,,,,no_timestamp,,,,False
C:\Users\luise\OneDrive\Documentos\DECAFIA_v2\01_dataset\decafia_clean\images\train\MINEIRO_56.jpg,train,MINEIRO_56,,,,no_timestamp,,,,False
C:\Users\luise\OneDrive\Documentos\DECAFIA_v2\01_dataset\decafia_clean\images\train\MINEIRO_57.jpg,train,MINEIRO_57,,,,no_timestamp,,,,False
C:\Users\luise\OneDrive\Documentos\DECAFIA_v2\01_dataset\decafia_clean\images\train\MINEIRO_58.jpg,train,MINEIRO_58,,,,no_timestamp,,,,False
C:\Users\luise\OneDrive\Documentos\DECAFIA_v2\01_dataset\decafia_clean\images\train\MINEIRO_59.jpg,train,MINEIRO_59,,,,no_timestamp,,,,False
C:\Users\luise\OneDrive\Documentos\DECAFIA_v2\01_dataset\decafia_clean\images\train\MINEIRO_6.jpg,train,MINEIRO_6,,,,no_timestamp,,,,False
C:\Users\luise\OneDrive\Documentos\DECAFIA_v2\01_dataset\decafia_clean\images\train\MINEIRO_60.jpg,train,MINEIRO_60,,,,no_timestamp,,,,False
C:\Users\luise\OneDrive\Documentos\DECAFIA_v2\01_dataset\decafia_clean\images\train\MINEIRO_64.jpg,train,MINEIRO_64,,,,no_timestamp,,,,False
C:\Users\luise\OneDrive\Documentos\DECAFIA_v2\01_dataset\decafia_clean\images\train\MINEIRO_65.jpg,train,MINEIRO_65,,,,no_timestamp,,,,False
C:\Users\luise\OneDrive\Documentos\DECAFIA_v2\01_dataset\decafia_clean\images\train\MINEIRO_67.jpg,train,MINEIRO_67,,,,no_timestamp,,,,False
C:\Users\luise\OneDrive\Documentos\DECAFIA_v2\01_dataset\decafia_clean\images\train\MINEIRO_68.jpg,train,MINEIRO_68,,,,no_timestamp,,,,False
C:\Users\luise\OneDrive\Documentos\DECAFIA_v2\01_dataset\decafia_clean\images\train\MINEIRO_7.jpg,train,MINEIRO_7,,,,no_timestamp,,,,False
C:\Users\luise\OneDrive\Documentos\DECAFIA_v2\01_dataset\decafia_clean\images\train\MINEIRO_70.jpg,train,MINEIRO_70,,,,no_timestamp,,,,False
C:\Users\luise\OneDrive\Documentos\DECAFIA_v2\01_dataset\decafia_clean\images\train\MINEIRO_71.jpg,train,MINEIRO_71,,,,no_timestamp,,,,False
C:\Users\luise\OneDrive\Documentos\DECAFIA_v2\01_dataset\decafia_clean\images\train\MINEIRO_74.jpg,train,MINEIRO_74,,,,no_timestamp,,,,False
C:\Users\luise\OneDrive\Documentos\DECAFIA_v2\01_dataset\decafia_clean\images\train\MINEIRO_75.jpg,train,MINEIRO_75,,,,no_timestamp,,,,False
C:\Users\luise\OneDrive\Documentos\DECAFIA_v2\01_dataset\decafia_clean\images\train\MINEIRO_79.jpg,train,MINEIRO_79,,,,no_timestamp,,,,False
C:\Users\luise\OneDrive\Documentos\DECAFIA_v2\01_dataset\decafia_clean\images\train\MINEIRO_81.jpg,train,MINEIRO_81,,,,no_timestamp,,,,False
C:\Users\luise\OneDrive\Documentos\DECAFIA_v2\01_dataset\decafia_clean\images\train\MINEIRO_82.jpg,train,MINEIRO_82,,,,no_timestamp,,,,False
C:\Users\luise\OneDrive\Documentos\DECAFIA_v2\01_dataset\decafia_clean\images\train\MINEIRO_83.jpg,train,MINEIRO_83,,,,no_timestamp,,,,False
C:\Users\luise\OneDrive\Documentos\DECAFIA_v2\01_dataset\decafia_clean\images\train\MINEIRO_84.jpg,train,MINEIRO_84,,,,no_timestamp,,,,False
C:\Users\luise\OneDrive\Documentos\DECAFIA_v2\01_dataset\decafia_clean\images\train\MINEIRO_85.jpg,train,MINEIRO_85,,,,no_timestamp,,,,False
C:\Users\luise\OneDrive\Documentos\DECAFIA_v2\01_dataset\decafia_clean\images\train\MINEIRO_86.jpg,train,MINEIRO_86,,,,no_timestamp,,,,False
C:\Users\luise\OneDrive\Documentos\DECAFIA_v2\01_dataset\decafia_clean\images\train\MINEIRO_87.jpg,train,MINEIRO_87,,,,no_timestamp,,,,False
C:\Users\luise\OneDrive\Documentos\DECAFIA_v2\01_dataset\decafia_clean\images\train\MINEIRO_90.jpg,train,MINEIRO_90,,,,no_timestamp,,,,False
C:\Users\luise\OneDrive\Documentos\DECAFIA_v2\01_dataset\decafia_clean\images\train\MINEIRO_91.jpg,train,MINEIRO_91,,,,no_timestamp,,,,False
C:\Users\luise\OneDrive\Documentos\DECAFIA_v2\01_dataset\decafia_clean\images\train\MINEIRO_93.jpg,train,MINEIRO_93,,,,no_timestamp,,,,False
C:\Users\luise\OneDrive\Documentos\DECAFIA_v2\01_dataset\decafia_clean\images\train\MINEIRO_94.jpg,train,MINEIRO_94,,,,no_timestamp,,,,False
C:\Users\luise\OneDrive\Documentos\DECAFIA_v2\01_dataset\decafia_clean\images\train\MINEIRO_97.jpg,train,MINEIRO_97,,,,no_timestamp,,,,False
C:\Users\luise\OneDrive\Documentos\DECAFIA_v2\01_dataset\decafia_clean\images\train\MINEIRO_98.jpg,train,MINEIRO_98,,,,no_timestamp,,,,False
C:\Users\luise\OneDrive\Documentos\DECAFIA_v2\01_dataset\decafia_clean\images\train\MINEIRO_99.jpg,train,MINEIRO_99,,,,no_timestamp,,,,False
C:\Users\luise\OneDrive\Documentos\DECAFIA_v2\01_dataset\decafia_clean\images\train\ROYA_FONDO_1.jpg,train,ROYA_FONDO_1,,,,no_timestamp,,,,False
C:\Users\luise\OneDrive\Documentos\DECAFIA_v2\01_dataset\decafia_clean\images\train\ROYA_FONDO_10.jpg,train,ROYA_FONDO_10,,,,no_timestamp,,,,False
C:\Users\luise\OneDrive\Documentos\DECAFIA_v2\01_dataset\decafia_clean\images\train\ROYA_FONDO_11.jpg,train,ROYA_FONDO_11,,,,no_timestamp,,,,False
C:\Users\luise\OneDrive\Documentos\DECAFIA_v2\01_dataset\decafia_clean\images\train\ROYA_FONDO_13.jpg,train,ROYA_FONDO_13,,,,no_timestamp,,,,False
C:\Users\luise\OneDrive\Documentos\DECAFIA_v2\01_dataset\decafia_clean\images\train\ROYA_FONDO_15.jpg,train,ROYA_FONDO_15,,,,no_timestamp,,,,False
C:\Users\luise\OneDrive\Documentos\DECAFIA_v2\01_dataset\decafia_clean\images\train\ROYA_FONDO_18.jpg,train,ROYA_FONDO_18,,,,no_timestamp,,,,False
C:\Users\luise\OneDrive\Documentos\DECAFIA_v2\01_dataset\decafia_clean\images\train\ROYA_FONDO_19.jpg,train,ROYA_FONDO_19,,,,no_timestamp,,,,False
C:\Users\luise\OneDrive\Documentos\DECAFIA_v2\01_dataset\decafia_clean\images\train\ROYA_FONDO_2.jpg,train,ROYA_FONDO_2,,,,no_timestamp,,,,False
C:\Users\luise\OneDrive\Documentos\DECAFIA_v2\01_dataset\decafia_clean\images\train\ROYA_FONDO_20.jpg,train,ROYA_FONDO_20,,,,no_timestamp,,,,False
C:\Users\luise\OneDrive\Documentos\DECAFIA_v2\01_dataset\decafia_clean\images\train\ROYA_FONDO_22.jpg,train,ROYA_FONDO_22,,,,no_timestamp,,,,False
C:\Users\luise\OneDrive\Documentos\DECAFIA_v2\01_dataset\decafia_clean\images\train\ROYA_FONDO_23.jpg,train,ROYA_FONDO_23,,,,no_timestamp,,,,False
C:\Users\luise\OneDrive\Documentos\DECAFIA_v2\01_dataset\decafia_clean\images\train\ROYA_FONDO_24.jpg,train,ROYA_FONDO_24,,,,no_timestamp,,,,False
C:\Users\luise\OneDrive\Documentos\DECAFIA_v2\01_dataset\decafia_clean\images\train\ROYA_FONDO_25.jpg,train,ROYA_FONDO_25,,,,no_timestamp,,,,False
C:\Users\luise\OneDrive\Documentos\DECAFIA_v2\01_dataset\decafia_clean\images\train\ROYA_FONDO_28.jpg,train,ROYA_FONDO_28,,,,no_timestamp,,,,False
C:\Users\luise\OneDrive\Documentos\DECAFIA_v2\01_dataset\decafia_clean\images\train\ROYA_FONDO_29.jpg,train,ROYA_FONDO_29,,,,no_timestamp,,,,False
C:\Users\luise\OneDrive\Documentos\DECAFIA_v2\01_dataset\decafia_clean\images\train\ROYA_FONDO_3.jpg,train,ROYA_FONDO_3,,,,no_timestamp,,,,False
C:\Users\luise\OneDrive\Documentos\DECAFIA_v2\01_dataset\decafia_clean\images\train\ROYA_FONDO_30.jpg,train,ROYA_FONDO_30,,,,no_timestamp,,,,False
C:\Users\luise\OneDrive\Documentos\DECAFIA_v2\01_dataset\decafia_clean\images\train\ROYA_FONDO_31.jpg,train,ROYA_FONDO_31,,,,no_timestamp,,,,False
C:\Users\luise\OneDrive\Documentos\DECAFIA_v2\01_dataset\decafia_clean\images\train\ROYA_FONDO_33.jpg,train,ROYA_FONDO_33,,,,no_timestamp,,,,False
C:\Users\luise\OneDrive\Documentos\DECAFIA_v2\01_dataset\decafia_clean\images\train\ROYA_FONDO_36.jpg,train,ROYA_FONDO_36,,,,no_timestamp,,,,False
C:\Users\luise\OneDrive\Documentos\DECAFIA_v2\01_dataset\decafia_clean\images\train\ROYA_FONDO_37.jpg,train,ROYA_FONDO_37,,,,no_timestamp,,,,False
C:\Users\luise\OneDrive\Documentos\DECAFIA_v2\01_dataset\decafia_clean\images\train\ROYA_FONDO_38.jpg,train,ROYA_FONDO_38,,,,no_timestamp,,,,False
C:\Users\luise\OneDrive\Documentos\DECAFIA_v2\01_dataset\decafia_clean\images\train\ROYA_FONDO_41.jpg,train,ROYA_FONDO_41,,,,no_timestamp,,,,False
C:\Users\luise\OneDrive\Documentos\DECAFIA_v2\01_dataset\decafia_clean\images\train\ROYA_FONDO_42.jpg,train,ROYA_FONDO_42,,,,no_timestamp,,,,False
C:\Users\luise\OneDrive\Documentos\DECAFIA_v2\01_dataset\decafia_clean\images\train\ROYA_FONDO_44.jpg,train,ROYA_FONDO_44,,,,no_timestamp,,,,False
C:\Users\luise\OneDrive\Documentos\DECAFIA_v2\01_dataset\decafia_clean\images\train\ROYA_FONDO_45.jpg,train,ROYA_FONDO_45,,,,no_timestamp,,,,False
C:\Users\luise\OneDrive\Documentos\DECAFIA_v2\01_dataset\decafia_clean\images\train\ROYA_FONDO_46.jpg,train,ROYA_FONDO_46,,,,no_timestamp,,,,False
C:\Users\luise\OneDrive\Documentos\DECAFIA_v2\01_dataset\decafia_clean\images\train\ROYA_FONDO_47.jpg,train,ROYA_FONDO_47,,,,no_timestamp,,,,False
C:\Users\luise\OneDrive\Documentos\DECAFIA_v2\01_dataset\decafia_clean\images\train\ROYA_FONDO_49.jpg,train,ROYA_FONDO_49,,,,no_timestamp,,,,False
C:\Users\luise\OneDrive\Documentos\DECAFIA_v2\01_dataset\decafia_clean\images\train\ROYA_FONDO_50.jpg,train,ROYA_FONDO_50,,,,no_timestamp,,,,False
C:\Users\luise\OneDrive\Documentos\DECAFIA_v2\01_dataset\decafia_clean\images\train\ROYA_FONDO_51.jpg,train,ROYA_FONDO_51,,,,no_timestamp,,,,False
C:\Users\luise\OneDrive\Documentos\DECAFIA_v2\01_dataset\decafia_clean\images\train\ROYA_FONDO_53.jpg,train,ROYA_FONDO_53,,,,no_timestamp,,,,False
C:\Users\luise\OneDrive\Documentos\DECAFIA_v2\01_dataset\decafia_clean\images\train\ROYA_FONDO_54.jpg,train,ROYA_FONDO_54,,,,no_timestamp,,,,False
C:\Users\luise\OneDrive\Documentos\DECAFIA_v2\01_dataset\decafia_clean\images\train\ROYA_FONDO_55.jpg,train,ROYA_FONDO_55,,,,no_timestamp,,,,False
C:\Users\luise\OneDrive\Documentos\DECAFIA_v2\01_dataset\decafia_clean\images\train\ROYA_FONDO_57.jpg,train,ROYA_FONDO_57,,,,no_timestamp,,,,False
C:\Users\luise\OneDrive\Documentos\DECAFIA_v2\01_dataset\decafia_clean\images\train\ROYA_FONDO_58.jpg,train,ROYA_FONDO_58,,,,no_timestamp,,,,False
C:\Users\luise\OneDrive\Documentos\DECAFIA_v2\01_dataset\decafia_clean\images\train\ROYA_FONDO_59.jpg,train,ROYA_FONDO_59,,,,no_timestamp,,,,False
C:\Users\luise\OneDrive\Documentos\DECAFIA_v2\01_dataset\decafia_clean\images\train\ROYA_FONDO_6.jpg,train,ROYA_FONDO_6,,,,no_timestamp,,,,False
C:\Users\luise\OneDrive\Documentos\DECAFIA_v2\01_dataset\decafia_clean\images\train\ROYA_FONDO_60.jpg,train,ROYA_FONDO_60,,,,no_timestamp,,,,False
C:\Users\luise\OneDrive\Documentos\DECAFIA_v2\01_dataset\decafia_clean\images\train\ROYA_FONDO_62.jpg,train,ROYA_FONDO_62,,,,no_timestamp,,,,False
C:\Users\luise\OneDrive\Documentos\DECAFIA_v2\01_dataset\decafia_clean\images\train\ROYA_FONDO_64.jpg,train,ROYA_FONDO_64,,,,no_timestamp,,,,False
C:\Users\luise\OneDrive\Documentos\DECAFIA_v2\01_dataset\decafia_clean\images\train\ROYA_FONDO_65.jpg,train,ROYA_FONDO_65,,,,no_timestamp,,,,False
C:\Users\luise\OneDrive\Documentos\DECAFIA_v2\01_dataset\decafia_clean\images\train\ROYA_FONDO_66.jpg,train,ROYA_FONDO_66,,,,no_timestamp,,,,False
C:\Users\luise\OneDrive\Documentos\DECAFIA_v2\01_dataset\decafia_clean\images\train\ROYA_FONDO_67.jpg,train,ROYA_FONDO_67,,,,no_timestamp,,,,False
C:\Users\luise\OneDrive\Documentos\DECAFIA_v2\01_dataset\decafia_clean\images\train\ROYA_FONDO_68.jpg,train,ROYA_FONDO_68,,,,no_timestamp,,,,False
C:\Users\luise\OneDrive\Documentos\DECAFIA_v2\01_dataset\decafia_clean\images\train\ROYA_FONDO_7.jpg,train,ROYA_FONDO_7,,,,no_timestamp,,,,False
C:\Users\luise\OneDrive\Documentos\DECAFIA_v2\01_dataset\decafia_clean\images\train\ROYA_FONDO_71.jpg,train,ROYA_FONDO_71,,,,no_timestamp,,,,False
C:\Users\luise\OneDrive\Documentos\DECAFIA_v2\01_dataset\decafia_clean\images\train\ROYA_FONDO_72.jpg,train,ROYA_FONDO_72,,,,no_timestamp,,,,False
C:\Users\luise\OneDrive\Documentos\DECAFIA_v2\01_dataset\decafia_clean\images\train\ROYA_FONDO_74.jpg,train,ROYA_FONDO_74,,,,no_timestamp,,,,False
C:\Users\luise\OneDrive\Documentos\DECAFIA_v2\01_dataset\decafia_clean\images\train\ROYA_FONDO_75.jpg,train,ROYA_FONDO_75,,,,no_timestamp,,,,False
C:\Users\luise\OneDrive\Documentos\DECAFIA_v2\01_dataset\decafia_clean\images\train\ROYA_FONDO_77.jpg,train,ROYA_FONDO_77,,,,no_timestamp,,,,False
C:\Users\luise\OneDrive\Documentos\DECAFIA_v2\01_dataset\decafia_clean\images\train\ROYA_FONDO_79.jpg,train,ROYA_FONDO_79,,,,no_timestamp,,,,False
C:\Users\luise\OneDrive\Documentos\DECAFIA_v2\01_dataset\decafia_clean\images\train\ROYA_FONDO_80.jpg,train,ROYA_FONDO_80,,,,no_timestamp,,,,False
C:\Users\luise\OneDrive\Documentos\DECAFIA_v2\01_dataset\decafia_clean\images\train\ROYA_FONDO_82.jpg,train,ROYA_FONDO_82,,,,no_timestamp,,,,False
C:\Users\luise\OneDrive\Documentos\DECAFIA_v2\01_dataset\decafia_clean\images\train\ROYA_FONDO_83.jpg,train,ROYA_FONDO_83,,,,no_timestamp,,,,False
C:\Users\luise\OneDrive\Documentos\DECAFIA_v2\01_dataset\decafia_clean\images\train\ROYA_FONDO_84.jpg,train,ROYA_FONDO_84,,,,no_timestamp,,,,False
C:\Users\luise\OneDrive\Documentos\DECAFIA_v2\01_dataset\decafia_clean\images\train\ROYA_FONDO_86.jpg,train,ROYA_FONDO_86,,,,no_timestamp,,,,False
C:\Users\luise\OneDrive\Documentos\DECAFIA_v2\01_dataset\decafia_clean\images\train\ROYA_FONDO_9.jpg,train,ROYA_FONDO_9,,,,no_timestamp,,,,False
C:\Users\luise\OneDrive\Documentos\DECAFIA_v2\01_dataset\decafia_clean\images\train\ROYA_FONDO_90.jpg,train,ROYA_FONDO_90,,,,no_timestamp,,,,False
C:\Users\luise\OneDrive\Documentos\DECAFIA_v2\01_dataset\decafia_clean\images\train\ROYA_FONDO_92.jpg,train,ROYA_FONDO_92,,,,no_timestamp,,,,False
C:\Users\luise\OneDrive\Documentos\DECAFIA_v2\01_dataset\decafia_clean\images\train\ROYA_FONDO_94.jpg,train,ROYA_FONDO_94,,,,no_timestamp,,,,False
C:\Users\luise\OneDrive\Documentos\DECAFIA_v2\01_dataset\decafia_clean\images\train\ROYA_MA_10.jpg,train,ROYA_MA_10,,,,no_timestamp,,,,False
C:\Users\luise\OneDrive\Documentos\DECAFIA_v2\01_dataset\decafia_clean\images\train\ROYA_MA_12.jpg,train,ROYA_MA_12,,,,no_timestamp,,,,False
C:\Users\luise\OneDrive\Documentos\DECAFIA_v2\01_dataset\decafia_clean\images\train\ROYA_MA_16.jpg,train,ROYA_MA_16,,,,no_timestamp,,,,False
C:\Users\luise\OneDrive\Documentos\DECAFIA_v2\01_dataset\decafia_clean\images\train\ROYA_MA_17.jpg,train,ROYA_MA_17,,,,no_timestamp,,,,False
C:\Users\luise\OneDrive\Documentos\DECAFIA_v2\01_dataset\decafia_clean\images\train\ROYA_MA_18.jpg,train,ROYA_MA_18,,,,no_timestamp,,,,False
C:\Users\luise\OneDrive\Documentos\DECAFIA_v2\01_dataset\decafia_clean\images\train\ROYA_MA_19.jpg,train,ROYA_MA_19,,,,no_timestamp,,,,False
C:\Users\luise\OneDrive\Documentos\DECAFIA_v2\01_dataset\decafia_clean\images\train\ROYA_MA_2.jpg,train,ROYA_MA_2,,,,no_timestamp,,,,False
C:\Users\luise\OneDrive\Documentos\DECAFIA_v2\01_dataset\decafia_clean\images\train\ROYA_MA_21.jpg,train,ROYA_MA_21,,,,no_timestamp,,,,False
C:\Users\luise\OneDrive\Documentos\DECAFIA_v2\01_dataset\decafia_clean\images\train\ROYA_MA_22.jpg,train,ROYA_MA_22,,,,no_timestamp,,,,False
C:\Users\luise\OneDrive\Documentos\DECAFIA_v2\01_dataset\decafia_clean\images\train\ROYA_MA_23.jpg,train,ROYA_MA_23,,,,no_timestamp,,,,False
C:\Users\luise\OneDrive\Documentos\DECAFIA_v2\01_dataset\decafia_clean\images\train\ROYA_MA_24.jpg,train,ROYA_MA_24,,,,no_timestamp,,,,False
C:\Users\luise\OneDrive\Documentos\DECAFIA_v2\01_dataset\decafia_clean\images\train\ROYA_MA_25.jpg,train,ROYA_MA_25,,,,no_timestamp,,,,False
C:\Users\luise\OneDrive\Documentos\DECAFIA_v2\01_dataset\decafia_clean\images\train\ROYA_MA_26.jpg,train,ROYA_MA_26,,,,no_timestamp,,,,False
C:\Users\luise\OneDrive\Documentos\DECAFIA_v2\01_dataset\decafia_clean\images\train\ROYA_MA_27.jpg,train,ROYA_MA_27,,,,no_timestamp,,,,False
C:\Users\luise\OneDrive\Documentos\DECAFIA_v2\01_dataset\decafia_clean\images\train\ROYA_MA_28.jpg,train,ROYA_MA_28,,,,no_timestamp,,,,False
C:\Users\luise\OneDrive\Documentos\DECAFIA_v2\01_dataset\decafia_clean\images\train\ROYA_MA_29.jpg,train,ROYA_MA_29,,,,no_timestamp,,,,False
C:\Users\luise\OneDrive\Documentos\DECAFIA_v2\01_dataset\decafia_clean\images\train\ROYA_MA_3.jpg,train,ROYA_MA_3,,,,no_timestamp,,,,False
C:\Users\luise\OneDrive\Documentos\DECAFIA_v2\01_dataset\decafia_clean\images\train\ROYA_MA_30.jpg,train,ROYA_MA_30,,,,no_timestamp,,,,False
C:\Users\luise\OneDrive\Documentos\DECAFIA_v2\01_dataset\decafia_clean\images\train\ROYA_MA_31.jpg,train,ROYA_MA_31,,,,no_timestamp,,,,False
C:\Users\luise\OneDrive\Documentos\DECAFIA_v2\01_dataset\decafia_clean\images\train\ROYA_MA_32.jpg,train,ROYA_MA_32,,,,no_timestamp,,,,False
C:\Users\luise\OneDrive\Documentos\DECAFIA_v2\01_dataset\decafia_clean\images\train\ROYA_MA_34.jpg,train,ROYA_MA_34,,,,no_timestamp,,,,False
C:\Users\luise\OneDrive\Documentos\DECAFIA_v2\01_dataset\decafia_clean\images\train\ROYA_MA_35.jpg,train,ROYA_MA_35,,,,no_timestamp,,,,False
C:\Users\luise\OneDrive\Documentos\DECAFIA_v2\01_dataset\decafia_clean\images\train\ROYA_MA_36.jpg,train,ROYA_MA_36,,,,no_timestamp,,,,False
C:\Users\luise\OneDrive\Documentos\DECAFIA_v2\01_dataset\decafia_clean\images\train\ROYA_MA_39.jpg,train,ROYA_MA_39,,,,no_timestamp,,,,False
C:\Users\luise\OneDrive\Documentos\DECAFIA_v2\01_dataset\decafia_clean\images\train\ROYA_MA_4.jpg,train,ROYA_MA_4,,,,no_timestamp,,,,False
C:\Users\luise\OneDrive\Documentos\DECAFIA_v2\01_dataset\decafia_clean\images\train\ROYA_MA_42.jpg,train,ROYA_MA_42,,,,no_timestamp,,,,False
C:\Users\luise\OneDrive\Documentos\DECAFIA_v2\01_dataset\decafia_clean\images\train\ROYA_MA_43.jpg,train,ROYA_MA_43,,,,no_timestamp,,,,False
C:\Users\luise\OneDrive\Documentos\DECAFIA_v2\01_dataset\decafia_clean\images\train\ROYA_MA_48.jpg,train,ROYA_MA_48,,,,no_timestamp,,,,False
C:\Users\luise\OneDrive\Documentos\DECAFIA_v2\01_dataset\decafia_clean\images\train\ROYA_MA_49.jpg,train,ROYA_MA_49,,,,no_timestamp,,,,False
C:\Users\luise\OneDrive\Documentos\DECAFIA_v2\01_dataset\decafia_clean\images\train\ROYA_MA_5.jpg,train,ROYA_MA_5,,,,no_timestamp,,,,False
C:\Users\luise\OneDrive\Documentos\DECAFIA_v2\01_dataset\decafia_clean\images\train\ROYA_MA_50.jpg,train,ROYA_MA_50,,,,no_timestamp,,,,False
C:\Users\luise\OneDrive\Documentos\DECAFIA_v2\01_dataset\decafia_clean\images\train\ROYA_MA_53.jpg,train,ROYA_MA_53,,,,no_timestamp,,,,False
C:\Users\luise\OneDrive\Documentos\DECAFIA_v2\01_dataset\decafia_clean\images\train\ROYA_MA_54.jpg,train,ROYA_MA_54,,,,no_timestamp,,,,False
C:\Users\luise\OneDrive\Documentos\DECAFIA_v2\01_dataset\decafia_clean\images\train\ROYA_MA_55.jpg,train,ROYA_MA_55,,,,no_timestamp,,,,False
C:\Users\luise\OneDrive\Documentos\DECAFIA_v2\01_dataset\decafia_clean\images\train\ROYA_MA_57.jpg,train,ROYA_MA_57,,,,no_timestamp,,,,False
C:\Users\luise\OneDrive\Documentos\DECAFIA_v2\01_dataset\decafia_clean\images\train\ROYA_MA_60.jpg,train,ROYA_MA_60,,,,no_timestamp,,,,False
C:\Users\luise\OneDrive\Documentos\DECAFIA_v2\01_dataset\decafia_clean\images\train\ROYA_MA_7.jpg,train,ROYA_MA_7,,,,no_timestamp,,,,False
C:\Users\luise\OneDrive\Documentos\DECAFIA_v2\01_dataset\decafia_clean\images\train\ROYA_MA_8.jpg,train,ROYA_MA_8,,,,no_timestamp,,,,False
C:\Users\luise\OneDrive\Documentos\DECAFIA_v2\01_dataset\decafia_clean\images\train\ROYA_MA_9.jpg,train,ROYA_MA_9,,,,no_timestamp,,,,False
C:\Users\luise\OneDrive\Documentos\DECAFIA_v2\01_dataset\decafia_clean\images\train\ROYA_Muy_A_1.jpg,train,ROYA_Muy_A_1,,,,no_timestamp,,,,False
C:\Users\luise\OneDrive\Documentos\DECAFIA_v2\01_dataset\decafia_clean\images\train\ROYA_Muy_A_10.jpg,train,ROYA_Muy_A_10,,,,no_timestamp,,,,False
C:\Users\luise\OneDrive\Documentos\DECAFIA_v2\01_dataset\decafia_clean\images\train\ROYA_Muy_A_11.jpg,train,ROYA_Muy_A_11,,,,no_timestamp,,,,False
C:\Users\luise\OneDrive\Documentos\DECAFIA_v2\01_dataset\decafia_clean\images\train\ROYA_Muy_A_12.jpg,train,ROYA_Muy_A_12,,,,no_timestamp,,,,False
C:\Users\luise\OneDrive\Documentos\DECAFIA_v2\01_dataset\decafia_clean\images\train\ROYA_Muy_A_13.jpg,train,ROYA_Muy_A_13,,,,no_timestamp,,,,False
C:\Users\luise\OneDrive\Documentos\DECAFIA_v2\01_dataset\decafia_clean\images\train\ROYA_Muy_A_14.jpg,train,ROYA_Muy_A_14,,,,no_timestamp,,,,False
C:\Users\luise\OneDrive\Documentos\DECAFIA_v2\01_dataset\decafia_clean\images\train\ROYA_Muy_A_15.jpg,train,ROYA_Muy_A_15,,,,no_timestamp,,,,False
C:\Users\luise\OneDrive\Documentos\DECAFIA_v2\01_dataset\decafia_clean\images\train\ROYA_Muy_A_16.jpg,train,ROYA_Muy_A_16,,,,no_timestamp,,,,False
C:\Users\luise\OneDrive\Documentos\DECAFIA_v2\01_dataset\decafia_clean\images\train\ROYA_Muy_A_17.jpg,train,ROYA_Muy_A_17,,,,no_timestamp,,,,False
C:\Users\luise\OneDrive\Documentos\DECAFIA_v2\01_dataset\decafia_clean\images\train\ROYA_Muy_A_18.jpg,train,ROYA_Muy_A_18,,,,no_timestamp,,,,False
C:\Users\luise\OneDrive\Documentos\DECAFIA_v2\01_dataset\decafia_clean\images\train\ROYA_Muy_A_2.jpg,train,ROYA_Muy_A_2,,,,no_timestamp,,,,False
C:\Users\luise\OneDrive\Documentos\DECAFIA_v2\01_dataset\decafia_clean\images\train\ROYA_Muy_A_20.jpg,train,ROYA_Muy_A_20,,,,no_timestamp,,,,False
C:\Users\luise\OneDrive\Documentos\DECAFIA_v2\01_dataset\decafia_clean\images\train\ROYA_Muy_A_21.jpg,train,ROYA_Muy_A_21,,,,no_timestamp,,,,False
C:\Users\luise\OneDrive\Documentos\DECAFIA_v2\01_dataset\decafia_clean\images\train\ROYA_Muy_A_22.jpg,train,ROYA_Muy_A_22,,,,no_timestamp,,,,False
C:\Users\luise\OneDrive\Documentos\DECAFIA_v2\01_dataset\decafia_clean\images\train\ROYA_Muy_A_23.jpg,train,ROYA_Muy_A_23,,,,no_timestamp,,,,False
C:\Users\luise\OneDrive\Documentos\DECAFIA_v2\01_dataset\decafia_clean\images\train\ROYA_Muy_A_24.jpg,train,ROYA_Muy_A_24,,,,no_timestamp,,,,False
C:\Users\luise\OneDrive\Documentos\DECAFIA_v2\01_dataset\decafia_clean\images\train\ROYA_Muy_A_26.jpg,train,ROYA_Muy_A_26,,,,no_timestamp,,,,False
C:\Users\luise\OneDrive\Documentos\DECAFIA_v2\01_dataset\decafia_clean\images\train\ROYA_Muy_A_27.jpg,train,ROYA_Muy_A_27,,,,no_timestamp,,,,False
C:\Users\luise\OneDrive\Documentos\DECAFIA_v2\01_dataset\decafia_clean\images\train\ROYA_Muy_A_28.jpg,train,ROYA_Muy_A_28,,,,no_timestamp,,,,False
C:\Users\luise\OneDrive\Documentos\DECAFIA_v2\01_dataset\decafia_clean\images\train\ROYA_Muy_A_29.jpg,train,ROYA_Muy_A_29,,,,no_timestamp,,,,False
C:\Users\luise\OneDrive\Documentos\DECAFIA_v2\01_dataset\decafia_clean\images\train\ROYA_Muy_A_3.jpg,train,ROYA_Muy_A_3,,,,no_timestamp,,,,False
C:\Users\luise\OneDrive\Documentos\DECAFIA_v2\01_dataset\decafia_clean\images\train\ROYA_Muy_A_31.jpg,train,ROYA_Muy_A_31,,,,no_timestamp,,,,False
C:\Users\luise\OneDrive\Documentos\DECAFIA_v2\01_dataset\decafia_clean\images\train\ROYA_Muy_A_6.jpg,train,ROYA_Muy_A_6,,,,no_timestamp,,,,False
C:\Users\luise\OneDrive\Documentos\DECAFIA_v2\01_dataset\decafia_clean\images\train\ROYA_Muy_A_7.jpg,train,ROYA_Muy_A_7,,,,no_timestamp,,,,False
C:\Users\luise\OneDrive\Documentos\DECAFIA_v2\01_dataset\decafia_clean\images\train\ROYA_Muy_A_9.jpg,train,ROYA_Muy_A_9,,,,no_timestamp,,,,False
C:\Users\luise\OneDrive\Documentos\DECAFIA_v2\01_dataset\decafia_clean\images\train\ROYA_P_A_10.jpg,train,ROYA_P_A_10,,,,no_timestamp,,,,False
C:\Users\luise\OneDrive\Documentos\DECAFIA_v2\01_dataset\decafia_clean\images\train\ROYA_P_A_11.jpg,train,ROYA_P_A_11,,,,no_timestamp,,,,False
C:\Users\luise\OneDrive\Documentos\DECAFIA_v2\01_dataset\decafia_clean\images\train\ROYA_P_A_13.jpg,train,ROYA_P_A_13,,,,no_timestamp,,,,False
C:\Users\luise\OneDrive\Documentos\DECAFIA_v2\01_dataset\decafia_clean\images\train\ROYA_P_A_14.jpg,train,ROYA_P_A_14,,,,no_timestamp,,,,False
C:\Users\luise\OneDrive\Documentos\DECAFIA_v2\01_dataset\decafia_clean\images\train\ROYA_P_A_15.jpg,train,ROYA_P_A_15,,,,no_timestamp,,,,False
C:\Users\luise\OneDrive\Documentos\DECAFIA_v2\01_dataset\decafia_clean\images\train\ROYA_P_A_16.jpg,train,ROYA_P_A_16,,,,no_timestamp,,,,False
C:\Users\luise\OneDrive\Documentos\DECAFIA_v2\01_dataset\decafia_clean\images\train\ROYA_P_A_17.jpg,train,ROYA_P_A_17,,,,no_timestamp,,,,False
C:\Users\luise\OneDrive\Documentos\DECAFIA_v2\01_dataset\decafia_clean\images\train\ROYA_P_A_18.jpg,train,ROYA_P_A_18,,,,no_timestamp,,,,False
C:\Users\luise\OneDrive\Documentos\DECAFIA_v2\01_dataset\decafia_clean\images\train\ROYA_P_A_19.jpg,train,ROYA_P_A_19,,,,no_timestamp,,,,False
C:\Users\luise\OneDrive\Documentos\DECAFIA_v2\01_dataset\decafia_clean\images\train\ROYA_P_A_2.jpg,train,ROYA_P_A_2,,,,no_timestamp,,,,False
C:\Users\luise\OneDrive\Documentos\DECAFIA_v2\01_dataset\decafia_clean\images\train\ROYA_P_A_20.jpg,train,ROYA_P_A_20,,,,no_timestamp,,,,False
C:\Users\luise\OneDrive\Documentos\DECAFIA_v2\01_dataset\decafia_clean\images\train\ROYA_P_A_21.jpg,train,ROYA_P_A_21,,,,no_timestamp,,,,False
C:\Users\luise\OneDrive\Documentos\DECAFIA_v2\01_dataset\decafia_clean\images\train\ROYA_P_A_23.jpg,train,ROYA_P_A_23,,,,no_timestamp,,,,False
C:\Users\luise\OneDrive\Documentos\DECAFIA_v2\01_dataset\decafia_clean\images\train\ROYA_P_A_24.jpg,train,ROYA_P_A_24,,,,no_timestamp,,,,False
C:\Users\luise\OneDrive\Documentos\DECAFIA_v2\01_dataset\decafia_clean\images\train\ROYA_P_A_27.jpg,train,ROYA_P_A_27,,,,no_timestamp,,,,False
C:\Users\luise\OneDrive\Documentos\DECAFIA_v2\01_dataset\decafia_clean\images\train\ROYA_P_A_28.jpg,train,ROYA_P_A_28,,,,no_timestamp,,,,False
C:\Users\luise\OneDrive\Documentos\DECAFIA_v2\01_dataset\decafia_clean\images\train\ROYA_P_A_29.jpg,train,ROYA_P_A_29,,,,no_timestamp,,,,False
C:\Users\luise\OneDrive\Documentos\DECAFIA_v2\01_dataset\decafia_clean\images\train\ROYA_P_A_30.jpg,train,ROYA_P_A_30,,,,no_timestamp,,,,False
C:\Users\luise\OneDrive\Documentos\DECAFIA_v2\01_dataset\decafia_clean\images\train\ROYA_P_A_31.jpg,train,ROYA_P_A_31,,,,no_timestamp,,,,False
C:\Users\luise\OneDrive\Documentos\DECAFIA_v2\01_dataset\decafia_clean\images\train\ROYA_P_A_33.jpg,train,ROYA_P_A_33,,,,no_timestamp,,,,False
C:\Users\luise\OneDrive\Documentos\DECAFIA_v2\01_dataset\decafia_clean\images\train\ROYA_P_A_34.jpg,train,ROYA_P_A_34,,,,no_timestamp,,,,False
C:\Users\luise\OneDrive\Documentos\DECAFIA_v2\01_dataset\decafia_clean\images\train\ROYA_P_A_35.jpg,train,ROYA_P_A_35,,,,no_timestamp,,,,False
C:\Users\luise\OneDrive\Documentos\DECAFIA_v2\01_dataset\decafia_clean\images\train\ROYA_P_A_36.jpg,train,ROYA_P_A_36,,,,no_timestamp,,,,False
C:\Users\luise\OneDrive\Documentos\DECAFIA_v2\01_dataset\decafia_clean\images\train\ROYA_P_A_39.jpg,train,ROYA_P_A_39,,,,no_timestamp,,,,False
C:\Users\luise\OneDrive\Documentos\DECAFIA_v2\01_dataset\decafia_clean\images\train\ROYA_P_A_4.jpg,train,ROYA_P_A_4,,,,no_timestamp,,,,False
C:\Users\luise\OneDrive\Documentos\DECAFIA_v2\01_dataset\decafia_clean\images\train\ROYA_P_A_41.jpg,train,ROYA_P_A_41,,,,no_timestamp,,,,False
C:\Users\luise\OneDrive\Documentos\DECAFIA_v2\01_dataset\decafia_clean\images\train\ROYA_P_A_43.jpg,train,ROYA_P_A_43,,,,no_timestamp,,,,False
C:\Users\luise\OneDrive\Documentos\DECAFIA_v2\01_dataset\decafia_clean\images\train\ROYA_P_A_45.jpg,train,ROYA_P_A_45,,,,no_timestamp,,,,False
C:\Users\luise\OneDrive\Documentos\DECAFIA_v2\01_dataset\decafia_clean\images\train\ROYA_P_A_46.jpg,train,ROYA_P_A_46,,,,no_timestamp,,,,False
C:\Users\luise\OneDrive\Documentos\DECAFIA_v2\01_dataset\decafia_clean\images\train\ROYA_P_A_48.jpg,train,ROYA_P_A_48,,,,no_timestamp,,,,False
C:\Users\luise\OneDrive\Documentos\DECAFIA_v2\01_dataset\decafia_clean\images\train\ROYA_P_A_49.jpg,train,ROYA_P_A_49,,,,no_timestamp,,,,False
C:\Users\luise\OneDrive\Documentos\DECAFIA_v2\01_dataset\decafia_clean\images\train\ROYA_P_A_5.jpg,train,ROYA_P_A_5,,,,no_timestamp,,,,False
C:\Users\luise\OneDrive\Documentos\DECAFIA_v2\01_dataset\decafia_clean\images\train\ROYA_P_A_50.jpg,train,ROYA_P_A_50,,,,no_timestamp,,,,False
C:\Users\luise\OneDrive\Documentos\DECAFIA_v2\01_dataset\decafia_clean\images\train\ROYA_P_A_51.jpg,train,ROYA_P_A_51,,,,no_timestamp,,,,False
C:\Users\luise\OneDrive\Documentos\DECAFIA_v2\01_dataset\decafia_clean\images\train\ROYA_P_A_52.jpg,train,ROYA_P_A_52,,,,no_timestamp,,,,False
C:\Users\luise\OneDrive\Documentos\DECAFIA_v2\01_dataset\decafia_clean\images\train\ROYA_P_A_53.jpg,train,ROYA_P_A_53,,,,no_timestamp,,,,False
C:\Users\luise\OneDrive\Documentos\DECAFIA_v2\01_dataset\decafia_clean\images\train\ROYA_P_A_54.jpg,train,ROYA_P_A_54,,,,no_timestamp,,,,False
C:\Users\luise\OneDrive\Documentos\DECAFIA_v2\01_dataset\decafia_clean\images\train\ROYA_P_A_55.jpg,train,ROYA_P_A_55,,,,no_timestamp,,,,False
C:\Users\luise\OneDrive\Documentos\DECAFIA_v2\01_dataset\decafia_clean\images\train\ROYA_P_A_56.jpg,train,ROYA_P_A_56,,,,no_timestamp,,,,False
C:\Users\luise\OneDrive\Documentos\DECAFIA_v2\01_dataset\decafia_clean\images\train\ROYA_P_A_57.jpg,train,ROYA_P_A_57,,,,no_timestamp,,,,False
C:\Users\luise\OneDrive\Documentos\DECAFIA_v2\01_dataset\decafia_clean\images\train\ROYA_P_A_59.jpg,train,ROYA_P_A_59,,,,no_timestamp,,,,False
C:\Users\luise\OneDrive\Documentos\DECAFIA_v2\01_dataset\decafia_clean\images\train\ROYA_P_A_6.jpg,train,ROYA_P_A_6,,,,no_timestamp,,,,False
C:\Users\luise\OneDrive\Documentos\DECAFIA_v2\01_dataset\decafia_clean\images\train\ROYA_P_A_60.jpg,train,ROYA_P_A_60,,,,no_timestamp,,,,False
C:\Users\luise\OneDrive\Documentos\DECAFIA_v2\01_dataset\decafia_clean\images\train\ROYA_P_A_7.jpg,train,ROYA_P_A_7,,,,no_timestamp,,,,False
C:\Users\luise\OneDrive\Documentos\DECAFIA_v2\01_dataset\decafia_clean\images\train\ROYA_P_A_8.jpg,train,ROYA_P_A_8,,,,no_timestamp,,,,False
C:\Users\luise\OneDrive\Documentos\DECAFIA_v2\01_dataset\decafia_clean\images\train\ROYA_RECORTES_10.jpg,train,ROYA_RECORTES_10,,,,no_timestamp,,,,False
C:\Users\luise\OneDrive\Documentos\DECAFIA_v2\01_dataset\decafia_clean\images\train\ROYA_RECORTES_101.jpg,train,ROYA_RECORTES_101,,,,no_timestamp,,,,False
C:\Users\luise\OneDrive\Documentos\DECAFIA_v2\01_dataset\decafia_clean\images\train\ROYA_RECORTES_103.jpg,train,ROYA_RECORTES_103,,,,no_timestamp,,,,False
C:\Users\luise\OneDrive\Documentos\DECAFIA_v2\01_dataset\decafia_clean\images\train\ROYA_RECORTES_104.jpg,train,ROYA_RECORTES_104,,,,no_timestamp,,,,False
C:\Users\luise\OneDrive\Documentos\DECAFIA_v2\01_dataset\decafia_clean\images\train\ROYA_RECORTES_106.jpg,train,ROYA_RECORTES_106,,,,no_timestamp,,,,False
C:\Users\luise\OneDrive\Documentos\DECAFIA_v2\01_dataset\decafia_clean\images\train\ROYA_RECORTES_107.jpg,train,ROYA_RECORTES_107,,,,no_timestamp,,,,False
C:\Users\luise\OneDrive\Documentos\DECAFIA_v2\01_dataset\decafia_clean\images\train\ROYA_RECORTES_108.jpg,train,ROYA_RECORTES_108,,,,no_timestamp,,,,False
C:\Users\luise\OneDrive\Documentos\DECAFIA_v2\01_dataset\decafia_clean\images\train\ROYA_RECORTES_109.jpg,train,ROYA_RECORTES_109,,,,no_timestamp,,,,False
C:\Users\luise\OneDrive\Documentos\DECAFIA_v2\01_dataset\decafia_clean\images\train\ROYA_RECORTES_110.jpg,train,ROYA_RECORTES_110,,,,no_timestamp,,,,False
C:\Users\luise\OneDrive\Documentos\DECAFIA_v2\01_dataset\decafia_clean\images\train\ROYA_RECORTES_12.jpg,train,ROYA_RECORTES_12,,,,no_timestamp,,,,False
C:\Users\luise\OneDrive\Documentos\DECAFIA_v2\01_dataset\decafia_clean\images\train\ROYA_RECORTES_13.jpg,train,ROYA_RECORTES_13,,,,no_timestamp,,,,False
C:\Users\luise\OneDrive\Documentos\DECAFIA_v2\01_dataset\decafia_clean\images\train\ROYA_RECORTES_14.jpg,train,ROYA_RECORTES_14,,,,no_timestamp,,,,False
C:\Users\luise\OneDrive\Documentos\DECAFIA_v2\01_dataset\decafia_clean\images\train\ROYA_RECORTES_15.jpg,train,ROYA_RECORTES_15,,,,no_timestamp,,,,False
C:\Users\luise\OneDrive\Documentos\DECAFIA_v2\01_dataset\decafia_clean\images\train\ROYA_RECORTES_16.jpg,train,ROYA_RECORTES_16,,,,no_timestamp,,,,False
C:\Users\luise\OneDrive\Documentos\DECAFIA_v2\01_dataset\decafia_clean\images\train\ROYA_RECORTES_17.jpg,train,ROYA_RECORTES_17,,,,no_timestamp,,,,False
C:\Users\luise\OneDrive\Documentos\DECAFIA_v2\01_dataset\decafia_clean\images\train\ROYA_RECORTES_18.jpg,train,ROYA_RECORTES_18,,,,no_timestamp,,,,False
C:\Users\luise\OneDrive\Documentos\DECAFIA_v2\01_dataset\decafia_clean\images\train\ROYA_RECORTES_19.jpg,train,ROYA_RECORTES_19,,,,no_timestamp,,,,False
C:\Users\luise\OneDrive\Documentos\DECAFIA_v2\01_dataset\decafia_clean\images\train\ROYA_RECORTES_2.jpg,train,ROYA_RECORTES_2,,,,no_timestamp,,,,False
C:\Users\luise\OneDrive\Documentos\DECAFIA_v2\01_dataset\decafia_clean\images\train\ROYA_RECORTES_20.jpg,train,ROYA_RECORTES_20,,,,no_timestamp,,,,False
C:\Users\luise\OneDrive\Documentos\DECAFIA_v2\01_dataset\decafia_clean\images\train\ROYA_RECORTES_21.jpg,train,ROYA_RECORTES_21,,,,no_timestamp,,,,False
C:\Users\luise\OneDrive\Documentos\DECAFIA_v2\01_dataset\decafia_clean\images\train\ROYA_RECORTES_23.jpg,train,ROYA_RECORTES_23,,,,no_timestamp,,,,False
C:\Users\luise\OneDrive\Documentos\DECAFIA_v2\01_dataset\decafia_clean\images\train\ROYA_RECORTES_24.jpg,train,ROYA_RECORTES_24,,,,no_timestamp,,,,False
C:\Users\luise\OneDrive\Documentos\DECAFIA_v2\01_dataset\decafia_clean\images\train\ROYA_RECORTES_25.jpg,train,ROYA_RECORTES_25,,,,no_timestamp,,,,False
C:\Users\luise\OneDrive\Documentos\DECAFIA_v2\01_dataset\decafia_clean\images\train\ROYA_RECORTES_26.jpg,train,ROYA_RECORTES_26,,,,no_timestamp,,,,False
C:\Users\luise\OneDrive\Documentos\DECAFIA_v2\01_dataset\decafia_clean\images\train\ROYA_RECORTES_27.jpg,train,ROYA_RECORTES_27,,,,no_timestamp,,,,False
C:\Users\luise\OneDrive\Documentos\DECAFIA_v2\01_dataset\decafia_clean\images\train\ROYA_RECORTES_29.jpg,train,ROYA_RECORTES_29,,,,no_timestamp,,,,False
C:\Users\luise\OneDrive\Documentos\DECAFIA_v2\01_dataset\decafia_clean\images\train\ROYA_RECORTES_3.jpg,train,ROYA_RECORTES_3,,,,no_timestamp,,,,False
C:\Users\luise\OneDrive\Documentos\DECAFIA_v2\01_dataset\decafia_clean\images\train\ROYA_RECORTES_31.jpg,train,ROYA_RECORTES_31,,,,no_timestamp,,,,False
C:\Users\luise\OneDrive\Documentos\DECAFIA_v2\01_dataset\decafia_clean\images\train\ROYA_RECORTES_33.jpg,train,ROYA_RECORTES_33,,,,no_timestamp,,,,False
C:\Users\luise\OneDrive\Documentos\DECAFIA_v2\01_dataset\decafia_clean\images\train\ROYA_RECORTES_35.jpg,train,ROYA_RECORTES_35,,,,no_timestamp,,,,False
C:\Users\luise\OneDrive\Documentos\DECAFIA_v2\01_dataset\decafia_clean\images\train\ROYA_RECORTES_39.jpg,train,ROYA_RECORTES_39,,,,no_timestamp,,,,False
C:\Users\luise\OneDrive\Documentos\DECAFIA_v2\01_dataset\decafia_clean\images\train\ROYA_RECORTES_41.jpg,train,ROYA_RECORTES_41,,,,no_timestamp,,,,False
C:\Users\luise\OneDrive\Documentos\DECAFIA_v2\01_dataset\decafia_clean\images\train\ROYA_RECORTES_42.jpg,train,ROYA_RECORTES_42,,,,no_timestamp,,,,False
C:\Users\luise\OneDrive\Documentos\DECAFIA_v2\01_dataset\decafia_clean\images\train\ROYA_RECORTES_44.jpg,train,ROYA_RECORTES_44,,,,no_timestamp,,,,False
C:\Users\luise\OneDrive\Documentos\DECAFIA_v2\01_dataset\decafia_clean\images\train\ROYA_RECORTES_45.jpg,train,ROYA_RECORTES_45,,,,no_timestamp,,,,False
C:\Users\luise\OneDrive\Documentos\DECAFIA_v2\01_dataset\decafia_clean\images\train\ROYA_RECORTES_46.jpg,train,ROYA_RECORTES_46,,,,no_timestamp,,,,False
C:\Users\luise\OneDrive\Documentos\DECAFIA_v2\01_dataset\decafia_clean\images\train\ROYA_RECORTES_49.jpg,train,ROYA_RECORTES_49,,,,no_timestamp,,,,False
C:\Users\luise\OneDrive\Documentos\DECAFIA_v2\01_dataset\decafia_clean\images\train\ROYA_RECORTES_50.jpg,train,ROYA_RECORTES_50,,,,no_timestamp,,,,False
C:\Users\luise\OneDrive\Documentos\DECAFIA_v2\01_dataset\decafia_clean\images\train\ROYA_RECORTES_51.jpg,train,ROYA_RECORTES_51,,,,no_timestamp,,,,False
C:\Users\luise\OneDrive\Documentos\DECAFIA_v2\01_dataset\decafia_clean\images\train\ROYA_RECORTES_53.jpg,train,ROYA_RECORTES_53,,,,no_timestamp,,,,False
C:\Users\luise\OneDrive\Documentos\DECAFIA_v2\01_dataset\decafia_clean\images\train\ROYA_RECORTES_54.jpg,train,ROYA_RECORTES_54,,,,no_timestamp,,,,False
C:\Users\luise\OneDrive\Documentos\DECAFIA_v2\01_dataset\decafia_clean\images\train\ROYA_RECORTES_57.jpg,train,ROYA_RECORTES_57,,,,no_timestamp,,,,False
C:\Users\luise\OneDrive\Documentos\DECAFIA_v2\01_dataset\decafia_clean\images\train\ROYA_RECORTES_58.jpg,train,ROYA_RECORTES_58,,,,no_timestamp,,,,False
C:\Users\luise\OneDrive\Documentos\DECAFIA_v2\01_dataset\decafia_clean\images\train\ROYA_RECORTES_59.jpg,train,ROYA_RECORTES_59,,,,no_timestamp,,,,False
C:\Users\luise\OneDrive\Documentos\DECAFIA_v2\01_dataset\decafia_clean\images\train\ROYA_RECORTES_6.jpg,train,ROYA_RECORTES_6,,,,no_timestamp,,,,False
C:\Users\luise\OneDrive\Documentos\DECAFIA_v2\01_dataset\decafia_clean\images\train\ROYA_RECORTES_60.jpg,train,ROYA_RECORTES_60,,,,no_timestamp,,,,False
C:\Users\luise\OneDrive\Documentos\DECAFIA_v2\01_dataset\decafia_clean\images\train\ROYA_RECORTES_62.jpg,train,ROYA_RECORTES_62,,,,no_timestamp,,,,False
C:\Users\luise\OneDrive\Documentos\DECAFIA_v2\01_dataset\decafia_clean\images\train\ROYA_RECORTES_64.jpg,train,ROYA_RECORTES_64,,,,no_timestamp,,,,False
C:\Users\luise\OneDrive\Documentos\DECAFIA_v2\01_dataset\decafia_clean\images\train\ROYA_RECORTES_65.jpg,train,ROYA_RECORTES_65,,,,no_timestamp,,,,False
C:\Users\luise\OneDrive\Documentos\DECAFIA_v2\01_dataset\decafia_clean\images\train\ROYA_RECORTES_67.jpg,train,ROYA_RECORTES_67,,,,no_timestamp,,,,False
C:\Users\luise\OneDrive\Documentos\DECAFIA_v2\01_dataset\decafia_clean\images\train\ROYA_RECORTES_69.jpg,train,ROYA_RECORTES_69,,,,no_timestamp,,,,False
C:\Users\luise\OneDrive\Documentos\DECAFIA_v2\01_dataset\decafia_clean\images\train\ROYA_RECORTES_7.jpg,train,ROYA_RECORTES_7,,,,no_timestamp,,,,False
C:\Users\luise\OneDrive\Documentos\DECAFIA_v2\01_dataset\decafia_clean\images\train\ROYA_RECORTES_71.jpg,train,ROYA_RECORTES_71,,,,no_timestamp,,,,False
C:\Users\luise\OneDrive\Documentos\DECAFIA_v2\01_dataset\decafia_clean\images\train\ROYA_RECORTES_72.jpg,train,ROYA_RECORTES_72,,,,no_timestamp,,,,False
C:\Users\luise\OneDrive\Documentos\DECAFIA_v2\01_dataset\decafia_clean\images\train\ROYA_RECORTES_73.jpg,train,ROYA_RECORTES_73,,,,no_timestamp,,,,False
C:\Users\luise\OneDrive\Documentos\DECAFIA_v2\01_dataset\decafia_clean\images\train\ROYA_RECORTES_74.jpg,train,ROYA_RECORTES_74,,,,no_timestamp,,,,False
C:\Users\luise\OneDrive\Documentos\DECAFIA_v2\01_dataset\decafia_clean\images\train\ROYA_RECORTES_76.jpg,train,ROYA_RECORTES_76,,,,no_timestamp,,,,False
C:\Users\luise\OneDrive\Documentos\DECAFIA_v2\01_dataset\decafia_clean\images\train\ROYA_RECORTES_77.jpg,train,ROYA_RECORTES_77,,,,no_timestamp,,,,False
C:\Users\luise\OneDrive\Documentos\DECAFIA_v2\01_dataset\decafia_clean\images\train\ROYA_RECORTES_8.jpg,train,ROYA_RECORTES_8,,,,no_timestamp,,,,False
C:\Users\luise\OneDrive\Documentos\DECAFIA_v2\01_dataset\decafia_clean\images\train\ROYA_RECORTES_80.jpg,train,ROYA_RECORTES_80,,,,no_timestamp,,,,False
C:\Users\luise\OneDrive\Documentos\DECAFIA_v2\01_dataset\decafia_clean\images\train\ROYA_RECORTES_81.jpg,train,ROYA_RECORTES_81,,,,no_timestamp,,,,False
C:\Users\luise\OneDrive\Documentos\DECAFIA_v2\01_dataset\decafia_clean\images\train\ROYA_RECORTES_82.jpg,train,ROYA_RECORTES_82,,,,no_timestamp,,,,False
C:\Users\luise\OneDrive\Documentos\DECAFIA_v2\01_dataset\decafia_clean\images\train\ROYA_RECORTES_83.jpg,train,ROYA_RECORTES_83,,,,no_timestamp,,,,False
C:\Users\luise\OneDrive\Documentos\DECAFIA_v2\01_dataset\decafia_clean\images\train\ROYA_RECORTES_85.jpg,train,ROYA_RECORTES_85,,,,no_timestamp,,,,False
C:\Users\luise\OneDrive\Documentos\DECAFIA_v2\01_dataset\decafia_clean\images\train\ROYA_RECORTES_86.jpg,train,ROYA_RECORTES_86,,,,no_timestamp,,,,False
C:\Users\luise\OneDrive\Documentos\DECAFIA_v2\01_dataset\decafia_clean\images\train\ROYA_RECORTES_87.jpg,train,ROYA_RECORTES_87,,,,no_timestamp,,,,False
C:\Users\luise\OneDrive\Documentos\DECAFIA_v2\01_dataset\decafia_clean\images\train\ROYA_RECORTES_88.jpg,train,ROYA_RECORTES_88,,,,no_timestamp,,,,False
C:\Users\luise\OneDrive\Documentos\DECAFIA_v2\01_dataset\decafia_clean\images\train\ROYA_RECORTES_89.jpg,train,ROYA_RECORTES_89,,,,no_timestamp,,,,False
C:\Users\luise\OneDrive\Documentos\DECAFIA_v2\01_dataset\decafia_clean\images\train\ROYA_RECORTES_9.jpg,train,ROYA_RECORTES_9,,,,no_timestamp,,,,False
C:\Users\luise\OneDrive\Documentos\DECAFIA_v2\01_dataset\decafia_clean\images\train\ROYA_RECORTES_90.jpg,train,ROYA_RECORTES_90,,,,no_timestamp,,,,False
C:\Users\luise\OneDrive\Documentos\DECAFIA_v2\01_dataset\decafia_clean\images\train\ROYA_RECORTES_91.jpg,train,ROYA_RECORTES_91,,,,no_timestamp,,,,False
C:\Users\luise\OneDrive\Documentos\DECAFIA_v2\01_dataset\decafia_clean\images\train\ROYA_RECORTES_92.jpg,train,ROYA_RECORTES_92,,,,no_timestamp,,,,False
C:\Users\luise\OneDrive\Documentos\DECAFIA_v2\01_dataset\decafia_clean\images\train\ROYA_RECORTES_93.jpg,train,ROYA_RECORTES_93,,,,no_timestamp,,,,False
C:\Users\luise\OneDrive\Documentos\DECAFIA_v2\01_dataset\decafia_clean\images\train\ROYA_RECORTES_95.jpg,train,ROYA_RECORTES_95,,,,no_timestamp,,,,False
C:\Users\luise\OneDrive\Documentos\DECAFIA_v2\01_dataset\decafia_clean\images\train\ROYA_RECORTES_96.jpg,train,ROYA_RECORTES_96,,,,no_timestamp,,,,False
C:\Users\luise\OneDrive\Documentos\DECAFIA_v2\01_dataset\decafia_clean\images\train\ROYA_RECORTES_98.jpg,train,ROYA_RECORTES_98,,,,no_timestamp,,,,False
C:\Users\luise\OneDrive\Documentos\DECAFIA_v2\01_dataset\decafia_clean\images\train\ROYA_RECORTES_99.jpg,train,ROYA_RECORTES_99,,,,no_timestamp,,,,False
C:\Users\luise\OneDrive\Documentos\DECAFIA_v2\01_dataset\decafia_clean\images\train\SANAS_NUEVAS_1.jpg,train,SANAS_NUEVAS_1,,,,no_timestamp,,,,False
C:\Users\luise\OneDrive\Documentos\DECAFIA_v2\01_dataset\decafia_clean\images\train\SANAS_NUEVAS_100.jpg,train,SANAS_NUEVAS_100,,,,no_timestamp,,,,False
C:\Users\luise\OneDrive\Documentos\DECAFIA_v2\01_dataset\decafia_clean\images\train\SANAS_NUEVAS_104.jpg,train,SANAS_NUEVAS_104,,,,no_timestamp,,,,False
C:\Users\luise\OneDrive\Documentos\DECAFIA_v2\01_dataset\decafia_clean\images\train\SANAS_NUEVAS_105.jpg,train,SANAS_NUEVAS_105,,,,no_timestamp,,,,False
C:\Users\luise\OneDrive\Documentos\DECAFIA_v2\01_dataset\decafia_clean\images\train\SANAS_NUEVAS_106.jpg,train,SANAS_NUEVAS_106,,,,no_timestamp,,,,False
C:\Users\luise\OneDrive\Documentos\DECAFIA_v2\01_dataset\decafia_clean\images\train\SANAS_NUEVAS_107.jpg,train,SANAS_NUEVAS_107,,,,no_timestamp,,,,False
C:\Users\luise\OneDrive\Documentos\DECAFIA_v2\01_dataset\decafia_clean\images\train\SANAS_NUEVAS_108.jpg,train,SANAS_NUEVAS_108,,,,no_timestamp,,,,False
C:\Users\luise\OneDrive\Documentos\DECAFIA_v2\01_dataset\decafia_clean\images\train\SANAS_NUEVAS_109.jpg,train,SANAS_NUEVAS_109,,,,no_timestamp,,,,False
C:\Users\luise\OneDrive\Documentos\DECAFIA_v2\01_dataset\decafia_clean\images\train\SANAS_NUEVAS_11.jpg,train,SANAS_NUEVAS_11,,,,no_timestamp,,,,False
C:\Users\luise\OneDrive\Documentos\DECAFIA_v2\01_dataset\decafia_clean\images\train\SANAS_NUEVAS_110.jpg,train,SANAS_NUEVAS_110,,,,no_timestamp,,,,False
C:\Users\luise\OneDrive\Documentos\DECAFIA_v2\01_dataset\decafia_clean\images\train\SANAS_NUEVAS_113.jpg,train,SANAS_NUEVAS_113,,,,no_timestamp,,,,False
C:\Users\luise\OneDrive\Documentos\DECAFIA_v2\01_dataset\decafia_clean\images\train\SANAS_NUEVAS_115.jpg,train,SANAS_NUEVAS_115,,,,no_timestamp,,,,False
C:\Users\luise\OneDrive\Documentos\DECAFIA_v2\01_dataset\decafia_clean\images\train\SANAS_NUEVAS_116.jpg,train,SANAS_NUEVAS_116,,,,no_timestamp,,,,False
C:\Users\luise\OneDrive\Documentos\DECAFIA_v2\01_dataset\decafia_clean\images\train\SANAS_NUEVAS_117.jpg,train,SANAS_NUEVAS_117,,,,no_timestamp,,,,False
C:\Users\luise\OneDrive\Documentos\DECAFIA_v2\01_dataset\decafia_clean\images\train\SANAS_NUEVAS_119.jpg,train,SANAS_NUEVAS_119,,,,no_timestamp,,,,False
C:\Users\luise\OneDrive\Documentos\DECAFIA_v2\01_dataset\decafia_clean\images\train\SANAS_NUEVAS_12.jpg,train,SANAS_NUEVAS_12,,,,no_timestamp,,,,False
C:\Users\luise\OneDrive\Documentos\DECAFIA_v2\01_dataset\decafia_clean\images\train\SANAS_NUEVAS_123.jpg,train,SANAS_NUEVAS_123,,,,no_timestamp,,,,False
C:\Users\luise\OneDrive\Documentos\DECAFIA_v2\01_dataset\decafia_clean\images\train\SANAS_NUEVAS_124.jpg,train,SANAS_NUEVAS_124,,,,no_timestamp,,,,False
C:\Users\luise\OneDrive\Documentos\DECAFIA_v2\01_dataset\decafia_clean\images\train\SANAS_NUEVAS_126.jpg,train,SANAS_NUEVAS_126,,,,no_timestamp,,,,False
C:\Users\luise\OneDrive\Documentos\DECAFIA_v2\01_dataset\decafia_clean\images\train\SANAS_NUEVAS_127.jpg,train,SANAS_NUEVAS_127,,,,no_timestamp,,,,False
C:\Users\luise\OneDrive\Documentos\DECAFIA_v2\01_dataset\decafia_clean\images\train\SANAS_NUEVAS_129.jpg,train,SANAS_NUEVAS_129,,,,no_timestamp,,,,False
C:\Users\luise\OneDrive\Documentos\DECAFIA_v2\01_dataset\decafia_clean\images\train\SANAS_NUEVAS_13.jpg,train,SANAS_NUEVAS_13,,,,no_timestamp,,,,False
C:\Users\luise\OneDrive\Documentos\DECAFIA_v2\01_dataset\decafia_clean\images\train\SANAS_NUEVAS_130.jpg,train,SANAS_NUEVAS_130,,,,no_timestamp,,,,False
C:\Users\luise\OneDrive\Documentos\DECAFIA_v2\01_dataset\decafia_clean\images\train\SANAS_NUEVAS_131.jpg,train,SANAS_NUEVAS_131,,,,no_timestamp,,,,False
C:\Users\luise\OneDrive\Documentos\DECAFIA_v2\01_dataset\decafia_clean\images\train\SANAS_NUEVAS_132.jpg,train,SANAS_NUEVAS_132,,,,no_timestamp,,,,False
C:\Users\luise\OneDrive\Documentos\DECAFIA_v2\01_dataset\decafia_clean\images\train\SANAS_NUEVAS_134.jpg,train,SANAS_NUEVAS_134,,,,no_timestamp,,,,False
C:\Users\luise\OneDrive\Documentos\DECAFIA_v2\01_dataset\decafia_clean\images\train\SANAS_NUEVAS_136.jpg,train,SANAS_NUEVAS_136,,,,no_timestamp,,,,False
C:\Users\luise\OneDrive\Documentos\DECAFIA_v2\01_dataset\decafia_clean\images\train\SANAS_NUEVAS_137.jpg,train,SANAS_NUEVAS_137,,,,no_timestamp,,,,False
C:\Users\luise\OneDrive\Documentos\DECAFIA_v2\01_dataset\decafia_clean\images\train\SANAS_NUEVAS_138.jpg,train,SANAS_NUEVAS_138,,,,no_timestamp,,,,False
C:\Users\luise\OneDrive\Documentos\DECAFIA_v2\01_dataset\decafia_clean\images\train\SANAS_NUEVAS_14.jpg,train,SANAS_NUEVAS_14,,,,no_timestamp,,,,False
C:\Users\luise\OneDrive\Documentos\DECAFIA_v2\01_dataset\decafia_clean\images\train\SANAS_NUEVAS_140.jpg,train,SANAS_NUEVAS_140,,,,no_timestamp,,,,False
C:\Users\luise\OneDrive\Documentos\DECAFIA_v2\01_dataset\decafia_clean\images\train\SANAS_NUEVAS_142.jpg,train,SANAS_NUEVAS_142,,,,no_timestamp,,,,False
C:\Users\luise\OneDrive\Documentos\DECAFIA_v2\01_dataset\decafia_clean\images\train\SANAS_NUEVAS_143.jpg,train,SANAS_NUEVAS_143,,,,no_timestamp,,,,False
C:\Users\luise\OneDrive\Documentos\DECAFIA_v2\01_dataset\decafia_clean\images\train\SANAS_NUEVAS_147.jpg,train,SANAS_NUEVAS_147,,,,no_timestamp,,,,False
C:\Users\luise\OneDrive\Documentos\DECAFIA_v2\01_dataset\decafia_clean\images\train\SANAS_NUEVAS_148.jpg,train,SANAS_NUEVAS_148,,,,no_timestamp,,,,False
C:\Users\luise\OneDrive\Documentos\DECAFIA_v2\01_dataset\decafia_clean\images\train\SANAS_NUEVAS_15.jpg,train,SANAS_NUEVAS_15,,,,no_timestamp,,,,False
C:\Users\luise\OneDrive\Documentos\DECAFIA_v2\01_dataset\decafia_clean\images\train\SANAS_NUEVAS_150.jpg,train,SANAS_NUEVAS_150,,,,no_timestamp,,,,False
C:\Users\luise\OneDrive\Documentos\DECAFIA_v2\01_dataset\decafia_clean\images\train\SANAS_NUEVAS_151.jpg,train,SANAS_NUEVAS_151,,,,no_timestamp,,,,False
C:\Users\luise\OneDrive\Documentos\DECAFIA_v2\01_dataset\decafia_clean\images\train\SANAS_NUEVAS_152.jpg,train,SANAS_NUEVAS_152,,,,no_timestamp,,,,False
C:\Users\luise\OneDrive\Documentos\DECAFIA_v2\01_dataset\decafia_clean\images\train\SANAS_NUEVAS_153.jpg,train,SANAS_NUEVAS_153,,,,no_timestamp,,,,False
C:\Users\luise\OneDrive\Documentos\DECAFIA_v2\01_dataset\decafia_clean\images\train\SANAS_NUEVAS_154.jpg,train,SANAS_NUEVAS_154,,,,no_timestamp,,,,False
C:\Users\luise\OneDrive\Documentos\DECAFIA_v2\01_dataset\decafia_clean\images\train\SANAS_NUEVAS_155.jpg,train,SANAS_NUEVAS_155,,,,no_timestamp,,,,False
C:\Users\luise\OneDrive\Documentos\DECAFIA_v2\01_dataset\decafia_clean\images\train\SANAS_NUEVAS_156.jpg,train,SANAS_NUEVAS_156,,,,no_timestamp,,,,False
C:\Users\luise\OneDrive\Documentos\DECAFIA_v2\01_dataset\decafia_clean\images\train\SANAS_NUEVAS_158.jpg,train,SANAS_NUEVAS_158,,,,no_timestamp,,,,False
C:\Users\luise\OneDrive\Documentos\DECAFIA_v2\01_dataset\decafia_clean\images\train\SANAS_NUEVAS_161.jpg,train,SANAS_NUEVAS_161,,,,no_timestamp,,,,False
C:\Users\luise\OneDrive\Documentos\DECAFIA_v2\01_dataset\decafia_clean\images\train\SANAS_NUEVAS_162.jpg,train,SANAS_NUEVAS_162,,,,no_timestamp,,,,False
C:\Users\luise\OneDrive\Documentos\DECAFIA_v2\01_dataset\decafia_clean\images\train\SANAS_NUEVAS_164.jpg,train,SANAS_NUEVAS_164,,,,no_timestamp,,,,False
C:\Users\luise\OneDrive\Documentos\DECAFIA_v2\01_dataset\decafia_clean\images\train\SANAS_NUEVAS_165.jpg,train,SANAS_NUEVAS_165,,,,no_timestamp,,,,False
C:\Users\luise\OneDrive\Documentos\DECAFIA_v2\01_dataset\decafia_clean\images\train\SANAS_NUEVAS_166.jpg,train,SANAS_NUEVAS_166,,,,no_timestamp,,,,False
C:\Users\luise\OneDrive\Documentos\DECAFIA_v2\01_dataset\decafia_clean\images\train\SANAS_NUEVAS_168.jpg,train,SANAS_NUEVAS_168,,,,no_timestamp,,,,False
C:\Users\luise\OneDrive\Documentos\DECAFIA_v2\01_dataset\decafia_clean\images\train\SANAS_NUEVAS_17.jpg,train,SANAS_NUEVAS_17,,,,no_timestamp,,,,False
C:\Users\luise\OneDrive\Documentos\DECAFIA_v2\01_dataset\decafia_clean\images\train\SANAS_NUEVAS_170.jpg,train,SANAS_NUEVAS_170,,,,no_timestamp,,,,False
C:\Users\luise\OneDrive\Documentos\DECAFIA_v2\01_dataset\decafia_clean\images\train\SANAS_NUEVAS_171.jpg,train,SANAS_NUEVAS_171,,,,no_timestamp,,,,False
C:\Users\luise\OneDrive\Documentos\DECAFIA_v2\01_dataset\decafia_clean\images\train\SANAS_NUEVAS_173.jpg,train,SANAS_NUEVAS_173,,,,no_timestamp,,,,False
C:\Users\luise\OneDrive\Documentos\DECAFIA_v2\01_dataset\decafia_clean\images\train\SANAS_NUEVAS_174.jpg,train,SANAS_NUEVAS_174,,,,no_timestamp,,,,False
C:\Users\luise\OneDrive\Documentos\DECAFIA_v2\01_dataset\decafia_clean\images\train\SANAS_NUEVAS_175.jpg,train,SANAS_NUEVAS_175,,,,no_timestamp,,,,False
C:\Users\luise\OneDrive\Documentos\DECAFIA_v2\01_dataset\decafia_clean\images\train\SANAS_NUEVAS_176.jpg,train,SANAS_NUEVAS_176,,,,no_timestamp,,,,False
C:\Users\luise\OneDrive\Documentos\DECAFIA_v2\01_dataset\decafia_clean\images\train\SANAS_NUEVAS_178.jpg,train,SANAS_NUEVAS_178,,,,no_timestamp,,,,False
C:\Users\luise\OneDrive\Documentos\DECAFIA_v2\01_dataset\decafia_clean\images\train\SANAS_NUEVAS_179.jpg,train,SANAS_NUEVAS_179,,,,no_timestamp,,,,False
C:\Users\luise\OneDrive\Documentos\DECAFIA_v2\01_dataset\decafia_clean\images\train\SANAS_NUEVAS_180.jpg,train,SANAS_NUEVAS_180,,,,no_timestamp,,,,False
C:\Users\luise\OneDrive\Documentos\DECAFIA_v2\01_dataset\decafia_clean\images\train\SANAS_NUEVAS_181.jpg,train,SANAS_NUEVAS_181,,,,no_timestamp,,,,False
C:\Users\luise\OneDrive\Documentos\DECAFIA_v2\01_dataset\decafia_clean\images\train\SANAS_NUEVAS_182.jpg,train,SANAS_NUEVAS_182,,,,no_timestamp,,,,False
C:\Users\luise\OneDrive\Documentos\DECAFIA_v2\01_dataset\decafia_clean\images\train\SANAS_NUEVAS_183.jpg,train,SANAS_NUEVAS_183,,,,no_timestamp,,,,False
C:\Users\luise\OneDrive\Documentos\DECAFIA_v2\01_dataset\decafia_clean\images\train\SANAS_NUEVAS_184.jpg,train,SANAS_NUEVAS_184,,,,no_timestamp,,,,False
C:\Users\luise\OneDrive\Documentos\DECAFIA_v2\01_dataset\decafia_clean\images\train\SANAS_NUEVAS_185.jpg,train,SANAS_NUEVAS_185,,,,no_timestamp,,,,False
C:\Users\luise\OneDrive\Documentos\DECAFIA_v2\01_dataset\decafia_clean\images\train\SANAS_NUEVAS_187.jpg,train,SANAS_NUEVAS_187,,,,no_timestamp,,,,False
C:\Users\luise\OneDrive\Documentos\DECAFIA_v2\01_dataset\decafia_clean\images\train\SANAS_NUEVAS_189.jpg,train,SANAS_NUEVAS_189,,,,no_timestamp,,,,False
C:\Users\luise\OneDrive\Documentos\DECAFIA_v2\01_dataset\decafia_clean\images\train\SANAS_NUEVAS_19.jpg,train,SANAS_NUEVAS_19,,,,no_timestamp,,,,False
C:\Users\luise\OneDrive\Documentos\DECAFIA_v2\01_dataset\decafia_clean\images\train\SANAS_NUEVAS_190.jpg,train,SANAS_NUEVAS_190,,,,no_timestamp,,,,False
C:\Users\luise\OneDrive\Documentos\DECAFIA_v2\01_dataset\decafia_clean\images\train\SANAS_NUEVAS_191.jpg,train,SANAS_NUEVAS_191,,,,no_timestamp,,,,False
C:\Users\luise\OneDrive\Documentos\DECAFIA_v2\01_dataset\decafia_clean\images\train\SANAS_NUEVAS_192.jpg,train,SANAS_NUEVAS_192,,,,no_timestamp,,,,False
C:\Users\luise\OneDrive\Documentos\DECAFIA_v2\01_dataset\decafia_clean\images\train\SANAS_NUEVAS_193.jpg,train,SANAS_NUEVAS_193,,,,no_timestamp,,,,False
C:\Users\luise\OneDrive\Documentos\DECAFIA_v2\01_dataset\decafia_clean\images\train\SANAS_NUEVAS_195.jpg,train,SANAS_NUEVAS_195,,,,no_timestamp,,,,False
C:\Users\luise\OneDrive\Documentos\DECAFIA_v2\01_dataset\decafia_clean\images\train\SANAS_NUEVAS_196.jpg,train,SANAS_NUEVAS_196,,,,no_timestamp,,,,False
C:\Users\luise\OneDrive\Documentos\DECAFIA_v2\01_dataset\decafia_clean\images\train\SANAS_NUEVAS_197.jpg,train,SANAS_NUEVAS_197,,,,no_timestamp,,,,False
C:\Users\luise\OneDrive\Documentos\DECAFIA_v2\01_dataset\decafia_clean\images\train\SANAS_NUEVAS_198.jpg,train,SANAS_NUEVAS_198,,,,no_timestamp,,,,False
C:\Users\luise\OneDrive\Documentos\DECAFIA_v2\01_dataset\decafia_clean\images\train\SANAS_NUEVAS_199.jpg,train,SANAS_NUEVAS_199,,,,no_timestamp,,,,False
C:\Users\luise\OneDrive\Documentos\DECAFIA_v2\01_dataset\decafia_clean\images\train\SANAS_NUEVAS_2.jpg,train,SANAS_NUEVAS_2,,,,no_timestamp,,,,False
C:\Users\luise\OneDrive\Documentos\DECAFIA_v2\01_dataset\decafia_clean\images\train\SANAS_NUEVAS_20.jpg,train,SANAS_NUEVAS_20,,,,no_timestamp,,,,False
C:\Users\luise\OneDrive\Documentos\DECAFIA_v2\01_dataset\decafia_clean\images\train\SANAS_NUEVAS_201.jpg,train,SANAS_NUEVAS_201,,,,no_timestamp,,,,False
C:\Users\luise\OneDrive\Documentos\DECAFIA_v2\01_dataset\decafia_clean\images\train\SANAS_NUEVAS_202.jpg,train,SANAS_NUEVAS_202,,,,no_timestamp,,,,False
C:\Users\luise\OneDrive\Documentos\DECAFIA_v2\01_dataset\decafia_clean\images\train\SANAS_NUEVAS_205.jpg,train,SANAS_NUEVAS_205,,,,no_timestamp,,,,False
C:\Users\luise\OneDrive\Documentos\DECAFIA_v2\01_dataset\decafia_clean\images\train\SANAS_NUEVAS_206.jpg,train,SANAS_NUEVAS_206,,,,no_timestamp,,,,False
C:\Users\luise\OneDrive\Documentos\DECAFIA_v2\01_dataset\decafia_clean\images\train\SANAS_NUEVAS_207.jpg,train,SANAS_NUEVAS_207,,,,no_timestamp,,,,False
C:\Users\luise\OneDrive\Documentos\DECAFIA_v2\01_dataset\decafia_clean\images\train\SANAS_NUEVAS_209.jpg,train,SANAS_NUEVAS_209,,,,no_timestamp,,,,False
C:\Users\luise\OneDrive\Documentos\DECAFIA_v2\01_dataset\decafia_clean\images\train\SANAS_NUEVAS_210.jpg,train,SANAS_NUEVAS_210,,,,no_timestamp,,,,False
C:\Users\luise\OneDrive\Documentos\DECAFIA_v2\01_dataset\decafia_clean\images\train\SANAS_NUEVAS_211.jpg,train,SANAS_NUEVAS_211,,,,no_timestamp,,,,False
C:\Users\luise\OneDrive\Documentos\DECAFIA_v2\01_dataset\decafia_clean\images\train\SANAS_NUEVAS_212.jpg,train,SANAS_NUEVAS_212,,,,no_timestamp,,,,False
C:\Users\luise\OneDrive\Documentos\DECAFIA_v2\01_dataset\decafia_clean\images\train\SANAS_NUEVAS_214.jpg,train,SANAS_NUEVAS_214,,,,no_timestamp,,,,False
C:\Users\luise\OneDrive\Documentos\DECAFIA_v2\01_dataset\decafia_clean\images\train\SANAS_NUEVAS_216.jpg,train,SANAS_NUEVAS_216,,,,no_timestamp,,,,False
C:\Users\luise\OneDrive\Documentos\DECAFIA_v2\01_dataset\decafia_clean\images\train\SANAS_NUEVAS_218.jpg,train,SANAS_NUEVAS_218,,,,no_timestamp,,,,False
C:\Users\luise\OneDrive\Documentos\DECAFIA_v2\01_dataset\decafia_clean\images\train\SANAS_NUEVAS_219.jpg,train,SANAS_NUEVAS_219,,,,no_timestamp,,,,False
C:\Users\luise\OneDrive\Documentos\DECAFIA_v2\01_dataset\decafia_clean\images\train\SANAS_NUEVAS_22.jpg,train,SANAS_NUEVAS_22,,,,no_timestamp,,,,False
C:\Users\luise\OneDrive\Documentos\DECAFIA_v2\01_dataset\decafia_clean\images\train\SANAS_NUEVAS_221.jpg,train,SANAS_NUEVAS_221,,,,no_timestamp,,,,False
C:\Users\luise\OneDrive\Documentos\DECAFIA_v2\01_dataset\decafia_clean\images\train\SANAS_NUEVAS_222.jpg,train,SANAS_NUEVAS_222,,,,no_timestamp,,,,False
C:\Users\luise\OneDrive\Documentos\DECAFIA_v2\01_dataset\decafia_clean\images\train\SANAS_NUEVAS_224.jpg,train,SANAS_NUEVAS_224,,,,no_timestamp,,,,False
C:\Users\luise\OneDrive\Documentos\DECAFIA_v2\01_dataset\decafia_clean\images\train\SANAS_NUEVAS_225.jpg,train,SANAS_NUEVAS_225,,,,no_timestamp,,,,False
C:\Users\luise\OneDrive\Documentos\DECAFIA_v2\01_dataset\decafia_clean\images\train\SANAS_NUEVAS_226.jpg,train,SANAS_NUEVAS_226,,,,no_timestamp,,,,False
C:\Users\luise\OneDrive\Documentos\DECAFIA_v2\01_dataset\decafia_clean\images\train\SANAS_NUEVAS_227.jpg,train,SANAS_NUEVAS_227,,,,no_timestamp,,,,False
C:\Users\luise\OneDrive\Documentos\DECAFIA_v2\01_dataset\decafia_clean\images\train\SANAS_NUEVAS_228.jpg,train,SANAS_NUEVAS_228,,,,no_timestamp,,,,False
C:\Users\luise\OneDrive\Documentos\DECAFIA_v2\01_dataset\decafia_clean\images\train\SANAS_NUEVAS_229.jpg,train,SANAS_NUEVAS_229,,,,no_timestamp,,,,False
C:\Users\luise\OneDrive\Documentos\DECAFIA_v2\01_dataset\decafia_clean\images\train\SANAS_NUEVAS_23.jpg,train,SANAS_NUEVAS_23,,,,no_timestamp,,,,False
C:\Users\luise\OneDrive\Documentos\DECAFIA_v2\01_dataset\decafia_clean\images\train\SANAS_NUEVAS_230.jpg,train,SANAS_NUEVAS_230,,,,no_timestamp,,,,False
C:\Users\luise\OneDrive\Documentos\DECAFIA_v2\01_dataset\decafia_clean\images\train\SANAS_NUEVAS_231.jpg,train,SANAS_NUEVAS_231,,,,no_timestamp,,,,False
C:\Users\luise\OneDrive\Documentos\DECAFIA_v2\01_dataset\decafia_clean\images\train\SANAS_NUEVAS_232.jpg,train,SANAS_NUEVAS_232,,,,no_timestamp,,,,False
C:\Users\luise\OneDrive\Documentos\DECAFIA_v2\01_dataset\decafia_clean\images\train\SANAS_NUEVAS_233.jpg,train,SANAS_NUEVAS_233,,,,no_timestamp,,,,False
C:\Users\luise\OneDrive\Documentos\DECAFIA_v2\01_dataset\decafia_clean\images\train\SANAS_NUEVAS_234.jpg,train,SANAS_NUEVAS_234,,,,no_timestamp,,,,False
C:\Users\luise\OneDrive\Documentos\DECAFIA_v2\01_dataset\decafia_clean\images\train\SANAS_NUEVAS_236.jpg,train,SANAS_NUEVAS_236,,,,no_timestamp,,,,False
C:\Users\luise\OneDrive\Documentos\DECAFIA_v2\01_dataset\decafia_clean\images\train\SANAS_NUEVAS_237.jpg,train,SANAS_NUEVAS_237,,,,no_timestamp,,,,False
C:\Users\luise\OneDrive\Documentos\DECAFIA_v2\01_dataset\decafia_clean\images\train\SANAS_NUEVAS_239.jpg,train,SANAS_NUEVAS_239,,,,no_timestamp,,,,False
C:\Users\luise\OneDrive\Documentos\DECAFIA_v2\01_dataset\decafia_clean\images\train\SANAS_NUEVAS_24.jpg,train,SANAS_NUEVAS_24,,,,no_timestamp,,,,False
C:\Users\luise\OneDrive\Documentos\DECAFIA_v2\01_dataset\decafia_clean\images\train\SANAS_NUEVAS_240.jpg,train,SANAS_NUEVAS_240,,,,no_timestamp,,,,False
C:\Users\luise\OneDrive\Documentos\DECAFIA_v2\01_dataset\decafia_clean\images\train\SANAS_NUEVAS_242.jpg,train,SANAS_NUEVAS_242,,,,no_timestamp,,,,False
C:\Users\luise\OneDrive\Documentos\DECAFIA_v2\01_dataset\decafia_clean\images\train\SANAS_NUEVAS_243.jpg,train,SANAS_NUEVAS_243,,,,no_timestamp,,,,False
C:\Users\luise\OneDrive\Documentos\DECAFIA_v2\01_dataset\decafia_clean\images\train\SANAS_NUEVAS_244.jpg,train,SANAS_NUEVAS_244,,,,no_timestamp,,,,False
C:\Users\luise\OneDrive\Documentos\DECAFIA_v2\01_dataset\decafia_clean\images\train\SANAS_NUEVAS_245.jpg,train,SANAS_NUEVAS_245,,,,no_timestamp,,,,False
C:\Users\luise\OneDrive\Documentos\DECAFIA_v2\01_dataset\decafia_clean\images\train\SANAS_NUEVAS_246.jpg,train,SANAS_NUEVAS_246,,,,no_timestamp,,,,False
C:\Users\luise\OneDrive\Documentos\DECAFIA_v2\01_dataset\decafia_clean\images\train\SANAS_NUEVAS_247.jpg,train,SANAS_NUEVAS_247,,,,no_timestamp,,,,False
C:\Users\luise\OneDrive\Documentos\DECAFIA_v2\01_dataset\decafia_clean\images\train\SANAS_NUEVAS_248.jpg,train,SANAS_NUEVAS_248,,,,no_timestamp,,,,False
C:\Users\luise\OneDrive\Documentos\DECAFIA_v2\01_dataset\decafia_clean\images\train\SANAS_NUEVAS_25.jpg,train,SANAS_NUEVAS_25,,,,no_timestamp,,,,False
C:\Users\luise\OneDrive\Documentos\DECAFIA_v2\01_dataset\decafia_clean\images\train\SANAS_NUEVAS_251.jpg,train,SANAS_NUEVAS_251,,,,no_timestamp,,,,False
C:\Users\luise\OneDrive\Documentos\DECAFIA_v2\01_dataset\decafia_clean\images\train\SANAS_NUEVAS_253.jpg,train,SANAS_NUEVAS_253,,,,no_timestamp,,,,False
C:\Users\luise\OneDrive\Documentos\DECAFIA_v2\01_dataset\decafia_clean\images\train\SANAS_NUEVAS_254.jpg,train,SANAS_NUEVAS_254,,,,no_timestamp,,,,False
C:\Users\luise\OneDrive\Documentos\DECAFIA_v2\01_dataset\decafia_clean\images\train\SANAS_NUEVAS_256.jpg,train,SANAS_NUEVAS_256,,,,no_timestamp,,,,False
C:\Users\luise\OneDrive\Documentos\DECAFIA_v2\01_dataset\decafia_clean\images\train\SANAS_NUEVAS_258.jpg,train,SANAS_NUEVAS_258,,,,no_timestamp,,,,False
C:\Users\luise\OneDrive\Documentos\DECAFIA_v2\01_dataset\decafia_clean\images\train\SANAS_NUEVAS_259.jpg,train,SANAS_NUEVAS_259,,,,no_timestamp,,,,False
C:\Users\luise\OneDrive\Documentos\DECAFIA_v2\01_dataset\decafia_clean\images\train\SANAS_NUEVAS_26.jpg,train,SANAS_NUEVAS_26,,,,no_timestamp,,,,False
C:\Users\luise\OneDrive\Documentos\DECAFIA_v2\01_dataset\decafia_clean\images\train\SANAS_NUEVAS_260.jpg,train,SANAS_NUEVAS_260,,,,no_timestamp,,,,False
C:\Users\luise\OneDrive\Documentos\DECAFIA_v2\01_dataset\decafia_clean\images\train\SANAS_NUEVAS_262.jpg,train,SANAS_NUEVAS_262,,,,no_timestamp,,,,False
C:\Users\luise\OneDrive\Documentos\DECAFIA_v2\01_dataset\decafia_clean\images\train\SANAS_NUEVAS_265.jpg,train,SANAS_NUEVAS_265,,,,no_timestamp,,,,False
C:\Users\luise\OneDrive\Documentos\DECAFIA_v2\01_dataset\decafia_clean\images\train\SANAS_NUEVAS_267.jpg,train,SANAS_NUEVAS_267,,,,no_timestamp,,,,False
C:\Users\luise\OneDrive\Documentos\DECAFIA_v2\01_dataset\decafia_clean\images\train\SANAS_NUEVAS_268.jpg,train,SANAS_NUEVAS_268,,,,no_timestamp,,,,False
C:\Users\luise\OneDrive\Documentos\DECAFIA_v2\01_dataset\decafia_clean\images\train\SANAS_NUEVAS_27.jpg,train,SANAS_NUEVAS_27,,,,no_timestamp,,,,False
C:\Users\luise\OneDrive\Documentos\DECAFIA_v2\01_dataset\decafia_clean\images\train\SANAS_NUEVAS_270.jpg,train,SANAS_NUEVAS_270,,,,no_timestamp,,,,False
C:\Users\luise\OneDrive\Documentos\DECAFIA_v2\01_dataset\decafia_clean\images\train\SANAS_NUEVAS_271.jpg,train,SANAS_NUEVAS_271,,,,no_timestamp,,,,False
C:\Users\luise\OneDrive\Documentos\DECAFIA_v2\01_dataset\decafia_clean\images\train\SANAS_NUEVAS_272.jpg,train,SANAS_NUEVAS_272,,,,no_timestamp,,,,False
C:\Users\luise\OneDrive\Documentos\DECAFIA_v2\01_dataset\decafia_clean\images\train\SANAS_NUEVAS_274.jpg,train,SANAS_NUEVAS_274,,,,no_timestamp,,,,False
C:\Users\luise\OneDrive\Documentos\DECAFIA_v2\01_dataset\decafia_clean\images\train\SANAS_NUEVAS_275.jpg,train,SANAS_NUEVAS_275,,,,no_timestamp,,,,False
C:\Users\luise\OneDrive\Documentos\DECAFIA_v2\01_dataset\decafia_clean\images\train\SANAS_NUEVAS_276.jpg,train,SANAS_NUEVAS_276,,,,no_timestamp,,,,False
C:\Users\luise\OneDrive\Documentos\DECAFIA_v2\01_dataset\decafia_clean\images\train\SANAS_NUEVAS_277.jpg,train,SANAS_NUEVAS_277,,,,no_timestamp,,,,False
C:\Users\luise\OneDrive\Documentos\DECAFIA_v2\01_dataset\decafia_clean\images\train\SANAS_NUEVAS_280.jpg,train,SANAS_NUEVAS_280,,,,no_timestamp,,,,False
C:\Users\luise\OneDrive\Documentos\DECAFIA_v2\01_dataset\decafia_clean\images\train\SANAS_NUEVAS_281.jpg,train,SANAS_NUEVAS_281,,,,no_timestamp,,,,False
C:\Users\luise\OneDrive\Documentos\DECAFIA_v2\01_dataset\decafia_clean\images\train\SANAS_NUEVAS_282.jpg,train,SANAS_NUEVAS_282,,,,no_timestamp,,,,False
C:\Users\luise\OneDrive\Documentos\DECAFIA_v2\01_dataset\decafia_clean\images\train\SANAS_NUEVAS_287.jpg,train,SANAS_NUEVAS_287,,,,no_timestamp,,,,False
C:\Users\luise\OneDrive\Documentos\DECAFIA_v2\01_dataset\decafia_clean\images\train\SANAS_NUEVAS_288.jpg,train,SANAS_NUEVAS_288,,,,no_timestamp,,,,False
C:\Users\luise\OneDrive\Documentos\DECAFIA_v2\01_dataset\decafia_clean\images\train\SANAS_NUEVAS_290.jpg,train,SANAS_NUEVAS_290,,,,no_timestamp,,,,False
C:\Users\luise\OneDrive\Documentos\DECAFIA_v2\01_dataset\decafia_clean\images\train\SANAS_NUEVAS_291.jpg,train,SANAS_NUEVAS_291,,,,no_timestamp,,,,False
C:\Users\luise\OneDrive\Documentos\DECAFIA_v2\01_dataset\decafia_clean\images\train\SANAS_NUEVAS_293.jpg,train,SANAS_NUEVAS_293,,,,no_timestamp,,,,False
C:\Users\luise\OneDrive\Documentos\DECAFIA_v2\01_dataset\decafia_clean\images\train\SANAS_NUEVAS_294.jpg,train,SANAS_NUEVAS_294,,,,no_timestamp,,,,False
C:\Users\luise\OneDrive\Documentos\DECAFIA_v2\01_dataset\decafia_clean\images\train\SANAS_NUEVAS_295.jpg,train,SANAS_NUEVAS_295,,,,no_timestamp,,,,False
C:\Users\luise\OneDrive\Documentos\DECAFIA_v2\01_dataset\decafia_clean\images\train\SANAS_NUEVAS_297.jpg,train,SANAS_NUEVAS_297,,,,no_timestamp,,,,False
C:\Users\luise\OneDrive\Documentos\DECAFIA_v2\01_dataset\decafia_clean\images\train\SANAS_NUEVAS_298.jpg,train,SANAS_NUEVAS_298,,,,no_timestamp,,,,False
C:\Users\luise\OneDrive\Documentos\DECAFIA_v2\01_dataset\decafia_clean\images\train\SANAS_NUEVAS_3.jpg,train,SANAS_NUEVAS_3,,,,no_timestamp,,,,False
C:\Users\luise\OneDrive\Documentos\DECAFIA_v2\01_dataset\decafia_clean\images\train\SANAS_NUEVAS_30.jpg,train,SANAS_NUEVAS_30,,,,no_timestamp,,,,False
C:\Users\luise\OneDrive\Documentos\DECAFIA_v2\01_dataset\decafia_clean\images\train\SANAS_NUEVAS_301.jpg,train,SANAS_NUEVAS_301,,,,no_timestamp,,,,False
C:\Users\luise\OneDrive\Documentos\DECAFIA_v2\01_dataset\decafia_clean\images\train\SANAS_NUEVAS_302.jpg,train,SANAS_NUEVAS_302,,,,no_timestamp,,,,False
C:\Users\luise\OneDrive\Documentos\DECAFIA_v2\01_dataset\decafia_clean\images\train\SANAS_NUEVAS_303.jpg,train,SANAS_NUEVAS_303,,,,no_timestamp,,,,False
C:\Users\luise\OneDrive\Documentos\DECAFIA_v2\01_dataset\decafia_clean\images\train\SANAS_NUEVAS_304.jpg,train,SANAS_NUEVAS_304,,,,no_timestamp,,,,False
C:\Users\luise\OneDrive\Documentos\DECAFIA_v2\01_dataset\decafia_clean\images\train\SANAS_NUEVAS_306.jpg,train,SANAS_NUEVAS_306,,,,no_timestamp,,,,False
C:\Users\luise\OneDrive\Documentos\DECAFIA_v2\01_dataset\decafia_clean\images\train\SANAS_NUEVAS_307.jpg,train,SANAS_NUEVAS_307,,,,no_timestamp,,,,False
C:\Users\luise\OneDrive\Documentos\DECAFIA_v2\01_dataset\decafia_clean\images\train\SANAS_NUEVAS_309.jpg,train,SANAS_NUEVAS_309,,,,no_timestamp,,,,False
C:\Users\luise\OneDrive\Documentos\DECAFIA_v2\01_dataset\decafia_clean\images\train\SANAS_NUEVAS_31.jpg,train,SANAS_NUEVAS_31,,,,no_timestamp,,,,False
C:\Users\luise\OneDrive\Documentos\DECAFIA_v2\01_dataset\decafia_clean\images\train\SANAS_NUEVAS_310.jpg,train,SANAS_NUEVAS_310,,,,no_timestamp,,,,False
C:\Users\luise\OneDrive\Documentos\DECAFIA_v2\01_dataset\decafia_clean\images\train\SANAS_NUEVAS_313.jpg,train,SANAS_NUEVAS_313,,,,no_timestamp,,,,False
C:\Users\luise\OneDrive\Documentos\DECAFIA_v2\01_dataset\decafia_clean\images\train\SANAS_NUEVAS_314.jpg,train,SANAS_NUEVAS_314,,,,no_timestamp,,,,False
C:\Users\luise\OneDrive\Documentos\DECAFIA_v2\01_dataset\decafia_clean\images\train\SANAS_NUEVAS_316.jpg,train,SANAS_NUEVAS_316,,,,no_timestamp,,,,False
C:\Users\luise\OneDrive\Documentos\DECAFIA_v2\01_dataset\decafia_clean\images\train\SANAS_NUEVAS_318.jpg,train,SANAS_NUEVAS_318,,,,no_timestamp,,,,False
C:\Users\luise\OneDrive\Documentos\DECAFIA_v2\01_dataset\decafia_clean\images\train\SANAS_NUEVAS_319.jpg,train,SANAS_NUEVAS_319,,,,no_timestamp,,,,False
C:\Users\luise\OneDrive\Documentos\DECAFIA_v2\01_dataset\decafia_clean\images\train\SANAS_NUEVAS_32.jpg,train,SANAS_NUEVAS_32,,,,no_timestamp,,,,False
C:\Users\luise\OneDrive\Documentos\DECAFIA_v2\01_dataset\decafia_clean\images\train\SANAS_NUEVAS_320.jpg,train,SANAS_NUEVAS_320,,,,no_timestamp,,,,False
C:\Users\luise\OneDrive\Documentos\DECAFIA_v2\01_dataset\decafia_clean\images\train\SANAS_NUEVAS_323.jpg,train,SANAS_NUEVAS_323,,,,no_timestamp,,,,False
C:\Users\luise\OneDrive\Documentos\DECAFIA_v2\01_dataset\decafia_clean\images\train\SANAS_NUEVAS_324.jpg,train,SANAS_NUEVAS_324,,,,no_timestamp,,,,False
C:\Users\luise\OneDrive\Documentos\DECAFIA_v2\01_dataset\decafia_clean\images\train\SANAS_NUEVAS_325.jpg,train,SANAS_NUEVAS_325,,,,no_timestamp,,,,False
C:\Users\luise\OneDrive\Documentos\DECAFIA_v2\01_dataset\decafia_clean\images\train\SANAS_NUEVAS_326.jpg,train,SANAS_NUEVAS_326,,,,no_timestamp,,,,False
C:\Users\luise\OneDrive\Documentos\DECAFIA_v2\01_dataset\decafia_clean\images\train\SANAS_NUEVAS_327.jpg,train,SANAS_NUEVAS_327,,,,no_timestamp,,,,False
C:\Users\luise\OneDrive\Documentos\DECAFIA_v2\01_dataset\decafia_clean\images\train\SANAS_NUEVAS_328.jpg,train,SANAS_NUEVAS_328,,,,no_timestamp,,,,False
C:\Users\luise\OneDrive\Documentos\DECAFIA_v2\01_dataset\decafia_clean\images\train\SANAS_NUEVAS_329.jpg,train,SANAS_NUEVAS_329,,,,no_timestamp,,,,False
C:\Users\luise\OneDrive\Documentos\DECAFIA_v2\01_dataset\decafia_clean\images\train\SANAS_NUEVAS_33.jpg,train,SANAS_NUEVAS_33,,,,no_timestamp,,,,False
C:\Users\luise\OneDrive\Documentos\DECAFIA_v2\01_dataset\decafia_clean\images\train\SANAS_NUEVAS_330.jpg,train,SANAS_NUEVAS_330,,,,no_timestamp,,,,False
C:\Users\luise\OneDrive\Documentos\DECAFIA_v2\01_dataset\decafia_clean\images\train\SANAS_NUEVAS_335.jpg,train,SANAS_NUEVAS_335,,,,no_timestamp,,,,False
C:\Users\luise\OneDrive\Documentos\DECAFIA_v2\01_dataset\decafia_clean\images\train\SANAS_NUEVAS_336.jpg,train,SANAS_NUEVAS_336,,,,no_timestamp,,,,False
C:\Users\luise\OneDrive\Documentos\DECAFIA_v2\01_dataset\decafia_clean\images\train\SANAS_NUEVAS_337.jpg,train,SANAS_NUEVAS_337,,,,no_timestamp,,,,False
C:\Users\luise\OneDrive\Documentos\DECAFIA_v2\01_dataset\decafia_clean\images\train\SANAS_NUEVAS_338.jpg,train,SANAS_NUEVAS_338,,,,no_timestamp,,,,False
C:\Users\luise\OneDrive\Documentos\DECAFIA_v2\01_dataset\decafia_clean\images\train\SANAS_NUEVAS_339.jpg,train,SANAS_NUEVAS_339,,,,no_timestamp,,,,False
C:\Users\luise\OneDrive\Documentos\DECAFIA_v2\01_dataset\decafia_clean\images\train\SANAS_NUEVAS_340.jpg,train,SANAS_NUEVAS_340,,,,no_timestamp,,,,False
C:\Users\luise\OneDrive\Documentos\DECAFIA_v2\01_dataset\decafia_clean\images\train\SANAS_NUEVAS_341.jpg,train,SANAS_NUEVAS_341,,,,no_timestamp,,,,False
C:\Users\luise\OneDrive\Documentos\DECAFIA_v2\01_dataset\decafia_clean\images\train\SANAS_NUEVAS_343.jpg,train,SANAS_NUEVAS_343,,,,no_timestamp,,,,False
C:\Users\luise\OneDrive\Documentos\DECAFIA_v2\01_dataset\decafia_clean\images\train\SANAS_NUEVAS_345.jpg,train,SANAS_NUEVAS_345,,,,no_timestamp,,,,False
C:\Users\luise\OneDrive\Documentos\DECAFIA_v2\01_dataset\decafia_clean\images\train\SANAS_NUEVAS_346.jpg,train,SANAS_NUEVAS_346,,,,no_timestamp,,,,False
C:\Users\luise\OneDrive\Documentos\DECAFIA_v2\01_dataset\decafia_clean\images\train\SANAS_NUEVAS_347.jpg,train,SANAS_NUEVAS_347,,,,no_timestamp,,,,False
C:\Users\luise\OneDrive\Documentos\DECAFIA_v2\01_dataset\decafia_clean\images\train\SANAS_NUEVAS_348.jpg,train,SANAS_NUEVAS_348,,,,no_timestamp,,,,False
C:\Users\luise\OneDrive\Documentos\DECAFIA_v2\01_dataset\decafia_clean\images\train\SANAS_NUEVAS_35.jpg,train,SANAS_NUEVAS_35,,,,no_timestamp,,,,False
C:\Users\luise\OneDrive\Documentos\DECAFIA_v2\01_dataset\decafia_clean\images\train\SANAS_NUEVAS_351.jpg,train,SANAS_NUEVAS_351,,,,no_timestamp,,,,False
C:\Users\luise\OneDrive\Documentos\DECAFIA_v2\01_dataset\decafia_clean\images\train\SANAS_NUEVAS_353.jpg,train,SANAS_NUEVAS_353,,,,no_timestamp,,,,False
C:\Users\luise\OneDrive\Documentos\DECAFIA_v2\01_dataset\decafia_clean\images\train\SANAS_NUEVAS_354.jpg,train,SANAS_NUEVAS_354,,,,no_timestamp,,,,False
C:\Users\luise\OneDrive\Documentos\DECAFIA_v2\01_dataset\decafia_clean\images\train\SANAS_NUEVAS_356.jpg,train,SANAS_NUEVAS_356,,,,no_timestamp,,,,False
C:\Users\luise\OneDrive\Documentos\DECAFIA_v2\01_dataset\decafia_clean\images\train\SANAS_NUEVAS_357.jpg,train,SANAS_NUEVAS_357,,,,no_timestamp,,,,False
C:\Users\luise\OneDrive\Documentos\DECAFIA_v2\01_dataset\decafia_clean\images\train\SANAS_NUEVAS_358.jpg,train,SANAS_NUEVAS_358,,,,no_timestamp,,,,False
C:\Users\luise\OneDrive\Documentos\DECAFIA_v2\01_dataset\decafia_clean\images\train\SANAS_NUEVAS_359.jpg,train,SANAS_NUEVAS_359,,,,no_timestamp,,,,False
C:\Users\luise\OneDrive\Documentos\DECAFIA_v2\01_dataset\decafia_clean\images\train\SANAS_NUEVAS_36.jpg,train,SANAS_NUEVAS_36,,,,no_timestamp,,,,False
C:\Users\luise\OneDrive\Documentos\DECAFIA_v2\01_dataset\decafia_clean\images\train\SANAS_NUEVAS_360.jpg,train,SANAS_NUEVAS_360,,,,no_timestamp,,,,False
C:\Users\luise\OneDrive\Documentos\DECAFIA_v2\01_dataset\decafia_clean\images\train\SANAS_NUEVAS_361.jpg,train,SANAS_NUEVAS_361,,,,no_timestamp,,,,False
C:\Users\luise\OneDrive\Documentos\DECAFIA_v2\01_dataset\decafia_clean\images\train\SANAS_NUEVAS_364.jpg,train,SANAS_NUEVAS_364,,,,no_timestamp,,,,False
C:\Users\luise\OneDrive\Documentos\DECAFIA_v2\01_dataset\decafia_clean\images\train\SANAS_NUEVAS_366.jpg,train,SANAS_NUEVAS_366,,,,no_timestamp,,,,False
C:\Users\luise\OneDrive\Documentos\DECAFIA_v2\01_dataset\decafia_clean\images\train\SANAS_NUEVAS_367.jpg,train,SANAS_NUEVAS_367,,,,no_timestamp,,,,False
C:\Users\luise\OneDrive\Documentos\DECAFIA_v2\01_dataset\decafia_clean\images\train\SANAS_NUEVAS_369.jpg,train,SANAS_NUEVAS_369,,,,no_timestamp,,,,False
C:\Users\luise\OneDrive\Documentos\DECAFIA_v2\01_dataset\decafia_clean\images\train\SANAS_NUEVAS_371.jpg,train,SANAS_NUEVAS_371,,,,no_timestamp,,,,False
C:\Users\luise\OneDrive\Documentos\DECAFIA_v2\01_dataset\decafia_clean\images\train\SANAS_NUEVAS_372.jpg,train,SANAS_NUEVAS_372,,,,no_timestamp,,,,False
C:\Users\luise\OneDrive\Documentos\DECAFIA_v2\01_dataset\decafia_clean\images\train\SANAS_NUEVAS_376.jpg,train,SANAS_NUEVAS_376,,,,no_timestamp,,,,False
C:\Users\luise\OneDrive\Documentos\DECAFIA_v2\01_dataset\decafia_clean\images\train\SANAS_NUEVAS_378.jpg,train,SANAS_NUEVAS_378,,,,no_timestamp,,,,False
C:\Users\luise\OneDrive\Documentos\DECAFIA_v2\01_dataset\decafia_clean\images\train\SANAS_NUEVAS_379.jpg,train,SANAS_NUEVAS_379,,,,no_timestamp,,,,False
C:\Users\luise\OneDrive\Documentos\DECAFIA_v2\01_dataset\decafia_clean\images\train\SANAS_NUEVAS_380.jpg,train,SANAS_NUEVAS_380,,,,no_timestamp,,,,False
C:\Users\luise\OneDrive\Documentos\DECAFIA_v2\01_dataset\decafia_clean\images\train\SANAS_NUEVAS_381.jpg,train,SANAS_NUEVAS_381,,,,no_timestamp,,,,False
C:\Users\luise\OneDrive\Documentos\DECAFIA_v2\01_dataset\decafia_clean\images\train\SANAS_NUEVAS_382.jpg,train,SANAS_NUEVAS_382,,,,no_timestamp,,,,False
C:\Users\luise\OneDrive\Documentos\DECAFIA_v2\01_dataset\decafia_clean\images\train\SANAS_NUEVAS_383.jpg,train,SANAS_NUEVAS_383,,,,no_timestamp,,,,False
C:\Users\luise\OneDrive\Documentos\DECAFIA_v2\01_dataset\decafia_clean\images\train\SANAS_NUEVAS_384.jpg,train,SANAS_NUEVAS_384,,,,no_timestamp,,,,False
C:\Users\luise\OneDrive\Documentos\DECAFIA_v2\01_dataset\decafia_clean\images\train\SANAS_NUEVAS_386.jpg,train,SANAS_NUEVAS_386,,,,no_timestamp,,,,False
C:\Users\luise\OneDrive\Documentos\DECAFIA_v2\01_dataset\decafia_clean\images\train\SANAS_NUEVAS_387.jpg,train,SANAS_NUEVAS_387,,,,no_timestamp,,,,False
C:\Users\luise\OneDrive\Documentos\DECAFIA_v2\01_dataset\decafia_clean\images\train\SANAS_NUEVAS_388.jpg,train,SANAS_NUEVAS_388,,,,no_timestamp,,,,False
C:\Users\luise\OneDrive\Documentos\DECAFIA_v2\01_dataset\decafia_clean\images\train\SANAS_NUEVAS_389.jpg,train,SANAS_NUEVAS_389,,,,no_timestamp,,,,False
C:\Users\luise\OneDrive\Documentos\DECAFIA_v2\01_dataset\decafia_clean\images\train\SANAS_NUEVAS_39.jpg,train,SANAS_NUEVAS_39,,,,no_timestamp,,,,False
C:\Users\luise\OneDrive\Documentos\DECAFIA_v2\01_dataset\decafia_clean\images\train\SANAS_NUEVAS_391.jpg,train,SANAS_NUEVAS_391,,,,no_timestamp,,,,False
C:\Users\luise\OneDrive\Documentos\DECAFIA_v2\01_dataset\decafia_clean\images\train\SANAS_NUEVAS_392.jpg,train,SANAS_NUEVAS_392,,,,no_timestamp,,,,False
C:\Users\luise\OneDrive\Documentos\DECAFIA_v2\01_dataset\decafia_clean\images\train\SANAS_NUEVAS_393.jpg,train,SANAS_NUEVAS_393,,,,no_timestamp,,,,False
C:\Users\luise\OneDrive\Documentos\DECAFIA_v2\01_dataset\decafia_clean\images\train\SANAS_NUEVAS_394.jpg,train,SANAS_NUEVAS_394,,,,no_timestamp,,,,False
C:\Users\luise\OneDrive\Documentos\DECAFIA_v2\01_dataset\decafia_clean\images\train\SANAS_NUEVAS_395.jpg,train,SANAS_NUEVAS_395,,,,no_timestamp,,,,False
C:\Users\luise\OneDrive\Documentos\DECAFIA_v2\01_dataset\decafia_clean\images\train\SANAS_NUEVAS_396.jpg,train,SANAS_NUEVAS_396,,,,no_timestamp,,,,False
C:\Users\luise\OneDrive\Documentos\DECAFIA_v2\01_dataset\decafia_clean\images\train\SANAS_NUEVAS_398.jpg,train,SANAS_NUEVAS_398,,,,no_timestamp,,,,False
C:\Users\luise\OneDrive\Documentos\DECAFIA_v2\01_dataset\decafia_clean\images\train\SANAS_NUEVAS_399.jpg,train,SANAS_NUEVAS_399,,,,no_timestamp,,,,False
C:\Users\luise\OneDrive\Documentos\DECAFIA_v2\01_dataset\decafia_clean\images\train\SANAS_NUEVAS_4.jpg,train,SANAS_NUEVAS_4,,,,no_timestamp,,,,False
C:\Users\luise\OneDrive\Documentos\DECAFIA_v2\01_dataset\decafia_clean\images\train\SANAS_NUEVAS_400.jpg,train,SANAS_NUEVAS_400,,,,no_timestamp,,,,False
C:\Users\luise\OneDrive\Documentos\DECAFIA_v2\01_dataset\decafia_clean\images\train\SANAS_NUEVAS_401.jpg,train,SANAS_NUEVAS_401,,,,no_timestamp,,,,False
C:\Users\luise\OneDrive\Documentos\DECAFIA_v2\01_dataset\decafia_clean\images\train\SANAS_NUEVAS_402.jpg,train,SANAS_NUEVAS_402,,,,no_timestamp,,,,False
C:\Users\luise\OneDrive\Documentos\DECAFIA_v2\01_dataset\decafia_clean\images\train\SANAS_NUEVAS_403.jpg,train,SANAS_NUEVAS_403,,,,no_timestamp,,,,False
C:\Users\luise\OneDrive\Documentos\DECAFIA_v2\01_dataset\decafia_clean\images\train\SANAS_NUEVAS_405.jpg,train,SANAS_NUEVAS_405,,,,no_timestamp,,,,False
C:\Users\luise\OneDrive\Documentos\DECAFIA_v2\01_dataset\decafia_clean\images\train\SANAS_NUEVAS_406.jpg,train,SANAS_NUEVAS_406,,,,no_timestamp,,,,False
C:\Users\luise\OneDrive\Documentos\DECAFIA_v2\01_dataset\decafia_clean\images\train\SANAS_NUEVAS_407.jpg,train,SANAS_NUEVAS_407,,,,no_timestamp,,,,False
C:\Users\luise\OneDrive\Documentos\DECAFIA_v2\01_dataset\decafia_clean\images\train\SANAS_NUEVAS_408.jpg,train,SANAS_NUEVAS_408,,,,no_timestamp,,,,False
C:\Users\luise\OneDrive\Documentos\DECAFIA_v2\01_dataset\decafia_clean\images\train\SANAS_NUEVAS_409.jpg,train,SANAS_NUEVAS_409,,,,no_timestamp,,,,False
C:\Users\luise\OneDrive\Documentos\DECAFIA_v2\01_dataset\decafia_clean\images\train\SANAS_NUEVAS_41.jpg,train,SANAS_NUEVAS_41,,,,no_timestamp,,,,False
C:\Users\luise\OneDrive\Documentos\DECAFIA_v2\01_dataset\decafia_clean\images\train\SANAS_NUEVAS_410.jpg,train,SANAS_NUEVAS_410,,,,no_timestamp,,,,False
C:\Users\luise\OneDrive\Documentos\DECAFIA_v2\01_dataset\decafia_clean\images\train\SANAS_NUEVAS_411.jpg,train,SANAS_NUEVAS_411,,,,no_timestamp,,,,False
C:\Users\luise\OneDrive\Documentos\DECAFIA_v2\01_dataset\decafia_clean\images\train\SANAS_NUEVAS_412.jpg,train,SANAS_NUEVAS_412,,,,no_timestamp,,,,False
C:\Users\luise\OneDrive\Documentos\DECAFIA_v2\01_dataset\decafia_clean\images\train\SANAS_NUEVAS_414.jpg,train,SANAS_NUEVAS_414,,,,no_timestamp,,,,False
C:\Users\luise\OneDrive\Documentos\DECAFIA_v2\01_dataset\decafia_clean\images\train\SANAS_NUEVAS_415.jpg,train,SANAS_NUEVAS_415,,,,no_timestamp,,,,False
C:\Users\luise\OneDrive\Documentos\DECAFIA_v2\01_dataset\decafia_clean\images\train\SANAS_NUEVAS_416.jpg,train,SANAS_NUEVAS_416,,,,no_timestamp,,,,False
C:\Users\luise\OneDrive\Documentos\DECAFIA_v2\01_dataset\decafia_clean\images\train\SANAS_NUEVAS_418.jpg,train,SANAS_NUEVAS_418,,,,no_timestamp,,,,False
C:\Users\luise\OneDrive\Documentos\DECAFIA_v2\01_dataset\decafia_clean\images\train\SANAS_NUEVAS_420.jpg,train,SANAS_NUEVAS_420,,,,no_timestamp,,,,False
C:\Users\luise\OneDrive\Documentos\DECAFIA_v2\01_dataset\decafia_clean\images\train\SANAS_NUEVAS_424.jpg,train,SANAS_NUEVAS_424,,,,no_timestamp,,,,False
C:\Users\luise\OneDrive\Documentos\DECAFIA_v2\01_dataset\decafia_clean\images\train\SANAS_NUEVAS_426.jpg,train,SANAS_NUEVAS_426,,,,no_timestamp,,,,False
C:\Users\luise\OneDrive\Documentos\DECAFIA_v2\01_dataset\decafia_clean\images\train\SANAS_NUEVAS_429.jpg,train,SANAS_NUEVAS_429,,,,no_timestamp,,,,False
C:\Users\luise\OneDrive\Documentos\DECAFIA_v2\01_dataset\decafia_clean\images\train\SANAS_NUEVAS_430.jpg,train,SANAS_NUEVAS_430,,,,no_timestamp,,,,False
C:\Users\luise\OneDrive\Documentos\DECAFIA_v2\01_dataset\decafia_clean\images\train\SANAS_NUEVAS_431.jpg,train,SANAS_NUEVAS_431,,,,no_timestamp,,,,False
C:\Users\luise\OneDrive\Documentos\DECAFIA_v2\01_dataset\decafia_clean\images\train\SANAS_NUEVAS_432.jpg,train,SANAS_NUEVAS_432,,,,no_timestamp,,,,False
C:\Users\luise\OneDrive\Documentos\DECAFIA_v2\01_dataset\decafia_clean\images\train\SANAS_NUEVAS_433.jpg,train,SANAS_NUEVAS_433,,,,no_timestamp,,,,False
C:\Users\luise\OneDrive\Documentos\DECAFIA_v2\01_dataset\decafia_clean\images\train\SANAS_NUEVAS_435.jpg,train,SANAS_NUEVAS_435,,,,no_timestamp,,,,False
C:\Users\luise\OneDrive\Documentos\DECAFIA_v2\01_dataset\decafia_clean\images\train\SANAS_NUEVAS_436.jpg,train,SANAS_NUEVAS_436,,,,no_timestamp,,,,False
C:\Users\luise\OneDrive\Documentos\DECAFIA_v2\01_dataset\decafia_clean\images\train\SANAS_NUEVAS_438.jpg,train,SANAS_NUEVAS_438,,,,no_timestamp,,,,False
C:\Users\luise\OneDrive\Documentos\DECAFIA_v2\01_dataset\decafia_clean\images\train\SANAS_NUEVAS_439.jpg,train,SANAS_NUEVAS_439,,,,no_timestamp,,,,False
C:\Users\luise\OneDrive\Documentos\DECAFIA_v2\01_dataset\decafia_clean\images\train\SANAS_NUEVAS_44.jpg,train,SANAS_NUEVAS_44,,,,no_timestamp,,,,False
C:\Users\luise\OneDrive\Documentos\DECAFIA_v2\01_dataset\decafia_clean\images\train\SANAS_NUEVAS_441.jpg,train,SANAS_NUEVAS_441,,,,no_timestamp,,,,False
C:\Users\luise\OneDrive\Documentos\DECAFIA_v2\01_dataset\decafia_clean\images\train\SANAS_NUEVAS_442.jpg,train,SANAS_NUEVAS_442,,,,no_timestamp,,,,False
C:\Users\luise\OneDrive\Documentos\DECAFIA_v2\01_dataset\decafia_clean\images\train\SANAS_NUEVAS_443.jpg,train,SANAS_NUEVAS_443,,,,no_timestamp,,,,False
C:\Users\luise\OneDrive\Documentos\DECAFIA_v2\01_dataset\decafia_clean\images\train\SANAS_NUEVAS_444.jpg,train,SANAS_NUEVAS_444,,,,no_timestamp,,,,False
C:\Users\luise\OneDrive\Documentos\DECAFIA_v2\01_dataset\decafia_clean\images\train\SANAS_NUEVAS_448.jpg,train,SANAS_NUEVAS_448,,,,no_timestamp,,,,False
C:\Users\luise\OneDrive\Documentos\DECAFIA_v2\01_dataset\decafia_clean\images\train\SANAS_NUEVAS_449.jpg,train,SANAS_NUEVAS_449,,,,no_timestamp,,,,False
C:\Users\luise\OneDrive\Documentos\DECAFIA_v2\01_dataset\decafia_clean\images\train\SANAS_NUEVAS_45.jpg,train,SANAS_NUEVAS_45,,,,no_timestamp,,,,False
C:\Users\luise\OneDrive\Documentos\DECAFIA_v2\01_dataset\decafia_clean\images\train\SANAS_NUEVAS_450.jpg,train,SANAS_NUEVAS_450,,,,no_timestamp,,,,False
C:\Users\luise\OneDrive\Documentos\DECAFIA_v2\01_dataset\decafia_clean\images\train\SANAS_NUEVAS_453.jpg,train,SANAS_NUEVAS_453,,,,no_timestamp,,,,False
C:\Users\luise\OneDrive\Documentos\DECAFIA_v2\01_dataset\decafia_clean\images\train\SANAS_NUEVAS_454.jpg,train,SANAS_NUEVAS_454,,,,no_timestamp,,,,False
C:\Users\luise\OneDrive\Documentos\DECAFIA_v2\01_dataset\decafia_clean\images\train\SANAS_NUEVAS_455.jpg,train,SANAS_NUEVAS_455,,,,no_timestamp,,,,False
C:\Users\luise\OneDrive\Documentos\DECAFIA_v2\01_dataset\decafia_clean\images\train\SANAS_NUEVAS_459.jpg,train,SANAS_NUEVAS_459,,,,no_timestamp,,,,False
C:\Users\luise\OneDrive\Documentos\DECAFIA_v2\01_dataset\decafia_clean\images\train\SANAS_NUEVAS_46.jpg,train,SANAS_NUEVAS_46,,,,no_timestamp,,,,False
C:\Users\luise\OneDrive\Documentos\DECAFIA_v2\01_dataset\decafia_clean\images\train\SANAS_NUEVAS_460.jpg,train,SANAS_NUEVAS_460,,,,no_timestamp,,,,False
C:\Users\luise\OneDrive\Documentos\DECAFIA_v2\01_dataset\decafia_clean\images\train\SANAS_NUEVAS_461.jpg,train,SANAS_NUEVAS_461,,,,no_timestamp,,,,False
C:\Users\luise\OneDrive\Documentos\DECAFIA_v2\01_dataset\decafia_clean\images\train\SANAS_NUEVAS_462.jpg,train,SANAS_NUEVAS_462,,,,no_timestamp,,,,False
C:\Users\luise\OneDrive\Documentos\DECAFIA_v2\01_dataset\decafia_clean\images\train\SANAS_NUEVAS_463.jpg,train,SANAS_NUEVAS_463,,,,no_timestamp,,,,False
C:\Users\luise\OneDrive\Documentos\DECAFIA_v2\01_dataset\decafia_clean\images\train\SANAS_NUEVAS_464.jpg,train,SANAS_NUEVAS_464,,,,no_timestamp,,,,False
C:\Users\luise\OneDrive\Documentos\DECAFIA_v2\01_dataset\decafia_clean\images\train\SANAS_NUEVAS_466.jpg,train,SANAS_NUEVAS_466,,,,no_timestamp,,,,False
C:\Users\luise\OneDrive\Documentos\DECAFIA_v2\01_dataset\decafia_clean\images\train\SANAS_NUEVAS_467.jpg,train,SANAS_NUEVAS_467,,,,no_timestamp,,,,False
C:\Users\luise\OneDrive\Documentos\DECAFIA_v2\01_dataset\decafia_clean\images\train\SANAS_NUEVAS_468.jpg,train,SANAS_NUEVAS_468,,,,no_timestamp,,,,False
C:\Users\luise\OneDrive\Documentos\DECAFIA_v2\01_dataset\decafia_clean\images\train\SANAS_NUEVAS_47.jpg,train,SANAS_NUEVAS_47,,,,no_timestamp,,,,False
C:\Users\luise\OneDrive\Documentos\DECAFIA_v2\01_dataset\decafia_clean\images\train\SANAS_NUEVAS_470.jpg,train,SANAS_NUEVAS_470,,,,no_timestamp,,,,False
C:\Users\luise\OneDrive\Documentos\DECAFIA_v2\01_dataset\decafia_clean\images\train\SANAS_NUEVAS_471.jpg,train,SANAS_NUEVAS_471,,,,no_timestamp,,,,False
C:\Users\luise\OneDrive\Documentos\DECAFIA_v2\01_dataset\decafia_clean\images\train\SANAS_NUEVAS_473.jpg,train,SANAS_NUEVAS_473,,,,no_timestamp,,,,False
C:\Users\luise\OneDrive\Documentos\DECAFIA_v2\01_dataset\decafia_clean\images\train\SANAS_NUEVAS_474.jpg,train,SANAS_NUEVAS_474,,,,no_timestamp,,,,False
C:\Users\luise\OneDrive\Documentos\DECAFIA_v2\01_dataset\decafia_clean\images\train\SANAS_NUEVAS_475.jpg,train,SANAS_NUEVAS_475,,,,no_timestamp,,,,False
C:\Users\luise\OneDrive\Documentos\DECAFIA_v2\01_dataset\decafia_clean\images\train\SANAS_NUEVAS_477.jpg,train,SANAS_NUEVAS_477,,,,no_timestamp,,,,False
C:\Users\luise\OneDrive\Documentos\DECAFIA_v2\01_dataset\decafia_clean\images\train\SANAS_NUEVAS_478.jpg,train,SANAS_NUEVAS_478,,,,no_timestamp,,,,False
C:\Users\luise\OneDrive\Documentos\DECAFIA_v2\01_dataset\decafia_clean\images\train\SANAS_NUEVAS_479.jpg,train,SANAS_NUEVAS_479,,,,no_timestamp,,,,False
C:\Users\luise\OneDrive\Documentos\DECAFIA_v2\01_dataset\decafia_clean\images\train\SANAS_NUEVAS_48.jpg,train,SANAS_NUEVAS_48,,,,no_timestamp,,,,False
C:\Users\luise\OneDrive\Documentos\DECAFIA_v2\01_dataset\decafia_clean\images\train\SANAS_NUEVAS_481.jpg,train,SANAS_NUEVAS_481,,,,no_timestamp,,,,False
C:\Users\luise\OneDrive\Documentos\DECAFIA_v2\01_dataset\decafia_clean\images\train\SANAS_NUEVAS_483.jpg,train,SANAS_NUEVAS_483,,,,no_timestamp,,,,False
C:\Users\luise\OneDrive\Documentos\DECAFIA_v2\01_dataset\decafia_clean\images\train\SANAS_NUEVAS_485.jpg,train,SANAS_NUEVAS_485,,,,no_timestamp,,,,False
C:\Users\luise\OneDrive\Documentos\DECAFIA_v2\01_dataset\decafia_clean\images\train\SANAS_NUEVAS_487.jpg,train,SANAS_NUEVAS_487,,,,no_timestamp,,,,False
C:\Users\luise\OneDrive\Documentos\DECAFIA_v2\01_dataset\decafia_clean\images\train\SANAS_NUEVAS_488.jpg,train,SANAS_NUEVAS_488,,,,no_timestamp,,,,False
C:\Users\luise\OneDrive\Documentos\DECAFIA_v2\01_dataset\decafia_clean\images\train\SANAS_NUEVAS_490.jpg,train,SANAS_NUEVAS_490,,,,no_timestamp,,,,False
C:\Users\luise\OneDrive\Documentos\DECAFIA_v2\01_dataset\decafia_clean\images\train\SANAS_NUEVAS_492.jpg,train,SANAS_NUEVAS_492,,,,no_timestamp,,,,False
C:\Users\luise\OneDrive\Documentos\DECAFIA_v2\01_dataset\decafia_clean\images\train\SANAS_NUEVAS_493.jpg,train,SANAS_NUEVAS_493,,,,no_timestamp,,,,False
C:\Users\luise\OneDrive\Documentos\DECAFIA_v2\01_dataset\decafia_clean\images\train\SANAS_NUEVAS_495.jpg,train,SANAS_NUEVAS_495,,,,no_timestamp,,,,False
C:\Users\luise\OneDrive\Documentos\DECAFIA_v2\01_dataset\decafia_clean\images\train\SANAS_NUEVAS_497.jpg,train,SANAS_NUEVAS_497,,,,no_timestamp,,,,False
C:\Users\luise\OneDrive\Documentos\DECAFIA_v2\01_dataset\decafia_clean\images\train\SANAS_NUEVAS_498.jpg,train,SANAS_NUEVAS_498,,,,no_timestamp,,,,False
C:\Users\luise\OneDrive\Documentos\DECAFIA_v2\01_dataset\decafia_clean\images\train\SANAS_NUEVAS_499.jpg,train,SANAS_NUEVAS_499,,,,no_timestamp,,,,False
C:\Users\luise\OneDrive\Documentos\DECAFIA_v2\01_dataset\decafia_clean\images\train\SANAS_NUEVAS_5.jpg,train,SANAS_NUEVAS_5,,,,no_timestamp,,,,False
C:\Users\luise\OneDrive\Documentos\DECAFIA_v2\01_dataset\decafia_clean\images\train\SANAS_NUEVAS_500.jpg,train,SANAS_NUEVAS_500,,,,no_timestamp,,,,False
C:\Users\luise\OneDrive\Documentos\DECAFIA_v2\01_dataset\decafia_clean\images\train\SANAS_NUEVAS_501.jpg,train,SANAS_NUEVAS_501,,,,no_timestamp,,,,False
C:\Users\luise\OneDrive\Documentos\DECAFIA_v2\01_dataset\decafia_clean\images\train\SANAS_NUEVAS_502.jpg,train,SANAS_NUEVAS_502,,,,no_timestamp,,,,False
C:\Users\luise\OneDrive\Documentos\DECAFIA_v2\01_dataset\decafia_clean\images\train\SANAS_NUEVAS_503.jpg,train,SANAS_NUEVAS_503,,,,no_timestamp,,,,False
C:\Users\luise\OneDrive\Documentos\DECAFIA_v2\01_dataset\decafia_clean\images\train\SANAS_NUEVAS_504.jpg,train,SANAS_NUEVAS_504,,,,no_timestamp,,,,False
C:\Users\luise\OneDrive\Documentos\DECAFIA_v2\01_dataset\decafia_clean\images\train\SANAS_NUEVAS_505.jpg,train,SANAS_NUEVAS_505,,,,no_timestamp,,,,False
C:\Users\luise\OneDrive\Documentos\DECAFIA_v2\01_dataset\decafia_clean\images\train\SANAS_NUEVAS_506.jpg,train,SANAS_NUEVAS_506,,,,no_timestamp,,,,False
C:\Users\luise\OneDrive\Documentos\DECAFIA_v2\01_dataset\decafia_clean\images\train\SANAS_NUEVAS_507.jpg,train,SANAS_NUEVAS_507,,,,no_timestamp,,,,False
C:\Users\luise\OneDrive\Documentos\DECAFIA_v2\01_dataset\decafia_clean\images\train\SANAS_NUEVAS_508.jpg,train,SANAS_NUEVAS_508,,,,no_timestamp,,,,False
C:\Users\luise\OneDrive\Documentos\DECAFIA_v2\01_dataset\decafia_clean\images\train\SANAS_NUEVAS_509.jpg,train,SANAS_NUEVAS_509,,,,no_timestamp,,,,False
C:\Users\luise\OneDrive\Documentos\DECAFIA_v2\01_dataset\decafia_clean\images\train\SANAS_NUEVAS_51.jpg,train,SANAS_NUEVAS_51,,,,no_timestamp,,,,False
C:\Users\luise\OneDrive\Documentos\DECAFIA_v2\01_dataset\decafia_clean\images\train\SANAS_NUEVAS_511.jpg,train,SANAS_NUEVAS_511,,,,no_timestamp,,,,False
C:\Users\luise\OneDrive\Documentos\DECAFIA_v2\01_dataset\decafia_clean\images\train\SANAS_NUEVAS_512.jpg,train,SANAS_NUEVAS_512,,,,no_timestamp,,,,False
C:\Users\luise\OneDrive\Documentos\DECAFIA_v2\01_dataset\decafia_clean\images\train\SANAS_NUEVAS_514.jpg,train,SANAS_NUEVAS_514,,,,no_timestamp,,,,False
C:\Users\luise\OneDrive\Documentos\DECAFIA_v2\01_dataset\decafia_clean\images\train\SANAS_NUEVAS_516.jpg,train,SANAS_NUEVAS_516,,,,no_timestamp,,,,False
C:\Users\luise\OneDrive\Documentos\DECAFIA_v2\01_dataset\decafia_clean\images\train\SANAS_NUEVAS_518.jpg,train,SANAS_NUEVAS_518,,,,no_timestamp,,,,False
C:\Users\luise\OneDrive\Documentos\DECAFIA_v2\01_dataset\decafia_clean\images\train\SANAS_NUEVAS_519.jpg,train,SANAS_NUEVAS_519,,,,no_timestamp,,,,False
C:\Users\luise\OneDrive\Documentos\DECAFIA_v2\01_dataset\decafia_clean\images\train\SANAS_NUEVAS_52.jpg,train,SANAS_NUEVAS_52,,,,no_timestamp,,,,False
C:\Users\luise\OneDrive\Documentos\DECAFIA_v2\01_dataset\decafia_clean\images\train\SANAS_NUEVAS_520.jpg,train,SANAS_NUEVAS_520,,,,no_timestamp,,,,False
C:\Users\luise\OneDrive\Documentos\DECAFIA_v2\01_dataset\decafia_clean\images\train\SANAS_NUEVAS_521.jpg,train,SANAS_NUEVAS_521,,,,no_timestamp,,,,False
C:\Users\luise\OneDrive\Documentos\DECAFIA_v2\01_dataset\decafia_clean\images\train\SANAS_NUEVAS_522.jpg,train,SANAS_NUEVAS_522,,,,no_timestamp,,,,False
C:\Users\luise\OneDrive\Documentos\DECAFIA_v2\01_dataset\decafia_clean\images\train\SANAS_NUEVAS_523.jpg,train,SANAS_NUEVAS_523,,,,no_timestamp,,,,False
C:\Users\luise\OneDrive\Documentos\DECAFIA_v2\01_dataset\decafia_clean\images\train\SANAS_NUEVAS_524.jpg,train,SANAS_NUEVAS_524,,,,no_timestamp,,,,False
C:\Users\luise\OneDrive\Documentos\DECAFIA_v2\01_dataset\decafia_clean\images\train\SANAS_NUEVAS_529.jpg,train,SANAS_NUEVAS_529,,,,no_timestamp,,,,False
C:\Users\luise\OneDrive\Documentos\DECAFIA_v2\01_dataset\decafia_clean\images\train\SANAS_NUEVAS_53.jpg,train,SANAS_NUEVAS_53,,,,no_timestamp,,,,False
C:\Users\luise\OneDrive\Documentos\DECAFIA_v2\01_dataset\decafia_clean\images\train\SANAS_NUEVAS_530.jpg,train,SANAS_NUEVAS_530,,,,no_timestamp,,,,False
C:\Users\luise\OneDrive\Documentos\DECAFIA_v2\01_dataset\decafia_clean\images\train\SANAS_NUEVAS_531.jpg,train,SANAS_NUEVAS_531,,,,no_timestamp,,,,False
C:\Users\luise\OneDrive\Documentos\DECAFIA_v2\01_dataset\decafia_clean\images\train\SANAS_NUEVAS_532.jpg,train,SANAS_NUEVAS_532,,,,no_timestamp,,,,False
C:\Users\luise\OneDrive\Documentos\DECAFIA_v2\01_dataset\decafia_clean\images\train\SANAS_NUEVAS_536.jpg,train,SANAS_NUEVAS_536,,,,no_timestamp,,,,False
C:\Users\luise\OneDrive\Documentos\DECAFIA_v2\01_dataset\decafia_clean\images\train\SANAS_NUEVAS_537.jpg,train,SANAS_NUEVAS_537,,,,no_timestamp,,,,False
C:\Users\luise\OneDrive\Documentos\DECAFIA_v2\01_dataset\decafia_clean\images\train\SANAS_NUEVAS_538.jpg,train,SANAS_NUEVAS_538,,,,no_timestamp,,,,False
C:\Users\luise\OneDrive\Documentos\DECAFIA_v2\01_dataset\decafia_clean\images\train\SANAS_NUEVAS_539.jpg,train,SANAS_NUEVAS_539,,,,no_timestamp,,,,False
C:\Users\luise\OneDrive\Documentos\DECAFIA_v2\01_dataset\decafia_clean\images\train\SANAS_NUEVAS_540.jpg,train,SANAS_NUEVAS_540,,,,no_timestamp,,,,False
C:\Users\luise\OneDrive\Documentos\DECAFIA_v2\01_dataset\decafia_clean\images\train\SANAS_NUEVAS_541.jpg,train,SANAS_NUEVAS_541,,,,no_timestamp,,,,False
C:\Users\luise\OneDrive\Documentos\DECAFIA_v2\01_dataset\decafia_clean\images\train\SANAS_NUEVAS_543.jpg,train,SANAS_NUEVAS_543,,,,no_timestamp,,,,False
C:\Users\luise\OneDrive\Documentos\DECAFIA_v2\01_dataset\decafia_clean\images\train\SANAS_NUEVAS_544.jpg,train,SANAS_NUEVAS_544,,,,no_timestamp,,,,False
C:\Users\luise\OneDrive\Documentos\DECAFIA_v2\01_dataset\decafia_clean\images\train\SANAS_NUEVAS_545.jpg,train,SANAS_NUEVAS_545,,,,no_timestamp,,,,False
C:\Users\luise\OneDrive\Documentos\DECAFIA_v2\01_dataset\decafia_clean\images\train\SANAS_NUEVAS_549.jpg,train,SANAS_NUEVAS_549,,,,no_timestamp,,,,False
C:\Users\luise\OneDrive\Documentos\DECAFIA_v2\01_dataset\decafia_clean\images\train\SANAS_NUEVAS_55.jpg,train,SANAS_NUEVAS_55,,,,no_timestamp,,,,False
C:\Users\luise\OneDrive\Documentos\DECAFIA_v2\01_dataset\decafia_clean\images\train\SANAS_NUEVAS_551.jpg,train,SANAS_NUEVAS_551,,,,no_timestamp,,,,False
C:\Users\luise\OneDrive\Documentos\DECAFIA_v2\01_dataset\decafia_clean\images\train\SANAS_NUEVAS_553.jpg,train,SANAS_NUEVAS_553,,,,no_timestamp,,,,False
C:\Users\luise\OneDrive\Documentos\DECAFIA_v2\01_dataset\decafia_clean\images\train\SANAS_NUEVAS_556.jpg,train,SANAS_NUEVAS_556,,,,no_timestamp,,,,False
C:\Users\luise\OneDrive\Documentos\DECAFIA_v2\01_dataset\decafia_clean\images\train\SANAS_NUEVAS_557.jpg,train,SANAS_NUEVAS_557,,,,no_timestamp,,,,False
C:\Users\luise\OneDrive\Documentos\DECAFIA_v2\01_dataset\decafia_clean\images\train\SANAS_NUEVAS_559.jpg,train,SANAS_NUEVAS_559,,,,no_timestamp,,,,False
C:\Users\luise\OneDrive\Documentos\DECAFIA_v2\01_dataset\decafia_clean\images\train\SANAS_NUEVAS_56.jpg,train,SANAS_NUEVAS_56,,,,no_timestamp,,,,False
C:\Users\luise\OneDrive\Documentos\DECAFIA_v2\01_dataset\decafia_clean\images\train\SANAS_NUEVAS_560.jpg,train,SANAS_NUEVAS_560,,,,no_timestamp,,,,False
C:\Users\luise\OneDrive\Documentos\DECAFIA_v2\01_dataset\decafia_clean\images\train\SANAS_NUEVAS_561.jpg,train,SANAS_NUEVAS_561,,,,no_timestamp,,,,False
C:\Users\luise\OneDrive\Documentos\DECAFIA_v2\01_dataset\decafia_clean\images\train\SANAS_NUEVAS_562.jpg,train,SANAS_NUEVAS_562,,,,no_timestamp,,,,False
C:\Users\luise\OneDrive\Documentos\DECAFIA_v2\01_dataset\decafia_clean\images\train\SANAS_NUEVAS_563.jpg,train,SANAS_NUEVAS_563,,,,no_timestamp,,,,False
C:\Users\luise\OneDrive\Documentos\DECAFIA_v2\01_dataset\decafia_clean\images\train\SANAS_NUEVAS_564.jpg,train,SANAS_NUEVAS_564,,,,no_timestamp,,,,False
C:\Users\luise\OneDrive\Documentos\DECAFIA_v2\01_dataset\decafia_clean\images\train\SANAS_NUEVAS_565.jpg,train,SANAS_NUEVAS_565,,,,no_timestamp,,,,False
C:\Users\luise\OneDrive\Documentos\DECAFIA_v2\01_dataset\decafia_clean\images\train\SANAS_NUEVAS_567.jpg,train,SANAS_NUEVAS_567,,,,no_timestamp,,,,False
C:\Users\luise\OneDrive\Documentos\DECAFIA_v2\01_dataset\decafia_clean\images\train\SANAS_NUEVAS_568.jpg,train,SANAS_NUEVAS_568,,,,no_timestamp,,,,False
C:\Users\luise\OneDrive\Documentos\DECAFIA_v2\01_dataset\decafia_clean\images\train\SANAS_NUEVAS_57.jpg,train,SANAS_NUEVAS_57,,,,no_timestamp,,,,False
C:\Users\luise\OneDrive\Documentos\DECAFIA_v2\01_dataset\decafia_clean\images\train\SANAS_NUEVAS_570.jpg,train,SANAS_NUEVAS_570,,,,no_timestamp,,,,False
C:\Users\luise\OneDrive\Documentos\DECAFIA_v2\01_dataset\decafia_clean\images\train\SANAS_NUEVAS_572.jpg,train,SANAS_NUEVAS_572,,,,no_timestamp,,,,False
C:\Users\luise\OneDrive\Documentos\DECAFIA_v2\01_dataset\decafia_clean\images\train\SANAS_NUEVAS_573.jpg,train,SANAS_NUEVAS_573,,,,no_timestamp,,,,False
C:\Users\luise\OneDrive\Documentos\DECAFIA_v2\01_dataset\decafia_clean\images\train\SANAS_NUEVAS_574.jpg,train,SANAS_NUEVAS_574,,,,no_timestamp,,,,False
C:\Users\luise\OneDrive\Documentos\DECAFIA_v2\01_dataset\decafia_clean\images\train\SANAS_NUEVAS_575.jpg,train,SANAS_NUEVAS_575,,,,no_timestamp,,,,False
C:\Users\luise\OneDrive\Documentos\DECAFIA_v2\01_dataset\decafia_clean\images\train\SANAS_NUEVAS_576.jpg,train,SANAS_NUEVAS_576,,,,no_timestamp,,,,False
C:\Users\luise\OneDrive\Documentos\DECAFIA_v2\01_dataset\decafia_clean\images\train\SANAS_NUEVAS_577.jpg,train,SANAS_NUEVAS_577,,,,no_timestamp,,,,False
C:\Users\luise\OneDrive\Documentos\DECAFIA_v2\01_dataset\decafia_clean\images\train\SANAS_NUEVAS_578.jpg,train,SANAS_NUEVAS_578,,,,no_timestamp,,,,False
C:\Users\luise\OneDrive\Documentos\DECAFIA_v2\01_dataset\decafia_clean\images\train\SANAS_NUEVAS_579.jpg,train,SANAS_NUEVAS_579,,,,no_timestamp,,,,False
C:\Users\luise\OneDrive\Documentos\DECAFIA_v2\01_dataset\decafia_clean\images\train\SANAS_NUEVAS_58.jpg,train,SANAS_NUEVAS_58,,,,no_timestamp,,,,False
C:\Users\luise\OneDrive\Documentos\DECAFIA_v2\01_dataset\decafia_clean\images\train\SANAS_NUEVAS_580.jpg,train,SANAS_NUEVAS_580,,,,no_timestamp,,,,False
C:\Users\luise\OneDrive\Documentos\DECAFIA_v2\01_dataset\decafia_clean\images\train\SANAS_NUEVAS_584.jpg,train,SANAS_NUEVAS_584,,,,no_timestamp,,,,False
C:\Users\luise\OneDrive\Documentos\DECAFIA_v2\01_dataset\decafia_clean\images\train\SANAS_NUEVAS_585.jpg,train,SANAS_NUEVAS_585,,,,no_timestamp,,,,False
C:\Users\luise\OneDrive\Documentos\DECAFIA_v2\01_dataset\decafia_clean\images\train\SANAS_NUEVAS_586.jpg,train,SANAS_NUEVAS_586,,,,no_timestamp,,,,False
C:\Users\luise\OneDrive\Documentos\DECAFIA_v2\01_dataset\decafia_clean\images\train\SANAS_NUEVAS_587.jpg,train,SANAS_NUEVAS_587,,,,no_timestamp,,,,False
C:\Users\luise\OneDrive\Documentos\DECAFIA_v2\01_dataset\decafia_clean\images\train\SANAS_NUEVAS_588.jpg,train,SANAS_NUEVAS_588,,,,no_timestamp,,,,False
C:\Users\luise\OneDrive\Documentos\DECAFIA_v2\01_dataset\decafia_clean\images\train\SANAS_NUEVAS_589.jpg,train,SANAS_NUEVAS_589,,,,no_timestamp,,,,False
C:\Users\luise\OneDrive\Documentos\DECAFIA_v2\01_dataset\decafia_clean\images\train\SANAS_NUEVAS_590.jpg,train,SANAS_NUEVAS_590,,,,no_timestamp,,,,False
C:\Users\luise\OneDrive\Documentos\DECAFIA_v2\01_dataset\decafia_clean\images\train\SANAS_NUEVAS_594.jpg,train,SANAS_NUEVAS_594,,,,no_timestamp,,,,False
C:\Users\luise\OneDrive\Documentos\DECAFIA_v2\01_dataset\decafia_clean\images\train\SANAS_NUEVAS_596.jpg,train,SANAS_NUEVAS_596,,,,no_timestamp,,,,False
C:\Users\luise\OneDrive\Documentos\DECAFIA_v2\01_dataset\decafia_clean\images\train\SANAS_NUEVAS_597.jpg,train,SANAS_NUEVAS_597,,,,no_timestamp,,,,False
C:\Users\luise\OneDrive\Documentos\DECAFIA_v2\01_dataset\decafia_clean\images\train\SANAS_NUEVAS_6.jpg,train,SANAS_NUEVAS_6,,,,no_timestamp,,,,False
C:\Users\luise\OneDrive\Documentos\DECAFIA_v2\01_dataset\decafia_clean\images\train\SANAS_NUEVAS_60.jpg,train,SANAS_NUEVAS_60,,,,no_timestamp,,,,False
C:\Users\luise\OneDrive\Documentos\DECAFIA_v2\01_dataset\decafia_clean\images\train\SANAS_NUEVAS_600.jpg,train,SANAS_NUEVAS_600,,,,no_timestamp,,,,False
C:\Users\luise\OneDrive\Documentos\DECAFIA_v2\01_dataset\decafia_clean\images\train\SANAS_NUEVAS_601.jpg,train,SANAS_NUEVAS_601,,,,no_timestamp,,,,False
C:\Users\luise\OneDrive\Documentos\DECAFIA_v2\01_dataset\decafia_clean\images\train\SANAS_NUEVAS_602.jpg,train,SANAS_NUEVAS_602,,,,no_timestamp,,,,False
C:\Users\luise\OneDrive\Documentos\DECAFIA_v2\01_dataset\decafia_clean\images\train\SANAS_NUEVAS_603.jpg,train,SANAS_NUEVAS_603,,,,no_timestamp,,,,False
C:\Users\luise\OneDrive\Documentos\DECAFIA_v2\01_dataset\decafia_clean\images\train\SANAS_NUEVAS_607.jpg,train,SANAS_NUEVAS_607,,,,no_timestamp,,,,False
C:\Users\luise\OneDrive\Documentos\DECAFIA_v2\01_dataset\decafia_clean\images\train\SANAS_NUEVAS_609.jpg,train,SANAS_NUEVAS_609,,,,no_timestamp,,,,False
C:\Users\luise\OneDrive\Documentos\DECAFIA_v2\01_dataset\decafia_clean\images\train\SANAS_NUEVAS_610.jpg,train,SANAS_NUEVAS_610,,,,no_timestamp,,,,False
C:\Users\luise\OneDrive\Documentos\DECAFIA_v2\01_dataset\decafia_clean\images\train\SANAS_NUEVAS_611.jpg,train,SANAS_NUEVAS_611,,,,no_timestamp,,,,False
C:\Users\luise\OneDrive\Documentos\DECAFIA_v2\01_dataset\decafia_clean\images\train\SANAS_NUEVAS_612.jpg,train,SANAS_NUEVAS_612,,,,no_timestamp,,,,False
C:\Users\luise\OneDrive\Documentos\DECAFIA_v2\01_dataset\decafia_clean\images\train\SANAS_NUEVAS_613.jpg,train,SANAS_NUEVAS_613,,,,no_timestamp,,,,False
C:\Users\luise\OneDrive\Documentos\DECAFIA_v2\01_dataset\decafia_clean\images\train\SANAS_NUEVAS_614.jpg,train,SANAS_NUEVAS_614,,,,no_timestamp,,,,False
C:\Users\luise\OneDrive\Documentos\DECAFIA_v2\01_dataset\decafia_clean\images\train\SANAS_NUEVAS_615.jpg,train,SANAS_NUEVAS_615,,,,no_timestamp,,,,False
C:\Users\luise\OneDrive\Documentos\DECAFIA_v2\01_dataset\decafia_clean\images\train\SANAS_NUEVAS_618.jpg,train,SANAS_NUEVAS_618,,,,no_timestamp,,,,False
C:\Users\luise\OneDrive\Documentos\DECAFIA_v2\01_dataset\decafia_clean\images\train\SANAS_NUEVAS_619.jpg,train,SANAS_NUEVAS_619,,,,no_timestamp,,,,False
C:\Users\luise\OneDrive\Documentos\DECAFIA_v2\01_dataset\decafia_clean\images\train\SANAS_NUEVAS_62.jpg,train,SANAS_NUEVAS_62,,,,no_timestamp,,,,False
C:\Users\luise\OneDrive\Documentos\DECAFIA_v2\01_dataset\decafia_clean\images\train\SANAS_NUEVAS_64.jpg,train,SANAS_NUEVAS_64,,,,no_timestamp,,,,False
C:\Users\luise\OneDrive\Documentos\DECAFIA_v2\01_dataset\decafia_clean\images\train\SANAS_NUEVAS_66.jpg,train,SANAS_NUEVAS_66,,,,no_timestamp,,,,False
C:\Users\luise\OneDrive\Documentos\DECAFIA_v2\01_dataset\decafia_clean\images\train\SANAS_NUEVAS_68.jpg,train,SANAS_NUEVAS_68,,,,no_timestamp,,,,False
C:\Users\luise\OneDrive\Documentos\DECAFIA_v2\01_dataset\decafia_clean\images\train\SANAS_NUEVAS_69.jpg,train,SANAS_NUEVAS_69,,,,no_timestamp,,,,False
C:\Users\luise\OneDrive\Documentos\DECAFIA_v2\01_dataset\decafia_clean\images\train\SANAS_NUEVAS_7.jpg,train,SANAS_NUEVAS_7,,,,no_timestamp,,,,False
C:\Users\luise\OneDrive\Documentos\DECAFIA_v2\01_dataset\decafia_clean\images\train\SANAS_NUEVAS_70.jpg,train,SANAS_NUEVAS_70,,,,no_timestamp,,,,False
C:\Users\luise\OneDrive\Documentos\DECAFIA_v2\01_dataset\decafia_clean\images\train\SANAS_NUEVAS_71.jpg,train,SANAS_NUEVAS_71,,,,no_timestamp,,,,False
C:\Users\luise\OneDrive\Documentos\DECAFIA_v2\01_dataset\decafia_clean\images\train\SANAS_NUEVAS_74.jpg,train,SANAS_NUEVAS_74,,,,no_timestamp,,,,False
C:\Users\luise\OneDrive\Documentos\DECAFIA_v2\01_dataset\decafia_clean\images\train\SANAS_NUEVAS_75.jpg,train,SANAS_NUEVAS_75,,,,no_timestamp,,,,False
C:\Users\luise\OneDrive\Documentos\DECAFIA_v2\01_dataset\decafia_clean\images\train\SANAS_NUEVAS_78.jpg,train,SANAS_NUEVAS_78,,,,no_timestamp,,,,False
C:\Users\luise\OneDrive\Documentos\DECAFIA_v2\01_dataset\decafia_clean\images\train\SANAS_NUEVAS_79.jpg,train,SANAS_NUEVAS_79,,,,no_timestamp,,,,False
C:\Users\luise\OneDrive\Documentos\DECAFIA_v2\01_dataset\decafia_clean\images\train\SANAS_NUEVAS_82.jpg,train,SANAS_NUEVAS_82,,,,no_timestamp,,,,False
C:\Users\luise\OneDrive\Documentos\DECAFIA_v2\01_dataset\decafia_clean\images\train\SANAS_NUEVAS_83.jpg,train,SANAS_NUEVAS_83,,,,no_timestamp,,,,False
C:\Users\luise\OneDrive\Documentos\DECAFIA_v2\01_dataset\decafia_clean\images\train\SANAS_NUEVAS_85.jpg,train,SANAS_NUEVAS_85,,,,no_timestamp,,,,False
C:\Users\luise\OneDrive\Documentos\DECAFIA_v2\01_dataset\decafia_clean\images\train\SANAS_NUEVAS_88.jpg,train,SANAS_NUEVAS_88,,,,no_timestamp,,,,False
C:\Users\luise\OneDrive\Documentos\DECAFIA_v2\01_dataset\decafia_clean\images\train\SANAS_NUEVAS_89.jpg,train,SANAS_NUEVAS_89,,,,no_timestamp,,,,False
C:\Users\luise\OneDrive\Documentos\DECAFIA_v2\01_dataset\decafia_clean\images\train\SANAS_NUEVAS_9.jpg,train,SANAS_NUEVAS_9,,,,no_timestamp,,,,False
C:\Users\luise\OneDrive\Documentos\DECAFIA_v2\01_dataset\decafia_clean\images\train\SANAS_NUEVAS_91.jpg,train,SANAS_NUEVAS_91,,,,no_timestamp,,,,False
C:\Users\luise\OneDrive\Documentos\DECAFIA_v2\01_dataset\decafia_clean\images\train\SANAS_NUEVAS_93.jpg,train,SANAS_NUEVAS_93,,,,no_timestamp,,,,False
C:\Users\luise\OneDrive\Documentos\DECAFIA_v2\01_dataset\decafia_clean\images\train\SANAS_NUEVAS_95.jpg,train,SANAS_NUEVAS_95,,,,no_timestamp,,,,False
C:\Users\luise\OneDrive\Documentos\DECAFIA_v2\01_dataset\decafia_clean\images\train\SANAS_NUEVAS_96.jpg,train,SANAS_NUEVAS_96,,,,no_timestamp,,,,False
C:\Users\luise\OneDrive\Documentos\DECAFIA_v2\01_dataset\decafia_clean\images\train\SANAS_NUEVAS_98.jpg,train,SANAS_NUEVAS_98,,,,no_timestamp,,,,False
C:\Users\luise\OneDrive\Documentos\DECAFIA_v2\01_dataset\decafia_clean\images\train\SANAS_NUEVAS_99.jpg,train,SANAS_NUEVAS_99,,,,no_timestamp,,,,False
C:\Users\luise\OneDrive\Documentos\DECAFIA_v2\01_dataset\decafia_clean\images\train\SANAS_SOCORRO_1.jpg,train,SANAS_SOCORRO_1,,,,no_timestamp,,,,False
C:\Users\luise\OneDrive\Documentos\DECAFIA_v2\01_dataset\decafia_clean\images\train\SANAS_SOCORRO_10.jpg,train,SANAS_SOCORRO_10,,,,no_timestamp,,,,False
C:\Users\luise\OneDrive\Documentos\DECAFIA_v2\01_dataset\decafia_clean\images\train\SANAS_SOCORRO_100.jpg,train,SANAS_SOCORRO_100,,,,no_timestamp,,,,False
C:\Users\luise\OneDrive\Documentos\DECAFIA_v2\01_dataset\decafia_clean\images\train\SANAS_SOCORRO_101.jpg,train,SANAS_SOCORRO_101,,,,no_timestamp,,,,False
C:\Users\luise\OneDrive\Documentos\DECAFIA_v2\01_dataset\decafia_clean\images\train\SANAS_SOCORRO_103.jpg,train,SANAS_SOCORRO_103,,,,no_timestamp,,,,False
C:\Users\luise\OneDrive\Documentos\DECAFIA_v2\01_dataset\decafia_clean\images\train\SANAS_SOCORRO_104.jpg,train,SANAS_SOCORRO_104,,,,no_timestamp,,,,False
C:\Users\luise\OneDrive\Documentos\DECAFIA_v2\01_dataset\decafia_clean\images\train\SANAS_SOCORRO_106.jpg,train,SANAS_SOCORRO_106,,,,no_timestamp,,,,False
C:\Users\luise\OneDrive\Documentos\DECAFIA_v2\01_dataset\decafia_clean\images\train\SANAS_SOCORRO_108.jpg,train,SANAS_SOCORRO_108,,,,no_timestamp,,,,False
C:\Users\luise\OneDrive\Documentos\DECAFIA_v2\01_dataset\decafia_clean\images\train\SANAS_SOCORRO_110.jpg,train,SANAS_SOCORRO_110,,,,no_timestamp,,,,False
C:\Users\luise\OneDrive\Documentos\DECAFIA_v2\01_dataset\decafia_clean\images\train\SANAS_SOCORRO_112.jpg,train,SANAS_SOCORRO_112,,,,no_timestamp,,,,False
C:\Users\luise\OneDrive\Documentos\DECAFIA_v2\01_dataset\decafia_clean\images\train\SANAS_SOCORRO_113.jpg,train,SANAS_SOCORRO_113,,,,no_timestamp,,,,False
C:\Users\luise\OneDrive\Documentos\DECAFIA_v2\01_dataset\decafia_clean\images\train\SANAS_SOCORRO_114.jpg,train,SANAS_SOCORRO_114,,,,no_timestamp,,,,False
C:\Users\luise\OneDrive\Documentos\DECAFIA_v2\01_dataset\decafia_clean\images\train\SANAS_SOCORRO_115.jpg,train,SANAS_SOCORRO_115,,,,no_timestamp,,,,False
C:\Users\luise\OneDrive\Documentos\DECAFIA_v2\01_dataset\decafia_clean\images\train\SANAS_SOCORRO_116.jpg,train,SANAS_SOCORRO_116,,,,no_timestamp,,,,False
C:\Users\luise\OneDrive\Documentos\DECAFIA_v2\01_dataset\decafia_clean\images\train\SANAS_SOCORRO_117.jpg,train,SANAS_SOCORRO_117,,,,no_timestamp,,,,False
C:\Users\luise\OneDrive\Documentos\DECAFIA_v2\01_dataset\decafia_clean\images\train\SANAS_SOCORRO_118.jpg,train,SANAS_SOCORRO_118,,,,no_timestamp,,,,False
C:\Users\luise\OneDrive\Documentos\DECAFIA_v2\01_dataset\decafia_clean\images\train\SANAS_SOCORRO_119.jpg,train,SANAS_SOCORRO_119,,,,no_timestamp,,,,False
C:\Users\luise\OneDrive\Documentos\DECAFIA_v2\01_dataset\decafia_clean\images\train\SANAS_SOCORRO_12.jpg,train,SANAS_SOCORRO_12,,,,no_timestamp,,,,False
C:\Users\luise\OneDrive\Documentos\DECAFIA_v2\01_dataset\decafia_clean\images\train\SANAS_SOCORRO_120.jpg,train,SANAS_SOCORRO_120,,,,no_timestamp,,,,False
C:\Users\luise\OneDrive\Documentos\DECAFIA_v2\01_dataset\decafia_clean\images\train\SANAS_SOCORRO_121.jpg,train,SANAS_SOCORRO_121,,,,no_timestamp,,,,False
C:\Users\luise\OneDrive\Documentos\DECAFIA_v2\01_dataset\decafia_clean\images\train\SANAS_SOCORRO_123.jpg,train,SANAS_SOCORRO_123,,,,no_timestamp,,,,False
C:\Users\luise\OneDrive\Documentos\DECAFIA_v2\01_dataset\decafia_clean\images\train\SANAS_SOCORRO_125.jpg,train,SANAS_SOCORRO_125,,,,no_timestamp,,,,False
C:\Users\luise\OneDrive\Documentos\DECAFIA_v2\01_dataset\decafia_clean\images\train\SANAS_SOCORRO_126.jpg,train,SANAS_SOCORRO_126,,,,no_timestamp,,,,False
C:\Users\luise\OneDrive\Documentos\DECAFIA_v2\01_dataset\decafia_clean\images\train\SANAS_SOCORRO_127.jpg,train,SANAS_SOCORRO_127,,,,no_timestamp,,,,False
C:\Users\luise\OneDrive\Documentos\DECAFIA_v2\01_dataset\decafia_clean\images\train\SANAS_SOCORRO_129.jpg,train,SANAS_SOCORRO_129,,,,no_timestamp,,,,False
C:\Users\luise\OneDrive\Documentos\DECAFIA_v2\01_dataset\decafia_clean\images\train\SANAS_SOCORRO_131.jpg,train,SANAS_SOCORRO_131,,,,no_timestamp,,,,False
C:\Users\luise\OneDrive\Documentos\DECAFIA_v2\01_dataset\decafia_clean\images\train\SANAS_SOCORRO_132.jpg,train,SANAS_SOCORRO_132,,,,no_timestamp,,,,False
C:\Users\luise\OneDrive\Documentos\DECAFIA_v2\01_dataset\decafia_clean\images\train\SANAS_SOCORRO_134.jpg,train,SANAS_SOCORRO_134,,,,no_timestamp,,,,False
C:\Users\luise\OneDrive\Documentos\DECAFIA_v2\01_dataset\decafia_clean\images\train\SANAS_SOCORRO_135.jpg,train,SANAS_SOCORRO_135,,,,no_timestamp,,,,False
C:\Users\luise\OneDrive\Documentos\DECAFIA_v2\01_dataset\decafia_clean\images\train\SANAS_SOCORRO_136.jpg,train,SANAS_SOCORRO_136,,,,no_timestamp,,,,False
C:\Users\luise\OneDrive\Documentos\DECAFIA_v2\01_dataset\decafia_clean\images\train\SANAS_SOCORRO_137.jpg,train,SANAS_SOCORRO_137,,,,no_timestamp,,,,False
C:\Users\luise\OneDrive\Documentos\DECAFIA_v2\01_dataset\decafia_clean\images\train\SANAS_SOCORRO_14.jpg,train,SANAS_SOCORRO_14,,,,no_timestamp,,,,False
C:\Users\luise\OneDrive\Documentos\DECAFIA_v2\01_dataset\decafia_clean\images\train\SANAS_SOCORRO_140.jpg,train,SANAS_SOCORRO_140,,,,no_timestamp,,,,False
C:\Users\luise\OneDrive\Documentos\DECAFIA_v2\01_dataset\decafia_clean\images\train\SANAS_SOCORRO_143.jpg,train,SANAS_SOCORRO_143,,,,no_timestamp,,,,False
C:\Users\luise\OneDrive\Documentos\DECAFIA_v2\01_dataset\decafia_clean\images\train\SANAS_SOCORRO_144.jpg,train,SANAS_SOCORRO_144,,,,no_timestamp,,,,False
C:\Users\luise\OneDrive\Documentos\DECAFIA_v2\01_dataset\decafia_clean\images\train\SANAS_SOCORRO_145.jpg,train,SANAS_SOCORRO_145,,,,no_timestamp,,,,False
C:\Users\luise\OneDrive\Documentos\DECAFIA_v2\01_dataset\decafia_clean\images\train\SANAS_SOCORRO_146.jpg,train,SANAS_SOCORRO_146,,,,no_timestamp,,,,False
C:\Users\luise\OneDrive\Documentos\DECAFIA_v2\01_dataset\decafia_clean\images\train\SANAS_SOCORRO_147.jpg,train,SANAS_SOCORRO_147,,,,no_timestamp,,,,False
C:\Users\luise\OneDrive\Documentos\DECAFIA_v2\01_dataset\decafia_clean\images\train\SANAS_SOCORRO_148.jpg,train,SANAS_SOCORRO_148,,,,no_timestamp,,,,False
C:\Users\luise\OneDrive\Documentos\DECAFIA_v2\01_dataset\decafia_clean\images\train\SANAS_SOCORRO_149.jpg,train,SANAS_SOCORRO_149,,,,no_timestamp,,,,False
C:\Users\luise\OneDrive\Documentos\DECAFIA_v2\01_dataset\decafia_clean\images\train\SANAS_SOCORRO_15.jpg,train,SANAS_SOCORRO_15,,,,no_timestamp,,,,False
C:\Users\luise\OneDrive\Documentos\DECAFIA_v2\01_dataset\decafia_clean\images\train\SANAS_SOCORRO_150.jpg,train,SANAS_SOCORRO_150,,,,no_timestamp,,,,False
C:\Users\luise\OneDrive\Documentos\DECAFIA_v2\01_dataset\decafia_clean\images\train\SANAS_SOCORRO_151.jpg,train,SANAS_SOCORRO_151,,,,no_timestamp,,,,False
C:\Users\luise\OneDrive\Documentos\DECAFIA_v2\01_dataset\decafia_clean\images\train\SANAS_SOCORRO_152.jpg,train,SANAS_SOCORRO_152,,,,no_timestamp,,,,False
C:\Users\luise\OneDrive\Documentos\DECAFIA_v2\01_dataset\decafia_clean\images\train\SANAS_SOCORRO_154.jpg,train,SANAS_SOCORRO_154,,,,no_timestamp,,,,False
C:\Users\luise\OneDrive\Documentos\DECAFIA_v2\01_dataset\decafia_clean\images\train\SANAS_SOCORRO_155.jpg,train,SANAS_SOCORRO_155,,,,no_timestamp,,,,False
C:\Users\luise\OneDrive\Documentos\DECAFIA_v2\01_dataset\decafia_clean\images\train\SANAS_SOCORRO_157.jpg,train,SANAS_SOCORRO_157,,,,no_timestamp,,,,False
C:\Users\luise\OneDrive\Documentos\DECAFIA_v2\01_dataset\decafia_clean\images\train\SANAS_SOCORRO_159.jpg,train,SANAS_SOCORRO_159,,,,no_timestamp,,,,False
C:\Users\luise\OneDrive\Documentos\DECAFIA_v2\01_dataset\decafia_clean\images\train\SANAS_SOCORRO_160.jpg,train,SANAS_SOCORRO_160,,,,no_timestamp,,,,False
C:\Users\luise\OneDrive\Documentos\DECAFIA_v2\01_dataset\decafia_clean\images\train\SANAS_SOCORRO_161.jpg,train,SANAS_SOCORRO_161,,,,no_timestamp,,,,False
C:\Users\luise\OneDrive\Documentos\DECAFIA_v2\01_dataset\decafia_clean\images\train\SANAS_SOCORRO_162.jpg,train,SANAS_SOCORRO_162,,,,no_timestamp,,,,False
C:\Users\luise\OneDrive\Documentos\DECAFIA_v2\01_dataset\decafia_clean\images\train\SANAS_SOCORRO_165.jpg,train,SANAS_SOCORRO_165,,,,no_timestamp,,,,False
C:\Users\luise\OneDrive\Documentos\DECAFIA_v2\01_dataset\decafia_clean\images\train\SANAS_SOCORRO_166.jpg,train,SANAS_SOCORRO_166,,,,no_timestamp,,,,False
C:\Users\luise\OneDrive\Documentos\DECAFIA_v2\01_dataset\decafia_clean\images\train\SANAS_SOCORRO_168.jpg,train,SANAS_SOCORRO_168,,,,no_timestamp,,,,False
C:\Users\luise\OneDrive\Documentos\DECAFIA_v2\01_dataset\decafia_clean\images\train\SANAS_SOCORRO_17.jpg,train,SANAS_SOCORRO_17,,,,no_timestamp,,,,False
C:\Users\luise\OneDrive\Documentos\DECAFIA_v2\01_dataset\decafia_clean\images\train\SANAS_SOCORRO_172.jpg,train,SANAS_SOCORRO_172,,,,no_timestamp,,,,False
C:\Users\luise\OneDrive\Documentos\DECAFIA_v2\01_dataset\decafia_clean\images\train\SANAS_SOCORRO_173.jpg,train,SANAS_SOCORRO_173,,,,no_timestamp,,,,False
C:\Users\luise\OneDrive\Documentos\DECAFIA_v2\01_dataset\decafia_clean\images\train\SANAS_SOCORRO_176.jpg,train,SANAS_SOCORRO_176,,,,no_timestamp,,,,False
C:\Users\luise\OneDrive\Documentos\DECAFIA_v2\01_dataset\decafia_clean\images\train\SANAS_SOCORRO_177.jpg,train,SANAS_SOCORRO_177,,,,no_timestamp,,,,False
C:\Users\luise\OneDrive\Documentos\DECAFIA_v2\01_dataset\decafia_clean\images\train\SANAS_SOCORRO_179.jpg,train,SANAS_SOCORRO_179,,,,no_timestamp,,,,False
C:\Users\luise\OneDrive\Documentos\DECAFIA_v2\01_dataset\decafia_clean\images\train\SANAS_SOCORRO_18.jpg,train,SANAS_SOCORRO_18,,,,no_timestamp,,,,False
C:\Users\luise\OneDrive\Documentos\DECAFIA_v2\01_dataset\decafia_clean\images\train\SANAS_SOCORRO_180.jpg,train,SANAS_SOCORRO_180,,,,no_timestamp,,,,False
C:\Users\luise\OneDrive\Documentos\DECAFIA_v2\01_dataset\decafia_clean\images\train\SANAS_SOCORRO_183.jpg,train,SANAS_SOCORRO_183,,,,no_timestamp,,,,False
C:\Users\luise\OneDrive\Documentos\DECAFIA_v2\01_dataset\decafia_clean\images\train\SANAS_SOCORRO_184.jpg,train,SANAS_SOCORRO_184,,,,no_timestamp,,,,False
C:\Users\luise\OneDrive\Documentos\DECAFIA_v2\01_dataset\decafia_clean\images\train\SANAS_SOCORRO_185.jpg,train,SANAS_SOCORRO_185,,,,no_timestamp,,,,False
C:\Users\luise\OneDrive\Documentos\DECAFIA_v2\01_dataset\decafia_clean\images\train\SANAS_SOCORRO_187.jpg,train,SANAS_SOCORRO_187,,,,no_timestamp,,,,False
C:\Users\luise\OneDrive\Documentos\DECAFIA_v2\01_dataset\decafia_clean\images\train\SANAS_SOCORRO_189.jpg,train,SANAS_SOCORRO_189,,,,no_timestamp,,,,False
C:\Users\luise\OneDrive\Documentos\DECAFIA_v2\01_dataset\decafia_clean\images\train\SANAS_SOCORRO_191.jpg,train,SANAS_SOCORRO_191,,,,no_timestamp,,,,False
C:\Users\luise\OneDrive\Documentos\DECAFIA_v2\01_dataset\decafia_clean\images\train\SANAS_SOCORRO_192.jpg,train,SANAS_SOCORRO_192,,,,no_timestamp,,,,False
C:\Users\luise\OneDrive\Documentos\DECAFIA_v2\01_dataset\decafia_clean\images\train\SANAS_SOCORRO_194.jpg,train,SANAS_SOCORRO_194,,,,no_timestamp,,,,False
C:\Users\luise\OneDrive\Documentos\DECAFIA_v2\01_dataset\decafia_clean\images\train\SANAS_SOCORRO_195.jpg,train,SANAS_SOCORRO_195,,,,no_timestamp,,,,False
C:\Users\luise\OneDrive\Documentos\DECAFIA_v2\01_dataset\decafia_clean\images\train\SANAS_SOCORRO_196.jpg,train,SANAS_SOCORRO_196,,,,no_timestamp,,,,False
C:\Users\luise\OneDrive\Documentos\DECAFIA_v2\01_dataset\decafia_clean\images\train\SANAS_SOCORRO_197.jpg,train,SANAS_SOCORRO_197,,,,no_timestamp,,,,False
C:\Users\luise\OneDrive\Documentos\DECAFIA_v2\01_dataset\decafia_clean\images\train\SANAS_SOCORRO_198.jpg,train,SANAS_SOCORRO_198,,,,no_timestamp,,,,False
C:\Users\luise\OneDrive\Documentos\DECAFIA_v2\01_dataset\decafia_clean\images\train\SANAS_SOCORRO_199.jpg,train,SANAS_SOCORRO_199,,,,no_timestamp,,,,False
C:\Users\luise\OneDrive\Documentos\DECAFIA_v2\01_dataset\decafia_clean\images\train\SANAS_SOCORRO_20.jpg,train,SANAS_SOCORRO_20,,,,no_timestamp,,,,False
C:\Users\luise\OneDrive\Documentos\DECAFIA_v2\01_dataset\decafia_clean\images\train\SANAS_SOCORRO_200.jpg,train,SANAS_SOCORRO_200,,,,no_timestamp,,,,False
C:\Users\luise\OneDrive\Documentos\DECAFIA_v2\01_dataset\decafia_clean\images\train\SANAS_SOCORRO_201.jpg,train,SANAS_SOCORRO_201,,,,no_timestamp,,,,False
C:\Users\luise\OneDrive\Documentos\DECAFIA_v2\01_dataset\decafia_clean\images\train\SANAS_SOCORRO_202.jpg,train,SANAS_SOCORRO_202,,,,no_timestamp,,,,False
C:\Users\luise\OneDrive\Documentos\DECAFIA_v2\01_dataset\decafia_clean\images\train\SANAS_SOCORRO_205.jpg,train,SANAS_SOCORRO_205,,,,no_timestamp,,,,False
C:\Users\luise\OneDrive\Documentos\DECAFIA_v2\01_dataset\decafia_clean\images\train\SANAS_SOCORRO_206.jpg,train,SANAS_SOCORRO_206,,,,no_timestamp,,,,False
C:\Users\luise\OneDrive\Documentos\DECAFIA_v2\01_dataset\decafia_clean\images\train\SANAS_SOCORRO_208.jpg,train,SANAS_SOCORRO_208,,,,no_timestamp,,,,False
C:\Users\luise\OneDrive\Documentos\DECAFIA_v2\01_dataset\decafia_clean\images\train\SANAS_SOCORRO_209.jpg,train,SANAS_SOCORRO_209,,,,no_timestamp,,,,False
C:\Users\luise\OneDrive\Documentos\DECAFIA_v2\01_dataset\decafia_clean\images\train\SANAS_SOCORRO_211.jpg,train,SANAS_SOCORRO_211,,,,no_timestamp,,,,False
C:\Users\luise\OneDrive\Documentos\DECAFIA_v2\01_dataset\decafia_clean\images\train\SANAS_SOCORRO_212.jpg,train,SANAS_SOCORRO_212,,,,no_timestamp,,,,False
C:\Users\luise\OneDrive\Documentos\DECAFIA_v2\01_dataset\decafia_clean\images\train\SANAS_SOCORRO_213.jpg,train,SANAS_SOCORRO_213,,,,no_timestamp,,,,False
C:\Users\luise\OneDrive\Documentos\DECAFIA_v2\01_dataset\decafia_clean\images\train\SANAS_SOCORRO_215.jpg,train,SANAS_SOCORRO_215,,,,no_timestamp,,,,False
C:\Users\luise\OneDrive\Documentos\DECAFIA_v2\01_dataset\decafia_clean\images\train\SANAS_SOCORRO_216.jpg,train,SANAS_SOCORRO_216,,,,no_timestamp,,,,False
C:\Users\luise\OneDrive\Documentos\DECAFIA_v2\01_dataset\decafia_clean\images\train\SANAS_SOCORRO_217.jpg,train,SANAS_SOCORRO_217,,,,no_timestamp,,,,False
C:\Users\luise\OneDrive\Documentos\DECAFIA_v2\01_dataset\decafia_clean\images\train\SANAS_SOCORRO_219.jpg,train,SANAS_SOCORRO_219,,,,no_timestamp,,,,False
C:\Users\luise\OneDrive\Documentos\DECAFIA_v2\01_dataset\decafia_clean\images\train\SANAS_SOCORRO_220.jpg,train,SANAS_SOCORRO_220,,,,no_timestamp,,,,False
C:\Users\luise\OneDrive\Documentos\DECAFIA_v2\01_dataset\decafia_clean\images\train\SANAS_SOCORRO_221.jpg,train,SANAS_SOCORRO_221,,,,no_timestamp,,,,False
C:\Users\luise\OneDrive\Documentos\DECAFIA_v2\01_dataset\decafia_clean\images\train\SANAS_SOCORRO_223.jpg,train,SANAS_SOCORRO_223,,,,no_timestamp,,,,False
C:\Users\luise\OneDrive\Documentos\DECAFIA_v2\01_dataset\decafia_clean\images\train\SANAS_SOCORRO_224.jpg,train,SANAS_SOCORRO_224,,,,no_timestamp,,,,False
C:\Users\luise\OneDrive\Documentos\DECAFIA_v2\01_dataset\decafia_clean\images\train\SANAS_SOCORRO_226.jpg,train,SANAS_SOCORRO_226,,,,no_timestamp,,,,False
C:\Users\luise\OneDrive\Documentos\DECAFIA_v2\01_dataset\decafia_clean\images\train\SANAS_SOCORRO_227.jpg,train,SANAS_SOCORRO_227,,,,no_timestamp,,,,False
C:\Users\luise\OneDrive\Documentos\DECAFIA_v2\01_dataset\decafia_clean\images\train\SANAS_SOCORRO_228.jpg,train,SANAS_SOCORRO_228,,,,no_timestamp,,,,False
C:\Users\luise\OneDrive\Documentos\DECAFIA_v2\01_dataset\decafia_clean\images\train\SANAS_SOCORRO_229.jpg,train,SANAS_SOCORRO_229,,,,no_timestamp,,,,False
C:\Users\luise\OneDrive\Documentos\DECAFIA_v2\01_dataset\decafia_clean\images\train\SANAS_SOCORRO_23.jpg,train,SANAS_SOCORRO_23,,,,no_timestamp,,,,False
C:\Users\luise\OneDrive\Documentos\DECAFIA_v2\01_dataset\decafia_clean\images\train\SANAS_SOCORRO_231.jpg,train,SANAS_SOCORRO_231,,,,no_timestamp,,,,False
C:\Users\luise\OneDrive\Documentos\DECAFIA_v2\01_dataset\decafia_clean\images\train\SANAS_SOCORRO_232.jpg,train,SANAS_SOCORRO_232,,,,no_timestamp,,,,False
C:\Users\luise\OneDrive\Documentos\DECAFIA_v2\01_dataset\decafia_clean\images\train\SANAS_SOCORRO_233.jpg,train,SANAS_SOCORRO_233,,,,no_timestamp,,,,False
C:\Users\luise\OneDrive\Documentos\DECAFIA_v2\01_dataset\decafia_clean\images\train\SANAS_SOCORRO_235.jpg,train,SANAS_SOCORRO_235,,,,no_timestamp,,,,False
C:\Users\luise\OneDrive\Documentos\DECAFIA_v2\01_dataset\decafia_clean\images\train\SANAS_SOCORRO_236.jpg,train,SANAS_SOCORRO_236,,,,no_timestamp,,,,False
C:\Users\luise\OneDrive\Documentos\DECAFIA_v2\01_dataset\decafia_clean\images\train\SANAS_SOCORRO_237.jpg,train,SANAS_SOCORRO_237,,,,no_timestamp,,,,False
C:\Users\luise\OneDrive\Documentos\DECAFIA_v2\01_dataset\decafia_clean\images\train\SANAS_SOCORRO_239.jpg,train,SANAS_SOCORRO_239,,,,no_timestamp,,,,False
C:\Users\luise\OneDrive\Documentos\DECAFIA_v2\01_dataset\decafia_clean\images\train\SANAS_SOCORRO_24.jpg,train,SANAS_SOCORRO_24,,,,no_timestamp,,,,False
C:\Users\luise\OneDrive\Documentos\DECAFIA_v2\01_dataset\decafia_clean\images\train\SANAS_SOCORRO_242.jpg,train,SANAS_SOCORRO_242,,,,no_timestamp,,,,False
C:\Users\luise\OneDrive\Documentos\DECAFIA_v2\01_dataset\decafia_clean\images\train\SANAS_SOCORRO_245.jpg,train,SANAS_SOCORRO_245,,,,no_timestamp,,,,False
C:\Users\luise\OneDrive\Documentos\DECAFIA_v2\01_dataset\decafia_clean\images\train\SANAS_SOCORRO_246.jpg,train,SANAS_SOCORRO_246,,,,no_timestamp,,,,False
C:\Users\luise\OneDrive\Documentos\DECAFIA_v2\01_dataset\decafia_clean\images\train\SANAS_SOCORRO_248.jpg,train,SANAS_SOCORRO_248,,,,no_timestamp,,,,False
C:\Users\luise\OneDrive\Documentos\DECAFIA_v2\01_dataset\decafia_clean\images\train\SANAS_SOCORRO_249.jpg,train,SANAS_SOCORRO_249,,,,no_timestamp,,,,False
C:\Users\luise\OneDrive\Documentos\DECAFIA_v2\01_dataset\decafia_clean\images\train\SANAS_SOCORRO_25.jpg,train,SANAS_SOCORRO_25,,,,no_timestamp,,,,False
C:\Users\luise\OneDrive\Documentos\DECAFIA_v2\01_dataset\decafia_clean\images\train\SANAS_SOCORRO_250.jpg,train,SANAS_SOCORRO_250,,,,no_timestamp,,,,False
C:\Users\luise\OneDrive\Documentos\DECAFIA_v2\01_dataset\decafia_clean\images\train\SANAS_SOCORRO_251.jpg,train,SANAS_SOCORRO_251,,,,no_timestamp,,,,False
C:\Users\luise\OneDrive\Documentos\DECAFIA_v2\01_dataset\decafia_clean\images\train\SANAS_SOCORRO_253.jpg,train,SANAS_SOCORRO_253,,,,no_timestamp,,,,False
C:\Users\luise\OneDrive\Documentos\DECAFIA_v2\01_dataset\decafia_clean\images\train\SANAS_SOCORRO_254.jpg,train,SANAS_SOCORRO_254,,,,no_timestamp,,,,False
C:\Users\luise\OneDrive\Documentos\DECAFIA_v2\01_dataset\decafia_clean\images\train\SANAS_SOCORRO_255.jpg,train,SANAS_SOCORRO_255,,,,no_timestamp,,,,False
C:\Users\luise\OneDrive\Documentos\DECAFIA_v2\01_dataset\decafia_clean\images\train\SANAS_SOCORRO_256.jpg,train,SANAS_SOCORRO_256,,,,no_timestamp,,,,False
C:\Users\luise\OneDrive\Documentos\DECAFIA_v2\01_dataset\decafia_clean\images\train\SANAS_SOCORRO_257.jpg,train,SANAS_SOCORRO_257,,,,no_timestamp,,,,False
C:\Users\luise\OneDrive\Documentos\DECAFIA_v2\01_dataset\decafia_clean\images\train\SANAS_SOCORRO_258.jpg,train,SANAS_SOCORRO_258,,,,no_timestamp,,,,False
C:\Users\luise\OneDrive\Documentos\DECAFIA_v2\01_dataset\decafia_clean\images\train\SANAS_SOCORRO_259.jpg,train,SANAS_SOCORRO_259,,,,no_timestamp,,,,False
C:\Users\luise\OneDrive\Documentos\DECAFIA_v2\01_dataset\decafia_clean\images\train\SANAS_SOCORRO_260.jpg,train,SANAS_SOCORRO_260,,,,no_timestamp,,,,False
C:\Users\luise\OneDrive\Documentos\DECAFIA_v2\01_dataset\decafia_clean\images\train\SANAS_SOCORRO_261.jpg,train,SANAS_SOCORRO_261,,,,no_timestamp,,,,False
C:\Users\luise\OneDrive\Documentos\DECAFIA_v2\01_dataset\decafia_clean\images\train\SANAS_SOCORRO_262.jpg,train,SANAS_SOCORRO_262,,,,no_timestamp,,,,False
C:\Users\luise\OneDrive\Documentos\DECAFIA_v2\01_dataset\decafia_clean\images\train\SANAS_SOCORRO_263.jpg,train,SANAS_SOCORRO_263,,,,no_timestamp,,,,False
C:\Users\luise\OneDrive\Documentos\DECAFIA_v2\01_dataset\decafia_clean\images\train\SANAS_SOCORRO_264.jpg,train,SANAS_SOCORRO_264,,,,no_timestamp,,,,False
C:\Users\luise\OneDrive\Documentos\DECAFIA_v2\01_dataset\decafia_clean\images\train\SANAS_SOCORRO_265.jpg,train,SANAS_SOCORRO_265,,,,no_timestamp,,,,False
C:\Users\luise\OneDrive\Documentos\DECAFIA_v2\01_dataset\decafia_clean\images\train\SANAS_SOCORRO_266.jpg,train,SANAS_SOCORRO_266,,,,no_timestamp,,,,False
C:\Users\luise\OneDrive\Documentos\DECAFIA_v2\01_dataset\decafia_clean\images\train\SANAS_SOCORRO_267.jpg,train,SANAS_SOCORRO_267,,,,no_timestamp,,,,False
C:\Users\luise\OneDrive\Documentos\DECAFIA_v2\01_dataset\decafia_clean\images\train\SANAS_SOCORRO_268.jpg,train,SANAS_SOCORRO_268,,,,no_timestamp,,,,False
C:\Users\luise\OneDrive\Documentos\DECAFIA_v2\01_dataset\decafia_clean\images\train\SANAS_SOCORRO_269.jpg,train,SANAS_SOCORRO_269,,,,no_timestamp,,,,False
C:\Users\luise\OneDrive\Documentos\DECAFIA_v2\01_dataset\decafia_clean\images\train\SANAS_SOCORRO_27.jpg,train,SANAS_SOCORRO_27,,,,no_timestamp,,,,False
C:\Users\luise\OneDrive\Documentos\DECAFIA_v2\01_dataset\decafia_clean\images\train\SANAS_SOCORRO_270.jpg,train,SANAS_SOCORRO_270,,,,no_timestamp,,,,False
C:\Users\luise\OneDrive\Documentos\DECAFIA_v2\01_dataset\decafia_clean\images\train\SANAS_SOCORRO_271.jpg,train,SANAS_SOCORRO_271,,,,no_timestamp,,,,False
C:\Users\luise\OneDrive\Documentos\DECAFIA_v2\01_dataset\decafia_clean\images\train\SANAS_SOCORRO_273.jpg,train,SANAS_SOCORRO_273,,,,no_timestamp,,,,False
C:\Users\luise\OneDrive\Documentos\DECAFIA_v2\01_dataset\decafia_clean\images\train\SANAS_SOCORRO_274.jpg,train,SANAS_SOCORRO_274,,,,no_timestamp,,,,False
C:\Users\luise\OneDrive\Documentos\DECAFIA_v2\01_dataset\decafia_clean\images\train\SANAS_SOCORRO_275.jpg,train,SANAS_SOCORRO_275,,,,no_timestamp,,,,False
C:\Users\luise\OneDrive\Documentos\DECAFIA_v2\01_dataset\decafia_clean\images\train\SANAS_SOCORRO_276.jpg,train,SANAS_SOCORRO_276,,,,no_timestamp,,,,False
C:\Users\luise\OneDrive\Documentos\DECAFIA_v2\01_dataset\decafia_clean\images\train\SANAS_SOCORRO_277.jpg,train,SANAS_SOCORRO_277,,,,no_timestamp,,,,False
C:\Users\luise\OneDrive\Documentos\DECAFIA_v2\01_dataset\decafia_clean\images\train\SANAS_SOCORRO_278.jpg,train,SANAS_SOCORRO_278,,,,no_timestamp,,,,False
C:\Users\luise\OneDrive\Documentos\DECAFIA_v2\01_dataset\decafia_clean\images\train\SANAS_SOCORRO_279.jpg,train,SANAS_SOCORRO_279,,,,no_timestamp,,,,False
C:\Users\luise\OneDrive\Documentos\DECAFIA_v2\01_dataset\decafia_clean\images\train\SANAS_SOCORRO_28.jpg,train,SANAS_SOCORRO_28,,,,no_timestamp,,,,False
C:\Users\luise\OneDrive\Documentos\DECAFIA_v2\01_dataset\decafia_clean\images\train\SANAS_SOCORRO_280.jpg,train,SANAS_SOCORRO_280,,,,no_timestamp,,,,False
C:\Users\luise\OneDrive\Documentos\DECAFIA_v2\01_dataset\decafia_clean\images\train\SANAS_SOCORRO_281.jpg,train,SANAS_SOCORRO_281,,,,no_timestamp,,,,False
C:\Users\luise\OneDrive\Documentos\DECAFIA_v2\01_dataset\decafia_clean\images\train\SANAS_SOCORRO_285.jpg,train,SANAS_SOCORRO_285,,,,no_timestamp,,,,False
C:\Users\luise\OneDrive\Documentos\DECAFIA_v2\01_dataset\decafia_clean\images\train\SANAS_SOCORRO_287.jpg,train,SANAS_SOCORRO_287,,,,no_timestamp,,,,False
C:\Users\luise\OneDrive\Documentos\DECAFIA_v2\01_dataset\decafia_clean\images\train\SANAS_SOCORRO_288.jpg,train,SANAS_SOCORRO_288,,,,no_timestamp,,,,False
C:\Users\luise\OneDrive\Documentos\DECAFIA_v2\01_dataset\decafia_clean\images\train\SANAS_SOCORRO_289.jpg,train,SANAS_SOCORRO_289,,,,no_timestamp,,,,False
C:\Users\luise\OneDrive\Documentos\DECAFIA_v2\01_dataset\decafia_clean\images\train\SANAS_SOCORRO_29.jpg,train,SANAS_SOCORRO_29,,,,no_timestamp,,,,False
C:\Users\luise\OneDrive\Documentos\DECAFIA_v2\01_dataset\decafia_clean\images\train\SANAS_SOCORRO_290.jpg,train,SANAS_SOCORRO_290,,,,no_timestamp,,,,False
C:\Users\luise\OneDrive\Documentos\DECAFIA_v2\01_dataset\decafia_clean\images\train\SANAS_SOCORRO_291.jpg,train,SANAS_SOCORRO_291,,,,no_timestamp,,,,False
C:\Users\luise\OneDrive\Documentos\DECAFIA_v2\01_dataset\decafia_clean\images\train\SANAS_SOCORRO_292.jpg,train,SANAS_SOCORRO_292,,,,no_timestamp,,,,False
C:\Users\luise\OneDrive\Documentos\DECAFIA_v2\01_dataset\decafia_clean\images\train\SANAS_SOCORRO_293.jpg,train,SANAS_SOCORRO_293,,,,no_timestamp,,,,False
C:\Users\luise\OneDrive\Documentos\DECAFIA_v2\01_dataset\decafia_clean\images\train\SANAS_SOCORRO_294.jpg,train,SANAS_SOCORRO_294,,,,no_timestamp,,,,False
C:\Users\luise\OneDrive\Documentos\DECAFIA_v2\01_dataset\decafia_clean\images\train\SANAS_SOCORRO_296.jpg,train,SANAS_SOCORRO_296,,,,no_timestamp,,,,False
C:\Users\luise\OneDrive\Documentos\DECAFIA_v2\01_dataset\decafia_clean\images\train\SANAS_SOCORRO_297.jpg,train,SANAS_SOCORRO_297,,,,no_timestamp,,,,False
C:\Users\luise\OneDrive\Documentos\DECAFIA_v2\01_dataset\decafia_clean\images\train\SANAS_SOCORRO_299.jpg,train,SANAS_SOCORRO_299,,,,no_timestamp,,,,False
C:\Users\luise\OneDrive\Documentos\DECAFIA_v2\01_dataset\decafia_clean\images\train\SANAS_SOCORRO_3.jpg,train,SANAS_SOCORRO_3,,,,no_timestamp,,,,False
C:\Users\luise\OneDrive\Documentos\DECAFIA_v2\01_dataset\decafia_clean\images\train\SANAS_SOCORRO_300.jpg,train,SANAS_SOCORRO_300,,,,no_timestamp,,,,False
C:\Users\luise\OneDrive\Documentos\DECAFIA_v2\01_dataset\decafia_clean\images\train\SANAS_SOCORRO_302.jpg,train,SANAS_SOCORRO_302,,,,no_timestamp,,,,False
C:\Users\luise\OneDrive\Documentos\DECAFIA_v2\01_dataset\decafia_clean\images\train\SANAS_SOCORRO_303.jpg,train,SANAS_SOCORRO_303,,,,no_timestamp,,,,False
C:\Users\luise\OneDrive\Documentos\DECAFIA_v2\01_dataset\decafia_clean\images\train\SANAS_SOCORRO_304.jpg,train,SANAS_SOCORRO_304,,,,no_timestamp,,,,False
C:\Users\luise\OneDrive\Documentos\DECAFIA_v2\01_dataset\decafia_clean\images\train\SANAS_SOCORRO_305.jpg,train,SANAS_SOCORRO_305,,,,no_timestamp,,,,False
C:\Users\luise\OneDrive\Documentos\DECAFIA_v2\01_dataset\decafia_clean\images\train\SANAS_SOCORRO_306.jpg,train,SANAS_SOCORRO_306,,,,no_timestamp,,,,False
C:\Users\luise\OneDrive\Documentos\DECAFIA_v2\01_dataset\decafia_clean\images\train\SANAS_SOCORRO_307.jpg,train,SANAS_SOCORRO_307,,,,no_timestamp,,,,False
C:\Users\luise\OneDrive\Documentos\DECAFIA_v2\01_dataset\decafia_clean\images\train\SANAS_SOCORRO_308.jpg,train,SANAS_SOCORRO_308,,,,no_timestamp,,,,False
C:\Users\luise\OneDrive\Documentos\DECAFIA_v2\01_dataset\decafia_clean\images\train\SANAS_SOCORRO_309.jpg,train,SANAS_SOCORRO_309,,,,no_timestamp,,,,False
C:\Users\luise\OneDrive\Documentos\DECAFIA_v2\01_dataset\decafia_clean\images\train\SANAS_SOCORRO_31.jpg,train,SANAS_SOCORRO_31,,,,no_timestamp,,,,False
C:\Users\luise\OneDrive\Documentos\DECAFIA_v2\01_dataset\decafia_clean\images\train\SANAS_SOCORRO_310.jpg,train,SANAS_SOCORRO_310,,,,no_timestamp,,,,False
C:\Users\luise\OneDrive\Documentos\DECAFIA_v2\01_dataset\decafia_clean\images\train\SANAS_SOCORRO_311.jpg,train,SANAS_SOCORRO_311,,,,no_timestamp,,,,False
C:\Users\luise\OneDrive\Documentos\DECAFIA_v2\01_dataset\decafia_clean\images\train\SANAS_SOCORRO_312.jpg,train,SANAS_SOCORRO_312,,,,no_timestamp,,,,False
C:\Users\luise\OneDrive\Documentos\DECAFIA_v2\01_dataset\decafia_clean\images\train\SANAS_SOCORRO_314.jpg,train,SANAS_SOCORRO_314,,,,no_timestamp,,,,False
C:\Users\luise\OneDrive\Documentos\DECAFIA_v2\01_dataset\decafia_clean\images\train\SANAS_SOCORRO_317.jpg,train,SANAS_SOCORRO_317,,,,no_timestamp,,,,False
C:\Users\luise\OneDrive\Documentos\DECAFIA_v2\01_dataset\decafia_clean\images\train\SANAS_SOCORRO_318.jpg,train,SANAS_SOCORRO_318,,,,no_timestamp,,,,False
C:\Users\luise\OneDrive\Documentos\DECAFIA_v2\01_dataset\decafia_clean\images\train\SANAS_SOCORRO_319.jpg,train,SANAS_SOCORRO_319,,,,no_timestamp,,,,False
C:\Users\luise\OneDrive\Documentos\DECAFIA_v2\01_dataset\decafia_clean\images\train\SANAS_SOCORRO_32.jpg,train,SANAS_SOCORRO_32,,,,no_timestamp,,,,False
C:\Users\luise\OneDrive\Documentos\DECAFIA_v2\01_dataset\decafia_clean\images\train\SANAS_SOCORRO_320.jpg,train,SANAS_SOCORRO_320,,,,no_timestamp,,,,False
C:\Users\luise\OneDrive\Documentos\DECAFIA_v2\01_dataset\decafia_clean\images\train\SANAS_SOCORRO_321.jpg,train,SANAS_SOCORRO_321,,,,no_timestamp,,,,False
C:\Users\luise\OneDrive\Documentos\DECAFIA_v2\01_dataset\decafia_clean\images\train\SANAS_SOCORRO_322.jpg,train,SANAS_SOCORRO_322,,,,no_timestamp,,,,False
C:\Users\luise\OneDrive\Documentos\DECAFIA_v2\01_dataset\decafia_clean\images\train\SANAS_SOCORRO_323.jpg,train,SANAS_SOCORRO_323,,,,no_timestamp,,,,False
C:\Users\luise\OneDrive\Documentos\DECAFIA_v2\01_dataset\decafia_clean\images\train\SANAS_SOCORRO_325.jpg,train,SANAS_SOCORRO_325,,,,no_timestamp,,,,False
C:\Users\luise\OneDrive\Documentos\DECAFIA_v2\01_dataset\decafia_clean\images\train\SANAS_SOCORRO_326.jpg,train,SANAS_SOCORRO_326,,,,no_timestamp,,,,False
C:\Users\luise\OneDrive\Documentos\DECAFIA_v2\01_dataset\decafia_clean\images\train\SANAS_SOCORRO_328.jpg,train,SANAS_SOCORRO_328,,,,no_timestamp,,,,False
C:\Users\luise\OneDrive\Documentos\DECAFIA_v2\01_dataset\decafia_clean\images\train\SANAS_SOCORRO_329.jpg,train,SANAS_SOCORRO_329,,,,no_timestamp,,,,False
C:\Users\luise\OneDrive\Documentos\DECAFIA_v2\01_dataset\decafia_clean\images\train\SANAS_SOCORRO_33.jpg,train,SANAS_SOCORRO_33,,,,no_timestamp,,,,False
C:\Users\luise\OneDrive\Documentos\DECAFIA_v2\01_dataset\decafia_clean\images\train\SANAS_SOCORRO_330.jpg,train,SANAS_SOCORRO_330,,,,no_timestamp,,,,False
C:\Users\luise\OneDrive\Documentos\DECAFIA_v2\01_dataset\decafia_clean\images\train\SANAS_SOCORRO_331.jpg,train,SANAS_SOCORRO_331,,,,no_timestamp,,,,False
C:\Users\luise\OneDrive\Documentos\DECAFIA_v2\01_dataset\decafia_clean\images\train\SANAS_SOCORRO_332.jpg,train,SANAS_SOCORRO_332,,,,no_timestamp,,,,False
C:\Users\luise\OneDrive\Documentos\DECAFIA_v2\01_dataset\decafia_clean\images\train\SANAS_SOCORRO_333.jpg,train,SANAS_SOCORRO_333,,,,no_timestamp,,,,False
C:\Users\luise\OneDrive\Documentos\DECAFIA_v2\01_dataset\decafia_clean\images\train\SANAS_SOCORRO_334.jpg,train,SANAS_SOCORRO_334,,,,no_timestamp,,,,False
C:\Users\luise\OneDrive\Documentos\DECAFIA_v2\01_dataset\decafia_clean\images\train\SANAS_SOCORRO_336.jpg,train,SANAS_SOCORRO_336,,,,no_timestamp,,,,False
C:\Users\luise\OneDrive\Documentos\DECAFIA_v2\01_dataset\decafia_clean\images\train\SANAS_SOCORRO_339.jpg,train,SANAS_SOCORRO_339,,,,no_timestamp,,,,False
C:\Users\luise\OneDrive\Documentos\DECAFIA_v2\01_dataset\decafia_clean\images\train\SANAS_SOCORRO_34.jpg,train,SANAS_SOCORRO_34,,,,no_timestamp,,,,False
C:\Users\luise\OneDrive\Documentos\DECAFIA_v2\01_dataset\decafia_clean\images\train\SANAS_SOCORRO_340.jpg,train,SANAS_SOCORRO_340,,,,no_timestamp,,,,False
C:\Users\luise\OneDrive\Documentos\DECAFIA_v2\01_dataset\decafia_clean\images\train\SANAS_SOCORRO_341.jpg,train,SANAS_SOCORRO_341,,,,no_timestamp,,,,False
C:\Users\luise\OneDrive\Documentos\DECAFIA_v2\01_dataset\decafia_clean\images\train\SANAS_SOCORRO_342.jpg,train,SANAS_SOCORRO_342,,,,no_timestamp,,,,False
C:\Users\luise\OneDrive\Documentos\DECAFIA_v2\01_dataset\decafia_clean\images\train\SANAS_SOCORRO_343.jpg,train,SANAS_SOCORRO_343,,,,no_timestamp,,,,False
C:\Users\luise\OneDrive\Documentos\DECAFIA_v2\01_dataset\decafia_clean\images\train\SANAS_SOCORRO_344.jpg,train,SANAS_SOCORRO_344,,,,no_timestamp,,,,False
C:\Users\luise\OneDrive\Documentos\DECAFIA_v2\01_dataset\decafia_clean\images\train\SANAS_SOCORRO_346.jpg,train,SANAS_SOCORRO_346,,,,no_timestamp,,,,False
C:\Users\luise\OneDrive\Documentos\DECAFIA_v2\01_dataset\decafia_clean\images\train\SANAS_SOCORRO_348.jpg,train,SANAS_SOCORRO_348,,,,no_timestamp,,,,False
C:\Users\luise\OneDrive\Documentos\DECAFIA_v2\01_dataset\decafia_clean\images\train\SANAS_SOCORRO_349.jpg,train,SANAS_SOCORRO_349,,,,no_timestamp,,,,False
C:\Users\luise\OneDrive\Documentos\DECAFIA_v2\01_dataset\decafia_clean\images\train\SANAS_SOCORRO_35.jpg,train,SANAS_SOCORRO_35,,,,no_timestamp,,,,False
C:\Users\luise\OneDrive\Documentos\DECAFIA_v2\01_dataset\decafia_clean\images\train\SANAS_SOCORRO_350.jpg,train,SANAS_SOCORRO_350,,,,no_timestamp,,,,False
C:\Users\luise\OneDrive\Documentos\DECAFIA_v2\01_dataset\decafia_clean\images\train\SANAS_SOCORRO_351.jpg,train,SANAS_SOCORRO_351,,,,no_timestamp,,,,False
C:\Users\luise\OneDrive\Documentos\DECAFIA_v2\01_dataset\decafia_clean\images\train\SANAS_SOCORRO_352.jpg,train,SANAS_SOCORRO_352,,,,no_timestamp,,,,False
C:\Users\luise\OneDrive\Documentos\DECAFIA_v2\01_dataset\decafia_clean\images\train\SANAS_SOCORRO_356.jpg,train,SANAS_SOCORRO_356,,,,no_timestamp,,,,False
C:\Users\luise\OneDrive\Documentos\DECAFIA_v2\01_dataset\decafia_clean\images\train\SANAS_SOCORRO_357.jpg,train,SANAS_SOCORRO_357,,,,no_timestamp,,,,False
C:\Users\luise\OneDrive\Documentos\DECAFIA_v2\01_dataset\decafia_clean\images\train\SANAS_SOCORRO_358.jpg,train,SANAS_SOCORRO_358,,,,no_timestamp,,,,False
C:\Users\luise\OneDrive\Documentos\DECAFIA_v2\01_dataset\decafia_clean\images\train\SANAS_SOCORRO_359.jpg,train,SANAS_SOCORRO_359,,,,no_timestamp,,,,False
C:\Users\luise\OneDrive\Documentos\DECAFIA_v2\01_dataset\decafia_clean\images\train\SANAS_SOCORRO_360.jpg,train,SANAS_SOCORRO_360,,,,no_timestamp,,,,False
C:\Users\luise\OneDrive\Documentos\DECAFIA_v2\01_dataset\decafia_clean\images\train\SANAS_SOCORRO_362.jpg,train,SANAS_SOCORRO_362,,,,no_timestamp,,,,False
C:\Users\luise\OneDrive\Documentos\DECAFIA_v2\01_dataset\decafia_clean\images\train\SANAS_SOCORRO_363.jpg,train,SANAS_SOCORRO_363,,,,no_timestamp,,,,False
C:\Users\luise\OneDrive\Documentos\DECAFIA_v2\01_dataset\decafia_clean\images\train\SANAS_SOCORRO_364.jpg,train,SANAS_SOCORRO_364,,,,no_timestamp,,,,False
C:\Users\luise\OneDrive\Documentos\DECAFIA_v2\01_dataset\decafia_clean\images\train\SANAS_SOCORRO_365.jpg,train,SANAS_SOCORRO_365,,,,no_timestamp,,,,False
C:\Users\luise\OneDrive\Documentos\DECAFIA_v2\01_dataset\decafia_clean\images\train\SANAS_SOCORRO_367.jpg,train,SANAS_SOCORRO_367,,,,no_timestamp,,,,False
C:\Users\luise\OneDrive\Documentos\DECAFIA_v2\01_dataset\decafia_clean\images\train\SANAS_SOCORRO_37.jpg,train,SANAS_SOCORRO_37,,,,no_timestamp,,,,False
C:\Users\luise\OneDrive\Documentos\DECAFIA_v2\01_dataset\decafia_clean\images\train\SANAS_SOCORRO_370.jpg,train,SANAS_SOCORRO_370,,,,no_timestamp,,,,False
C:\Users\luise\OneDrive\Documentos\DECAFIA_v2\01_dataset\decafia_clean\images\train\SANAS_SOCORRO_371.jpg,train,SANAS_SOCORRO_371,,,,no_timestamp,,,,False
C:\Users\luise\OneDrive\Documentos\DECAFIA_v2\01_dataset\decafia_clean\images\train\SANAS_SOCORRO_372.jpg,train,SANAS_SOCORRO_372,,,,no_timestamp,,,,False
C:\Users\luise\OneDrive\Documentos\DECAFIA_v2\01_dataset\decafia_clean\images\train\SANAS_SOCORRO_373.jpg,train,SANAS_SOCORRO_373,,,,no_timestamp,,,,False
C:\Users\luise\OneDrive\Documentos\DECAFIA_v2\01_dataset\decafia_clean\images\train\SANAS_SOCORRO_376.jpg,train,SANAS_SOCORRO_376,,,,no_timestamp,,,,False
C:\Users\luise\OneDrive\Documentos\DECAFIA_v2\01_dataset\decafia_clean\images\train\SANAS_SOCORRO_377.jpg,train,SANAS_SOCORRO_377,,,,no_timestamp,,,,False
C:\Users\luise\OneDrive\Documentos\DECAFIA_v2\01_dataset\decafia_clean\images\train\SANAS_SOCORRO_378.jpg,train,SANAS_SOCORRO_378,,,,no_timestamp,,,,False
C:\Users\luise\OneDrive\Documentos\DECAFIA_v2\01_dataset\decafia_clean\images\train\SANAS_SOCORRO_379.jpg,train,SANAS_SOCORRO_379,,,,no_timestamp,,,,False
C:\Users\luise\OneDrive\Documentos\DECAFIA_v2\01_dataset\decafia_clean\images\train\SANAS_SOCORRO_38.jpg,train,SANAS_SOCORRO_38,,,,no_timestamp,,,,False
C:\Users\luise\OneDrive\Documentos\DECAFIA_v2\01_dataset\decafia_clean\images\train\SANAS_SOCORRO_380.jpg,train,SANAS_SOCORRO_380,,,,no_timestamp,,,,False
C:\Users\luise\OneDrive\Documentos\DECAFIA_v2\01_dataset\decafia_clean\images\train\SANAS_SOCORRO_381.jpg,train,SANAS_SOCORRO_381,,,,no_timestamp,,,,False
C:\Users\luise\OneDrive\Documentos\DECAFIA_v2\01_dataset\decafia_clean\images\train\SANAS_SOCORRO_382.jpg,train,SANAS_SOCORRO_382,,,,no_timestamp,,,,False
C:\Users\luise\OneDrive\Documentos\DECAFIA_v2\01_dataset\decafia_clean\images\train\SANAS_SOCORRO_384.jpg,train,SANAS_SOCORRO_384,,,,no_timestamp,,,,False
C:\Users\luise\OneDrive\Documentos\DECAFIA_v2\01_dataset\decafia_clean\images\train\SANAS_SOCORRO_385.jpg,train,SANAS_SOCORRO_385,,,,no_timestamp,,,,False
C:\Users\luise\OneDrive\Documentos\DECAFIA_v2\01_dataset\decafia_clean\images\train\SANAS_SOCORRO_386.jpg,train,SANAS_SOCORRO_386,,,,no_timestamp,,,,False
C:\Users\luise\OneDrive\Documentos\DECAFIA_v2\01_dataset\decafia_clean\images\train\SANAS_SOCORRO_388.jpg,train,SANAS_SOCORRO_388,,,,no_timestamp,,,,False
C:\Users\luise\OneDrive\Documentos\DECAFIA_v2\01_dataset\decafia_clean\images\train\SANAS_SOCORRO_39.jpg,train,SANAS_SOCORRO_39,,,,no_timestamp,,,,False
C:\Users\luise\OneDrive\Documentos\DECAFIA_v2\01_dataset\decafia_clean\images\train\SANAS_SOCORRO_390.jpg,train,SANAS_SOCORRO_390,,,,no_timestamp,,,,False
C:\Users\luise\OneDrive\Documentos\DECAFIA_v2\01_dataset\decafia_clean\images\train\SANAS_SOCORRO_392.jpg,train,SANAS_SOCORRO_392,,,,no_timestamp,,,,False
C:\Users\luise\OneDrive\Documentos\DECAFIA_v2\01_dataset\decafia_clean\images\train\SANAS_SOCORRO_393.jpg,train,SANAS_SOCORRO_393,,,,no_timestamp,,,,False
C:\Users\luise\OneDrive\Documentos\DECAFIA_v2\01_dataset\decafia_clean\images\train\SANAS_SOCORRO_394.jpg,train,SANAS_SOCORRO_394,,,,no_timestamp,,,,False
C:\Users\luise\OneDrive\Documentos\DECAFIA_v2\01_dataset\decafia_clean\images\train\SANAS_SOCORRO_395.jpg,train,SANAS_SOCORRO_395,,,,no_timestamp,,,,False
C:\Users\luise\OneDrive\Documentos\DECAFIA_v2\01_dataset\decafia_clean\images\train\SANAS_SOCORRO_396.jpg,train,SANAS_SOCORRO_396,,,,no_timestamp,,,,False
C:\Users\luise\OneDrive\Documentos\DECAFIA_v2\01_dataset\decafia_clean\images\train\SANAS_SOCORRO_397.jpg,train,SANAS_SOCORRO_397,,,,no_timestamp,,,,False
C:\Users\luise\OneDrive\Documentos\DECAFIA_v2\01_dataset\decafia_clean\images\train\SANAS_SOCORRO_398.jpg,train,SANAS_SOCORRO_398,,,,no_timestamp,,,,False
C:\Users\luise\OneDrive\Documentos\DECAFIA_v2\01_dataset\decafia_clean\images\train\SANAS_SOCORRO_399.jpg,train,SANAS_SOCORRO_399,,,,no_timestamp,,,,False
C:\Users\luise\OneDrive\Documentos\DECAFIA_v2\01_dataset\decafia_clean\images\train\SANAS_SOCORRO_4.jpg,train,SANAS_SOCORRO_4,,,,no_timestamp,,,,False
C:\Users\luise\OneDrive\Documentos\DECAFIA_v2\01_dataset\decafia_clean\images\train\SANAS_SOCORRO_40.jpg,train,SANAS_SOCORRO_40,,,,no_timestamp,,,,False
C:\Users\luise\OneDrive\Documentos\DECAFIA_v2\01_dataset\decafia_clean\images\train\SANAS_SOCORRO_400.jpg,train,SANAS_SOCORRO_400,,,,no_timestamp,,,,False
C:\Users\luise\OneDrive\Documentos\DECAFIA_v2\01_dataset\decafia_clean\images\train\SANAS_SOCORRO_401.jpg,train,SANAS_SOCORRO_401,,,,no_timestamp,,,,False
C:\Users\luise\OneDrive\Documentos\DECAFIA_v2\01_dataset\decafia_clean\images\train\SANAS_SOCORRO_402.jpg,train,SANAS_SOCORRO_402,,,,no_timestamp,,,,False
C:\Users\luise\OneDrive\Documentos\DECAFIA_v2\01_dataset\decafia_clean\images\train\SANAS_SOCORRO_405.jpg,train,SANAS_SOCORRO_405,,,,no_timestamp,,,,False
C:\Users\luise\OneDrive\Documentos\DECAFIA_v2\01_dataset\decafia_clean\images\train\SANAS_SOCORRO_407.jpg,train,SANAS_SOCORRO_407,,,,no_timestamp,,,,False
C:\Users\luise\OneDrive\Documentos\DECAFIA_v2\01_dataset\decafia_clean\images\train\SANAS_SOCORRO_408.jpg,train,SANAS_SOCORRO_408,,,,no_timestamp,,,,False
C:\Users\luise\OneDrive\Documentos\DECAFIA_v2\01_dataset\decafia_clean\images\train\SANAS_SOCORRO_41.jpg,train,SANAS_SOCORRO_41,,,,no_timestamp,,,,False
C:\Users\luise\OneDrive\Documentos\DECAFIA_v2\01_dataset\decafia_clean\images\train\SANAS_SOCORRO_410.jpg,train,SANAS_SOCORRO_410,,,,no_timestamp,,,,False
C:\Users\luise\OneDrive\Documentos\DECAFIA_v2\01_dataset\decafia_clean\images\train\SANAS_SOCORRO_411.jpg,train,SANAS_SOCORRO_411,,,,no_timestamp,,,,False
C:\Users\luise\OneDrive\Documentos\DECAFIA_v2\01_dataset\decafia_clean\images\train\SANAS_SOCORRO_412.jpg,train,SANAS_SOCORRO_412,,,,no_timestamp,,,,False
C:\Users\luise\OneDrive\Documentos\DECAFIA_v2\01_dataset\decafia_clean\images\train\SANAS_SOCORRO_416.jpg,train,SANAS_SOCORRO_416,,,,no_timestamp,,,,False
C:\Users\luise\OneDrive\Documentos\DECAFIA_v2\01_dataset\decafia_clean\images\train\SANAS_SOCORRO_417.jpg,train,SANAS_SOCORRO_417,,,,no_timestamp,,,,False
C:\Users\luise\OneDrive\Documentos\DECAFIA_v2\01_dataset\decafia_clean\images\train\SANAS_SOCORRO_420.jpg,train,SANAS_SOCORRO_420,,,,no_timestamp,,,,False
C:\Users\luise\OneDrive\Documentos\DECAFIA_v2\01_dataset\decafia_clean\images\train\SANAS_SOCORRO_421.jpg,train,SANAS_SOCORRO_421,,,,no_timestamp,,,,False
C:\Users\luise\OneDrive\Documentos\DECAFIA_v2\01_dataset\decafia_clean\images\train\SANAS_SOCORRO_424.jpg,train,SANAS_SOCORRO_424,,,,no_timestamp,,,,False
C:\Users\luise\OneDrive\Documentos\DECAFIA_v2\01_dataset\decafia_clean\images\train\SANAS_SOCORRO_427.jpg,train,SANAS_SOCORRO_427,,,,no_timestamp,,,,False
C:\Users\luise\OneDrive\Documentos\DECAFIA_v2\01_dataset\decafia_clean\images\train\SANAS_SOCORRO_428.jpg,train,SANAS_SOCORRO_428,,,,no_timestamp,,,,False
C:\Users\luise\OneDrive\Documentos\DECAFIA_v2\01_dataset\decafia_clean\images\train\SANAS_SOCORRO_431.jpg,train,SANAS_SOCORRO_431,,,,no_timestamp,,,,False
C:\Users\luise\OneDrive\Documentos\DECAFIA_v2\01_dataset\decafia_clean\images\train\SANAS_SOCORRO_432.jpg,train,SANAS_SOCORRO_432,,,,no_timestamp,,,,False
C:\Users\luise\OneDrive\Documentos\DECAFIA_v2\01_dataset\decafia_clean\images\train\SANAS_SOCORRO_433.jpg,train,SANAS_SOCORRO_433,,,,no_timestamp,,,,False
C:\Users\luise\OneDrive\Documentos\DECAFIA_v2\01_dataset\decafia_clean\images\train\SANAS_SOCORRO_434.jpg,train,SANAS_SOCORRO_434,,,,no_timestamp,,,,False
C:\Users\luise\OneDrive\Documentos\DECAFIA_v2\01_dataset\decafia_clean\images\train\SANAS_SOCORRO_435.jpg,train,SANAS_SOCORRO_435,,,,no_timestamp,,,,False
C:\Users\luise\OneDrive\Documentos\DECAFIA_v2\01_dataset\decafia_clean\images\train\SANAS_SOCORRO_436.jpg,train,SANAS_SOCORRO_436,,,,no_timestamp,,,,False
C:\Users\luise\OneDrive\Documentos\DECAFIA_v2\01_dataset\decafia_clean\images\train\SANAS_SOCORRO_439.jpg,train,SANAS_SOCORRO_439,,,,no_timestamp,,,,False
C:\Users\luise\OneDrive\Documentos\DECAFIA_v2\01_dataset\decafia_clean\images\train\SANAS_SOCORRO_44.jpg,train,SANAS_SOCORRO_44,,,,no_timestamp,,,,False
C:\Users\luise\OneDrive\Documentos\DECAFIA_v2\01_dataset\decafia_clean\images\train\SANAS_SOCORRO_440.jpg,train,SANAS_SOCORRO_440,,,,no_timestamp,,,,False
C:\Users\luise\OneDrive\Documentos\DECAFIA_v2\01_dataset\decafia_clean\images\train\SANAS_SOCORRO_441.jpg,train,SANAS_SOCORRO_441,,,,no_timestamp,,,,False
C:\Users\luise\OneDrive\Documentos\DECAFIA_v2\01_dataset\decafia_clean\images\train\SANAS_SOCORRO_442.jpg,train,SANAS_SOCORRO_442,,,,no_timestamp,,,,False
C:\Users\luise\OneDrive\Documentos\DECAFIA_v2\01_dataset\decafia_clean\images\train\SANAS_SOCORRO_444.jpg,train,SANAS_SOCORRO_444,,,,no_timestamp,,,,False
C:\Users\luise\OneDrive\Documentos\DECAFIA_v2\01_dataset\decafia_clean\images\train\SANAS_SOCORRO_445.jpg,train,SANAS_SOCORRO_445,,,,no_timestamp,,,,False
C:\Users\luise\OneDrive\Documentos\DECAFIA_v2\01_dataset\decafia_clean\images\train\SANAS_SOCORRO_446.jpg,train,SANAS_SOCORRO_446,,,,no_timestamp,,,,False
C:\Users\luise\OneDrive\Documentos\DECAFIA_v2\01_dataset\decafia_clean\images\train\SANAS_SOCORRO_447.jpg,train,SANAS_SOCORRO_447,,,,no_timestamp,,,,False
C:\Users\luise\OneDrive\Documentos\DECAFIA_v2\01_dataset\decafia_clean\images\train\SANAS_SOCORRO_449.jpg,train,SANAS_SOCORRO_449,,,,no_timestamp,,,,False
C:\Users\luise\OneDrive\Documentos\DECAFIA_v2\01_dataset\decafia_clean\images\train\SANAS_SOCORRO_45.jpg,train,SANAS_SOCORRO_45,,,,no_timestamp,,,,False
C:\Users\luise\OneDrive\Documentos\DECAFIA_v2\01_dataset\decafia_clean\images\train\SANAS_SOCORRO_451.jpg,train,SANAS_SOCORRO_451,,,,no_timestamp,,,,False
C:\Users\luise\OneDrive\Documentos\DECAFIA_v2\01_dataset\decafia_clean\images\train\SANAS_SOCORRO_452.jpg,train,SANAS_SOCORRO_452,,,,no_timestamp,,,,False
C:\Users\luise\OneDrive\Documentos\DECAFIA_v2\01_dataset\decafia_clean\images\train\SANAS_SOCORRO_453.jpg,train,SANAS_SOCORRO_453,,,,no_timestamp,,,,False
C:\Users\luise\OneDrive\Documentos\DECAFIA_v2\01_dataset\decafia_clean\images\train\SANAS_SOCORRO_454.jpg,train,SANAS_SOCORRO_454,,,,no_timestamp,,,,False
C:\Users\luise\OneDrive\Documentos\DECAFIA_v2\01_dataset\decafia_clean\images\train\SANAS_SOCORRO_455.jpg,train,SANAS_SOCORRO_455,,,,no_timestamp,,,,False
C:\Users\luise\OneDrive\Documentos\DECAFIA_v2\01_dataset\decafia_clean\images\train\SANAS_SOCORRO_457.jpg,train,SANAS_SOCORRO_457,,,,no_timestamp,,,,False
C:\Users\luise\OneDrive\Documentos\DECAFIA_v2\01_dataset\decafia_clean\images\train\SANAS_SOCORRO_458.jpg,train,SANAS_SOCORRO_458,,,,no_timestamp,,,,False
C:\Users\luise\OneDrive\Documentos\DECAFIA_v2\01_dataset\decafia_clean\images\train\SANAS_SOCORRO_46.jpg,train,SANAS_SOCORRO_46,,,,no_timestamp,,,,False
C:\Users\luise\OneDrive\Documentos\DECAFIA_v2\01_dataset\decafia_clean\images\train\SANAS_SOCORRO_460.jpg,train,SANAS_SOCORRO_460,,,,no_timestamp,,,,False
C:\Users\luise\OneDrive\Documentos\DECAFIA_v2\01_dataset\decafia_clean\images\train\SANAS_SOCORRO_461.jpg,train,SANAS_SOCORRO_461,,,,no_timestamp,,,,False
C:\Users\luise\OneDrive\Documentos\DECAFIA_v2\01_dataset\decafia_clean\images\train\SANAS_SOCORRO_463.jpg,train,SANAS_SOCORRO_463,,,,no_timestamp,,,,False
C:\Users\luise\OneDrive\Documentos\DECAFIA_v2\01_dataset\decafia_clean\images\train\SANAS_SOCORRO_464.jpg,train,SANAS_SOCORRO_464,,,,no_timestamp,,,,False
C:\Users\luise\OneDrive\Documentos\DECAFIA_v2\01_dataset\decafia_clean\images\train\SANAS_SOCORRO_465.jpg,train,SANAS_SOCORRO_465,,,,no_timestamp,,,,False
C:\Users\luise\OneDrive\Documentos\DECAFIA_v2\01_dataset\decafia_clean\images\train\SANAS_SOCORRO_466.jpg,train,SANAS_SOCORRO_466,,,,no_timestamp,,,,False
C:\Users\luise\OneDrive\Documentos\DECAFIA_v2\01_dataset\decafia_clean\images\train\SANAS_SOCORRO_467.jpg,train,SANAS_SOCORRO_467,,,,no_timestamp,,,,False
C:\Users\luise\OneDrive\Documentos\DECAFIA_v2\01_dataset\decafia_clean\images\train\SANAS_SOCORRO_468.jpg,train,SANAS_SOCORRO_468,,,,no_timestamp,,,,False
C:\Users\luise\OneDrive\Documentos\DECAFIA_v2\01_dataset\decafia_clean\images\train\SANAS_SOCORRO_471.jpg,train,SANAS_SOCORRO_471,,,,no_timestamp,,,,False
C:\Users\luise\OneDrive\Documentos\DECAFIA_v2\01_dataset\decafia_clean\images\train\SANAS_SOCORRO_472.jpg,train,SANAS_SOCORRO_472,,,,no_timestamp,,,,False
C:\Users\luise\OneDrive\Documentos\DECAFIA_v2\01_dataset\decafia_clean\images\train\SANAS_SOCORRO_473.jpg,train,SANAS_SOCORRO_473,,,,no_timestamp,,,,False
C:\Users\luise\OneDrive\Documentos\DECAFIA_v2\01_dataset\decafia_clean\images\train\SANAS_SOCORRO_474.jpg,train,SANAS_SOCORRO_474,,,,no_timestamp,,,,False
C:\Users\luise\OneDrive\Documentos\DECAFIA_v2\01_dataset\decafia_clean\images\train\SANAS_SOCORRO_475.jpg,train,SANAS_SOCORRO_475,,,,no_timestamp,,,,False
C:\Users\luise\OneDrive\Documentos\DECAFIA_v2\01_dataset\decafia_clean\images\train\SANAS_SOCORRO_476.jpg,train,SANAS_SOCORRO_476,,,,no_timestamp,,,,False
C:\Users\luise\OneDrive\Documentos\DECAFIA_v2\01_dataset\decafia_clean\images\train\SANAS_SOCORRO_478.jpg,train,SANAS_SOCORRO_478,,,,no_timestamp,,,,False
C:\Users\luise\OneDrive\Documentos\DECAFIA_v2\01_dataset\decafia_clean\images\train\SANAS_SOCORRO_479.jpg,train,SANAS_SOCORRO_479,,,,no_timestamp,,,,False
C:\Users\luise\OneDrive\Documentos\DECAFIA_v2\01_dataset\decafia_clean\images\train\SANAS_SOCORRO_480.jpg,train,SANAS_SOCORRO_480,,,,no_timestamp,,,,False
C:\Users\luise\OneDrive\Documentos\DECAFIA_v2\01_dataset\decafia_clean\images\train\SANAS_SOCORRO_481.jpg,train,SANAS_SOCORRO_481,,,,no_timestamp,,,,False
C:\Users\luise\OneDrive\Documentos\DECAFIA_v2\01_dataset\decafia_clean\images\train\SANAS_SOCORRO_482.jpg,train,SANAS_SOCORRO_482,,,,no_timestamp,,,,False
C:\Users\luise\OneDrive\Documentos\DECAFIA_v2\01_dataset\decafia_clean\images\train\SANAS_SOCORRO_484.jpg,train,SANAS_SOCORRO_484,,,,no_timestamp,,,,False
C:\Users\luise\OneDrive\Documentos\DECAFIA_v2\01_dataset\decafia_clean\images\train\SANAS_SOCORRO_485.jpg,train,SANAS_SOCORRO_485,,,,no_timestamp,,,,False
C:\Users\luise\OneDrive\Documentos\DECAFIA_v2\01_dataset\decafia_clean\images\train\SANAS_SOCORRO_486.jpg,train,SANAS_SOCORRO_486,,,,no_timestamp,,,,False
C:\Users\luise\OneDrive\Documentos\DECAFIA_v2\01_dataset\decafia_clean\images\train\SANAS_SOCORRO_487.jpg,train,SANAS_SOCORRO_487,,,,no_timestamp,,,,False
C:\Users\luise\OneDrive\Documentos\DECAFIA_v2\01_dataset\decafia_clean\images\train\SANAS_SOCORRO_488.jpg,train,SANAS_SOCORRO_488,,,,no_timestamp,,,,False
C:\Users\luise\OneDrive\Documentos\DECAFIA_v2\01_dataset\decafia_clean\images\train\SANAS_SOCORRO_489.jpg,train,SANAS_SOCORRO_489,,,,no_timestamp,,,,False
C:\Users\luise\OneDrive\Documentos\DECAFIA_v2\01_dataset\decafia_clean\images\train\SANAS_SOCORRO_49.jpg,train,SANAS_SOCORRO_49,,,,no_timestamp,,,,False
C:\Users\luise\OneDrive\Documentos\DECAFIA_v2\01_dataset\decafia_clean\images\train\SANAS_SOCORRO_490.jpg,train,SANAS_SOCORRO_490,,,,no_timestamp,,,,False
C:\Users\luise\OneDrive\Documentos\DECAFIA_v2\01_dataset\decafia_clean\images\train\SANAS_SOCORRO_491.jpg,train,SANAS_SOCORRO_491,,,,no_timestamp,,,,False
C:\Users\luise\OneDrive\Documentos\DECAFIA_v2\01_dataset\decafia_clean\images\train\SANAS_SOCORRO_493.jpg,train,SANAS_SOCORRO_493,,,,no_timestamp,,,,False
C:\Users\luise\OneDrive\Documentos\DECAFIA_v2\01_dataset\decafia_clean\images\train\SANAS_SOCORRO_494.jpg,train,SANAS_SOCORRO_494,,,,no_timestamp,,,,False
C:\Users\luise\OneDrive\Documentos\DECAFIA_v2\01_dataset\decafia_clean\images\train\SANAS_SOCORRO_495.jpg,train,SANAS_SOCORRO_495,,,,no_timestamp,,,,False
C:\Users\luise\OneDrive\Documentos\DECAFIA_v2\01_dataset\decafia_clean\images\train\SANAS_SOCORRO_497.jpg,train,SANAS_SOCORRO_497,,,,no_timestamp,,,,False
C:\Users\luise\OneDrive\Documentos\DECAFIA_v2\01_dataset\decafia_clean\images\train\SANAS_SOCORRO_498.jpg,train,SANAS_SOCORRO_498,,,,no_timestamp,,,,False
C:\Users\luise\OneDrive\Documentos\DECAFIA_v2\01_dataset\decafia_clean\images\train\SANAS_SOCORRO_499.jpg,train,SANAS_SOCORRO_499,,,,no_timestamp,,,,False
C:\Users\luise\OneDrive\Documentos\DECAFIA_v2\01_dataset\decafia_clean\images\train\SANAS_SOCORRO_5.jpg,train,SANAS_SOCORRO_5,,,,no_timestamp,,,,False
C:\Users\luise\OneDrive\Documentos\DECAFIA_v2\01_dataset\decafia_clean\images\train\SANAS_SOCORRO_50.jpg,train,SANAS_SOCORRO_50,,,,no_timestamp,,,,False
C:\Users\luise\OneDrive\Documentos\DECAFIA_v2\01_dataset\decafia_clean\images\train\SANAS_SOCORRO_501.jpg,train,SANAS_SOCORRO_501,,,,no_timestamp,,,,False
C:\Users\luise\OneDrive\Documentos\DECAFIA_v2\01_dataset\decafia_clean\images\train\SANAS_SOCORRO_503.jpg,train,SANAS_SOCORRO_503,,,,no_timestamp,,,,False
C:\Users\luise\OneDrive\Documentos\DECAFIA_v2\01_dataset\decafia_clean\images\train\SANAS_SOCORRO_504.jpg,train,SANAS_SOCORRO_504,,,,no_timestamp,,,,False
C:\Users\luise\OneDrive\Documentos\DECAFIA_v2\01_dataset\decafia_clean\images\train\SANAS_SOCORRO_505.jpg,train,SANAS_SOCORRO_505,,,,no_timestamp,,,,False
C:\Users\luise\OneDrive\Documentos\DECAFIA_v2\01_dataset\decafia_clean\images\train\SANAS_SOCORRO_507.jpg,train,SANAS_SOCORRO_507,,,,no_timestamp,,,,False
C:\Users\luise\OneDrive\Documentos\DECAFIA_v2\01_dataset\decafia_clean\images\train\SANAS_SOCORRO_508.jpg,train,SANAS_SOCORRO_508,,,,no_timestamp,,,,False
C:\Users\luise\OneDrive\Documentos\DECAFIA_v2\01_dataset\decafia_clean\images\train\SANAS_SOCORRO_509.jpg,train,SANAS_SOCORRO_509,,,,no_timestamp,,,,False
C:\Users\luise\OneDrive\Documentos\DECAFIA_v2\01_dataset\decafia_clean\images\train\SANAS_SOCORRO_51.jpg,train,SANAS_SOCORRO_51,,,,no_timestamp,,,,False
C:\Users\luise\OneDrive\Documentos\DECAFIA_v2\01_dataset\decafia_clean\images\train\SANAS_SOCORRO_511.jpg,train,SANAS_SOCORRO_511,,,,no_timestamp,,,,False
C:\Users\luise\OneDrive\Documentos\DECAFIA_v2\01_dataset\decafia_clean\images\train\SANAS_SOCORRO_512.jpg,train,SANAS_SOCORRO_512,,,,no_timestamp,,,,False
C:\Users\luise\OneDrive\Documentos\DECAFIA_v2\01_dataset\decafia_clean\images\train\SANAS_SOCORRO_513.jpg,train,SANAS_SOCORRO_513,,,,no_timestamp,,,,False
C:\Users\luise\OneDrive\Documentos\DECAFIA_v2\01_dataset\decafia_clean\images\train\SANAS_SOCORRO_514.jpg,train,SANAS_SOCORRO_514,,,,no_timestamp,,,,False
C:\Users\luise\OneDrive\Documentos\DECAFIA_v2\01_dataset\decafia_clean\images\train\SANAS_SOCORRO_515.jpg,train,SANAS_SOCORRO_515,,,,no_timestamp,,,,False
C:\Users\luise\OneDrive\Documentos\DECAFIA_v2\01_dataset\decafia_clean\images\train\SANAS_SOCORRO_517.jpg,train,SANAS_SOCORRO_517,,,,no_timestamp,,,,False
C:\Users\luise\OneDrive\Documentos\DECAFIA_v2\01_dataset\decafia_clean\images\train\SANAS_SOCORRO_518.jpg,train,SANAS_SOCORRO_518,,,,no_timestamp,,,,False
C:\Users\luise\OneDrive\Documentos\DECAFIA_v2\01_dataset\decafia_clean\images\train\SANAS_SOCORRO_52.jpg,train,SANAS_SOCORRO_52,,,,no_timestamp,,,,False
C:\Users\luise\OneDrive\Documentos\DECAFIA_v2\01_dataset\decafia_clean\images\train\SANAS_SOCORRO_54.jpg,train,SANAS_SOCORRO_54,,,,no_timestamp,,,,False
C:\Users\luise\OneDrive\Documentos\DECAFIA_v2\01_dataset\decafia_clean\images\train\SANAS_SOCORRO_55.jpg,train,SANAS_SOCORRO_55,,,,no_timestamp,,,,False
C:\Users\luise\OneDrive\Documentos\DECAFIA_v2\01_dataset\decafia_clean\images\train\SANAS_SOCORRO_56.jpg,train,SANAS_SOCORRO_56,,,,no_timestamp,,,,False
C:\Users\luise\OneDrive\Documentos\DECAFIA_v2\01_dataset\decafia_clean\images\train\SANAS_SOCORRO_57.jpg,train,SANAS_SOCORRO_57,,,,no_timestamp,,,,False
C:\Users\luise\OneDrive\Documentos\DECAFIA_v2\01_dataset\decafia_clean\images\train\SANAS_SOCORRO_58.jpg,train,SANAS_SOCORRO_58,,,,no_timestamp,,,,False
C:\Users\luise\OneDrive\Documentos\DECAFIA_v2\01_dataset\decafia_clean\images\train\SANAS_SOCORRO_61.jpg,train,SANAS_SOCORRO_61,,,,no_timestamp,,,,False
C:\Users\luise\OneDrive\Documentos\DECAFIA_v2\01_dataset\decafia_clean\images\train\SANAS_SOCORRO_63.jpg,train,SANAS_SOCORRO_63,,,,no_timestamp,,,,False
C:\Users\luise\OneDrive\Documentos\DECAFIA_v2\01_dataset\decafia_clean\images\train\SANAS_SOCORRO_64.jpg,train,SANAS_SOCORRO_64,,,,no_timestamp,,,,False
C:\Users\luise\OneDrive\Documentos\DECAFIA_v2\01_dataset\decafia_clean\images\train\SANAS_SOCORRO_65.jpg,train,SANAS_SOCORRO_65,,,,no_timestamp,,,,False
C:\Users\luise\OneDrive\Documentos\DECAFIA_v2\01_dataset\decafia_clean\images\train\SANAS_SOCORRO_66.jpg,train,SANAS_SOCORRO_66,,,,no_timestamp,,,,False
C:\Users\luise\OneDrive\Documentos\DECAFIA_v2\01_dataset\decafia_clean\images\train\SANAS_SOCORRO_67.jpg,train,SANAS_SOCORRO_67,,,,no_timestamp,,,,False
C:\Users\luise\OneDrive\Documentos\DECAFIA_v2\01_dataset\decafia_clean\images\train\SANAS_SOCORRO_69.jpg,train,SANAS_SOCORRO_69,,,,no_timestamp,,,,False
C:\Users\luise\OneDrive\Documentos\DECAFIA_v2\01_dataset\decafia_clean\images\train\SANAS_SOCORRO_7.jpg,train,SANAS_SOCORRO_7,,,,no_timestamp,,,,False
C:\Users\luise\OneDrive\Documentos\DECAFIA_v2\01_dataset\decafia_clean\images\train\SANAS_SOCORRO_70.jpg,train,SANAS_SOCORRO_70,,,,no_timestamp,,,,False
C:\Users\luise\OneDrive\Documentos\DECAFIA_v2\01_dataset\decafia_clean\images\train\SANAS_SOCORRO_71.jpg,train,SANAS_SOCORRO_71,,,,no_timestamp,,,,False
C:\Users\luise\OneDrive\Documentos\DECAFIA_v2\01_dataset\decafia_clean\images\train\SANAS_SOCORRO_72.jpg,train,SANAS_SOCORRO_72,,,,no_timestamp,,,,False
C:\Users\luise\OneDrive\Documentos\DECAFIA_v2\01_dataset\decafia_clean\images\train\SANAS_SOCORRO_75.jpg,train,SANAS_SOCORRO_75,,,,no_timestamp,,,,False
C:\Users\luise\OneDrive\Documentos\DECAFIA_v2\01_dataset\decafia_clean\images\train\SANAS_SOCORRO_76.jpg,train,SANAS_SOCORRO_76,,,,no_timestamp,,,,False
C:\Users\luise\OneDrive\Documentos\DECAFIA_v2\01_dataset\decafia_clean\images\train\SANAS_SOCORRO_77.jpg,train,SANAS_SOCORRO_77,,,,no_timestamp,,,,False
C:\Users\luise\OneDrive\Documentos\DECAFIA_v2\01_dataset\decafia_clean\images\train\SANAS_SOCORRO_78.jpg,train,SANAS_SOCORRO_78,,,,no_timestamp,,,,False
C:\Users\luise\OneDrive\Documentos\DECAFIA_v2\01_dataset\decafia_clean\images\train\SANAS_SOCORRO_79.jpg,train,SANAS_SOCORRO_79,,,,no_timestamp,,,,False
C:\Users\luise\OneDrive\Documentos\DECAFIA_v2\01_dataset\decafia_clean\images\train\SANAS_SOCORRO_80.jpg,train,SANAS_SOCORRO_80,,,,no_timestamp,,,,False
C:\Users\luise\OneDrive\Documentos\DECAFIA_v2\01_dataset\decafia_clean\images\train\SANAS_SOCORRO_81.jpg,train,SANAS_SOCORRO_81,,,,no_timestamp,,,,False
C:\Users\luise\OneDrive\Documentos\DECAFIA_v2\01_dataset\decafia_clean\images\train\SANAS_SOCORRO_82.jpg,train,SANAS_SOCORRO_82,,,,no_timestamp,,,,False
C:\Users\luise\OneDrive\Documentos\DECAFIA_v2\01_dataset\decafia_clean\images\train\SANAS_SOCORRO_83.jpg,train,SANAS_SOCORRO_83,,,,no_timestamp,,,,False
C:\Users\luise\OneDrive\Documentos\DECAFIA_v2\01_dataset\decafia_clean\images\train\SANAS_SOCORRO_84.jpg,train,SANAS_SOCORRO_84,,,,no_timestamp,,,,False
C:\Users\luise\OneDrive\Documentos\DECAFIA_v2\01_dataset\decafia_clean\images\train\SANAS_SOCORRO_85.jpg,train,SANAS_SOCORRO_85,,,,no_timestamp,,,,False
C:\Users\luise\OneDrive\Documentos\DECAFIA_v2\01_dataset\decafia_clean\images\train\SANAS_SOCORRO_86.jpg,train,SANAS_SOCORRO_86,,,,no_timestamp,,,,False
C:\Users\luise\OneDrive\Documentos\DECAFIA_v2\01_dataset\decafia_clean\images\train\SANAS_SOCORRO_87.jpg,train,SANAS_SOCORRO_87,,,,no_timestamp,,,,False
C:\Users\luise\OneDrive\Documentos\DECAFIA_v2\01_dataset\decafia_clean\images\train\SANAS_SOCORRO_88.jpg,train,SANAS_SOCORRO_88,,,,no_timestamp,,,,False
C:\Users\luise\OneDrive\Documentos\DECAFIA_v2\01_dataset\decafia_clean\images\train\SANAS_SOCORRO_89.jpg,train,SANAS_SOCORRO_89,,,,no_timestamp,,,,False
C:\Users\luise\OneDrive\Documentos\DECAFIA_v2\01_dataset\decafia_clean\images\train\SANAS_SOCORRO_9.jpg,train,SANAS_SOCORRO_9,,,,no_timestamp,,,,False
C:\Users\luise\OneDrive\Documentos\DECAFIA_v2\01_dataset\decafia_clean\images\train\SANAS_SOCORRO_91.jpg,train,SANAS_SOCORRO_91,,,,no_timestamp,,,,False
C:\Users\luise\OneDrive\Documentos\DECAFIA_v2\01_dataset\decafia_clean\images\train\SANAS_SOCORRO_92.jpg,train,SANAS_SOCORRO_92,,,,no_timestamp,,,,False
C:\Users\luise\OneDrive\Documentos\DECAFIA_v2\01_dataset\decafia_clean\images\train\SANAS_SOCORRO_94.jpg,train,SANAS_SOCORRO_94,,,,no_timestamp,,,,False
C:\Users\luise\OneDrive\Documentos\DECAFIA_v2\01_dataset\decafia_clean\images\train\SANAS_SOCORRO_95.jpg,train,SANAS_SOCORRO_95,,,,no_timestamp,,,,False
C:\Users\luise\OneDrive\Documentos\DECAFIA_v2\01_dataset\decafia_clean\images\train\SANAS_SOCORRO_96.jpg,train,SANAS_SOCORRO_96,,,,no_timestamp,,,,False
C:\Users\luise\OneDrive\Documentos\DECAFIA_v2\01_dataset\decafia_clean\images\train\SANAS_SOCORRO_97.jpg,train,SANAS_SOCORRO_97,,,,no_timestamp,,,,False
C:\Users\luise\OneDrive\Documentos\DECAFIA_v2\01_dataset\decafia_clean\images\train\SANAS_SOCORRO_98.jpg,train,SANAS_SOCORRO_98,,,,no_timestamp,,,,False
C:\Users\luise\OneDrive\Documentos\DECAFIA_v2\01_dataset\decafia_clean\images\train\SANAS_SOCORRO_99.jpg,train,SANAS_SOCORRO_99,,,,no_timestamp,,,,False
C:\Users\luise\OneDrive\Documentos\DECAFIA_v2\01_dataset\decafia_clean\images\val\COCO_M_A_10.jpg,val,COCO_M_A_10,,,,no_timestamp,,,,False
C:\Users\luise\OneDrive\Documentos\DECAFIA_v2\01_dataset\decafia_clean\images\val\COCO_M_A_103.jpg,val,COCO_M_A_103,,,,no_timestamp,,,,False
C:\Users\luise\OneDrive\Documentos\DECAFIA_v2\01_dataset\decafia_clean\images\val\COCO_M_A_13.jpg,val,COCO_M_A_13,,,,no_timestamp,,,,False
C:\Users\luise\OneDrive\Documentos\DECAFIA_v2\01_dataset\decafia_clean\images\val\COCO_M_A_30.jpg,val,COCO_M_A_30,,,,no_timestamp,,,,False
C:\Users\luise\OneDrive\Documentos\DECAFIA_v2\01_dataset\decafia_clean\images\val\COCO_M_A_5.jpg,val,COCO_M_A_5,,,,no_timestamp,,,,False
C:\Users\luise\OneDrive\Documentos\DECAFIA_v2\01_dataset\decafia_clean\images\val\COCO_M_A_56.jpg,val,COCO_M_A_56,,,,no_timestamp,,,,False
C:\Users\luise\OneDrive\Documentos\DECAFIA_v2\01_dataset\decafia_clean\images\val\COCO_M_A_64.jpg,val,COCO_M_A_64,,,,no_timestamp,,,,False
C:\Users\luise\OneDrive\Documentos\DECAFIA_v2\01_dataset\decafia_clean\images\val\COCO_M_A_65.jpg,val,COCO_M_A_65,,,,no_timestamp,,,,False
C:\Users\luise\OneDrive\Documentos\DECAFIA_v2\01_dataset\decafia_clean\images\val\COCO_M_A_7.jpg,val,COCO_M_A_7,,,,no_timestamp,,,,False
C:\Users\luise\OneDrive\Documentos\DECAFIA_v2\01_dataset\decafia_clean\images\val\COCO_M_A_84.jpg,val,COCO_M_A_84,,,,no_timestamp,,,,False
C:\Users\luise\OneDrive\Documentos\DECAFIA_v2\01_dataset\decafia_clean\images\val\COCO_M_A_9.jpg,val,COCO_M_A_9,,,,no_timestamp,,,,False
C:\Users\luise\OneDrive\Documentos\DECAFIA_v2\01_dataset\decafia_clean\images\val\COCO_M_A_91.jpg,val,COCO_M_A_91,,,,no_timestamp,,,,False
C:\Users\luise\OneDrive\Documentos\DECAFIA_v2\01_dataset\decafia_clean\images\val\COCO_Muy_A_10.jpg,val,COCO_Muy_A_10,,,,no_timestamp,,,,False
C:\Users\luise\OneDrive\Documentos\DECAFIA_v2\01_dataset\decafia_clean\images\val\COCO_Muy_A_103.jpg,val,COCO_Muy_A_103,,,,no_timestamp,,,,False
C:\Users\luise\OneDrive\Documentos\DECAFIA_v2\01_dataset\decafia_clean\images\val\COCO_Muy_A_104.jpg,val,COCO_Muy_A_104,,,,no_timestamp,,,,False
C:\Users\luise\OneDrive\Documentos\DECAFIA_v2\01_dataset\decafia_clean\images\val\COCO_Muy_A_112.jpg,val,COCO_Muy_A_112,,,,no_timestamp,,,,False
C:\Users\luise\OneDrive\Documentos\DECAFIA_v2\01_dataset\decafia_clean\images\val\COCO_Muy_A_14.jpg,val,COCO_Muy_A_14,,,,no_timestamp,,,,False
C:\Users\luise\OneDrive\Documentos\DECAFIA_v2\01_dataset\decafia_clean\images\val\COCO_Muy_A_58.jpg,val,COCO_Muy_A_58,,,,no_timestamp,,,,False
C:\Users\luise\OneDrive\Documentos\DECAFIA_v2\01_dataset\decafia_clean\images\val\COCO_Muy_A_59.jpg,val,COCO_Muy_A_59,,,,no_timestamp,,,,False
C:\Users\luise\OneDrive\Documentos\DECAFIA_v2\01_dataset\decafia_clean\images\val\COCO_Muy_A_65.jpg,val,COCO_Muy_A_65,,,,no_timestamp,,,,False
C:\Users\luise\OneDrive\Documentos\DECAFIA_v2\01_dataset\decafia_clean\images\val\COCO_Muy_A_76.jpg,val,COCO_Muy_A_76,,,,no_timestamp,,,,False
C:\Users\luise\OneDrive\Documentos\DECAFIA_v2\01_dataset\decafia_clean\images\val\COCO_Muy_A_85.jpg,val,COCO_Muy_A_85,,,,no_timestamp,,,,False
C:\Users\luise\OneDrive\Documentos\DECAFIA_v2\01_dataset\decafia_clean\images\val\COCO_Muy_A_94.jpg,val,COCO_Muy_A_94,,,,no_timestamp,,,,False
C:\Users\luise\OneDrive\Documentos\DECAFIA_v2\01_dataset\decafia_clean\images\val\COCO_Muy_A_98.jpg,val,COCO_Muy_A_98,,,,no_timestamp,,,,False
C:\Users\luise\OneDrive\Documentos\DECAFIA_v2\01_dataset\decafia_clean\images\val\COCO_P_A_2.jpg,val,COCO_P_A_2,,,,no_timestamp,,,,False
C:\Users\luise\OneDrive\Documentos\DECAFIA_v2\01_dataset\decafia_clean\images\val\COCO_P_A_23.jpg,val,COCO_P_A_23,,,,no_timestamp,,,,False
C:\Users\luise\OneDrive\Documentos\DECAFIA_v2\01_dataset\decafia_clean\images\val\COCO_P_A_28.jpg,val,COCO_P_A_28,,,,no_timestamp,,,,False
C:\Users\luise\OneDrive\Documentos\DECAFIA_v2\01_dataset\decafia_clean\images\val\COCO_P_A_29.jpg,val,COCO_P_A_29,,,,no_timestamp,,,,False
C:\Users\luise\OneDrive\Documentos\DECAFIA_v2\01_dataset\decafia_clean\images\val\COCO_P_A_38.jpg,val,COCO_P_A_38,,,,no_timestamp,,,,False
C:\Users\luise\OneDrive\Documentos\DECAFIA_v2\01_dataset\decafia_clean\images\val\COCO_P_A_4.jpg,val,COCO_P_A_4,,,,no_timestamp,,,,False
C:\Users\luise\OneDrive\Documentos\DECAFIA_v2\01_dataset\decafia_clean\images\val\COCO_P_A_49.jpg,val,COCO_P_A_49,,,,no_timestamp,,,,False
C:\Users\luise\OneDrive\Documentos\DECAFIA_v2\01_dataset\decafia_clean\images\val\COCO_P_A_5.jpg,val,COCO_P_A_5,,,,no_timestamp,,,,False
C:\Users\luise\OneDrive\Documentos\DECAFIA_v2\01_dataset\decafia_clean\images\val\COCO_P_A_55.jpg,val,COCO_P_A_55,,,,no_timestamp,,,,False
C:\Users\luise\OneDrive\Documentos\DECAFIA_v2\01_dataset\decafia_clean\images\val\COCO_P_A_77.jpg,val,COCO_P_A_77,,,,no_timestamp,,,,False
C:\Users\luise\OneDrive\Documentos\DECAFIA_v2\01_dataset\decafia_clean\images\val\COCO_P_A_9.jpg,val,COCO_P_A_9,,,,no_timestamp,,,,False
C:\Users\luise\OneDrive\Documentos\DECAFIA_v2\01_dataset\decafia_clean\images\val\COCO_RECORTE_10.jpg,val,COCO_RECORTE_10,,,,no_timestamp,,,,False
C:\Users\luise\OneDrive\Documentos\DECAFIA_v2\01_dataset\decafia_clean\images\val\COCO_RECORTE_101.jpg,val,COCO_RECORTE_101,,,,no_timestamp,,,,False
C:\Users\luise\OneDrive\Documentos\DECAFIA_v2\01_dataset\decafia_clean\images\val\COCO_RECORTE_102.jpg,val,COCO_RECORTE_102,,,,no_timestamp,,,,False
C:\Users\luise\OneDrive\Documentos\DECAFIA_v2\01_dataset\decafia_clean\images\val\COCO_RECORTE_105.jpg,val,COCO_RECORTE_105,,,,no_timestamp,,,,False
C:\Users\luise\OneDrive\Documentos\DECAFIA_v2\01_dataset\decafia_clean\images\val\COCO_RECORTE_11.jpg,val,COCO_RECORTE_11,,,,no_timestamp,,,,False
C:\Users\luise\OneDrive\Documentos\DECAFIA_v2\01_dataset\decafia_clean\images\val\COCO_RECORTE_12.jpg,val,COCO_RECORTE_12,,,,no_timestamp,,,,False
C:\Users\luise\OneDrive\Documentos\DECAFIA_v2\01_dataset\decafia_clean\images\val\COCO_RECORTE_127.jpg,val,COCO_RECORTE_127,,,,no_timestamp,,,,False
C:\Users\luise\OneDrive\Documentos\DECAFIA_v2\01_dataset\decafia_clean\images\val\COCO_RECORTE_133.jpg,val,COCO_RECORTE_133,,,,no_timestamp,,,,False
C:\Users\luise\OneDrive\Documentos\DECAFIA_v2\01_dataset\decafia_clean\images\val\COCO_RECORTE_134.jpg,val,COCO_RECORTE_134,,,,no_timestamp,,,,False
C:\Users\luise\OneDrive\Documentos\DECAFIA_v2\01_dataset\decafia_clean\images\val\COCO_RECORTE_138.jpg,val,COCO_RECORTE_138,,,,no_timestamp,,,,False
C:\Users\luise\OneDrive\Documentos\DECAFIA_v2\01_dataset\decafia_clean\images\val\COCO_RECORTE_149.jpg,val,COCO_RECORTE_149,,,,no_timestamp,,,,False
C:\Users\luise\OneDrive\Documentos\DECAFIA_v2\01_dataset\decafia_clean\images\val\COCO_RECORTE_153.jpg,val,COCO_RECORTE_153,,,,no_timestamp,,,,False
C:\Users\luise\OneDrive\Documentos\DECAFIA_v2\01_dataset\decafia_clean\images\val\COCO_RECORTE_155.jpg,val,COCO_RECORTE_155,,,,no_timestamp,,,,False
C:\Users\luise\OneDrive\Documentos\DECAFIA_v2\01_dataset\decafia_clean\images\val\COCO_RECORTE_20.jpg,val,COCO_RECORTE_20,,,,no_timestamp,,,,False
C:\Users\luise\OneDrive\Documentos\DECAFIA_v2\01_dataset\decafia_clean\images\val\COCO_RECORTE_32.jpg,val,COCO_RECORTE_32,,,,no_timestamp,,,,False
C:\Users\luise\OneDrive\Documentos\DECAFIA_v2\01_dataset\decafia_clean\images\val\COCO_RECORTE_38.jpg,val,COCO_RECORTE_38,,,,no_timestamp,,,,False
C:\Users\luise\OneDrive\Documentos\DECAFIA_v2\01_dataset\decafia_clean\images\val\COCO_RECORTE_39.jpg,val,COCO_RECORTE_39,,,,no_timestamp,,,,False
C:\Users\luise\OneDrive\Documentos\DECAFIA_v2\01_dataset\decafia_clean\images\val\COCO_RECORTE_42.jpg,val,COCO_RECORTE_42,,,,no_timestamp,,,,False
C:\Users\luise\OneDrive\Documentos\DECAFIA_v2\01_dataset\decafia_clean\images\val\COCO_RECORTE_63.jpg,val,COCO_RECORTE_63,,,,no_timestamp,,,,False
C:\Users\luise\OneDrive\Documentos\DECAFIA_v2\01_dataset\decafia_clean\images\val\COCO_RECORTE_66.jpg,val,COCO_RECORTE_66,,,,no_timestamp,,,,False
C:\Users\luise\OneDrive\Documentos\DECAFIA_v2\01_dataset\decafia_clean\images\val\COCO_RECORTE_79.jpg,val,COCO_RECORTE_79,,,,no_timestamp,,,,False
C:\Users\luise\OneDrive\Documentos\DECAFIA_v2\01_dataset\decafia_clean\images\val\COCO_RECORTE_82.jpg,val,COCO_RECORTE_82,,,,no_timestamp,,,,False
C:\Users\luise\OneDrive\Documentos\DECAFIA_v2\01_dataset\decafia_clean\images\val\COCO_RECORTE_84.jpg,val,COCO_RECORTE_84,,,,no_timestamp,,,,False
C:\Users\luise\OneDrive\Documentos\DECAFIA_v2\01_dataset\decafia_clean\images\val\COCO_RECORTE_87.jpg,val,COCO_RECORTE_87,,,,no_timestamp,,,,False
C:\Users\luise\OneDrive\Documentos\DECAFIA_v2\01_dataset\decafia_clean\images\val\COCO_RECORTE_88.jpg,val,COCO_RECORTE_88,,,,no_timestamp,,,,False
C:\Users\luise\OneDrive\Documentos\DECAFIA_v2\01_dataset\decafia_clean\images\val\COCO_RECORTE_91.jpg,val,COCO_RECORTE_91,,,,no_timestamp,,,,False
C:\Users\luise\OneDrive\Documentos\DECAFIA_v2\01_dataset\decafia_clean\images\val\COCO_RECORTE_97.jpg,val,COCO_RECORTE_97,,,,no_timestamp,,,,False
C:\Users\luise\OneDrive\Documentos\DECAFIA_v2\01_dataset\decafia_clean\images\val\COCO_RECORTE_99.jpg,val,COCO_RECORTE_99,,,,no_timestamp,,,,False
C:\Users\luise\OneDrive\Documentos\DECAFIA_v2\01_dataset\decafia_clean\images\val\MINADO_RECORTES_10.jpg,val,MINADO_RECORTES_10,,,,no_timestamp,,,,False
C:\Users\luise\OneDrive\Documentos\DECAFIA_v2\01_dataset\decafia_clean\images\val\MINADO_RECORTES_103.jpg,val,MINADO_RECORTES_103,,,,no_timestamp,,,,False
C:\Users\luise\OneDrive\Documentos\DECAFIA_v2\01_dataset\decafia_clean\images\val\MINADO_RECORTES_109.jpg,val,MINADO_RECORTES_109,,,,no_timestamp,,,,False
C:\Users\luise\OneDrive\Documentos\DECAFIA_v2\01_dataset\decafia_clean\images\val\MINADO_RECORTES_11.jpg,val,MINADO_RECORTES_11,,,,no_timestamp,,,,False
C:\Users\luise\OneDrive\Documentos\DECAFIA_v2\01_dataset\decafia_clean\images\val\MINADO_RECORTES_129.jpg,val,MINADO_RECORTES_129,,,,no_timestamp,,,,False
C:\Users\luise\OneDrive\Documentos\DECAFIA_v2\01_dataset\decafia_clean\images\val\MINADO_RECORTES_132.jpg,val,MINADO_RECORTES_132,,,,no_timestamp,,,,False
C:\Users\luise\OneDrive\Documentos\DECAFIA_v2\01_dataset\decafia_clean\images\val\MINADO_RECORTES_16.jpg,val,MINADO_RECORTES_16,,,,no_timestamp,,,,False
C:\Users\luise\OneDrive\Documentos\DECAFIA_v2\01_dataset\decafia_clean\images\val\MINADO_RECORTES_2.jpg,val,MINADO_RECORTES_2,,,,no_timestamp,,,,False
C:\Users\luise\OneDrive\Documentos\DECAFIA_v2\01_dataset\decafia_clean\images\val\MINADO_RECORTES_29.jpg,val,MINADO_RECORTES_29,,,,no_timestamp,,,,False
C:\Users\luise\OneDrive\Documentos\DECAFIA_v2\01_dataset\decafia_clean\images\val\MINADO_RECORTES_32.jpg,val,MINADO_RECORTES_32,,,,no_timestamp,,,,False
C:\Users\luise\OneDrive\Documentos\DECAFIA_v2\01_dataset\decafia_clean\images\val\MINADO_RECORTES_35.jpg,val,MINADO_RECORTES_35,,,,no_timestamp,,,,False
C:\Users\luise\OneDrive\Documentos\DECAFIA_v2\01_dataset\decafia_clean\images\val\MINADO_RECORTES_4.jpg,val,MINADO_RECORTES_4,,,,no_timestamp,,,,False
C:\Users\luise\OneDrive\Documentos\DECAFIA_v2\01_dataset\decafia_clean\images\val\MINADO_RECORTES_43.jpg,val,MINADO_RECORTES_43,,,,no_timestamp,,,,False
C:\Users\luise\OneDrive\Documentos\DECAFIA_v2\01_dataset\decafia_clean\images\val\MINADO_RECORTES_46.jpg,val,MINADO_RECORTES_46,,,,no_timestamp,,,,False
C:\Users\luise\OneDrive\Documentos\DECAFIA_v2\01_dataset\decafia_clean\images\val\MINADO_RECORTES_49.jpg,val,MINADO_RECORTES_49,,,,no_timestamp,,,,False
C:\Users\luise\OneDrive\Documentos\DECAFIA_v2\01_dataset\decafia_clean\images\val\MINADO_RECORTES_51.jpg,val,MINADO_RECORTES_51,,,,no_timestamp,,,,False
C:\Users\luise\OneDrive\Documentos\DECAFIA_v2\01_dataset\decafia_clean\images\val\MINADO_RECORTES_57.jpg,val,MINADO_RECORTES_57,,,,no_timestamp,,,,False
C:\Users\luise\OneDrive\Documentos\DECAFIA_v2\01_dataset\decafia_clean\images\val\MINADO_RECORTES_63.jpg,val,MINADO_RECORTES_63,,,,no_timestamp,,,,False
C:\Users\luise\OneDrive\Documentos\DECAFIA_v2\01_dataset\decafia_clean\images\val\MINADO_RECORTES_72.jpg,val,MINADO_RECORTES_72,,,,no_timestamp,,,,False
C:\Users\luise\OneDrive\Documentos\DECAFIA_v2\01_dataset\decafia_clean\images\val\MINADO_RECORTES_8.jpg,val,MINADO_RECORTES_8,,,,no_timestamp,,,,False
C:\Users\luise\OneDrive\Documentos\DECAFIA_v2\01_dataset\decafia_clean\images\val\MINADO_RECORTES_81.jpg,val,MINADO_RECORTES_81,,,,no_timestamp,,,,False
C:\Users\luise\OneDrive\Documentos\DECAFIA_v2\01_dataset\decafia_clean\images\val\MINADO_RECORTES_85.jpg,val,MINADO_RECORTES_85,,,,no_timestamp,,,,False
C:\Users\luise\OneDrive\Documentos\DECAFIA_v2\01_dataset\decafia_clean\images\val\MINADO_RECORTES_86.jpg,val,MINADO_RECORTES_86,,,,no_timestamp,,,,False
C:\Users\luise\OneDrive\Documentos\DECAFIA_v2\01_dataset\decafia_clean\images\val\MINADO_RECORTES_88.jpg,val,MINADO_RECORTES_88,,,,no_timestamp,,,,False
C:\Users\luise\OneDrive\Documentos\DECAFIA_v2\01_dataset\decafia_clean\images\val\MINADO_RECORTES_98.jpg,val,MINADO_RECORTES_98,,,,no_timestamp,,,,False
C:\Users\luise\OneDrive\Documentos\DECAFIA_v2\01_dataset\decafia_clean\images\val\MINADOR_12.jpg,val,MINADOR_12,,,,no_timestamp,,,,False
C:\Users\luise\OneDrive\Documentos\DECAFIA_v2\01_dataset\decafia_clean\images\val\MINADOR_13.jpg,val,MINADOR_13,,,,no_timestamp,,,,False
C:\Users\luise\OneDrive\Documentos\DECAFIA_v2\01_dataset\decafia_clean\images\val\MINADOR_18.jpg,val,MINADOR_18,,,,no_timestamp,,,,False
C:\Users\luise\OneDrive\Documentos\DECAFIA_v2\01_dataset\decafia_clean\images\val\MINADOR_32.jpg,val,MINADOR_32,,,,no_timestamp,,,,False
C:\Users\luise\OneDrive\Documentos\DECAFIA_v2\01_dataset\decafia_clean\images\val\MINADOR_56.jpg,val,MINADOR_56,,,,no_timestamp,,,,False
C:\Users\luise\OneDrive\Documentos\DECAFIA_v2\01_dataset\decafia_clean\images\val\MINADOR_61.jpg,val,MINADOR_61,,,,no_timestamp,,,,False
C:\Users\luise\OneDrive\Documentos\DECAFIA_v2\01_dataset\decafia_clean\images\val\MINADOR_64.jpg,val,MINADOR_64,,,,no_timestamp,,,,False
C:\Users\luise\OneDrive\Documentos\DECAFIA_v2\01_dataset\decafia_clean\images\val\MINADOR_66.jpg,val,MINADOR_66,,,,no_timestamp,,,,False
C:\Users\luise\OneDrive\Documentos\DECAFIA_v2\01_dataset\decafia_clean\images\val\MINADOR_72.jpg,val,MINADOR_72,,,,no_timestamp,,,,False
C:\Users\luise\OneDrive\Documentos\DECAFIA_v2\01_dataset\decafia_clean\images\val\MINADOR_9.jpg,val,MINADOR_9,,,,no_timestamp,,,,False
C:\Users\luise\OneDrive\Documentos\DECAFIA_v2\01_dataset\decafia_clean\images\val\MINEIRO_108.jpg,val,MINEIRO_108,,,,no_timestamp,,,,False
C:\Users\luise\OneDrive\Documentos\DECAFIA_v2\01_dataset\decafia_clean\images\val\MINEIRO_114.jpg,val,MINEIRO_114,,,,no_timestamp,,,,False
C:\Users\luise\OneDrive\Documentos\DECAFIA_v2\01_dataset\decafia_clean\images\val\MINEIRO_116.jpg,val,MINEIRO_116,,,,no_timestamp,,,,False
C:\Users\luise\OneDrive\Documentos\DECAFIA_v2\01_dataset\decafia_clean\images\val\MINEIRO_141.jpg,val,MINEIRO_141,,,,no_timestamp,,,,False
C:\Users\luise\OneDrive\Documentos\DECAFIA_v2\01_dataset\decafia_clean\images\val\MINEIRO_145.jpg,val,MINEIRO_145,,,,no_timestamp,,,,False
C:\Users\luise\OneDrive\Documentos\DECAFIA_v2\01_dataset\decafia_clean\images\val\MINEIRO_156.jpg,val,MINEIRO_156,,,,no_timestamp,,,,False
C:\Users\luise\OneDrive\Documentos\DECAFIA_v2\01_dataset\decafia_clean\images\val\MINEIRO_17.jpg,val,MINEIRO_17,,,,no_timestamp,,,,False
C:\Users\luise\OneDrive\Documentos\DECAFIA_v2\01_dataset\decafia_clean\images\val\MINEIRO_171.jpg,val,MINEIRO_171,,,,no_timestamp,,,,False
C:\Users\luise\OneDrive\Documentos\DECAFIA_v2\01_dataset\decafia_clean\images\val\MINEIRO_172.jpg,val,MINEIRO_172,,,,no_timestamp,,,,False
C:\Users\luise\OneDrive\Documentos\DECAFIA_v2\01_dataset\decafia_clean\images\val\MINEIRO_187.jpg,val,MINEIRO_187,,,,no_timestamp,,,,False
C:\Users\luise\OneDrive\Documentos\DECAFIA_v2\01_dataset\decafia_clean\images\val\MINEIRO_21.jpg,val,MINEIRO_21,,,,no_timestamp,,,,False
C:\Users\luise\OneDrive\Documentos\DECAFIA_v2\01_dataset\decafia_clean\images\val\MINEIRO_3.jpg,val,MINEIRO_3,,,,no_timestamp,,,,False
C:\Users\luise\OneDrive\Documentos\DECAFIA_v2\01_dataset\decafia_clean\images\val\MINEIRO_44.jpg,val,MINEIRO_44,,,,no_timestamp,,,,False
C:\Users\luise\OneDrive\Documentos\DECAFIA_v2\01_dataset\decafia_clean\images\val\MINEIRO_50.jpg,val,MINEIRO_50,,,,no_timestamp,,,,False
C:\Users\luise\OneDrive\Documentos\DECAFIA_v2\01_dataset\decafia_clean\images\val\MINEIRO_52.jpg,val,MINEIRO_52,,,,no_timestamp,,,,False
C:\Users\luise\OneDrive\Documentos\DECAFIA_v2\01_dataset\decafia_clean\images\val\MINEIRO_61.jpg,val,MINEIRO_61,,,,no_timestamp,,,,False
C:\Users\luise\OneDrive\Documentos\DECAFIA_v2\01_dataset\decafia_clean\images\val\MINEIRO_72.jpg,val,MINEIRO_72,,,,no_timestamp,,,,False
C:\Users\luise\OneDrive\Documentos\DECAFIA_v2\01_dataset\decafia_clean\images\val\MINEIRO_73.jpg,val,MINEIRO_73,,,,no_timestamp,,,,False
C:\Users\luise\OneDrive\Documentos\DECAFIA_v2\01_dataset\decafia_clean\images\val\MINEIRO_77.jpg,val,MINEIRO_77,,,,no_timestamp,,,,False
C:\Users\luise\OneDrive\Documentos\DECAFIA_v2\01_dataset\decafia_clean\images\val\MINEIRO_78.jpg,val,MINEIRO_78,,,,no_timestamp,,,,False
C:\Users\luise\OneDrive\Documentos\DECAFIA_v2\01_dataset\decafia_clean\images\val\MINEIRO_80.jpg,val,MINEIRO_80,,,,no_timestamp,,,,False
C:\Users\luise\OneDrive\Documentos\DECAFIA_v2\01_dataset\decafia_clean\images\val\MINEIRO_88.jpg,val,MINEIRO_88,,,,no_timestamp,,,,False
C:\Users\luise\OneDrive\Documentos\DECAFIA_v2\01_dataset\decafia_clean\images\val\MINEIRO_89.jpg,val,MINEIRO_89,,,,no_timestamp,,,,False
C:\Users\luise\OneDrive\Documentos\DECAFIA_v2\01_dataset\decafia_clean\images\val\MINEIRO_92.jpg,val,MINEIRO_92,,,,no_timestamp,,,,False
C:\Users\luise\OneDrive\Documentos\DECAFIA_v2\01_dataset\decafia_clean\images\val\MINEIRO_95.jpg,val,MINEIRO_95,,,,no_timestamp,,,,False
C:\Users\luise\OneDrive\Documentos\DECAFIA_v2\01_dataset\decafia_clean\images\val\MINEIRO_96.jpg,val,MINEIRO_96,,,,no_timestamp,,,,False
C:\Users\luise\OneDrive\Documentos\DECAFIA_v2\01_dataset\decafia_clean\images\val\ROYA_FONDO_17.jpg,val,ROYA_FONDO_17,,,,no_timestamp,,,,False
C:\Users\luise\OneDrive\Documentos\DECAFIA_v2\01_dataset\decafia_clean\images\val\ROYA_FONDO_27.jpg,val,ROYA_FONDO_27,,,,no_timestamp,,,,False
C:\Users\luise\OneDrive\Documentos\DECAFIA_v2\01_dataset\decafia_clean\images\val\ROYA_FONDO_35.jpg,val,ROYA_FONDO_35,,,,no_timestamp,,,,False
C:\Users\luise\OneDrive\Documentos\DECAFIA_v2\01_dataset\decafia_clean\images\val\ROYA_FONDO_39.jpg,val,ROYA_FONDO_39,,,,no_timestamp,,,,False
C:\Users\luise\OneDrive\Documentos\DECAFIA_v2\01_dataset\decafia_clean\images\val\ROYA_FONDO_4.jpg,val,ROYA_FONDO_4,,,,no_timestamp,,,,False
C:\Users\luise\OneDrive\Documentos\DECAFIA_v2\01_dataset\decafia_clean\images\val\ROYA_FONDO_40.jpg,val,ROYA_FONDO_40,,,,no_timestamp,,,,False
C:\Users\luise\OneDrive\Documentos\DECAFIA_v2\01_dataset\decafia_clean\images\val\ROYA_FONDO_43.jpg,val,ROYA_FONDO_43,,,,no_timestamp,,,,False
C:\Users\luise\OneDrive\Documentos\DECAFIA_v2\01_dataset\decafia_clean\images\val\ROYA_FONDO_48.jpg,val,ROYA_FONDO_48,,,,no_timestamp,,,,False
C:\Users\luise\OneDrive\Documentos\DECAFIA_v2\01_dataset\decafia_clean\images\val\ROYA_FONDO_5.jpg,val,ROYA_FONDO_5,,,,no_timestamp,,,,False
C:\Users\luise\OneDrive\Documentos\DECAFIA_v2\01_dataset\decafia_clean\images\val\ROYA_FONDO_69.jpg,val,ROYA_FONDO_69,,,,no_timestamp,,,,False
C:\Users\luise\OneDrive\Documentos\DECAFIA_v2\01_dataset\decafia_clean\images\val\ROYA_FONDO_70.jpg,val,ROYA_FONDO_70,,,,no_timestamp,,,,False
C:\Users\luise\OneDrive\Documentos\DECAFIA_v2\01_dataset\decafia_clean\images\val\ROYA_FONDO_81.jpg,val,ROYA_FONDO_81,,,,no_timestamp,,,,False
C:\Users\luise\OneDrive\Documentos\DECAFIA_v2\01_dataset\decafia_clean\images\val\ROYA_FONDO_87.jpg,val,ROYA_FONDO_87,,,,no_timestamp,,,,False
C:\Users\luise\OneDrive\Documentos\DECAFIA_v2\01_dataset\decafia_clean\images\val\ROYA_FONDO_89.jpg,val,ROYA_FONDO_89,,,,no_timestamp,,,,False
C:\Users\luise\OneDrive\Documentos\DECAFIA_v2\01_dataset\decafia_clean\images\val\ROYA_MA_11.jpg,val,ROYA_MA_11,,,,no_timestamp,,,,False
C:\Users\luise\OneDrive\Documentos\DECAFIA_v2\01_dataset\decafia_clean\images\val\ROYA_MA_15.jpg,val,ROYA_MA_15,,,,no_timestamp,,,,False
C:\Users\luise\OneDrive\Documentos\DECAFIA_v2\01_dataset\decafia_clean\images\val\ROYA_MA_37.jpg,val,ROYA_MA_37,,,,no_timestamp,,,,False
C:\Users\luise\OneDrive\Documentos\DECAFIA_v2\01_dataset\decafia_clean\images\val\ROYA_MA_38.jpg,val,ROYA_MA_38,,,,no_timestamp,,,,False
C:\Users\luise\OneDrive\Documentos\DECAFIA_v2\01_dataset\decafia_clean\images\val\ROYA_MA_40.jpg,val,ROYA_MA_40,,,,no_timestamp,,,,False
C:\Users\luise\OneDrive\Documentos\DECAFIA_v2\01_dataset\decafia_clean\images\val\ROYA_MA_46.jpg,val,ROYA_MA_46,,,,no_timestamp,,,,False
C:\Users\luise\OneDrive\Documentos\DECAFIA_v2\01_dataset\decafia_clean\images\val\ROYA_MA_59.jpg,val,ROYA_MA_59,,,,no_timestamp,,,,False
C:\Users\luise\OneDrive\Documentos\DECAFIA_v2\01_dataset\decafia_clean\images\val\ROYA_MA_6.jpg,val,ROYA_MA_6,,,,no_timestamp,,,,False
C:\Users\luise\OneDrive\Documentos\DECAFIA_v2\01_dataset\decafia_clean\images\val\ROYA_Muy_A_19.jpg,val,ROYA_Muy_A_19,,,,no_timestamp,,,,False
C:\Users\luise\OneDrive\Documentos\DECAFIA_v2\01_dataset\decafia_clean\images\val\ROYA_Muy_A_4.jpg,val,ROYA_Muy_A_4,,,,no_timestamp,,,,False
C:\Users\luise\OneDrive\Documentos\DECAFIA_v2\01_dataset\decafia_clean\images\val\ROYA_Muy_A_8.jpg,val,ROYA_Muy_A_8,,,,no_timestamp,,,,False
C:\Users\luise\OneDrive\Documentos\DECAFIA_v2\01_dataset\decafia_clean\images\val\ROYA_P_A_1.jpg,val,ROYA_P_A_1,,,,no_timestamp,,,,False
C:\Users\luise\OneDrive\Documentos\DECAFIA_v2\01_dataset\decafia_clean\images\val\ROYA_P_A_12.jpg,val,ROYA_P_A_12,,,,no_timestamp,,,,False
C:\Users\luise\OneDrive\Documentos\DECAFIA_v2\01_dataset\decafia_clean\images\val\ROYA_P_A_22.jpg,val,ROYA_P_A_22,,,,no_timestamp,,,,False
C:\Users\luise\OneDrive\Documentos\DECAFIA_v2\01_dataset\decafia_clean\images\val\ROYA_P_A_25.jpg,val,ROYA_P_A_25,,,,no_timestamp,,,,False
C:\Users\luise\OneDrive\Documentos\DECAFIA_v2\01_dataset\decafia_clean\images\val\ROYA_P_A_3.jpg,val,ROYA_P_A_3,,,,no_timestamp,,,,False
C:\Users\luise\OneDrive\Documentos\DECAFIA_v2\01_dataset\decafia_clean\images\val\ROYA_P_A_32.jpg,val,ROYA_P_A_32,,,,no_timestamp,,,,False
C:\Users\luise\OneDrive\Documentos\DECAFIA_v2\01_dataset\decafia_clean\images\val\ROYA_P_A_37.jpg,val,ROYA_P_A_37,,,,no_timestamp,,,,False
C:\Users\luise\OneDrive\Documentos\DECAFIA_v2\01_dataset\decafia_clean\images\val\ROYA_P_A_38.jpg,val,ROYA_P_A_38,,,,no_timestamp,,,,False
C:\Users\luise\OneDrive\Documentos\DECAFIA_v2\01_dataset\decafia_clean\images\val\ROYA_P_A_42.jpg,val,ROYA_P_A_42,,,,no_timestamp,,,,False
C:\Users\luise\OneDrive\Documentos\DECAFIA_v2\01_dataset\decafia_clean\images\val\ROYA_P_A_61.jpg,val,ROYA_P_A_61,,,,no_timestamp,,,,False
C:\Users\luise\OneDrive\Documentos\DECAFIA_v2\01_dataset\decafia_clean\images\val\ROYA_P_A_9.jpg,val,ROYA_P_A_9,,,,no_timestamp,,,,False
C:\Users\luise\OneDrive\Documentos\DECAFIA_v2\01_dataset\decafia_clean\images\val\ROYA_RECORTES_1.jpg,val,ROYA_RECORTES_1,,,,no_timestamp,,,,False
C:\Users\luise\OneDrive\Documentos\DECAFIA_v2\01_dataset\decafia_clean\images\val\ROYA_RECORTES_105.jpg,val,ROYA_RECORTES_105,,,,no_timestamp,,,,False
C:\Users\luise\OneDrive\Documentos\DECAFIA_v2\01_dataset\decafia_clean\images\val\ROYA_RECORTES_22.jpg,val,ROYA_RECORTES_22,,,,no_timestamp,,,,False
C:\Users\luise\OneDrive\Documentos\DECAFIA_v2\01_dataset\decafia_clean\images\val\ROYA_RECORTES_28.jpg,val,ROYA_RECORTES_28,,,,no_timestamp,,,,False
C:\Users\luise\OneDrive\Documentos\DECAFIA_v2\01_dataset\decafia_clean\images\val\ROYA_RECORTES_30.jpg,val,ROYA_RECORTES_30,,,,no_timestamp,,,,False
C:\Users\luise\OneDrive\Documentos\DECAFIA_v2\01_dataset\decafia_clean\images\val\ROYA_RECORTES_32.jpg,val,ROYA_RECORTES_32,,,,no_timestamp,,,,False
C:\Users\luise\OneDrive\Documentos\DECAFIA_v2\01_dataset\decafia_clean\images\val\ROYA_RECORTES_36.jpg,val,ROYA_RECORTES_36,,,,no_timestamp,,,,False
C:\Users\luise\OneDrive\Documentos\DECAFIA_v2\01_dataset\decafia_clean\images\val\ROYA_RECORTES_38.jpg,val,ROYA_RECORTES_38,,,,no_timestamp,,,,False
C:\Users\luise\OneDrive\Documentos\DECAFIA_v2\01_dataset\decafia_clean\images\val\ROYA_RECORTES_4.jpg,val,ROYA_RECORTES_4,,,,no_timestamp,,,,False
C:\Users\luise\OneDrive\Documentos\DECAFIA_v2\01_dataset\decafia_clean\images\val\ROYA_RECORTES_40.jpg,val,ROYA_RECORTES_40,,,,no_timestamp,,,,False
C:\Users\luise\OneDrive\Documentos\DECAFIA_v2\01_dataset\decafia_clean\images\val\ROYA_RECORTES_43.jpg,val,ROYA_RECORTES_43,,,,no_timestamp,,,,False
C:\Users\luise\OneDrive\Documentos\DECAFIA_v2\01_dataset\decafia_clean\images\val\ROYA_RECORTES_47.jpg,val,ROYA_RECORTES_47,,,,no_timestamp,,,,False
C:\Users\luise\OneDrive\Documentos\DECAFIA_v2\01_dataset\decafia_clean\images\val\ROYA_RECORTES_56.jpg,val,ROYA_RECORTES_56,,,,no_timestamp,,,,False
C:\Users\luise\OneDrive\Documentos\DECAFIA_v2\01_dataset\decafia_clean\images\val\ROYA_RECORTES_61.jpg,val,ROYA_RECORTES_61,,,,no_timestamp,,,,False
C:\Users\luise\OneDrive\Documentos\DECAFIA_v2\01_dataset\decafia_clean\images\val\ROYA_RECORTES_63.jpg,val,ROYA_RECORTES_63,,,,no_timestamp,,,,False
C:\Users\luise\OneDrive\Documentos\DECAFIA_v2\01_dataset\decafia_clean\images\val\ROYA_RECORTES_70.jpg,val,ROYA_RECORTES_70,,,,no_timestamp,,,,False
C:\Users\luise\OneDrive\Documentos\DECAFIA_v2\01_dataset\decafia_clean\images\val\ROYA_RECORTES_84.jpg,val,ROYA_RECORTES_84,,,,no_timestamp,,,,False
C:\Users\luise\OneDrive\Documentos\DECAFIA_v2\01_dataset\decafia_clean\images\val\ROYA_RECORTES_94.jpg,val,ROYA_RECORTES_94,,,,no_timestamp,,,,False
C:\Users\luise\OneDrive\Documentos\DECAFIA_v2\01_dataset\decafia_clean\images\val\SANAS_NUEVAS_114.jpg,val,SANAS_NUEVAS_114,,,,no_timestamp,,,,False
C:\Users\luise\OneDrive\Documentos\DECAFIA_v2\01_dataset\decafia_clean\images\val\SANAS_NUEVAS_118.jpg,val,SANAS_NUEVAS_118,,,,no_timestamp,,,,False
C:\Users\luise\OneDrive\Documentos\DECAFIA_v2\01_dataset\decafia_clean\images\val\SANAS_NUEVAS_121.jpg,val,SANAS_NUEVAS_121,,,,no_timestamp,,,,False
C:\Users\luise\OneDrive\Documentos\DECAFIA_v2\01_dataset\decafia_clean\images\val\SANAS_NUEVAS_135.jpg,val,SANAS_NUEVAS_135,,,,no_timestamp,,,,False
C:\Users\luise\OneDrive\Documentos\DECAFIA_v2\01_dataset\decafia_clean\images\val\SANAS_NUEVAS_139.jpg,val,SANAS_NUEVAS_139,,,,no_timestamp,,,,False
C:\Users\luise\OneDrive\Documentos\DECAFIA_v2\01_dataset\decafia_clean\images\val\SANAS_NUEVAS_141.jpg,val,SANAS_NUEVAS_141,,,,no_timestamp,,,,False
C:\Users\luise\OneDrive\Documentos\DECAFIA_v2\01_dataset\decafia_clean\images\val\SANAS_NUEVAS_144.jpg,val,SANAS_NUEVAS_144,,,,no_timestamp,,,,False
C:\Users\luise\OneDrive\Documentos\DECAFIA_v2\01_dataset\decafia_clean\images\val\SANAS_NUEVAS_149.jpg,val,SANAS_NUEVAS_149,,,,no_timestamp,,,,False
C:\Users\luise\OneDrive\Documentos\DECAFIA_v2\01_dataset\decafia_clean\images\val\SANAS_NUEVAS_159.jpg,val,SANAS_NUEVAS_159,,,,no_timestamp,,,,False
C:\Users\luise\OneDrive\Documentos\DECAFIA_v2\01_dataset\decafia_clean\images\val\SANAS_NUEVAS_167.jpg,val,SANAS_NUEVAS_167,,,,no_timestamp,,,,False
C:\Users\luise\OneDrive\Documentos\DECAFIA_v2\01_dataset\decafia_clean\images\val\SANAS_NUEVAS_172.jpg,val,SANAS_NUEVAS_172,,,,no_timestamp,,,,False
C:\Users\luise\OneDrive\Documentos\DECAFIA_v2\01_dataset\decafia_clean\images\val\SANAS_NUEVAS_18.jpg,val,SANAS_NUEVAS_18,,,,no_timestamp,,,,False
C:\Users\luise\OneDrive\Documentos\DECAFIA_v2\01_dataset\decafia_clean\images\val\SANAS_NUEVAS_186.jpg,val,SANAS_NUEVAS_186,,,,no_timestamp,,,,False
C:\Users\luise\OneDrive\Documentos\DECAFIA_v2\01_dataset\decafia_clean\images\val\SANAS_NUEVAS_188.jpg,val,SANAS_NUEVAS_188,,,,no_timestamp,,,,False
C:\Users\luise\OneDrive\Documentos\DECAFIA_v2\01_dataset\decafia_clean\images\val\SANAS_NUEVAS_200.jpg,val,SANAS_NUEVAS_200,,,,no_timestamp,,,,False
C:\Users\luise\OneDrive\Documentos\DECAFIA_v2\01_dataset\decafia_clean\images\val\SANAS_NUEVAS_203.jpg,val,SANAS_NUEVAS_203,,,,no_timestamp,,,,False
C:\Users\luise\OneDrive\Documentos\DECAFIA_v2\01_dataset\decafia_clean\images\val\SANAS_NUEVAS_21.jpg,val,SANAS_NUEVAS_21,,,,no_timestamp,,,,False
C:\Users\luise\OneDrive\Documentos\DECAFIA_v2\01_dataset\decafia_clean\images\val\SANAS_NUEVAS_213.jpg,val,SANAS_NUEVAS_213,,,,no_timestamp,,,,False
C:\Users\luise\OneDrive\Documentos\DECAFIA_v2\01_dataset\decafia_clean\images\val\SANAS_NUEVAS_215.jpg,val,SANAS_NUEVAS_215,,,,no_timestamp,,,,False
C:\Users\luise\OneDrive\Documentos\DECAFIA_v2\01_dataset\decafia_clean\images\val\SANAS_NUEVAS_220.jpg,val,SANAS_NUEVAS_220,,,,no_timestamp,,,,False
C:\Users\luise\OneDrive\Documentos\DECAFIA_v2\01_dataset\decafia_clean\images\val\SANAS_NUEVAS_223.jpg,val,SANAS_NUEVAS_223,,,,no_timestamp,,,,False
C:\Users\luise\OneDrive\Documentos\DECAFIA_v2\01_dataset\decafia_clean\images\val\SANAS_NUEVAS_249.jpg,val,SANAS_NUEVAS_249,,,,no_timestamp,,,,False
C:\Users\luise\OneDrive\Documentos\DECAFIA_v2\01_dataset\decafia_clean\images\val\SANAS_NUEVAS_250.jpg,val,SANAS_NUEVAS_250,,,,no_timestamp,,,,False
C:\Users\luise\OneDrive\Documentos\DECAFIA_v2\01_dataset\decafia_clean\images\val\SANAS_NUEVAS_255.jpg,val,SANAS_NUEVAS_255,,,,no_timestamp,,,,False
C:\Users\luise\OneDrive\Documentos\DECAFIA_v2\01_dataset\decafia_clean\images\val\SANAS_NUEVAS_257.jpg,val,SANAS_NUEVAS_257,,,,no_timestamp,,,,False
C:\Users\luise\OneDrive\Documentos\DECAFIA_v2\01_dataset\decafia_clean\images\val\SANAS_NUEVAS_263.jpg,val,SANAS_NUEVAS_263,,,,no_timestamp,,,,False
C:\Users\luise\OneDrive\Documentos\DECAFIA_v2\01_dataset\decafia_clean\images\val\SANAS_NUEVAS_264.jpg,val,SANAS_NUEVAS_264,,,,no_timestamp,,,,False
C:\Users\luise\OneDrive\Documentos\DECAFIA_v2\01_dataset\decafia_clean\images\val\SANAS_NUEVAS_266.jpg,val,SANAS_NUEVAS_266,,,,no_timestamp,,,,False
C:\Users\luise\OneDrive\Documentos\DECAFIA_v2\01_dataset\decafia_clean\images\val\SANAS_NUEVAS_278.jpg,val,SANAS_NUEVAS_278,,,,no_timestamp,,,,False
C:\Users\luise\OneDrive\Documentos\DECAFIA_v2\01_dataset\decafia_clean\images\val\SANAS_NUEVAS_279.jpg,val,SANAS_NUEVAS_279,,,,no_timestamp,,,,False
C:\Users\luise\OneDrive\Documentos\DECAFIA_v2\01_dataset\decafia_clean\images\val\SANAS_NUEVAS_283.jpg,val,SANAS_NUEVAS_283,,,,no_timestamp,,,,False
C:\Users\luise\OneDrive\Documentos\DECAFIA_v2\01_dataset\decafia_clean\images\val\SANAS_NUEVAS_285.jpg,val,SANAS_NUEVAS_285,,,,no_timestamp,,,,False
C:\Users\luise\OneDrive\Documentos\DECAFIA_v2\01_dataset\decafia_clean\images\val\SANAS_NUEVAS_286.jpg,val,SANAS_NUEVAS_286,,,,no_timestamp,,,,False
C:\Users\luise\OneDrive\Documentos\DECAFIA_v2\01_dataset\decafia_clean\images\val\SANAS_NUEVAS_29.jpg,val,SANAS_NUEVAS_29,,,,no_timestamp,,,,False
C:\Users\luise\OneDrive\Documentos\DECAFIA_v2\01_dataset\decafia_clean\images\val\SANAS_NUEVAS_296.jpg,val,SANAS_NUEVAS_296,,,,no_timestamp,,,,False
C:\Users\luise\OneDrive\Documentos\DECAFIA_v2\01_dataset\decafia_clean\images\val\SANAS_NUEVAS_311.jpg,val,SANAS_NUEVAS_311,,,,no_timestamp,,,,False
C:\Users\luise\OneDrive\Documentos\DECAFIA_v2\01_dataset\decafia_clean\images\val\SANAS_NUEVAS_312.jpg,val,SANAS_NUEVAS_312,,,,no_timestamp,,,,False
C:\Users\luise\OneDrive\Documentos\DECAFIA_v2\01_dataset\decafia_clean\images\val\SANAS_NUEVAS_315.jpg,val,SANAS_NUEVAS_315,,,,no_timestamp,,,,False
C:\Users\luise\OneDrive\Documentos\DECAFIA_v2\01_dataset\decafia_clean\images\val\SANAS_NUEVAS_321.jpg,val,SANAS_NUEVAS_321,,,,no_timestamp,,,,False
C:\Users\luise\OneDrive\Documentos\DECAFIA_v2\01_dataset\decafia_clean\images\val\SANAS_NUEVAS_322.jpg,val,SANAS_NUEVAS_322,,,,no_timestamp,,,,False
C:\Users\luise\OneDrive\Documentos\DECAFIA_v2\01_dataset\decafia_clean\images\val\SANAS_NUEVAS_332.jpg,val,SANAS_NUEVAS_332,,,,no_timestamp,,,,False
C:\Users\luise\OneDrive\Documentos\DECAFIA_v2\01_dataset\decafia_clean\images\val\SANAS_NUEVAS_34.jpg,val,SANAS_NUEVAS_34,,,,no_timestamp,,,,False
C:\Users\luise\OneDrive\Documentos\DECAFIA_v2\01_dataset\decafia_clean\images\val\SANAS_NUEVAS_342.jpg,val,SANAS_NUEVAS_342,,,,no_timestamp,,,,False
C:\Users\luise\OneDrive\Documentos\DECAFIA_v2\01_dataset\decafia_clean\images\val\SANAS_NUEVAS_365.jpg,val,SANAS_NUEVAS_365,,,,no_timestamp,,,,False
C:\Users\luise\OneDrive\Documentos\DECAFIA_v2\01_dataset\decafia_clean\images\val\SANAS_NUEVAS_368.jpg,val,SANAS_NUEVAS_368,,,,no_timestamp,,,,False
C:\Users\luise\OneDrive\Documentos\DECAFIA_v2\01_dataset\decafia_clean\images\val\SANAS_NUEVAS_37.jpg,val,SANAS_NUEVAS_37,,,,no_timestamp,,,,False
C:\Users\luise\OneDrive\Documentos\DECAFIA_v2\01_dataset\decafia_clean\images\val\SANAS_NUEVAS_370.jpg,val,SANAS_NUEVAS_370,,,,no_timestamp,,,,False
C:\Users\luise\OneDrive\Documentos\DECAFIA_v2\01_dataset\decafia_clean\images\val\SANAS_NUEVAS_375.jpg,val,SANAS_NUEVAS_375,,,,no_timestamp,,,,False
C:\Users\luise\OneDrive\Documentos\DECAFIA_v2\01_dataset\decafia_clean\images\val\SANAS_NUEVAS_377.jpg,val,SANAS_NUEVAS_377,,,,no_timestamp,,,,False
C:\Users\luise\OneDrive\Documentos\DECAFIA_v2\01_dataset\decafia_clean\images\val\SANAS_NUEVAS_397.jpg,val,SANAS_NUEVAS_397,,,,no_timestamp,,,,False
C:\Users\luise\OneDrive\Documentos\DECAFIA_v2\01_dataset\decafia_clean\images\val\SANAS_NUEVAS_40.jpg,val,SANAS_NUEVAS_40,,,,no_timestamp,,,,False
C:\Users\luise\OneDrive\Documentos\DECAFIA_v2\01_dataset\decafia_clean\images\val\SANAS_NUEVAS_413.jpg,val,SANAS_NUEVAS_413,,,,no_timestamp,,,,False
C:\Users\luise\OneDrive\Documentos\DECAFIA_v2\01_dataset\decafia_clean\images\val\SANAS_NUEVAS_417.jpg,val,SANAS_NUEVAS_417,,,,no_timestamp,,,,False
C:\Users\luise\OneDrive\Documentos\DECAFIA_v2\01_dataset\decafia_clean\images\val\SANAS_NUEVAS_42.jpg,val,SANAS_NUEVAS_42,,,,no_timestamp,,,,False
C:\Users\luise\OneDrive\Documentos\DECAFIA_v2\01_dataset\decafia_clean\images\val\SANAS_NUEVAS_421.jpg,val,SANAS_NUEVAS_421,,,,no_timestamp,,,,False
C:\Users\luise\OneDrive\Documentos\DECAFIA_v2\01_dataset\decafia_clean\images\val\SANAS_NUEVAS_423.jpg,val,SANAS_NUEVAS_423,,,,no_timestamp,,,,False
C:\Users\luise\OneDrive\Documentos\DECAFIA_v2\01_dataset\decafia_clean\images\val\SANAS_NUEVAS_425.jpg,val,SANAS_NUEVAS_425,,,,no_timestamp,,,,False
C:\Users\luise\OneDrive\Documentos\DECAFIA_v2\01_dataset\decafia_clean\images\val\SANAS_NUEVAS_427.jpg,val,SANAS_NUEVAS_427,,,,no_timestamp,,,,False
C:\Users\luise\OneDrive\Documentos\DECAFIA_v2\01_dataset\decafia_clean\images\val\SANAS_NUEVAS_43.jpg,val,SANAS_NUEVAS_43,,,,no_timestamp,,,,False
C:\Users\luise\OneDrive\Documentos\DECAFIA_v2\01_dataset\decafia_clean\images\val\SANAS_NUEVAS_440.jpg,val,SANAS_NUEVAS_440,,,,no_timestamp,,,,False
C:\Users\luise\OneDrive\Documentos\DECAFIA_v2\01_dataset\decafia_clean\images\val\SANAS_NUEVAS_445.jpg,val,SANAS_NUEVAS_445,,,,no_timestamp,,,,False
C:\Users\luise\OneDrive\Documentos\DECAFIA_v2\01_dataset\decafia_clean\images\val\SANAS_NUEVAS_446.jpg,val,SANAS_NUEVAS_446,,,,no_timestamp,,,,False
C:\Users\luise\OneDrive\Documentos\DECAFIA_v2\01_dataset\decafia_clean\images\val\SANAS_NUEVAS_447.jpg,val,SANAS_NUEVAS_447,,,,no_timestamp,,,,False
C:\Users\luise\OneDrive\Documentos\DECAFIA_v2\01_dataset\decafia_clean\images\val\SANAS_NUEVAS_452.jpg,val,SANAS_NUEVAS_452,,,,no_timestamp,,,,False
C:\Users\luise\OneDrive\Documentos\DECAFIA_v2\01_dataset\decafia_clean\images\val\SANAS_NUEVAS_457.jpg,val,SANAS_NUEVAS_457,,,,no_timestamp,,,,False
C:\Users\luise\OneDrive\Documentos\DECAFIA_v2\01_dataset\decafia_clean\images\val\SANAS_NUEVAS_458.jpg,val,SANAS_NUEVAS_458,,,,no_timestamp,,,,False
C:\Users\luise\OneDrive\Documentos\DECAFIA_v2\01_dataset\decafia_clean\images\val\SANAS_NUEVAS_469.jpg,val,SANAS_NUEVAS_469,,,,no_timestamp,,,,False
C:\Users\luise\OneDrive\Documentos\DECAFIA_v2\01_dataset\decafia_clean\images\val\SANAS_NUEVAS_476.jpg,val,SANAS_NUEVAS_476,,,,no_timestamp,,,,False
C:\Users\luise\OneDrive\Documentos\DECAFIA_v2\01_dataset\decafia_clean\images\val\SANAS_NUEVAS_491.jpg,val,SANAS_NUEVAS_491,,,,no_timestamp,,,,False
C:\Users\luise\OneDrive\Documentos\DECAFIA_v2\01_dataset\decafia_clean\images\val\SANAS_NUEVAS_494.jpg,val,SANAS_NUEVAS_494,,,,no_timestamp,,,,False
C:\Users\luise\OneDrive\Documentos\DECAFIA_v2\01_dataset\decafia_clean\images\val\SANAS_NUEVAS_496.jpg,val,SANAS_NUEVAS_496,,,,no_timestamp,,,,False
C:\Users\luise\OneDrive\Documentos\DECAFIA_v2\01_dataset\decafia_clean\images\val\SANAS_NUEVAS_50.jpg,val,SANAS_NUEVAS_50,,,,no_timestamp,,,,False
C:\Users\luise\OneDrive\Documentos\DECAFIA_v2\01_dataset\decafia_clean\images\val\SANAS_NUEVAS_513.jpg,val,SANAS_NUEVAS_513,,,,no_timestamp,,,,False
C:\Users\luise\OneDrive\Documentos\DECAFIA_v2\01_dataset\decafia_clean\images\val\SANAS_NUEVAS_517.jpg,val,SANAS_NUEVAS_517,,,,no_timestamp,,,,False
C:\Users\luise\OneDrive\Documentos\DECAFIA_v2\01_dataset\decafia_clean\images\val\SANAS_NUEVAS_525.jpg,val,SANAS_NUEVAS_525,,,,no_timestamp,,,,False
C:\Users\luise\OneDrive\Documentos\DECAFIA_v2\01_dataset\decafia_clean\images\val\SANAS_NUEVAS_526.jpg,val,SANAS_NUEVAS_526,,,,no_timestamp,,,,False
C:\Users\luise\OneDrive\Documentos\DECAFIA_v2\01_dataset\decafia_clean\images\val\SANAS_NUEVAS_528.jpg,val,SANAS_NUEVAS_528,,,,no_timestamp,,,,False
C:\Users\luise\OneDrive\Documentos\DECAFIA_v2\01_dataset\decafia_clean\images\val\SANAS_NUEVAS_533.jpg,val,SANAS_NUEVAS_533,,,,no_timestamp,,,,False
C:\Users\luise\OneDrive\Documentos\DECAFIA_v2\01_dataset\decafia_clean\images\val\SANAS_NUEVAS_542.jpg,val,SANAS_NUEVAS_542,,,,no_timestamp,,,,False
C:\Users\luise\OneDrive\Documentos\DECAFIA_v2\01_dataset\decafia_clean\images\val\SANAS_NUEVAS_566.jpg,val,SANAS_NUEVAS_566,,,,no_timestamp,,,,False
C:\Users\luise\OneDrive\Documentos\DECAFIA_v2\01_dataset\decafia_clean\images\val\SANAS_NUEVAS_571.jpg,val,SANAS_NUEVAS_571,,,,no_timestamp,,,,False
C:\Users\luise\OneDrive\Documentos\DECAFIA_v2\01_dataset\decafia_clean\images\val\SANAS_NUEVAS_583.jpg,val,SANAS_NUEVAS_583,,,,no_timestamp,,,,False
C:\Users\luise\OneDrive\Documentos\DECAFIA_v2\01_dataset\decafia_clean\images\val\SANAS_NUEVAS_59.jpg,val,SANAS_NUEVAS_59,,,,no_timestamp,,,,False
C:\Users\luise\OneDrive\Documentos\DECAFIA_v2\01_dataset\decafia_clean\images\val\SANAS_NUEVAS_595.jpg,val,SANAS_NUEVAS_595,,,,no_timestamp,,,,False
C:\Users\luise\OneDrive\Documentos\DECAFIA_v2\01_dataset\decafia_clean\images\val\SANAS_NUEVAS_598.jpg,val,SANAS_NUEVAS_598,,,,no_timestamp,,,,False
C:\Users\luise\OneDrive\Documentos\DECAFIA_v2\01_dataset\decafia_clean\images\val\SANAS_NUEVAS_599.jpg,val,SANAS_NUEVAS_599,,,,no_timestamp,,,,False
C:\Users\luise\OneDrive\Documentos\DECAFIA_v2\01_dataset\decafia_clean\images\val\SANAS_NUEVAS_604.jpg,val,SANAS_NUEVAS_604,,,,no_timestamp,,,,False
C:\Users\luise\OneDrive\Documentos\DECAFIA_v2\01_dataset\decafia_clean\images\val\SANAS_NUEVAS_606.jpg,val,SANAS_NUEVAS_606,,,,no_timestamp,,,,False
C:\Users\luise\OneDrive\Documentos\DECAFIA_v2\01_dataset\decafia_clean\images\val\SANAS_NUEVAS_608.jpg,val,SANAS_NUEVAS_608,,,,no_timestamp,,,,False
C:\Users\luise\OneDrive\Documentos\DECAFIA_v2\01_dataset\decafia_clean\images\val\SANAS_NUEVAS_61.jpg,val,SANAS_NUEVAS_61,,,,no_timestamp,,,,False
C:\Users\luise\OneDrive\Documentos\DECAFIA_v2\01_dataset\decafia_clean\images\val\SANAS_NUEVAS_617.jpg,val,SANAS_NUEVAS_617,,,,no_timestamp,,,,False
C:\Users\luise\OneDrive\Documentos\DECAFIA_v2\01_dataset\decafia_clean\images\val\SANAS_NUEVAS_620.jpg,val,SANAS_NUEVAS_620,,,,no_timestamp,,,,False
C:\Users\luise\OneDrive\Documentos\DECAFIA_v2\01_dataset\decafia_clean\images\val\SANAS_NUEVAS_63.jpg,val,SANAS_NUEVAS_63,,,,no_timestamp,,,,False
C:\Users\luise\OneDrive\Documentos\DECAFIA_v2\01_dataset\decafia_clean\images\val\SANAS_NUEVAS_67.jpg,val,SANAS_NUEVAS_67,,,,no_timestamp,,,,False
C:\Users\luise\OneDrive\Documentos\DECAFIA_v2\01_dataset\decafia_clean\images\val\SANAS_NUEVAS_8.jpg,val,SANAS_NUEVAS_8,,,,no_timestamp,,,,False
C:\Users\luise\OneDrive\Documentos\DECAFIA_v2\01_dataset\decafia_clean\images\val\SANAS_NUEVAS_80.jpg,val,SANAS_NUEVAS_80,,,,no_timestamp,,,,False
C:\Users\luise\OneDrive\Documentos\DECAFIA_v2\01_dataset\decafia_clean\images\val\SANAS_NUEVAS_81.jpg,val,SANAS_NUEVAS_81,,,,no_timestamp,,,,False
C:\Users\luise\OneDrive\Documentos\DECAFIA_v2\01_dataset\decafia_clean\images\val\SANAS_NUEVAS_90.jpg,val,SANAS_NUEVAS_90,,,,no_timestamp,,,,False
C:\Users\luise\OneDrive\Documentos\DECAFIA_v2\01_dataset\decafia_clean\images\val\SANAS_NUEVAS_92.jpg,val,SANAS_NUEVAS_92,,,,no_timestamp,,,,False
C:\Users\luise\OneDrive\Documentos\DECAFIA_v2\01_dataset\decafia_clean\images\val\SANAS_SOCORRO_105.jpg,val,SANAS_SOCORRO_105,,,,no_timestamp,,,,False
C:\Users\luise\OneDrive\Documentos\DECAFIA_v2\01_dataset\decafia_clean\images\val\SANAS_SOCORRO_107.jpg,val,SANAS_SOCORRO_107,,,,no_timestamp,,,,False
C:\Users\luise\OneDrive\Documentos\DECAFIA_v2\01_dataset\decafia_clean\images\val\SANAS_SOCORRO_11.jpg,val,SANAS_SOCORRO_11,,,,no_timestamp,,,,False
C:\Users\luise\OneDrive\Documentos\DECAFIA_v2\01_dataset\decafia_clean\images\val\SANAS_SOCORRO_128.jpg,val,SANAS_SOCORRO_128,,,,no_timestamp,,,,False
C:\Users\luise\OneDrive\Documentos\DECAFIA_v2\01_dataset\decafia_clean\images\val\SANAS_SOCORRO_133.jpg,val,SANAS_SOCORRO_133,,,,no_timestamp,,,,False
C:\Users\luise\OneDrive\Documentos\DECAFIA_v2\01_dataset\decafia_clean\images\val\SANAS_SOCORRO_153.jpg,val,SANAS_SOCORRO_153,,,,no_timestamp,,,,False
C:\Users\luise\OneDrive\Documentos\DECAFIA_v2\01_dataset\decafia_clean\images\val\SANAS_SOCORRO_158.jpg,val,SANAS_SOCORRO_158,,,,no_timestamp,,,,False
C:\Users\luise\OneDrive\Documentos\DECAFIA_v2\01_dataset\decafia_clean\images\val\SANAS_SOCORRO_16.jpg,val,SANAS_SOCORRO_16,,,,no_timestamp,,,,False
C:\Users\luise\OneDrive\Documentos\DECAFIA_v2\01_dataset\decafia_clean\images\val\SANAS_SOCORRO_167.jpg,val,SANAS_SOCORRO_167,,,,no_timestamp,,,,False
C:\Users\luise\OneDrive\Documentos\DECAFIA_v2\01_dataset\decafia_clean\images\val\SANAS_SOCORRO_170.jpg,val,SANAS_SOCORRO_170,,,,no_timestamp,,,,False
C:\Users\luise\OneDrive\Documentos\DECAFIA_v2\01_dataset\decafia_clean\images\val\SANAS_SOCORRO_171.jpg,val,SANAS_SOCORRO_171,,,,no_timestamp,,,,False
C:\Users\luise\OneDrive\Documentos\DECAFIA_v2\01_dataset\decafia_clean\images\val\SANAS_SOCORRO_175.jpg,val,SANAS_SOCORRO_175,,,,no_timestamp,,,,False
C:\Users\luise\OneDrive\Documentos\DECAFIA_v2\01_dataset\decafia_clean\images\val\SANAS_SOCORRO_186.jpg,val,SANAS_SOCORRO_186,,,,no_timestamp,,,,False
C:\Users\luise\OneDrive\Documentos\DECAFIA_v2\01_dataset\decafia_clean\images\val\SANAS_SOCORRO_188.jpg,val,SANAS_SOCORRO_188,,,,no_timestamp,,,,False
C:\Users\luise\OneDrive\Documentos\DECAFIA_v2\01_dataset\decafia_clean\images\val\SANAS_SOCORRO_19.jpg,val,SANAS_SOCORRO_19,,,,no_timestamp,,,,False
C:\Users\luise\OneDrive\Documentos\DECAFIA_v2\01_dataset\decafia_clean\images\val\SANAS_SOCORRO_190.jpg,val,SANAS_SOCORRO_190,,,,no_timestamp,,,,False
C:\Users\luise\OneDrive\Documentos\DECAFIA_v2\01_dataset\decafia_clean\images\val\SANAS_SOCORRO_193.jpg,val,SANAS_SOCORRO_193,,,,no_timestamp,,,,False
C:\Users\luise\OneDrive\Documentos\DECAFIA_v2\01_dataset\decafia_clean\images\val\SANAS_SOCORRO_2.jpg,val,SANAS_SOCORRO_2,,,,no_timestamp,,,,False
C:\Users\luise\OneDrive\Documentos\DECAFIA_v2\01_dataset\decafia_clean\images\val\SANAS_SOCORRO_203.jpg,val,SANAS_SOCORRO_203,,,,no_timestamp,,,,False
C:\Users\luise\OneDrive\Documentos\DECAFIA_v2\01_dataset\decafia_clean\images\val\SANAS_SOCORRO_204.jpg,val,SANAS_SOCORRO_204,,,,no_timestamp,,,,False
C:\Users\luise\OneDrive\Documentos\DECAFIA_v2\01_dataset\decafia_clean\images\val\SANAS_SOCORRO_207.jpg,val,SANAS_SOCORRO_207,,,,no_timestamp,,,,False
C:\Users\luise\OneDrive\Documentos\DECAFIA_v2\01_dataset\decafia_clean\images\val\SANAS_SOCORRO_21.jpg,val,SANAS_SOCORRO_21,,,,no_timestamp,,,,False
C:\Users\luise\OneDrive\Documentos\DECAFIA_v2\01_dataset\decafia_clean\images\val\SANAS_SOCORRO_22.jpg,val,SANAS_SOCORRO_22,,,,no_timestamp,,,,False
C:\Users\luise\OneDrive\Documentos\DECAFIA_v2\01_dataset\decafia_clean\images\val\SANAS_SOCORRO_225.jpg,val,SANAS_SOCORRO_225,,,,no_timestamp,,,,False
C:\Users\luise\OneDrive\Documentos\DECAFIA_v2\01_dataset\decafia_clean\images\val\SANAS_SOCORRO_230.jpg,val,SANAS_SOCORRO_230,,,,no_timestamp,,,,False
C:\Users\luise\OneDrive\Documentos\DECAFIA_v2\01_dataset\decafia_clean\images\val\SANAS_SOCORRO_238.jpg,val,SANAS_SOCORRO_238,,,,no_timestamp,,,,False
C:\Users\luise\OneDrive\Documentos\DECAFIA_v2\01_dataset\decafia_clean\images\val\SANAS_SOCORRO_252.jpg,val,SANAS_SOCORRO_252,,,,no_timestamp,,,,False
C:\Users\luise\OneDrive\Documentos\DECAFIA_v2\01_dataset\decafia_clean\images\val\SANAS_SOCORRO_272.jpg,val,SANAS_SOCORRO_272,,,,no_timestamp,,,,False
C:\Users\luise\OneDrive\Documentos\DECAFIA_v2\01_dataset\decafia_clean\images\val\SANAS_SOCORRO_282.jpg,val,SANAS_SOCORRO_282,,,,no_timestamp,,,,False
C:\Users\luise\OneDrive\Documentos\DECAFIA_v2\01_dataset\decafia_clean\images\val\SANAS_SOCORRO_284.jpg,val,SANAS_SOCORRO_284,,,,no_timestamp,,,,False
C:\Users\luise\OneDrive\Documentos\DECAFIA_v2\01_dataset\decafia_clean\images\val\SANAS_SOCORRO_286.jpg,val,SANAS_SOCORRO_286,,,,no_timestamp,,,,False
C:\Users\luise\OneDrive\Documentos\DECAFIA_v2\01_dataset\decafia_clean\images\val\SANAS_SOCORRO_298.jpg,val,SANAS_SOCORRO_298,,,,no_timestamp,,,,False
C:\Users\luise\OneDrive\Documentos\DECAFIA_v2\01_dataset\decafia_clean\images\val\SANAS_SOCORRO_301.jpg,val,SANAS_SOCORRO_301,,,,no_timestamp,,,,False
C:\Users\luise\OneDrive\Documentos\DECAFIA_v2\01_dataset\decafia_clean\images\val\SANAS_SOCORRO_313.jpg,val,SANAS_SOCORRO_313,,,,no_timestamp,,,,False
C:\Users\luise\OneDrive\Documentos\DECAFIA_v2\01_dataset\decafia_clean\images\val\SANAS_SOCORRO_316.jpg,val,SANAS_SOCORRO_316,,,,no_timestamp,,,,False
C:\Users\luise\OneDrive\Documentos\DECAFIA_v2\01_dataset\decafia_clean\images\val\SANAS_SOCORRO_327.jpg,val,SANAS_SOCORRO_327,,,,no_timestamp,,,,False
C:\Users\luise\OneDrive\Documentos\DECAFIA_v2\01_dataset\decafia_clean\images\val\SANAS_SOCORRO_335.jpg,val,SANAS_SOCORRO_335,,,,no_timestamp,,,,False
C:\Users\luise\OneDrive\Documentos\DECAFIA_v2\01_dataset\decafia_clean\images\val\SANAS_SOCORRO_338.jpg,val,SANAS_SOCORRO_338,,,,no_timestamp,,,,False
C:\Users\luise\OneDrive\Documentos\DECAFIA_v2\01_dataset\decafia_clean\images\val\SANAS_SOCORRO_345.jpg,val,SANAS_SOCORRO_345,,,,no_timestamp,,,,False
C:\Users\luise\OneDrive\Documentos\DECAFIA_v2\01_dataset\decafia_clean\images\val\SANAS_SOCORRO_347.jpg,val,SANAS_SOCORRO_347,,,,no_timestamp,,,,False
C:\Users\luise\OneDrive\Documentos\DECAFIA_v2\01_dataset\decafia_clean\images\val\SANAS_SOCORRO_353.jpg,val,SANAS_SOCORRO_353,,,,no_timestamp,,,,False
C:\Users\luise\OneDrive\Documentos\DECAFIA_v2\01_dataset\decafia_clean\images\val\SANAS_SOCORRO_361.jpg,val,SANAS_SOCORRO_361,,,,no_timestamp,,,,False
C:\Users\luise\OneDrive\Documentos\DECAFIA_v2\01_dataset\decafia_clean\images\val\SANAS_SOCORRO_368.jpg,val,SANAS_SOCORRO_368,,,,no_timestamp,,,,False
C:\Users\luise\OneDrive\Documentos\DECAFIA_v2\01_dataset\decafia_clean\images\val\SANAS_SOCORRO_369.jpg,val,SANAS_SOCORRO_369,,,,no_timestamp,,,,False
C:\Users\luise\OneDrive\Documentos\DECAFIA_v2\01_dataset\decafia_clean\images\val\SANAS_SOCORRO_387.jpg,val,SANAS_SOCORRO_387,,,,no_timestamp,,,,False
C:\Users\luise\OneDrive\Documentos\DECAFIA_v2\01_dataset\decafia_clean\images\val\SANAS_SOCORRO_391.jpg,val,SANAS_SOCORRO_391,,,,no_timestamp,,,,False
C:\Users\luise\OneDrive\Documentos\DECAFIA_v2\01_dataset\decafia_clean\images\val\SANAS_SOCORRO_406.jpg,val,SANAS_SOCORRO_406,,,,no_timestamp,,,,False
C:\Users\luise\OneDrive\Documentos\DECAFIA_v2\01_dataset\decafia_clean\images\val\SANAS_SOCORRO_409.jpg,val,SANAS_SOCORRO_409,,,,no_timestamp,,,,False
C:\Users\luise\OneDrive\Documentos\DECAFIA_v2\01_dataset\decafia_clean\images\val\SANAS_SOCORRO_413.jpg,val,SANAS_SOCORRO_413,,,,no_timestamp,,,,False
C:\Users\luise\OneDrive\Documentos\DECAFIA_v2\01_dataset\decafia_clean\images\val\SANAS_SOCORRO_418.jpg,val,SANAS_SOCORRO_418,,,,no_timestamp,,,,False
C:\Users\luise\OneDrive\Documentos\DECAFIA_v2\01_dataset\decafia_clean\images\val\SANAS_SOCORRO_419.jpg,val,SANAS_SOCORRO_419,,,,no_timestamp,,,,False
C:\Users\luise\OneDrive\Documentos\DECAFIA_v2\01_dataset\decafia_clean\images\val\SANAS_SOCORRO_42.jpg,val,SANAS_SOCORRO_42,,,,no_timestamp,,,,False
C:\Users\luise\OneDrive\Documentos\DECAFIA_v2\01_dataset\decafia_clean\images\val\SANAS_SOCORRO_426.jpg,val,SANAS_SOCORRO_426,,,,no_timestamp,,,,False
C:\Users\luise\OneDrive\Documentos\DECAFIA_v2\01_dataset\decafia_clean\images\val\SANAS_SOCORRO_448.jpg,val,SANAS_SOCORRO_448,,,,no_timestamp,,,,False
C:\Users\luise\OneDrive\Documentos\DECAFIA_v2\01_dataset\decafia_clean\images\val\SANAS_SOCORRO_456.jpg,val,SANAS_SOCORRO_456,,,,no_timestamp,,,,False
C:\Users\luise\OneDrive\Documentos\DECAFIA_v2\01_dataset\decafia_clean\images\val\SANAS_SOCORRO_459.jpg,val,SANAS_SOCORRO_459,,,,no_timestamp,,,,False
C:\Users\luise\OneDrive\Documentos\DECAFIA_v2\01_dataset\decafia_clean\images\val\SANAS_SOCORRO_462.jpg,val,SANAS_SOCORRO_462,,,,no_timestamp,,,,False
C:\Users\luise\OneDrive\Documentos\DECAFIA_v2\01_dataset\decafia_clean\images\val\SANAS_SOCORRO_470.jpg,val,SANAS_SOCORRO_470,,,,no_timestamp,,,,False
C:\Users\luise\OneDrive\Documentos\DECAFIA_v2\01_dataset\decafia_clean\images\val\SANAS_SOCORRO_48.jpg,val,SANAS_SOCORRO_48,,,,no_timestamp,,,,False
C:\Users\luise\OneDrive\Documentos\DECAFIA_v2\01_dataset\decafia_clean\images\val\SANAS_SOCORRO_492.jpg,val,SANAS_SOCORRO_492,,,,no_timestamp,,,,False
C:\Users\luise\OneDrive\Documentos\DECAFIA_v2\01_dataset\decafia_clean\images\val\SANAS_SOCORRO_500.jpg,val,SANAS_SOCORRO_500,,,,no_timestamp,,,,False
C:\Users\luise\OneDrive\Documentos\DECAFIA_v2\01_dataset\decafia_clean\images\val\SANAS_SOCORRO_510.jpg,val,SANAS_SOCORRO_510,,,,no_timestamp,,,,False
C:\Users\luise\OneDrive\Documentos\DECAFIA_v2\01_dataset\decafia_clean\images\val\SANAS_SOCORRO_516.jpg,val,SANAS_SOCORRO_516,,,,no_timestamp,,,,False
C:\Users\luise\OneDrive\Documentos\DECAFIA_v2\01_dataset\decafia_clean\images\val\SANAS_SOCORRO_53.jpg,val,SANAS_SOCORRO_53,,,,no_timestamp,,,,False
C:\Users\luise\OneDrive\Documentos\DECAFIA_v2\01_dataset\decafia_clean\images\val\SANAS_SOCORRO_59.jpg,val,SANAS_SOCORRO_59,,,,no_timestamp,,,,False
C:\Users\luise\OneDrive\Documentos\DECAFIA_v2\01_dataset\decafia_clean\images\val\SANAS_SOCORRO_6.jpg,val,SANAS_SOCORRO_6,,,,no_timestamp,,,,False
C:\Users\luise\OneDrive\Documentos\DECAFIA_v2\01_dataset\decafia_clean\images\val\SANAS_SOCORRO_60.jpg,val,SANAS_SOCORRO_60,,,,no_timestamp,,,,False
C:\Users\luise\OneDrive\Documentos\DECAFIA_v2\01_dataset\decafia_clean\images\val\SANAS_SOCORRO_62.jpg,val,SANAS_SOCORRO_62,,,,no_timestamp,,,,False
C:\Users\luise\OneDrive\Documentos\DECAFIA_v2\01_dataset\decafia_clean\images\val\SANAS_SOCORRO_68.jpg,val,SANAS_SOCORRO_68,,,,no_timestamp,,,,False
C:\Users\luise\OneDrive\Documentos\DECAFIA_v2\01_dataset\decafia_clean\images\val\SANAS_SOCORRO_73.jpg,val,SANAS_SOCORRO_73,,,,no_timestamp,,,,False
C:\Users\luise\OneDrive\Documentos\DECAFIA_v2\01_dataset\decafia_clean\images\val\SANAS_SOCORRO_90.jpg,val,SANAS_SOCORRO_90,,,,no_timestamp,,,,False
C:\Users\luise\OneDrive\Documentos\DECAFIA_v2\01_dataset\decafia_clean\images\test\COCO_M_A_16.jpg,test,COCO_M_A_16,,,,no_timestamp,,,,False
C:\Users\luise\OneDrive\Documentos\DECAFIA_v2\01_dataset\decafia_clean\images\test\COCO_M_A_2.jpg,test,COCO_M_A_2,,,,no_timestamp,,,,False
C:\Users\luise\OneDrive\Documentos\DECAFIA_v2\01_dataset\decafia_clean\images\test\COCO_M_A_25.jpg,test,COCO_M_A_25,,,,no_timestamp,,,,False
C:\Users\luise\OneDrive\Documentos\DECAFIA_v2\01_dataset\decafia_clean\images\test\COCO_M_A_27.jpg,test,COCO_M_A_27,,,,no_timestamp,,,,False
C:\Users\luise\OneDrive\Documentos\DECAFIA_v2\01_dataset\decafia_clean\images\test\COCO_M_A_3.jpg,test,COCO_M_A_3,,,,no_timestamp,,,,False
C:\Users\luise\OneDrive\Documentos\DECAFIA_v2\01_dataset\decafia_clean\images\test\COCO_M_A_34.jpg,test,COCO_M_A_34,,,,no_timestamp,,,,False
C:\Users\luise\OneDrive\Documentos\DECAFIA_v2\01_dataset\decafia_clean\images\test\COCO_M_A_35.jpg,test,COCO_M_A_35,,,,no_timestamp,,,,False
C:\Users\luise\OneDrive\Documentos\DECAFIA_v2\01_dataset\decafia_clean\images\test\COCO_M_A_37.jpg,test,COCO_M_A_37,,,,no_timestamp,,,,False
C:\Users\luise\OneDrive\Documentos\DECAFIA_v2\01_dataset\decafia_clean\images\test\COCO_M_A_39.jpg,test,COCO_M_A_39,,,,no_timestamp,,,,False
C:\Users\luise\OneDrive\Documentos\DECAFIA_v2\01_dataset\decafia_clean\images\test\COCO_M_A_57.jpg,test,COCO_M_A_57,,,,no_timestamp,,,,False
C:\Users\luise\OneDrive\Documentos\DECAFIA_v2\01_dataset\decafia_clean\images\test\COCO_M_A_66.jpg,test,COCO_M_A_66,,,,no_timestamp,,,,False
C:\Users\luise\OneDrive\Documentos\DECAFIA_v2\01_dataset\decafia_clean\images\test\COCO_M_A_81.jpg,test,COCO_M_A_81,,,,no_timestamp,,,,False
C:\Users\luise\OneDrive\Documentos\DECAFIA_v2\01_dataset\decafia_clean\images\test\COCO_M_A_89.jpg,test,COCO_M_A_89,,,,no_timestamp,,,,False
C:\Users\luise\OneDrive\Documentos\DECAFIA_v2\01_dataset\decafia_clean\images\test\COCO_M_A_90.jpg,test,COCO_M_A_90,,,,no_timestamp,,,,False
C:\Users\luise\OneDrive\Documentos\DECAFIA_v2\01_dataset\decafia_clean\images\test\COCO_M_A_96.jpg,test,COCO_M_A_96,,,,no_timestamp,,,,False
C:\Users\luise\OneDrive\Documentos\DECAFIA_v2\01_dataset\decafia_clean\images\test\COCO_Muy_A_19.jpg,test,COCO_Muy_A_19,,,,no_timestamp,,,,False
C:\Users\luise\OneDrive\Documentos\DECAFIA_v2\01_dataset\decafia_clean\images\test\COCO_Muy_A_28.jpg,test,COCO_Muy_A_28,,,,no_timestamp,,,,False
C:\Users\luise\OneDrive\Documentos\DECAFIA_v2\01_dataset\decafia_clean\images\test\COCO_Muy_A_34.jpg,test,COCO_Muy_A_34,,,,no_timestamp,,,,False
C:\Users\luise\OneDrive\Documentos\DECAFIA_v2\01_dataset\decafia_clean\images\test\COCO_Muy_A_39.jpg,test,COCO_Muy_A_39,,,,no_timestamp,,,,False
C:\Users\luise\OneDrive\Documentos\DECAFIA_v2\01_dataset\decafia_clean\images\test\COCO_Muy_A_54.jpg,test,COCO_Muy_A_54,,,,no_timestamp,,,,False
C:\Users\luise\OneDrive\Documentos\DECAFIA_v2\01_dataset\decafia_clean\images\test\COCO_Muy_A_55.jpg,test,COCO_Muy_A_55,,,,no_timestamp,,,,False
C:\Users\luise\OneDrive\Documentos\DECAFIA_v2\01_dataset\decafia_clean\images\test\COCO_Muy_A_70.jpg,test,COCO_Muy_A_70,,,,no_timestamp,,,,False
C:\Users\luise\OneDrive\Documentos\DECAFIA_v2\01_dataset\decafia_clean\images\test\COCO_Muy_A_80.jpg,test,COCO_Muy_A_80,,,,no_timestamp,,,,False
C:\Users\luise\OneDrive\Documentos\DECAFIA_v2\01_dataset\decafia_clean\images\test\COCO_Muy_A_82.jpg,test,COCO_Muy_A_82,,,,no_timestamp,,,,False
C:\Users\luise\OneDrive\Documentos\DECAFIA_v2\01_dataset\decafia_clean\images\test\COCO_Muy_A_95.jpg,test,COCO_Muy_A_95,,,,no_timestamp,,,,False
C:\Users\luise\OneDrive\Documentos\DECAFIA_v2\01_dataset\decafia_clean\images\test\COCO_P_A_10.jpg,test,COCO_P_A_10,,,,no_timestamp,,,,False
C:\Users\luise\OneDrive\Documentos\DECAFIA_v2\01_dataset\decafia_clean\images\test\COCO_P_A_11.jpg,test,COCO_P_A_11,,,,no_timestamp,,,,False
C:\Users\luise\OneDrive\Documentos\DECAFIA_v2\01_dataset\decafia_clean\images\test\COCO_P_A_12.jpg,test,COCO_P_A_12,,,,no_timestamp,,,,False
C:\Users\luise\OneDrive\Documentos\DECAFIA_v2\01_dataset\decafia_clean\images\test\COCO_P_A_13.jpg,test,COCO_P_A_13,,,,no_timestamp,,,,False
C:\Users\luise\OneDrive\Documentos\DECAFIA_v2\01_dataset\decafia_clean\images\test\COCO_P_A_17.jpg,test,COCO_P_A_17,,,,no_timestamp,,,,False
C:\Users\luise\OneDrive\Documentos\DECAFIA_v2\01_dataset\decafia_clean\images\test\COCO_P_A_19.jpg,test,COCO_P_A_19,,,,no_timestamp,,,,False
C:\Users\luise\OneDrive\Documentos\DECAFIA_v2\01_dataset\decafia_clean\images\test\COCO_P_A_30.jpg,test,COCO_P_A_30,,,,no_timestamp,,,,False
C:\Users\luise\OneDrive\Documentos\DECAFIA_v2\01_dataset\decafia_clean\images\test\COCO_P_A_33.jpg,test,COCO_P_A_33,,,,no_timestamp,,,,False
C:\Users\luise\OneDrive\Documentos\DECAFIA_v2\01_dataset\decafia_clean\images\test\COCO_P_A_39.jpg,test,COCO_P_A_39,,,,no_timestamp,,,,False
C:\Users\luise\OneDrive\Documentos\DECAFIA_v2\01_dataset\decafia_clean\images\test\COCO_P_A_48.jpg,test,COCO_P_A_48,,,,no_timestamp,,,,False
C:\Users\luise\OneDrive\Documentos\DECAFIA_v2\01_dataset\decafia_clean\images\test\COCO_P_A_51.jpg,test,COCO_P_A_51,,,,no_timestamp,,,,False
C:\Users\luise\OneDrive\Documentos\DECAFIA_v2\01_dataset\decafia_clean\images\test\COCO_P_A_52.jpg,test,COCO_P_A_52,,,,no_timestamp,,,,False
C:\Users\luise\OneDrive\Documentos\DECAFIA_v2\01_dataset\decafia_clean\images\test\COCO_P_A_56.jpg,test,COCO_P_A_56,,,,no_timestamp,,,,False
C:\Users\luise\OneDrive\Documentos\DECAFIA_v2\01_dataset\decafia_clean\images\test\COCO_P_A_67.jpg,test,COCO_P_A_67,,,,no_timestamp,,,,False
C:\Users\luise\OneDrive\Documentos\DECAFIA_v2\01_dataset\decafia_clean\images\test\COCO_RECORTE_112.jpg,test,COCO_RECORTE_112,,,,no_timestamp,,,,False
C:\Users\luise\OneDrive\Documentos\DECAFIA_v2\01_dataset\decafia_clean\images\test\COCO_RECORTE_118.jpg,test,COCO_RECORTE_118,,,,no_timestamp,,,,False
C:\Users\luise\OneDrive\Documentos\DECAFIA_v2\01_dataset\decafia_clean\images\test\COCO_RECORTE_120.jpg,test,COCO_RECORTE_120,,,,no_timestamp,,,,False
C:\Users\luise\OneDrive\Documentos\DECAFIA_v2\01_dataset\decafia_clean\images\test\COCO_RECORTE_121.jpg,test,COCO_RECORTE_121,,,,no_timestamp,,,,False
C:\Users\luise\OneDrive\Documentos\DECAFIA_v2\01_dataset\decafia_clean\images\test\COCO_RECORTE_122.jpg,test,COCO_RECORTE_122,,,,no_timestamp,,,,False
C:\Users\luise\OneDrive\Documentos\DECAFIA_v2\01_dataset\decafia_clean\images\test\COCO_RECORTE_124.jpg,test,COCO_RECORTE_124,,,,no_timestamp,,,,False
C:\Users\luise\OneDrive\Documentos\DECAFIA_v2\01_dataset\decafia_clean\images\test\COCO_RECORTE_13.jpg,test,COCO_RECORTE_13,,,,no_timestamp,,,,False
C:\Users\luise\OneDrive\Documentos\DECAFIA_v2\01_dataset\decafia_clean\images\test\COCO_RECORTE_131.jpg,test,COCO_RECORTE_131,,,,no_timestamp,,,,False
C:\Users\luise\OneDrive\Documentos\DECAFIA_v2\01_dataset\decafia_clean\images\test\COCO_RECORTE_137.jpg,test,COCO_RECORTE_137,,,,no_timestamp,,,,False
C:\Users\luise\OneDrive\Documentos\DECAFIA_v2\01_dataset\decafia_clean\images\test\COCO_RECORTE_140.jpg,test,COCO_RECORTE_140,,,,no_timestamp,,,,False
C:\Users\luise\OneDrive\Documentos\DECAFIA_v2\01_dataset\decafia_clean\images\test\COCO_RECORTE_144.jpg,test,COCO_RECORTE_144,,,,no_timestamp,,,,False
C:\Users\luise\OneDrive\Documentos\DECAFIA_v2\01_dataset\decafia_clean\images\test\COCO_RECORTE_145.jpg,test,COCO_RECORTE_145,,,,no_timestamp,,,,False
C:\Users\luise\OneDrive\Documentos\DECAFIA_v2\01_dataset\decafia_clean\images\test\COCO_RECORTE_154.jpg,test,COCO_RECORTE_154,,,,no_timestamp,,,,False
C:\Users\luise\OneDrive\Documentos\DECAFIA_v2\01_dataset\decafia_clean\images\test\COCO_RECORTE_19.jpg,test,COCO_RECORTE_19,,,,no_timestamp,,,,False
C:\Users\luise\OneDrive\Documentos\DECAFIA_v2\01_dataset\decafia_clean\images\test\COCO_RECORTE_21.jpg,test,COCO_RECORTE_21,,,,no_timestamp,,,,False
C:\Users\luise\OneDrive\Documentos\DECAFIA_v2\01_dataset\decafia_clean\images\test\COCO_RECORTE_27.jpg,test,COCO_RECORTE_27,,,,no_timestamp,,,,False
C:\Users\luise\OneDrive\Documentos\DECAFIA_v2\01_dataset\decafia_clean\images\test\COCO_RECORTE_37.jpg,test,COCO_RECORTE_37,,,,no_timestamp,,,,False
C:\Users\luise\OneDrive\Documentos\DECAFIA_v2\01_dataset\decafia_clean\images\test\COCO_RECORTE_45.jpg,test,COCO_RECORTE_45,,,,no_timestamp,,,,False
C:\Users\luise\OneDrive\Documentos\DECAFIA_v2\01_dataset\decafia_clean\images\test\COCO_RECORTE_56.jpg,test,COCO_RECORTE_56,,,,no_timestamp,,,,False
C:\Users\luise\OneDrive\Documentos\DECAFIA_v2\01_dataset\decafia_clean\images\test\COCO_RECORTE_58.jpg,test,COCO_RECORTE_58,,,,no_timestamp,,,,False
C:\Users\luise\OneDrive\Documentos\DECAFIA_v2\01_dataset\decafia_clean\images\test\COCO_RECORTE_8.jpg,test,COCO_RECORTE_8,,,,no_timestamp,,,,False
C:\Users\luise\OneDrive\Documentos\DECAFIA_v2\01_dataset\decafia_clean\images\test\COCO_RECORTE_86.jpg,test,COCO_RECORTE_86,,,,no_timestamp,,,,False
C:\Users\luise\OneDrive\Documentos\DECAFIA_v2\01_dataset\decafia_clean\images\test\COCO_RECORTE_9.jpg,test,COCO_RECORTE_9,,,,no_timestamp,,,,False
C:\Users\luise\OneDrive\Documentos\DECAFIA_v2\01_dataset\decafia_clean\images\test\MINADO_RECORTES_111.jpg,test,MINADO_RECORTES_111,,,,no_timestamp,,,,False
C:\Users\luise\OneDrive\Documentos\DECAFIA_v2\01_dataset\decafia_clean\images\test\MINADO_RECORTES_12.jpg,test,MINADO_RECORTES_12,,,,no_timestamp,,,,False
C:\Users\luise\OneDrive\Documentos\DECAFIA_v2\01_dataset\decafia_clean\images\test\MINADO_RECORTES_126.jpg,test,MINADO_RECORTES_126,,,,no_timestamp,,,,False
C:\Users\luise\OneDrive\Documentos\DECAFIA_v2\01_dataset\decafia_clean\images\test\MINADO_RECORTES_128.jpg,test,MINADO_RECORTES_128,,,,no_timestamp,,,,False
C:\Users\luise\OneDrive\Documentos\DECAFIA_v2\01_dataset\decafia_clean\images\test\MINADO_RECORTES_131.jpg,test,MINADO_RECORTES_131,,,,no_timestamp,,,,False
C:\Users\luise\OneDrive\Documentos\DECAFIA_v2\01_dataset\decafia_clean\images\test\MINADO_RECORTES_14.jpg,test,MINADO_RECORTES_14,,,,no_timestamp,,,,False
C:\Users\luise\OneDrive\Documentos\DECAFIA_v2\01_dataset\decafia_clean\images\test\MINADO_RECORTES_22.jpg,test,MINADO_RECORTES_22,,,,no_timestamp,,,,False
C:\Users\luise\OneDrive\Documentos\DECAFIA_v2\01_dataset\decafia_clean\images\test\MINADO_RECORTES_25.jpg,test,MINADO_RECORTES_25,,,,no_timestamp,,,,False
C:\Users\luise\OneDrive\Documentos\DECAFIA_v2\01_dataset\decafia_clean\images\test\MINADO_RECORTES_3.jpg,test,MINADO_RECORTES_3,,,,no_timestamp,,,,False
C:\Users\luise\OneDrive\Documentos\DECAFIA_v2\01_dataset\decafia_clean\images\test\MINADO_RECORTES_40.jpg,test,MINADO_RECORTES_40,,,,no_timestamp,,,,False
C:\Users\luise\OneDrive\Documentos\DECAFIA_v2\01_dataset\decafia_clean\images\test\MINADO_RECORTES_48.jpg,test,MINADO_RECORTES_48,,,,no_timestamp,,,,False
C:\Users\luise\OneDrive\Documentos\DECAFIA_v2\01_dataset\decafia_clean\images\test\MINADO_RECORTES_53.jpg,test,MINADO_RECORTES_53,,,,no_timestamp,,,,False
C:\Users\luise\OneDrive\Documentos\DECAFIA_v2\01_dataset\decafia_clean\images\test\MINADO_RECORTES_61.jpg,test,MINADO_RECORTES_61,,,,no_timestamp,,,,False
C:\Users\luise\OneDrive\Documentos\DECAFIA_v2\01_dataset\decafia_clean\images\test\MINADO_RECORTES_69.jpg,test,MINADO_RECORTES_69,,,,no_timestamp,,,,False
C:\Users\luise\OneDrive\Documentos\DECAFIA_v2\01_dataset\decafia_clean\images\test\MINADO_RECORTES_90.jpg,test,MINADO_RECORTES_90,,,,no_timestamp,,,,False
C:\Users\luise\OneDrive\Documentos\DECAFIA_v2\01_dataset\decafia_clean\images\test\MINADO_RECORTES_95.jpg,test,MINADO_RECORTES_95,,,,no_timestamp,,,,False
C:\Users\luise\OneDrive\Documentos\DECAFIA_v2\01_dataset\decafia_clean\images\test\MINADO_RECORTES_96.jpg,test,MINADO_RECORTES_96,,,,no_timestamp,,,,False
C:\Users\luise\OneDrive\Documentos\DECAFIA_v2\01_dataset\decafia_clean\images\test\MINADOR_11.jpg,test,MINADOR_11,,,,no_timestamp,,,,False
C:\Users\luise\OneDrive\Documentos\DECAFIA_v2\01_dataset\decafia_clean\images\test\MINADOR_15.jpg,test,MINADOR_15,,,,no_timestamp,,,,False
C:\Users\luise\OneDrive\Documentos\DECAFIA_v2\01_dataset\decafia_clean\images\test\MINADOR_16.jpg,test,MINADOR_16,,,,no_timestamp,,,,False
C:\Users\luise\OneDrive\Documentos\DECAFIA_v2\01_dataset\decafia_clean\images\test\MINADOR_17.jpg,test,MINADOR_17,,,,no_timestamp,,,,False
C:\Users\luise\OneDrive\Documentos\DECAFIA_v2\01_dataset\decafia_clean\images\test\MINADOR_19.jpg,test,MINADOR_19,,,,no_timestamp,,,,False
C:\Users\luise\OneDrive\Documentos\DECAFIA_v2\01_dataset\decafia_clean\images\test\MINADOR_21.jpg,test,MINADOR_21,,,,no_timestamp,,,,False
C:\Users\luise\OneDrive\Documentos\DECAFIA_v2\01_dataset\decafia_clean\images\test\MINADOR_29.jpg,test,MINADOR_29,,,,no_timestamp,,,,False
C:\Users\luise\OneDrive\Documentos\DECAFIA_v2\01_dataset\decafia_clean\images\test\MINADOR_34.jpg,test,MINADOR_34,,,,no_timestamp,,,,False
C:\Users\luise\OneDrive\Documentos\DECAFIA_v2\01_dataset\decafia_clean\images\test\MINADOR_42.jpg,test,MINADOR_42,,,,no_timestamp,,,,False
C:\Users\luise\OneDrive\Documentos\DECAFIA_v2\01_dataset\decafia_clean\images\test\MINADOR_5.jpg,test,MINADOR_5,,,,no_timestamp,,,,False
C:\Users\luise\OneDrive\Documentos\DECAFIA_v2\01_dataset\decafia_clean\images\test\MINADOR_52.jpg,test,MINADOR_52,,,,no_timestamp,,,,False
C:\Users\luise\OneDrive\Documentos\DECAFIA_v2\01_dataset\decafia_clean\images\test\MINADOR_54.jpg,test,MINADOR_54,,,,no_timestamp,,,,False
C:\Users\luise\OneDrive\Documentos\DECAFIA_v2\01_dataset\decafia_clean\images\test\MINADOR_57.jpg,test,MINADOR_57,,,,no_timestamp,,,,False
C:\Users\luise\OneDrive\Documentos\DECAFIA_v2\01_dataset\decafia_clean\images\test\MINADOR_6.jpg,test,MINADOR_6,,,,no_timestamp,,,,False
C:\Users\luise\OneDrive\Documentos\DECAFIA_v2\01_dataset\decafia_clean\images\test\MINADOR_62.jpg,test,MINADOR_62,,,,no_timestamp,,,,False
C:\Users\luise\OneDrive\Documentos\DECAFIA_v2\01_dataset\decafia_clean\images\test\MINADOR_71.jpg,test,MINADOR_71,,,,no_timestamp,,,,False
C:\Users\luise\OneDrive\Documentos\DECAFIA_v2\01_dataset\decafia_clean\images\test\MINADOR_77.jpg,test,MINADOR_77,,,,no_timestamp,,,,False
C:\Users\luise\OneDrive\Documentos\DECAFIA_v2\01_dataset\decafia_clean\images\test\MINEIRO_1.jpg,test,MINEIRO_1,,,,no_timestamp,,,,False
C:\Users\luise\OneDrive\Documentos\DECAFIA_v2\01_dataset\decafia_clean\images\test\MINEIRO_110.jpg,test,MINEIRO_110,,,,no_timestamp,,,,False
C:\Users\luise\OneDrive\Documentos\DECAFIA_v2\01_dataset\decafia_clean\images\test\MINEIRO_111.jpg,test,MINEIRO_111,,,,no_timestamp,,,,False
C:\Users\luise\OneDrive\Documentos\DECAFIA_v2\01_dataset\decafia_clean\images\test\MINEIRO_112.jpg,test,MINEIRO_112,,,,no_timestamp,,,,False
C:\Users\luise\OneDrive\Documentos\DECAFIA_v2\01_dataset\decafia_clean\images\test\MINEIRO_120.jpg,test,MINEIRO_120,,,,no_timestamp,,,,False
C:\Users\luise\OneDrive\Documentos\DECAFIA_v2\01_dataset\decafia_clean\images\test\MINEIRO_130.jpg,test,MINEIRO_130,,,,no_timestamp,,,,False
C:\Users\luise\OneDrive\Documentos\DECAFIA_v2\01_dataset\decafia_clean\images\test\MINEIRO_140.jpg,test,MINEIRO_140,,,,no_timestamp,,,,False
C:\Users\luise\OneDrive\Documentos\DECAFIA_v2\01_dataset\decafia_clean\images\test\MINEIRO_143.jpg,test,MINEIRO_143,,,,no_timestamp,,,,False
C:\Users\luise\OneDrive\Documentos\DECAFIA_v2\01_dataset\decafia_clean\images\test\MINEIRO_147.jpg,test,MINEIRO_147,,,,no_timestamp,,,,False
C:\Users\luise\OneDrive\Documentos\DECAFIA_v2\01_dataset\decafia_clean\images\test\MINEIRO_148.jpg,test,MINEIRO_148,,,,no_timestamp,,,,False
C:\Users\luise\OneDrive\Documentos\DECAFIA_v2\01_dataset\decafia_clean\images\test\MINEIRO_154.jpg,test,MINEIRO_154,,,,no_timestamp,,,,False
C:\Users\luise\OneDrive\Documentos\DECAFIA_v2\01_dataset\decafia_clean\images\test\MINEIRO_164.jpg,test,MINEIRO_164,,,,no_timestamp,,,,False
C:\Users\luise\OneDrive\Documentos\DECAFIA_v2\01_dataset\decafia_clean\images\test\MINEIRO_169.jpg,test,MINEIRO_169,,,,no_timestamp,,,,False
C:\Users\luise\OneDrive\Documentos\DECAFIA_v2\01_dataset\decafia_clean\images\test\MINEIRO_174.jpg,test,MINEIRO_174,,,,no_timestamp,,,,False
C:\Users\luise\OneDrive\Documentos\DECAFIA_v2\01_dataset\decafia_clean\images\test\MINEIRO_176.jpg,test,MINEIRO_176,,,,no_timestamp,,,,False
C:\Users\luise\OneDrive\Documentos\DECAFIA_v2\01_dataset\decafia_clean\images\test\MINEIRO_179.jpg,test,MINEIRO_179,,,,no_timestamp,,,,False
C:\Users\luise\OneDrive\Documentos\DECAFIA_v2\01_dataset\decafia_clean\images\test\MINEIRO_191.jpg,test,MINEIRO_191,,,,no_timestamp,,,,False
C:\Users\luise\OneDrive\Documentos\DECAFIA_v2\01_dataset\decafia_clean\images\test\MINEIRO_20.jpg,test,MINEIRO_20,,,,no_timestamp,,,,False
C:\Users\luise\OneDrive\Documentos\DECAFIA_v2\01_dataset\decafia_clean\images\test\MINEIRO_32.jpg,test,MINEIRO_32,,,,no_timestamp,,,,False
C:\Users\luise\OneDrive\Documentos\DECAFIA_v2\01_dataset\decafia_clean\images\test\MINEIRO_33.jpg,test,MINEIRO_33,,,,no_timestamp,,,,False
C:\Users\luise\OneDrive\Documentos\DECAFIA_v2\01_dataset\decafia_clean\images\test\MINEIRO_42.jpg,test,MINEIRO_42,,,,no_timestamp,,,,False
C:\Users\luise\OneDrive\Documentos\DECAFIA_v2\01_dataset\decafia_clean\images\test\MINEIRO_62.jpg,test,MINEIRO_62,,,,no_timestamp,,,,False
C:\Users\luise\OneDrive\Documentos\DECAFIA_v2\01_dataset\decafia_clean\images\test\MINEIRO_63.jpg,test,MINEIRO_63,,,,no_timestamp,,,,False
C:\Users\luise\OneDrive\Documentos\DECAFIA_v2\01_dataset\decafia_clean\images\test\MINEIRO_66.jpg,test,MINEIRO_66,,,,no_timestamp,,,,False
C:\Users\luise\OneDrive\Documentos\DECAFIA_v2\01_dataset\decafia_clean\images\test\MINEIRO_69.jpg,test,MINEIRO_69,,,,no_timestamp,,,,False
C:\Users\luise\OneDrive\Documentos\DECAFIA_v2\01_dataset\decafia_clean\images\test\MINEIRO_76.jpg,test,MINEIRO_76,,,,no_timestamp,,,,False
C:\Users\luise\OneDrive\Documentos\DECAFIA_v2\01_dataset\decafia_clean\images\test\MINEIRO_8.jpg,test,MINEIRO_8,,,,no_timestamp,,,,False
C:\Users\luise\OneDrive\Documentos\DECAFIA_v2\01_dataset\decafia_clean\images\test\MINEIRO_9.jpg,test,MINEIRO_9,,,,no_timestamp,,,,False
C:\Users\luise\OneDrive\Documentos\DECAFIA_v2\01_dataset\decafia_clean\images\test\ROYA_FONDO_12.jpg,test,ROYA_FONDO_12,,,,no_timestamp,,,,False
C:\Users\luise\OneDrive\Documentos\DECAFIA_v2\01_dataset\decafia_clean\images\test\ROYA_FONDO_14.jpg,test,ROYA_FONDO_14,,,,no_timestamp,,,,False
C:\Users\luise\OneDrive\Documentos\DECAFIA_v2\01_dataset\decafia_clean\images\test\ROYA_FONDO_16.jpg,test,ROYA_FONDO_16,,,,no_timestamp,,,,False
C:\Users\luise\OneDrive\Documentos\DECAFIA_v2\01_dataset\decafia_clean\images\test\ROYA_FONDO_21.jpg,test,ROYA_FONDO_21,,,,no_timestamp,,,,False
C:\Users\luise\OneDrive\Documentos\DECAFIA_v2\01_dataset\decafia_clean\images\test\ROYA_FONDO_26.jpg,test,ROYA_FONDO_26,,,,no_timestamp,,,,False
C:\Users\luise\OneDrive\Documentos\DECAFIA_v2\01_dataset\decafia_clean\images\test\ROYA_FONDO_32.jpg,test,ROYA_FONDO_32,,,,no_timestamp,,,,False
C:\Users\luise\OneDrive\Documentos\DECAFIA_v2\01_dataset\decafia_clean\images\test\ROYA_FONDO_34.jpg,test,ROYA_FONDO_34,,,,no_timestamp,,,,False
C:\Users\luise\OneDrive\Documentos\DECAFIA_v2\01_dataset\decafia_clean\images\test\ROYA_FONDO_52.jpg,test,ROYA_FONDO_52,,,,no_timestamp,,,,False
C:\Users\luise\OneDrive\Documentos\DECAFIA_v2\01_dataset\decafia_clean\images\test\ROYA_FONDO_56.jpg,test,ROYA_FONDO_56,,,,no_timestamp,,,,False
C:\Users\luise\OneDrive\Documentos\DECAFIA_v2\01_dataset\decafia_clean\images\test\ROYA_FONDO_61.jpg,test,ROYA_FONDO_61,,,,no_timestamp,,,,False
C:\Users\luise\OneDrive\Documentos\DECAFIA_v2\01_dataset\decafia_clean\images\test\ROYA_FONDO_63.jpg,test,ROYA_FONDO_63,,,,no_timestamp,,,,False
C:\Users\luise\OneDrive\Documentos\DECAFIA_v2\01_dataset\decafia_clean\images\test\ROYA_FONDO_73.jpg,test,ROYA_FONDO_73,,,,no_timestamp,,,,False
C:\Users\luise\OneDrive\Documentos\DECAFIA_v2\01_dataset\decafia_clean\images\test\ROYA_FONDO_76.jpg,test,ROYA_FONDO_76,,,,no_timestamp,,,,False
C:\Users\luise\OneDrive\Documentos\DECAFIA_v2\01_dataset\decafia_clean\images\test\ROYA_FONDO_78.jpg,test,ROYA_FONDO_78,,,,no_timestamp,,,,False
C:\Users\luise\OneDrive\Documentos\DECAFIA_v2\01_dataset\decafia_clean\images\test\ROYA_FONDO_8.jpg,test,ROYA_FONDO_8,,,,no_timestamp,,,,False
C:\Users\luise\OneDrive\Documentos\DECAFIA_v2\01_dataset\decafia_clean\images\test\ROYA_FONDO_85.jpg,test,ROYA_FONDO_85,,,,no_timestamp,,,,False
C:\Users\luise\OneDrive\Documentos\DECAFIA_v2\01_dataset\decafia_clean\images\test\ROYA_FONDO_88.jpg,test,ROYA_FONDO_88,,,,no_timestamp,,,,False
C:\Users\luise\OneDrive\Documentos\DECAFIA_v2\01_dataset\decafia_clean\images\test\ROYA_FONDO_91.jpg,test,ROYA_FONDO_91,,,,no_timestamp,,,,False
C:\Users\luise\OneDrive\Documentos\DECAFIA_v2\01_dataset\decafia_clean\images\test\ROYA_FONDO_93.jpg,test,ROYA_FONDO_93,,,,no_timestamp,,,,False
C:\Users\luise\OneDrive\Documentos\DECAFIA_v2\01_dataset\decafia_clean\images\test\ROYA_MA_1.jpg,test,ROYA_MA_1,,,,no_timestamp,,,,False
C:\Users\luise\OneDrive\Documentos\DECAFIA_v2\01_dataset\decafia_clean\images\test\ROYA_MA_13.jpg,test,ROYA_MA_13,,,,no_timestamp,,,,False
C:\Users\luise\OneDrive\Documentos\DECAFIA_v2\01_dataset\decafia_clean\images\test\ROYA_MA_14.jpg,test,ROYA_MA_14,,,,no_timestamp,,,,False
C:\Users\luise\OneDrive\Documentos\DECAFIA_v2\01_dataset\decafia_clean\images\test\ROYA_MA_20.jpg,test,ROYA_MA_20,,,,no_timestamp,,,,False
C:\Users\luise\OneDrive\Documentos\DECAFIA_v2\01_dataset\decafia_clean\images\test\ROYA_MA_33.jpg,test,ROYA_MA_33,,,,no_timestamp,,,,False
C:\Users\luise\OneDrive\Documentos\DECAFIA_v2\01_dataset\decafia_clean\images\test\ROYA_MA_41.jpg,test,ROYA_MA_41,,,,no_timestamp,,,,False
C:\Users\luise\OneDrive\Documentos\DECAFIA_v2\01_dataset\decafia_clean\images\test\ROYA_MA_44.jpg,test,ROYA_MA_44,,,,no_timestamp,,,,False
C:\Users\luise\OneDrive\Documentos\DECAFIA_v2\01_dataset\decafia_clean\images\test\ROYA_MA_45.jpg,test,ROYA_MA_45,,,,no_timestamp,,,,False
C:\Users\luise\OneDrive\Documentos\DECAFIA_v2\01_dataset\decafia_clean\images\test\ROYA_MA_47.jpg,test,ROYA_MA_47,,,,no_timestamp,,,,False
C:\Users\luise\OneDrive\Documentos\DECAFIA_v2\01_dataset\decafia_clean\images\test\ROYA_MA_51.jpg,test,ROYA_MA_51,,,,no_timestamp,,,,False
C:\Users\luise\OneDrive\Documentos\DECAFIA_v2\01_dataset\decafia_clean\images\test\ROYA_MA_52.jpg,test,ROYA_MA_52,,,,no_timestamp,,,,False
C:\Users\luise\OneDrive\Documentos\DECAFIA_v2\01_dataset\decafia_clean\images\test\ROYA_MA_56.jpg,test,ROYA_MA_56,,,,no_timestamp,,,,False
C:\Users\luise\OneDrive\Documentos\DECAFIA_v2\01_dataset\decafia_clean\images\test\ROYA_MA_58.jpg,test,ROYA_MA_58,,,,no_timestamp,,,,False
C:\Users\luise\OneDrive\Documentos\DECAFIA_v2\01_dataset\decafia_clean\images\test\ROYA_Muy_A_25.jpg,test,ROYA_Muy_A_25,,,,no_timestamp,,,,False
C:\Users\luise\OneDrive\Documentos\DECAFIA_v2\01_dataset\decafia_clean\images\test\ROYA_Muy_A_30.jpg,test,ROYA_Muy_A_30,,,,no_timestamp,,,,False
C:\Users\luise\OneDrive\Documentos\DECAFIA_v2\01_dataset\decafia_clean\images\test\ROYA_Muy_A_5.jpg,test,ROYA_Muy_A_5,,,,no_timestamp,,,,False
C:\Users\luise\OneDrive\Documentos\DECAFIA_v2\01_dataset\decafia_clean\images\test\ROYA_P_A_26.jpg,test,ROYA_P_A_26,,,,no_timestamp,,,,False
C:\Users\luise\OneDrive\Documentos\DECAFIA_v2\01_dataset\decafia_clean\images\test\ROYA_P_A_40.jpg,test,ROYA_P_A_40,,,,no_timestamp,,,,False
C:\Users\luise\OneDrive\Documentos\DECAFIA_v2\01_dataset\decafia_clean\images\test\ROYA_P_A_44.jpg,test,ROYA_P_A_44,,,,no_timestamp,,,,False
C:\Users\luise\OneDrive\Documentos\DECAFIA_v2\01_dataset\decafia_clean\images\test\ROYA_P_A_47.jpg,test,ROYA_P_A_47,,,,no_timestamp,,,,False
C:\Users\luise\OneDrive\Documentos\DECAFIA_v2\01_dataset\decafia_clean\images\test\ROYA_P_A_58.jpg,test,ROYA_P_A_58,,,,no_timestamp,,,,False
C:\Users\luise\OneDrive\Documentos\DECAFIA_v2\01_dataset\decafia_clean\images\test\ROYA_RECORTES_100.jpg,test,ROYA_RECORTES_100,,,,no_timestamp,,,,False
C:\Users\luise\OneDrive\Documentos\DECAFIA_v2\01_dataset\decafia_clean\images\test\ROYA_RECORTES_102.jpg,test,ROYA_RECORTES_102,,,,no_timestamp,,,,False
C:\Users\luise\OneDrive\Documentos\DECAFIA_v2\01_dataset\decafia_clean\images\test\ROYA_RECORTES_11.jpg,test,ROYA_RECORTES_11,,,,no_timestamp,,,,False
C:\Users\luise\OneDrive\Documentos\DECAFIA_v2\01_dataset\decafia_clean\images\test\ROYA_RECORTES_34.jpg,test,ROYA_RECORTES_34,,,,no_timestamp,,,,False
C:\Users\luise\OneDrive\Documentos\DECAFIA_v2\01_dataset\decafia_clean\images\test\ROYA_RECORTES_37.jpg,test,ROYA_RECORTES_37,,,,no_timestamp,,,,False
C:\Users\luise\OneDrive\Documentos\DECAFIA_v2\01_dataset\decafia_clean\images\test\ROYA_RECORTES_48.jpg,test,ROYA_RECORTES_48,,,,no_timestamp,,,,False
C:\Users\luise\OneDrive\Documentos\DECAFIA_v2\01_dataset\decafia_clean\images\test\ROYA_RECORTES_5.jpg,test,ROYA_RECORTES_5,,,,no_timestamp,,,,False
C:\Users\luise\OneDrive\Documentos\DECAFIA_v2\01_dataset\decafia_clean\images\test\ROYA_RECORTES_52.jpg,test,ROYA_RECORTES_52,,,,no_timestamp,,,,False
C:\Users\luise\OneDrive\Documentos\DECAFIA_v2\01_dataset\decafia_clean\images\test\ROYA_RECORTES_55.jpg,test,ROYA_RECORTES_55,,,,no_timestamp,,,,False
C:\Users\luise\OneDrive\Documentos\DECAFIA_v2\01_dataset\decafia_clean\images\test\ROYA_RECORTES_66.jpg,test,ROYA_RECORTES_66,,,,no_timestamp,,,,False
C:\Users\luise\OneDrive\Documentos\DECAFIA_v2\01_dataset\decafia_clean\images\test\ROYA_RECORTES_68.jpg,test,ROYA_RECORTES_68,,,,no_timestamp,,,,False
C:\Users\luise\OneDrive\Documentos\DECAFIA_v2\01_dataset\decafia_clean\images\test\ROYA_RECORTES_75.jpg,test,ROYA_RECORTES_75,,,,no_timestamp,,,,False
C:\Users\luise\OneDrive\Documentos\DECAFIA_v2\01_dataset\decafia_clean\images\test\ROYA_RECORTES_78.jpg,test,ROYA_RECORTES_78,,,,no_timestamp,,,,False
C:\Users\luise\OneDrive\Documentos\DECAFIA_v2\01_dataset\decafia_clean\images\test\ROYA_RECORTES_79.jpg,test,ROYA_RECORTES_79,,,,no_timestamp,,,,False
C:\Users\luise\OneDrive\Documentos\DECAFIA_v2\01_dataset\decafia_clean\images\test\ROYA_RECORTES_97.jpg,test,ROYA_RECORTES_97,,,,no_timestamp,,,,False
C:\Users\luise\OneDrive\Documentos\DECAFIA_v2\01_dataset\decafia_clean\images\test\SANAS_NUEVAS_10.jpg,test,SANAS_NUEVAS_10,,,,no_timestamp,,,,False
C:\Users\luise\OneDrive\Documentos\DECAFIA_v2\01_dataset\decafia_clean\images\test\SANAS_NUEVAS_101.jpg,test,SANAS_NUEVAS_101,,,,no_timestamp,,,,False
C:\Users\luise\OneDrive\Documentos\DECAFIA_v2\01_dataset\decafia_clean\images\test\SANAS_NUEVAS_102.jpg,test,SANAS_NUEVAS_102,,,,no_timestamp,,,,False
C:\Users\luise\OneDrive\Documentos\DECAFIA_v2\01_dataset\decafia_clean\images\test\SANAS_NUEVAS_103.jpg,test,SANAS_NUEVAS_103,,,,no_timestamp,,,,False
C:\Users\luise\OneDrive\Documentos\DECAFIA_v2\01_dataset\decafia_clean\images\test\SANAS_NUEVAS_111.jpg,test,SANAS_NUEVAS_111,,,,no_timestamp,,,,False
C:\Users\luise\OneDrive\Documentos\DECAFIA_v2\01_dataset\decafia_clean\images\test\SANAS_NUEVAS_112.jpg,test,SANAS_NUEVAS_112,,,,no_timestamp,,,,False
C:\Users\luise\OneDrive\Documentos\DECAFIA_v2\01_dataset\decafia_clean\images\test\SANAS_NUEVAS_120.jpg,test,SANAS_NUEVAS_120,,,,no_timestamp,,,,False
C:\Users\luise\OneDrive\Documentos\DECAFIA_v2\01_dataset\decafia_clean\images\test\SANAS_NUEVAS_122.jpg,test,SANAS_NUEVAS_122,,,,no_timestamp,,,,False
C:\Users\luise\OneDrive\Documentos\DECAFIA_v2\01_dataset\decafia_clean\images\test\SANAS_NUEVAS_125.jpg,test,SANAS_NUEVAS_125,,,,no_timestamp,,,,False
C:\Users\luise\OneDrive\Documentos\DECAFIA_v2\01_dataset\decafia_clean\images\test\SANAS_NUEVAS_128.jpg,test,SANAS_NUEVAS_128,,,,no_timestamp,,,,False
C:\Users\luise\OneDrive\Documentos\DECAFIA_v2\01_dataset\decafia_clean\images\test\SANAS_NUEVAS_133.jpg,test,SANAS_NUEVAS_133,,,,no_timestamp,,,,False
C:\Users\luise\OneDrive\Documentos\DECAFIA_v2\01_dataset\decafia_clean\images\test\SANAS_NUEVAS_145.jpg,test,SANAS_NUEVAS_145,,,,no_timestamp,,,,False
C:\Users\luise\OneDrive\Documentos\DECAFIA_v2\01_dataset\decafia_clean\images\test\SANAS_NUEVAS_146.jpg,test,SANAS_NUEVAS_146,,,,no_timestamp,,,,False
C:\Users\luise\OneDrive\Documentos\DECAFIA_v2\01_dataset\decafia_clean\images\test\SANAS_NUEVAS_157.jpg,test,SANAS_NUEVAS_157,,,,no_timestamp,,,,False
C:\Users\luise\OneDrive\Documentos\DECAFIA_v2\01_dataset\decafia_clean\images\test\SANAS_NUEVAS_16.jpg,test,SANAS_NUEVAS_16,,,,no_timestamp,,,,False
C:\Users\luise\OneDrive\Documentos\DECAFIA_v2\01_dataset\decafia_clean\images\test\SANAS_NUEVAS_160.jpg,test,SANAS_NUEVAS_160,,,,no_timestamp,,,,False
C:\Users\luise\OneDrive\Documentos\DECAFIA_v2\01_dataset\decafia_clean\images\test\SANAS_NUEVAS_163.jpg,test,SANAS_NUEVAS_163,,,,no_timestamp,,,,False
C:\Users\luise\OneDrive\Documentos\DECAFIA_v2\01_dataset\decafia_clean\images\test\SANAS_NUEVAS_169.jpg,test,SANAS_NUEVAS_169,,,,no_timestamp,,,,False
C:\Users\luise\OneDrive\Documentos\DECAFIA_v2\01_dataset\decafia_clean\images\test\SANAS_NUEVAS_177.jpg,test,SANAS_NUEVAS_177,,,,no_timestamp,,,,False
C:\Users\luise\OneDrive\Documentos\DECAFIA_v2\01_dataset\decafia_clean\images\test\SANAS_NUEVAS_194.jpg,test,SANAS_NUEVAS_194,,,,no_timestamp,,,,False
C:\Users\luise\OneDrive\Documentos\DECAFIA_v2\01_dataset\decafia_clean\images\test\SANAS_NUEVAS_204.jpg,test,SANAS_NUEVAS_204,,,,no_timestamp,,,,False
C:\Users\luise\OneDrive\Documentos\DECAFIA_v2\01_dataset\decafia_clean\images\test\SANAS_NUEVAS_208.jpg,test,SANAS_NUEVAS_208,,,,no_timestamp,,,,False
C:\Users\luise\OneDrive\Documentos\DECAFIA_v2\01_dataset\decafia_clean\images\test\SANAS_NUEVAS_217.jpg,test,SANAS_NUEVAS_217,,,,no_timestamp,,,,False
C:\Users\luise\OneDrive\Documentos\DECAFIA_v2\01_dataset\decafia_clean\images\test\SANAS_NUEVAS_235.jpg,test,SANAS_NUEVAS_235,,,,no_timestamp,,,,False
C:\Users\luise\OneDrive\Documentos\DECAFIA_v2\01_dataset\decafia_clean\images\test\SANAS_NUEVAS_238.jpg,test,SANAS_NUEVAS_238,,,,no_timestamp,,,,False
C:\Users\luise\OneDrive\Documentos\DECAFIA_v2\01_dataset\decafia_clean\images\test\SANAS_NUEVAS_241.jpg,test,SANAS_NUEVAS_241,,,,no_timestamp,,,,False
C:\Users\luise\OneDrive\Documentos\DECAFIA_v2\01_dataset\decafia_clean\images\test\SANAS_NUEVAS_252.jpg,test,SANAS_NUEVAS_252,,,,no_timestamp,,,,False
C:\Users\luise\OneDrive\Documentos\DECAFIA_v2\01_dataset\decafia_clean\images\test\SANAS_NUEVAS_261.jpg,test,SANAS_NUEVAS_261,,,,no_timestamp,,,,False
C:\Users\luise\OneDrive\Documentos\DECAFIA_v2\01_dataset\decafia_clean\images\test\SANAS_NUEVAS_269.jpg,test,SANAS_NUEVAS_269,,,,no_timestamp,,,,False
C:\Users\luise\OneDrive\Documentos\DECAFIA_v2\01_dataset\decafia_clean\images\test\SANAS_NUEVAS_273.jpg,test,SANAS_NUEVAS_273,,,,no_timestamp,,,,False
C:\Users\luise\OneDrive\Documentos\DECAFIA_v2\01_dataset\decafia_clean\images\test\SANAS_NUEVAS_28.jpg,test,SANAS_NUEVAS_28,,,,no_timestamp,,,,False
C:\Users\luise\OneDrive\Documentos\DECAFIA_v2\01_dataset\decafia_clean\images\test\SANAS_NUEVAS_284.jpg,test,SANAS_NUEVAS_284,,,,no_timestamp,,,,False
C:\Users\luise\OneDrive\Documentos\DECAFIA_v2\01_dataset\decafia_clean\images\test\SANAS_NUEVAS_289.jpg,test,SANAS_NUEVAS_289,,,,no_timestamp,,,,False
C:\Users\luise\OneDrive\Documentos\DECAFIA_v2\01_dataset\decafia_clean\images\test\SANAS_NUEVAS_292.jpg,test,SANAS_NUEVAS_292,,,,no_timestamp,,,,False
C:\Users\luise\OneDrive\Documentos\DECAFIA_v2\01_dataset\decafia_clean\images\test\SANAS_NUEVAS_299.jpg,test,SANAS_NUEVAS_299,,,,no_timestamp,,,,False
C:\Users\luise\OneDrive\Documentos\DECAFIA_v2\01_dataset\decafia_clean\images\test\SANAS_NUEVAS_300.jpg,test,SANAS_NUEVAS_300,,,,no_timestamp,,,,False
C:\Users\luise\OneDrive\Documentos\DECAFIA_v2\01_dataset\decafia_clean\images\test\SANAS_NUEVAS_305.jpg,test,SANAS_NUEVAS_305,,,,no_timestamp,,,,False
C:\Users\luise\OneDrive\Documentos\DECAFIA_v2\01_dataset\decafia_clean\images\test\SANAS_NUEVAS_308.jpg,test,SANAS_NUEVAS_308,,,,no_timestamp,,,,False
C:\Users\luise\OneDrive\Documentos\DECAFIA_v2\01_dataset\decafia_clean\images\test\SANAS_NUEVAS_317.jpg,test,SANAS_NUEVAS_317,,,,no_timestamp,,,,False
C:\Users\luise\OneDrive\Documentos\DECAFIA_v2\01_dataset\decafia_clean\images\test\SANAS_NUEVAS_331.jpg,test,SANAS_NUEVAS_331,,,,no_timestamp,,,,False
C:\Users\luise\OneDrive\Documentos\DECAFIA_v2\01_dataset\decafia_clean\images\test\SANAS_NUEVAS_333.jpg,test,SANAS_NUEVAS_333,,,,no_timestamp,,,,False
C:\Users\luise\OneDrive\Documentos\DECAFIA_v2\01_dataset\decafia_clean\images\test\SANAS_NUEVAS_334.jpg,test,SANAS_NUEVAS_334,,,,no_timestamp,,,,False
C:\Users\luise\OneDrive\Documentos\DECAFIA_v2\01_dataset\decafia_clean\images\test\SANAS_NUEVAS_344.jpg,test,SANAS_NUEVAS_344,,,,no_timestamp,,,,False
C:\Users\luise\OneDrive\Documentos\DECAFIA_v2\01_dataset\decafia_clean\images\test\SANAS_NUEVAS_349.jpg,test,SANAS_NUEVAS_349,,,,no_timestamp,,,,False
C:\Users\luise\OneDrive\Documentos\DECAFIA_v2\01_dataset\decafia_clean\images\test\SANAS_NUEVAS_350.jpg,test,SANAS_NUEVAS_350,,,,no_timestamp,,,,False
C:\Users\luise\OneDrive\Documentos\DECAFIA_v2\01_dataset\decafia_clean\images\test\SANAS_NUEVAS_352.jpg,test,SANAS_NUEVAS_352,,,,no_timestamp,,,,False
C:\Users\luise\OneDrive\Documentos\DECAFIA_v2\01_dataset\decafia_clean\images\test\SANAS_NUEVAS_355.jpg,test,SANAS_NUEVAS_355,,,,no_timestamp,,,,False
C:\Users\luise\OneDrive\Documentos\DECAFIA_v2\01_dataset\decafia_clean\images\test\SANAS_NUEVAS_362.jpg,test,SANAS_NUEVAS_362,,,,no_timestamp,,,,False
C:\Users\luise\OneDrive\Documentos\DECAFIA_v2\01_dataset\decafia_clean\images\test\SANAS_NUEVAS_363.jpg,test,SANAS_NUEVAS_363,,,,no_timestamp,,,,False
C:\Users\luise\OneDrive\Documentos\DECAFIA_v2\01_dataset\decafia_clean\images\test\SANAS_NUEVAS_373.jpg,test,SANAS_NUEVAS_373,,,,no_timestamp,,,,False
C:\Users\luise\OneDrive\Documentos\DECAFIA_v2\01_dataset\decafia_clean\images\test\SANAS_NUEVAS_374.jpg,test,SANAS_NUEVAS_374,,,,no_timestamp,,,,False
C:\Users\luise\OneDrive\Documentos\DECAFIA_v2\01_dataset\decafia_clean\images\test\SANAS_NUEVAS_38.jpg,test,SANAS_NUEVAS_38,,,,no_timestamp,,,,False
C:\Users\luise\OneDrive\Documentos\DECAFIA_v2\01_dataset\decafia_clean\images\test\SANAS_NUEVAS_385.jpg,test,SANAS_NUEVAS_385,,,,no_timestamp,,,,False
C:\Users\luise\OneDrive\Documentos\DECAFIA_v2\01_dataset\decafia_clean\images\test\SANAS_NUEVAS_390.jpg,test,SANAS_NUEVAS_390,,,,no_timestamp,,,,False
C:\Users\luise\OneDrive\Documentos\DECAFIA_v2\01_dataset\decafia_clean\images\test\SANAS_NUEVAS_404.jpg,test,SANAS_NUEVAS_404,,,,no_timestamp,,,,False
C:\Users\luise\OneDrive\Documentos\DECAFIA_v2\01_dataset\decafia_clean\images\test\SANAS_NUEVAS_419.jpg,test,SANAS_NUEVAS_419,,,,no_timestamp,,,,False
C:\Users\luise\OneDrive\Documentos\DECAFIA_v2\01_dataset\decafia_clean\images\test\SANAS_NUEVAS_422.jpg,test,SANAS_NUEVAS_422,,,,no_timestamp,,,,False
C:\Users\luise\OneDrive\Documentos\DECAFIA_v2\01_dataset\decafia_clean\images\test\SANAS_NUEVAS_428.jpg,test,SANAS_NUEVAS_428,,,,no_timestamp,,,,False
C:\Users\luise\OneDrive\Documentos\DECAFIA_v2\01_dataset\decafia_clean\images\test\SANAS_NUEVAS_434.jpg,test,SANAS_NUEVAS_434,,,,no_timestamp,,,,False
C:\Users\luise\OneDrive\Documentos\DECAFIA_v2\01_dataset\decafia_clean\images\test\SANAS_NUEVAS_437.jpg,test,SANAS_NUEVAS_437,,,,no_timestamp,,,,False
C:\Users\luise\OneDrive\Documentos\DECAFIA_v2\01_dataset\decafia_clean\images\test\SANAS_NUEVAS_451.jpg,test,SANAS_NUEVAS_451,,,,no_timestamp,,,,False
C:\Users\luise\OneDrive\Documentos\DECAFIA_v2\01_dataset\decafia_clean\images\test\SANAS_NUEVAS_456.jpg,test,SANAS_NUEVAS_456,,,,no_timestamp,,,,False
C:\Users\luise\OneDrive\Documentos\DECAFIA_v2\01_dataset\decafia_clean\images\test\SANAS_NUEVAS_465.jpg,test,SANAS_NUEVAS_465,,,,no_timestamp,,,,False
C:\Users\luise\OneDrive\Documentos\DECAFIA_v2\01_dataset\decafia_clean\images\test\SANAS_NUEVAS_472.jpg,test,SANAS_NUEVAS_472,,,,no_timestamp,,,,False
C:\Users\luise\OneDrive\Documentos\DECAFIA_v2\01_dataset\decafia_clean\images\test\SANAS_NUEVAS_480.jpg,test,SANAS_NUEVAS_480,,,,no_timestamp,,,,False
C:\Users\luise\OneDrive\Documentos\DECAFIA_v2\01_dataset\decafia_clean\images\test\SANAS_NUEVAS_482.jpg,test,SANAS_NUEVAS_482,,,,no_timestamp,,,,False
C:\Users\luise\OneDrive\Documentos\DECAFIA_v2\01_dataset\decafia_clean\images\test\SANAS_NUEVAS_484.jpg,test,SANAS_NUEVAS_484,,,,no_timestamp,,,,False
C:\Users\luise\OneDrive\Documentos\DECAFIA_v2\01_dataset\decafia_clean\images\test\SANAS_NUEVAS_486.jpg,test,SANAS_NUEVAS_486,,,,no_timestamp,,,,False
C:\Users\luise\OneDrive\Documentos\DECAFIA_v2\01_dataset\decafia_clean\images\test\SANAS_NUEVAS_489.jpg,test,SANAS_NUEVAS_489,,,,no_timestamp,,,,False
C:\Users\luise\OneDrive\Documentos\DECAFIA_v2\01_dataset\decafia_clean\images\test\SANAS_NUEVAS_49.jpg,test,SANAS_NUEVAS_49,,,,no_timestamp,,,,False
C:\Users\luise\OneDrive\Documentos\DECAFIA_v2\01_dataset\decafia_clean\images\test\SANAS_NUEVAS_510.jpg,test,SANAS_NUEVAS_510,,,,no_timestamp,,,,False
C:\Users\luise\OneDrive\Documentos\DECAFIA_v2\01_dataset\decafia_clean\images\test\SANAS_NUEVAS_515.jpg,test,SANAS_NUEVAS_515,,,,no_timestamp,,,,False
C:\Users\luise\OneDrive\Documentos\DECAFIA_v2\01_dataset\decafia_clean\images\test\SANAS_NUEVAS_527.jpg,test,SANAS_NUEVAS_527,,,,no_timestamp,,,,False
C:\Users\luise\OneDrive\Documentos\DECAFIA_v2\01_dataset\decafia_clean\images\test\SANAS_NUEVAS_534.jpg,test,SANAS_NUEVAS_534,,,,no_timestamp,,,,False
C:\Users\luise\OneDrive\Documentos\DECAFIA_v2\01_dataset\decafia_clean\images\test\SANAS_NUEVAS_535.jpg,test,SANAS_NUEVAS_535,,,,no_timestamp,,,,False
C:\Users\luise\OneDrive\Documentos\DECAFIA_v2\01_dataset\decafia_clean\images\test\SANAS_NUEVAS_54.jpg,test,SANAS_NUEVAS_54,,,,no_timestamp,,,,False
C:\Users\luise\OneDrive\Documentos\DECAFIA_v2\01_dataset\decafia_clean\images\test\SANAS_NUEVAS_546.jpg,test,SANAS_NUEVAS_546,,,,no_timestamp,,,,False
C:\Users\luise\OneDrive\Documentos\DECAFIA_v2\01_dataset\decafia_clean\images\test\SANAS_NUEVAS_547.jpg,test,SANAS_NUEVAS_547,,,,no_timestamp,,,,False
C:\Users\luise\OneDrive\Documentos\DECAFIA_v2\01_dataset\decafia_clean\images\test\SANAS_NUEVAS_548.jpg,test,SANAS_NUEVAS_548,,,,no_timestamp,,,,False
C:\Users\luise\OneDrive\Documentos\DECAFIA_v2\01_dataset\decafia_clean\images\test\SANAS_NUEVAS_550.jpg,test,SANAS_NUEVAS_550,,,,no_timestamp,,,,False
C:\Users\luise\OneDrive\Documentos\DECAFIA_v2\01_dataset\decafia_clean\images\test\SANAS_NUEVAS_552.jpg,test,SANAS_NUEVAS_552,,,,no_timestamp,,,,False
C:\Users\luise\OneDrive\Documentos\DECAFIA_v2\01_dataset\decafia_clean\images\test\SANAS_NUEVAS_554.jpg,test,SANAS_NUEVAS_554,,,,no_timestamp,,,,False
C:\Users\luise\OneDrive\Documentos\DECAFIA_v2\01_dataset\decafia_clean\images\test\SANAS_NUEVAS_555.jpg,test,SANAS_NUEVAS_555,,,,no_timestamp,,,,False
C:\Users\luise\OneDrive\Documentos\DECAFIA_v2\01_dataset\decafia_clean\images\test\SANAS_NUEVAS_558.jpg,test,SANAS_NUEVAS_558,,,,no_timestamp,,,,False
C:\Users\luise\OneDrive\Documentos\DECAFIA_v2\01_dataset\decafia_clean\images\test\SANAS_NUEVAS_569.jpg,test,SANAS_NUEVAS_569,,,,no_timestamp,,,,False
C:\Users\luise\OneDrive\Documentos\DECAFIA_v2\01_dataset\decafia_clean\images\test\SANAS_NUEVAS_581.jpg,test,SANAS_NUEVAS_581,,,,no_timestamp,,,,False
C:\Users\luise\OneDrive\Documentos\DECAFIA_v2\01_dataset\decafia_clean\images\test\SANAS_NUEVAS_582.jpg,test,SANAS_NUEVAS_582,,,,no_timestamp,,,,False
C:\Users\luise\OneDrive\Documentos\DECAFIA_v2\01_dataset\decafia_clean\images\test\SANAS_NUEVAS_591.jpg,test,SANAS_NUEVAS_591,,,,no_timestamp,,,,False
C:\Users\luise\OneDrive\Documentos\DECAFIA_v2\01_dataset\decafia_clean\images\test\SANAS_NUEVAS_592.jpg,test,SANAS_NUEVAS_592,,,,no_timestamp,,,,False
C:\Users\luise\OneDrive\Documentos\DECAFIA_v2\01_dataset\decafia_clean\images\test\SANAS_NUEVAS_593.jpg,test,SANAS_NUEVAS_593,,,,no_timestamp,,,,False
C:\Users\luise\OneDrive\Documentos\DECAFIA_v2\01_dataset\decafia_clean\images\test\SANAS_NUEVAS_605.jpg,test,SANAS_NUEVAS_605,,,,no_timestamp,,,,False
C:\Users\luise\OneDrive\Documentos\DECAFIA_v2\01_dataset\decafia_clean\images\test\SANAS_NUEVAS_616.jpg,test,SANAS_NUEVAS_616,,,,no_timestamp,,,,False
C:\Users\luise\OneDrive\Documentos\DECAFIA_v2\01_dataset\decafia_clean\images\test\SANAS_NUEVAS_65.jpg,test,SANAS_NUEVAS_65,,,,no_timestamp,,,,False
C:\Users\luise\OneDrive\Documentos\DECAFIA_v2\01_dataset\decafia_clean\images\test\SANAS_NUEVAS_72.jpg,test,SANAS_NUEVAS_72,,,,no_timestamp,,,,False
C:\Users\luise\OneDrive\Documentos\DECAFIA_v2\01_dataset\decafia_clean\images\test\SANAS_NUEVAS_73.jpg,test,SANAS_NUEVAS_73,,,,no_timestamp,,,,False
C:\Users\luise\OneDrive\Documentos\DECAFIA_v2\01_dataset\decafia_clean\images\test\SANAS_NUEVAS_76.jpg,test,SANAS_NUEVAS_76,,,,no_timestamp,,,,False
C:\Users\luise\OneDrive\Documentos\DECAFIA_v2\01_dataset\decafia_clean\images\test\SANAS_NUEVAS_77.jpg,test,SANAS_NUEVAS_77,,,,no_timestamp,,,,False
C:\Users\luise\OneDrive\Documentos\DECAFIA_v2\01_dataset\decafia_clean\images\test\SANAS_NUEVAS_84.jpg,test,SANAS_NUEVAS_84,,,,no_timestamp,,,,False
C:\Users\luise\OneDrive\Documentos\DECAFIA_v2\01_dataset\decafia_clean\images\test\SANAS_NUEVAS_86.jpg,test,SANAS_NUEVAS_86,,,,no_timestamp,,,,False
C:\Users\luise\OneDrive\Documentos\DECAFIA_v2\01_dataset\decafia_clean\images\test\SANAS_NUEVAS_87.jpg,test,SANAS_NUEVAS_87,,,,no_timestamp,,,,False
C:\Users\luise\OneDrive\Documentos\DECAFIA_v2\01_dataset\decafia_clean\images\test\SANAS_NUEVAS_94.jpg,test,SANAS_NUEVAS_94,,,,no_timestamp,,,,False
C:\Users\luise\OneDrive\Documentos\DECAFIA_v2\01_dataset\decafia_clean\images\test\SANAS_NUEVAS_97.jpg,test,SANAS_NUEVAS_97,,,,no_timestamp,,,,False
C:\Users\luise\OneDrive\Documentos\DECAFIA_v2\01_dataset\decafia_clean\images\test\SANAS_SOCORRO_102.jpg,test,SANAS_SOCORRO_102,,,,no_timestamp,,,,False
C:\Users\luise\OneDrive\Documentos\DECAFIA_v2\01_dataset\decafia_clean\images\test\SANAS_SOCORRO_109.jpg,test,SANAS_SOCORRO_109,,,,no_timestamp,,,,False
C:\Users\luise\OneDrive\Documentos\DECAFIA_v2\01_dataset\decafia_clean\images\test\SANAS_SOCORRO_111.jpg,test,SANAS_SOCORRO_111,,,,no_timestamp,,,,False
C:\Users\luise\OneDrive\Documentos\DECAFIA_v2\01_dataset\decafia_clean\images\test\SANAS_SOCORRO_122.jpg,test,SANAS_SOCORRO_122,,,,no_timestamp,,,,False
C:\Users\luise\OneDrive\Documentos\DECAFIA_v2\01_dataset\decafia_clean\images\test\SANAS_SOCORRO_124.jpg,test,SANAS_SOCORRO_124,,,,no_timestamp,,,,False
C:\Users\luise\OneDrive\Documentos\DECAFIA_v2\01_dataset\decafia_clean\images\test\SANAS_SOCORRO_13.jpg,test,SANAS_SOCORRO_13,,,,no_timestamp,,,,False
C:\Users\luise\OneDrive\Documentos\DECAFIA_v2\01_dataset\decafia_clean\images\test\SANAS_SOCORRO_130.jpg,test,SANAS_SOCORRO_130,,,,no_timestamp,,,,False
C:\Users\luise\OneDrive\Documentos\DECAFIA_v2\01_dataset\decafia_clean\images\test\SANAS_SOCORRO_138.jpg,test,SANAS_SOCORRO_138,,,,no_timestamp,,,,False
C:\Users\luise\OneDrive\Documentos\DECAFIA_v2\01_dataset\decafia_clean\images\test\SANAS_SOCORRO_139.jpg,test,SANAS_SOCORRO_139,,,,no_timestamp,,,,False
C:\Users\luise\OneDrive\Documentos\DECAFIA_v2\01_dataset\decafia_clean\images\test\SANAS_SOCORRO_141.jpg,test,SANAS_SOCORRO_141,,,,no_timestamp,,,,False
C:\Users\luise\OneDrive\Documentos\DECAFIA_v2\01_dataset\decafia_clean\images\test\SANAS_SOCORRO_142.jpg,test,SANAS_SOCORRO_142,,,,no_timestamp,,,,False
C:\Users\luise\OneDrive\Documentos\DECAFIA_v2\01_dataset\decafia_clean\images\test\SANAS_SOCORRO_156.jpg,test,SANAS_SOCORRO_156,,,,no_timestamp,,,,False
C:\Users\luise\OneDrive\Documentos\DECAFIA_v2\01_dataset\decafia_clean\images\test\SANAS_SOCORRO_163.jpg,test,SANAS_SOCORRO_163,,,,no_timestamp,,,,False
C:\Users\luise\OneDrive\Documentos\DECAFIA_v2\01_dataset\decafia_clean\images\test\SANAS_SOCORRO_164.jpg,test,SANAS_SOCORRO_164,,,,no_timestamp,,,,False
C:\Users\luise\OneDrive\Documentos\DECAFIA_v2\01_dataset\decafia_clean\images\test\SANAS_SOCORRO_169.jpg,test,SANAS_SOCORRO_169,,,,no_timestamp,,,,False
C:\Users\luise\OneDrive\Documentos\DECAFIA_v2\01_dataset\decafia_clean\images\test\SANAS_SOCORRO_174.jpg,test,SANAS_SOCORRO_174,,,,no_timestamp,,,,False
C:\Users\luise\OneDrive\Documentos\DECAFIA_v2\01_dataset\decafia_clean\images\test\SANAS_SOCORRO_178.jpg,test,SANAS_SOCORRO_178,,,,no_timestamp,,,,False
C:\Users\luise\OneDrive\Documentos\DECAFIA_v2\01_dataset\decafia_clean\images\test\SANAS_SOCORRO_181.jpg,test,SANAS_SOCORRO_181,,,,no_timestamp,,,,False
C:\Users\luise\OneDrive\Documentos\DECAFIA_v2\01_dataset\decafia_clean\images\test\SANAS_SOCORRO_182.jpg,test,SANAS_SOCORRO_182,,,,no_timestamp,,,,False
C:\Users\luise\OneDrive\Documentos\DECAFIA_v2\01_dataset\decafia_clean\images\test\SANAS_SOCORRO_210.jpg,test,SANAS_SOCORRO_210,,,,no_timestamp,,,,False
C:\Users\luise\OneDrive\Documentos\DECAFIA_v2\01_dataset\decafia_clean\images\test\SANAS_SOCORRO_214.jpg,test,SANAS_SOCORRO_214,,,,no_timestamp,,,,False
C:\Users\luise\OneDrive\Documentos\DECAFIA_v2\01_dataset\decafia_clean\images\test\SANAS_SOCORRO_218.jpg,test,SANAS_SOCORRO_218,,,,no_timestamp,,,,False
C:\Users\luise\OneDrive\Documentos\DECAFIA_v2\01_dataset\decafia_clean\images\test\SANAS_SOCORRO_222.jpg,test,SANAS_SOCORRO_222,,,,no_timestamp,,,,False
C:\Users\luise\OneDrive\Documentos\DECAFIA_v2\01_dataset\decafia_clean\images\test\SANAS_SOCORRO_234.jpg,test,SANAS_SOCORRO_234,,,,no_timestamp,,,,False
C:\Users\luise\OneDrive\Documentos\DECAFIA_v2\01_dataset\decafia_clean\images\test\SANAS_SOCORRO_240.jpg,test,SANAS_SOCORRO_240,,,,no_timestamp,,,,False
C:\Users\luise\OneDrive\Documentos\DECAFIA_v2\01_dataset\decafia_clean\images\test\SANAS_SOCORRO_241.jpg,test,SANAS_SOCORRO_241,,,,no_timestamp,,,,False
C:\Users\luise\OneDrive\Documentos\DECAFIA_v2\01_dataset\decafia_clean\images\test\SANAS_SOCORRO_243.jpg,test,SANAS_SOCORRO_243,,,,no_timestamp,,,,False
C:\Users\luise\OneDrive\Documentos\DECAFIA_v2\01_dataset\decafia_clean\images\test\SANAS_SOCORRO_244.jpg,test,SANAS_SOCORRO_244,,,,no_timestamp,,,,False
C:\Users\luise\OneDrive\Documentos\DECAFIA_v2\01_dataset\decafia_clean\images\test\SANAS_SOCORRO_247.jpg,test,SANAS_SOCORRO_247,,,,no_timestamp,,,,False
C:\Users\luise\OneDrive\Documentos\DECAFIA_v2\01_dataset\decafia_clean\images\test\SANAS_SOCORRO_26.jpg,test,SANAS_SOCORRO_26,,,,no_timestamp,,,,False
C:\Users\luise\OneDrive\Documentos\DECAFIA_v2\01_dataset\decafia_clean\images\test\SANAS_SOCORRO_283.jpg,test,SANAS_SOCORRO_283,,,,no_timestamp,,,,False
C:\Users\luise\OneDrive\Documentos\DECAFIA_v2\01_dataset\decafia_clean\images\test\SANAS_SOCORRO_295.jpg,test,SANAS_SOCORRO_295,,,,no_timestamp,,,,False
C:\Users\luise\OneDrive\Documentos\DECAFIA_v2\01_dataset\decafia_clean\images\test\SANAS_SOCORRO_30.jpg,test,SANAS_SOCORRO_30,,,,no_timestamp,,,,False
C:\Users\luise\OneDrive\Documentos\DECAFIA_v2\01_dataset\decafia_clean\images\test\SANAS_SOCORRO_315.jpg,test,SANAS_SOCORRO_315,,,,no_timestamp,,,,False
C:\Users\luise\OneDrive\Documentos\DECAFIA_v2\01_dataset\decafia_clean\images\test\SANAS_SOCORRO_324.jpg,test,SANAS_SOCORRO_324,,,,no_timestamp,,,,False
C:\Users\luise\OneDrive\Documentos\DECAFIA_v2\01_dataset\decafia_clean\images\test\SANAS_SOCORRO_337.jpg,test,SANAS_SOCORRO_337,,,,no_timestamp,,,,False
C:\Users\luise\OneDrive\Documentos\DECAFIA_v2\01_dataset\decafia_clean\images\test\SANAS_SOCORRO_354.jpg,test,SANAS_SOCORRO_354,,,,no_timestamp,,,,False
C:\Users\luise\OneDrive\Documentos\DECAFIA_v2\01_dataset\decafia_clean\images\test\SANAS_SOCORRO_355.jpg,test,SANAS_SOCORRO_355,,,,no_timestamp,,,,False
C:\Users\luise\OneDrive\Documentos\DECAFIA_v2\01_dataset\decafia_clean\images\test\SANAS_SOCORRO_36.jpg,test,SANAS_SOCORRO_36,,,,no_timestamp,,,,False
C:\Users\luise\OneDrive\Documentos\DECAFIA_v2\01_dataset\decafia_clean\images\test\SANAS_SOCORRO_366.jpg,test,SANAS_SOCORRO_366,,,,no_timestamp,,,,False
C:\Users\luise\OneDrive\Documentos\DECAFIA_v2\01_dataset\decafia_clean\images\test\SANAS_SOCORRO_374.jpg,test,SANAS_SOCORRO_374,,,,no_timestamp,,,,False
C:\Users\luise\OneDrive\Documentos\DECAFIA_v2\01_dataset\decafia_clean\images\test\SANAS_SOCORRO_375.jpg,test,SANAS_SOCORRO_375,,,,no_timestamp,,,,False
C:\Users\luise\OneDrive\Documentos\DECAFIA_v2\01_dataset\decafia_clean\images\test\SANAS_SOCORRO_383.jpg,test,SANAS_SOCORRO_383,,,,no_timestamp,,,,False
C:\Users\luise\OneDrive\Documentos\DECAFIA_v2\01_dataset\decafia_clean\images\test\SANAS_SOCORRO_389.jpg,test,SANAS_SOCORRO_389,,,,no_timestamp,,,,False
C:\Users\luise\OneDrive\Documentos\DECAFIA_v2\01_dataset\decafia_clean\images\test\SANAS_SOCORRO_403.jpg,test,SANAS_SOCORRO_403,,,,no_timestamp,,,,False
C:\Users\luise\OneDrive\Documentos\DECAFIA_v2\01_dataset\decafia_clean\images\test\SANAS_SOCORRO_404.jpg,test,SANAS_SOCORRO_404,,,,no_timestamp,,,,False
C:\Users\luise\OneDrive\Documentos\DECAFIA_v2\01_dataset\decafia_clean\images\test\SANAS_SOCORRO_414.jpg,test,SANAS_SOCORRO_414,,,,no_timestamp,,,,False
C:\Users\luise\OneDrive\Documentos\DECAFIA_v2\01_dataset\decafia_clean\images\test\SANAS_SOCORRO_415.jpg,test,SANAS_SOCORRO_415,,,,no_timestamp,,,,False
C:\Users\luise\OneDrive\Documentos\DECAFIA_v2\01_dataset\decafia_clean\images\test\SANAS_SOCORRO_422.jpg,test,SANAS_SOCORRO_422,,,,no_timestamp,,,,False
C:\Users\luise\OneDrive\Documentos\DECAFIA_v2\01_dataset\decafia_clean\images\test\SANAS_SOCORRO_423.jpg,test,SANAS_SOCORRO_423,,,,no_timestamp,,,,False
C:\Users\luise\OneDrive\Documentos\DECAFIA_v2\01_dataset\decafia_clean\images\test\SANAS_SOCORRO_425.jpg,test,SANAS_SOCORRO_425,,,,no_timestamp,,,,False
C:\Users\luise\OneDrive\Documentos\DECAFIA_v2\01_dataset\decafia_clean\images\test\SANAS_SOCORRO_429.jpg,test,SANAS_SOCORRO_429,,,,no_timestamp,,,,False
C:\Users\luise\OneDrive\Documentos\DECAFIA_v2\01_dataset\decafia_clean\images\test\SANAS_SOCORRO_43.jpg,test,SANAS_SOCORRO_43,,,,no_timestamp,,,,False
C:\Users\luise\OneDrive\Documentos\DECAFIA_v2\01_dataset\decafia_clean\images\test\SANAS_SOCORRO_430.jpg,test,SANAS_SOCORRO_430,,,,no_timestamp,,,,False
C:\Users\luise\OneDrive\Documentos\DECAFIA_v2\01_dataset\decafia_clean\images\test\SANAS_SOCORRO_437.jpg,test,SANAS_SOCORRO_437,,,,no_timestamp,,,,False
C:\Users\luise\OneDrive\Documentos\DECAFIA_v2\01_dataset\decafia_clean\images\test\SANAS_SOCORRO_438.jpg,test,SANAS_SOCORRO_438,,,,no_timestamp,,,,False
C:\Users\luise\OneDrive\Documentos\DECAFIA_v2\01_dataset\decafia_clean\images\test\SANAS_SOCORRO_443.jpg,test,SANAS_SOCORRO_443,,,,no_timestamp,,,,False
C:\Users\luise\OneDrive\Documentos\DECAFIA_v2\01_dataset\decafia_clean\images\test\SANAS_SOCORRO_450.jpg,test,SANAS_SOCORRO_450,,,,no_timestamp,,,,False
C:\Users\luise\OneDrive\Documentos\DECAFIA_v2\01_dataset\decafia_clean\images\test\SANAS_SOCORRO_469.jpg,test,SANAS_SOCORRO_469,,,,no_timestamp,,,,False
C:\Users\luise\OneDrive\Documentos\DECAFIA_v2\01_dataset\decafia_clean\images\test\SANAS_SOCORRO_47.jpg,test,SANAS_SOCORRO_47,,,,no_timestamp,,,,False
C:\Users\luise\OneDrive\Documentos\DECAFIA_v2\01_dataset\decafia_clean\images\test\SANAS_SOCORRO_477.jpg,test,SANAS_SOCORRO_477,,,,no_timestamp,,,,False
C:\Users\luise\OneDrive\Documentos\DECAFIA_v2\01_dataset\decafia_clean\images\test\SANAS_SOCORRO_483.jpg,test,SANAS_SOCORRO_483,,,,no_timestamp,,,,False
C:\Users\luise\OneDrive\Documentos\DECAFIA_v2\01_dataset\decafia_clean\images\test\SANAS_SOCORRO_496.jpg,test,SANAS_SOCORRO_496,,,,no_timestamp,,,,False
C:\Users\luise\OneDrive\Documentos\DECAFIA_v2\01_dataset\decafia_clean\images\test\SANAS_SOCORRO_502.jpg,test,SANAS_SOCORRO_502,,,,no_timestamp,,,,False
C:\Users\luise\OneDrive\Documentos\DECAFIA_v2\01_dataset\decafia_clean\images\test\SANAS_SOCORRO_506.jpg,test,SANAS_SOCORRO_506,,,,no_timestamp,,,,False
C:\Users\luise\OneDrive\Documentos\DECAFIA_v2\01_dataset\decafia_clean\images\test\SANAS_SOCORRO_74.jpg,test,SANAS_SOCORRO_74,,,,no_timestamp,,,,False
C:\Users\luise\OneDrive\Documentos\DECAFIA_v2\01_dataset\decafia_clean\images\test\SANAS_SOCORRO_8.jpg,test,SANAS_SOCORRO_8,,,,no_timestamp,,,,False
C:\Users\luise\OneDrive\Documentos\DECAFIA_v2\01_dataset\decafia_clean\images\test\SANAS_SOCORRO_93.jpg,test,SANAS_SOCORRO_93,,,,no_timestamp,,,,False
