filepath,split,stem,phash,phash_flip,dhash
C:\Users\luise\OneDrive\Documentos\DECAFIA_v2\01_dataset\decafia_clean\images\train\COCO_M_A_1.jpg,train,COCO_M_A_1,14702343984535562624,11059823226237660383,10743772379681102722
C:\Users\luise\OneDrive\Documentos\DECAFIA_v2\01_dataset\decafia_clean\images\train\COCO_M_A_101.jpg,train,COCO_M_A_101,10448749415058285647,14147002074289860874,2623137064610408174
C:\Users\luise\OneDrive\Documentos\DECAFIA_v2\01_dataset\decafia_clean\images\train\COCO_M_A_104.jpg,train,COCO_M_A_104,13495460379774084531,17157818220164329634,2607210414235394720
C:\Users\luise\OneDrive\Documentos\DECAFIA_v2\01_dataset\decafia_clean\images\train\COCO_M_A_11.jpg,train,COCO_M_A_11,18032559965124716491,12328534617230750366,16426308895392719868
C:\Users\luise\OneDrive\Documentos\DECAFIA_v2\01_dataset\decafia_clean\images\train\COCO_M_A_12.jpg,train,COCO_M_A_12,14022079932540962650,10938181625865409039,15583408447490383548
C:\Users\luise\OneDrive\Documentos\DECAFIA_v2\01_dataset\decafia_clean\images\train\COCO_M_A_14.jpg,train,COCO_M_A_14,14812001412855184496,11014566207155890477,2061117255350905965
C:\Users\luise\OneDrive\Documentos\DECAFIA_v2\01_dataset\decafia_clean\images\train\COCO_M_A_15.jpg,train,COCO_M_A_15,18279457958824383060,12139729041015310081,14451309299491059906
C:\Users\luise\OneDrive\Documentos\DECAFIA_v2\01_dataset\decafia_clean\images\train\COCO_M_A_17.jpg,train,COCO_M_A_17,14136165029624800342,10482667339814909251,12184518724469854084
C:\Users\luise\OneDrive\Documentos\DECAFIA_v2\01_dataset\decafia_clean\images\train\COCO_M_A_18.jpg,train,COCO_M_A_18,12277325436901753135,18389471795187078250,3485821710421753858
C:\Users\luise\OneDrive\Documentos\DECAFIA_v2\01_dataset\decafia_clean\images\train\COCO_M_A_19.jpg,train,COCO_M_A_19,11362384618415994744,14481915904910715437,11069152450614610715
C:\Users\luise\OneDrive\Documentos\DECAFIA_v2\01_dataset\decafia_clean\images\train\COCO_M_A_20.jpg,train,COCO_M_A_20,12142104269610838014,18290293005968806571,8387023381517946584
C:\Users\luise\OneDrive\Documentos\DECAFIA_v2\01_dataset\decafia_clean\images\train\COCO_M_A_21.jpg,train,COCO_M_A_21,9621710246044958871,15047510593314117057,12148753646736754952
C:\Users\luise\OneDrive\Documentos\DECAFIA_v2\01_dataset\decafia_clean\images\train\COCO_M_A_23.jpg,train,COCO_M_A_23,18069995450611043896,12650840372810734381,17363888839551412464
C:\Users\luise\OneDrive\Documentos\DECAFIA_v2\01_dataset\decafia_clean\images\train\COCO_M_A_24.jpg,train,COCO_M_A_24,15168863956652481724,9788560818536188329,1740342051100092704
C:\Users\luise\OneDrive\Documentos\DECAFIA_v2\01_dataset\decafia_clean\images\train\COCO_M_A_26.jpg,train,COCO_M_A_26,17891329819089623347,12474567416101571686,18156526746381974007
C:\Users\luise\OneDrive\Documentos\DECAFIA_v2\01_dataset\decafia_clean\images\train\COCO_M_A_28.jpg,train,COCO_M_A_28,13153031120551209562,16419457147496676111,14691716510508246003
C:\Users\luise\OneDrive\Documentos\DECAFIA_v2\01_dataset\decafia_clean\images\train\COCO_M_A_29.jpg,train,COCO_M_A_29,17338724483309982811,11946593339741721486,11200723826762871410
C:\Users\luise\OneDrive\Documentos\DECAFIA_v2\01_dataset\decafia_clean\images\train\COCO_M_A_31.jpg,train,COCO_M_A_31,17358781245904033170,11940048424017324171,3709943934882113517
C:\Users\luise\OneDrive\Documentos\DECAFIA_v2\01_dataset\decafia_clean\images\train\COCO_M_A_32.jpg,train,COCO_M_A_32,10485921619246753132,14145858599408103449,2677182459126437455
C:\Users\luise\OneDrive\Documentos\DECAFIA_v2\01_dataset\decafia_clean\images\train\COCO_M_A_33.jpg,train,COCO_M_A_33,10740782520322288275,13860304615412441028,5612509501064704883
C:\Users\luise\OneDrive\Documentos\DECAFIA_v2\01_dataset\decafia_clean\images\train\COCO_M_A_38.jpg,train,COCO_M_A_38,10669788830257351242,13926785043285333775,8233444409349279105
C:\Users\luise\OneDrive\Documentos\DECAFIA_v2\01_dataset\decafia_clean\images\train\COCO_M_A_4.jpg,train,COCO_M_A_4,16425156366722603264,12980699474327784789,7258023261266793018
C:\Users\luise\OneDrive\Documentos\DECAFIA_v2\01_dataset\decafia_clean\images\train\COCO_M_A_40.jpg,train,COCO_M_A_40,13924911934439767887,10694477869179234842,2946098788125864311
C:\Users\luise\OneDrive\Documentos\DECAFIA_v2\01_dataset\decafia_clean\images\train\COCO_M_A_41.jpg,train,COCO_M_A_41,10338692795833688973,15721853004167771856,12019557679955123460
C:\Users\luise\OneDrive\Documentos\DECAFIA_v2\01_dataset\decafia_clean\images\train\COCO_M_A_42.jpg,train,COCO_M_A_42,17887667910334447807,12495402386331194858,12536878857902682748
C:\Users\luise\OneDrive\Documentos\DECAFIA_v2\01_dataset\decafia_clean\images\train\COCO_M_A_43.jpg,train,COCO_M_A_43,16116195061754129066,9871168279489752479,14016836532286887878
C:\Users\luise\OneDrive\Documentos\DECAFIA_v2\01_dataset\decafia_clean\images\train\COCO_M_A_44.jpg,train,COCO_M_A_44,11627537740158300235,17584334352220170142,14812100791663337488
C:\Users\luise\OneDrive\Documentos\DECAFIA_v2\01_dataset\decafia_clean\images\train\COCO_M_A_45.jpg,train,COCO_M_A_45,10955809224803917111,14510192437877000290,9569738585696200142
C:\Users\luise\OneDrive\Documentos\DECAFIA_v2\01_dataset\decafia_clean\images\train\COCO_M_A_46.jpg,train,COCO_M_A_46,10217080335865508114,15681262578845164631,6493693810125082947
C:\Users\luise\OneDrive\Documentos\DECAFIA_v2\01_dataset\decafia_clean\images\train\COCO_M_A_47.jpg,train,COCO_M_A_47,14037837118810830439,10918202341464629794,17748170594522668282
C:\Users\luise\OneDrive\Documentos\DECAFIA_v2\01_dataset\decafia_clean\images\train\COCO_M_A_48.jpg,train,COCO_M_A_48,15200063923465864864,9773986361827439525,8594890361875629685
C:\Users\luise\OneDrive\Documentos\DECAFIA_v2\01_dataset\decafia_clean\images\train\COCO_M_A_49.jpg,train,COCO_M_A_49,11377265813691069669,14461480271164481968,7533969180350418572
C:\Users\luise\OneDrive\Documentos\DECAFIA_v2\01_dataset\decafia_clean\images\train\COCO_M_A_50.jpg,train,COCO_M_A_50,17989848946404579093,12465573545956354786,17063831008179351005
C:\Users\luise\OneDrive\Documentos\DECAFIA_v2\01_dataset\decafia_clean\images\train\COCO_M_A_51.jpg,train,COCO_M_A_51,9728966611158459355,15154945638227588238,5844294669354373796
C:\Users\luise\OneDrive\Documentos\DECAFIA_v2\01_dataset\decafia_clean\images\train\COCO_M_A_53.jpg,train,COCO_M_A_53,17374448563150430146,11820583150368934551,12011002598550956321
C:\Users\luise\OneDrive\Documentos\DECAFIA_v2\01_dataset\decafia_clean\images\train\COCO_M_A_54.jpg,train,COCO_M_A_54,16895119152410150208,13775051175401066655,11020582036454537288
C:\Users\luise\OneDrive\Documentos\DECAFIA_v2\01_dataset\decafia_clean\images\train\COCO_M_A_55.jpg,train,COCO_M_A_55,17948745019854589280,12412929012382030389,16922143142630517101
C:\Users\luise\OneDrive\Documentos\DECAFIA_v2\01_dataset\decafia_clean\images\train\COCO_M_A_59.jpg,train,COCO_M_A_59,18246845111751852605,12280900162315786088,8210309446152355711
C:\Users\luise\OneDrive\Documentos\DECAFIA_v2\01_dataset\decafia_clean\images\train\COCO_M_A_6.jpg,train,COCO_M_A_6,14138610154907865695,10476422044916827914,10474588992251039244
C:\Users\luise\OneDrive\Documentos\DECAFIA_v2\01_dataset\decafia_clean\images\train\COCO_M_A_61.jpg,train,COCO_M_A_61,12554693453744507424,18117539644626197861,9564599535831361626
C:\Users\luise\OneDrive\Documentos\DECAFIA_v2\01_dataset\decafia_clean\images\train\COCO_M_A_62.jpg,train,COCO_M_A_62,14028551435331383737,10951127434869368012,15681030489428451134
C:\Users\luise\OneDrive\Documentos\DECAFIA_v2\01_dataset\decafia_clean\images\train\COCO_M_A_63.jpg,train,COCO_M_A_63,15355426349937035148,9244829787731972809,14323422806404194205
C:\Users\luise\OneDrive\Documentos\DECAFIA_v2\01_dataset\decafia_clean\images\train\COCO_M_A_67.jpg,train,COCO_M_A_67,10993637499273530681,15980295789080057956,218221511832424185
C:\Users\luise\OneDrive\Documentos\DECAFIA_v2\01_dataset\decafia_clean\images\train\COCO_M_A_68.jpg,train,COCO_M_A_68,13726115096257667202,16944971309476408235,17424937735949939602
C:\Users\luise\OneDrive\Documentos\DECAFIA_v2\01_dataset\decafia_clean\images\train\COCO_M_A_69.jpg,train,COCO_M_A_69,13896533136578297476,10704829917581069265,3899077603503258041
C:\Users\luise\OneDrive\Documentos\DECAFIA_v2\01_dataset\decafia_clean\images\train\COCO_M_A_70.jpg,train,COCO_M_A_70,18302340817982957148,12298115984175460873,8430414943672886424
C:\Users\luise\OneDrive\Documentos\DECAFIA_v2\01_dataset\decafia_clean\images\train\COCO_M_A_71.jpg,train,COCO_M_A_71,15723219117636951493,10331623883302819986,5675427451961321030
C:\Users\luise\OneDrive\Documentos\DECAFIA_v2\01_dataset\decafia_clean\images\train\COCO_M_A_72.jpg,train,COCO_M_A_72,16803100401251145358,13575484923259716569,4855848486022479100
C:\Users\luise\OneDrive\Documentos\DECAFIA_v2\01_dataset\decafia_clean\images\train\COCO_M_A_73.jpg,train,COCO_M_A_73,12554494660528483157,18117929854082216448,11295239877315549596
C:\Users\luise\OneDrive\Documentos\DECAFIA_v2\01_dataset\decafia_clean\images\train\COCO_M_A_74.jpg,train,COCO_M_A_74,11723018524723791198,17790857254533665291,14445033537331042612
C:\Users\luise\OneDrive\Documentos\DECAFIA_v2\01_dataset\decafia_clean\images\train\COCO_M_A_75.jpg,train,COCO_M_A_75,10191710150297859429,15574977165918888112,5048268585257733508
C:\Users\luise\OneDrive\Documentos\DECAFIA_v2\01_dataset\decafia_clean\images\train\COCO_M_A_78.jpg,train,COCO_M_A_78,12440908325024990069,18010925571630290466,6455936841872880280
C:\Users\luise\OneDrive\Documentos\DECAFIA_v2\01_dataset\decafia_clean\images\train\COCO_M_A_79.jpg,train,COCO_M_A_79,13900988868745339312,10502159778169283809,14131758103607002409
C:\Users\luise\OneDrive\Documentos\DECAFIA_v2\01_dataset\decafia_clean\images\train\COCO_M_A_8.jpg,train,COCO_M_A_8,16883580681719999651,13698774036144994790,13614646625593258208
C:\Users\luise\OneDrive\Documentos\DECAFIA_v2\01_dataset\decafia_clean\images\train\COCO_M_A_80.jpg,train,COCO_M_A_80,16570348927223206540,13303811257433804697,9865689584764080228
C:\Users\luise\OneDrive\Documentos\DECAFIA_v2\01_dataset\decafia_clean\images\train\COCO_M_A_82.jpg,train,COCO_M_A_82,15003577621088371197,9611313892540830888,8410229463090450030
C:\Users\luise\OneDrive\Documentos\DECAFIA_v2\01_dataset\decafia_clean\images\train\COCO_M_A_83.jpg,train,COCO_M_A_83,18083193365031554305,12511349251327742036,14754711448707616484
C:\Users\luise\OneDrive\Documentos\DECAFIA_v2\01_dataset\decafia_clean\images\train\COCO_M_A_85.jpg,train,COCO_M_A_85,13906693232445778027,10784760484345625916,16112505197810032220
C:\Users\luise\OneDrive\Documentos\DECAFIA_v2\01_dataset\decafia_clean\images\train\COCO_M_A_86.jpg,train,COCO_M_A_86,12083968465810508893,16350235015633508616,12802409113134991784
C:\Users\luise\OneDrive\Documentos\DECAFIA_v2\01_dataset\decafia_clean\images\train\COCO_M_A_87.jpg,train,COCO_M_A_87,10646308772604986190,14333299796363417115,15111181363089445671
C:\Users\luise\OneDrive\Documentos\DECAFIA_v2\01_dataset\decafia_clean\images\train\COCO_M_A_88.jpg,train,COCO_M_A_88,17666096957249152389,11565174334364315856,16421797633548091263
C:\Users\luise\OneDrive\Documentos\DECAFIA_v2\01_dataset\decafia_clean\images\train\COCO_M_A_93.jpg,train,COCO_M_A_93,9983683483331118648,16129776670251323721,9511613815166604926
C:\Users\luise\OneDrive\Documentos\DECAFIA_v2\01_dataset\decafia_clean\images\train\COCO_M_A_94.jpg,train,COCO_M_A_94,10570135426759891378,14332140101382848544,7377744557393420949
C:\Users\luise\OneDrive\Documentos\DECAFIA_v2\01_dataset\decafia_clean\images\train\COCO_M_A_95.jpg,train,COCO_M_A_95,12163282171039699631,17981177334777807802,5640930875948158008
C:\Users\luise\OneDrive\Documentos\DECAFIA_v2\01_dataset\decafia_clean\images\train\COCO_M_A_97.jpg,train,COCO_M_A_97,13450889308627333386,17005167343988450330,17929097176681455181
C:\Users\luise\OneDrive\Documentos\DECAFIA_v2\01_dataset\decafia_clean\images\train\COCO_M_A_98.jpg,train,COCO_M_A_98,10633535738929360309,14322780794233909472,5721655338133901941
C:\Users\luise\OneDrive\Documentos\DECAFIA_v2\01_dataset\decafia_clean\images\train\COCO_M_A_99.jpg,train,COCO_M_A_99,9999184415418890904,16109763309158098757,10996697436122301636
C:\Users\luise\OneDrive\Documentos\DECAFIA_v2\01_dataset\decafia_clean\images\train\COCO_Muy_A_1.jpg,train,COCO_Muy_A_1,12303917520006103647,18122514170522506762,1605325807511059544
C:\Users\luise\OneDrive\Documentos\DECAFIA_v2\01_dataset\decafia_clean\images\train\COCO_Muy_A_100.jpg,train,COCO_Muy_A_100,14722472238266214178,11026482218774917717,14869512804605218691
C:\Users\luise\OneDrive\Documentos\DECAFIA_v2\01_dataset\decafia_clean\images\train\COCO_Muy_A_101.jpg,train,COCO_Muy_A_101,16924675901850950264,12652250014456860457,15634512638342654114
C:\Users\luise\OneDrive\Documentos\DECAFIA_v2\01_dataset\decafia_clean\images\train\COCO_Muy_A_102.jpg,train,COCO_Muy_A_102,18251629780649786529,12114548586000640500,16643326136530559224
C:\Users\luise\OneDrive\Documentos\DECAFIA_v2\01_dataset\decafia_clean\images\train\COCO_Muy_A_105.jpg,train,COCO_Muy_A_105,10853370051393065802,14108571243690116109,12883536025360771685
C:\Users\luise\OneDrive\Documentos\DECAFIA_v2\01_dataset\decafia_clean\images\train\COCO_Muy_A_106.jpg,train,COCO_Muy_A_106,10183601642733622561,15566268698904596596,12510802985158790248
C:\Users\luise\OneDrive\Documentos\DECAFIA_v2\01_dataset\decafia_clean\images\train\COCO_Muy_A_107.jpg,train,COCO_Muy_A_107,18044745741381969753,12627677674723471884,8717549197697532884
C:\Users\luise\OneDrive\Documentos\DECAFIA_v2\01_dataset\decafia_clean\images\train\COCO_Muy_A_108.jpg,train,COCO_Muy_A_108,10616526128176465259,14267455531165274302,17213746302248281748
C:\Users\luise\OneDrive\Documentos\DECAFIA_v2\01_dataset\decafia_clean\images\train\COCO_Muy_A_109.jpg,train,COCO_Muy_A_109,15528479055956800039,9427555992309376886,16416521344587250151
C:\Users\luise\OneDrive\Documentos\DECAFIA_v2\01_dataset\decafia_clean\images\train\COCO_Muy_A_11.jpg,train,COCO_Muy_A_11,15327273742324584503,9358549431193479970,17817299787780168734
C:\Users\luise\OneDrive\Documentos\DECAFIA_v2\01_dataset\decafia_clean\images\train\COCO_Muy_A_110.jpg,train,COCO_Muy_A_110,17372828126884806080,11839042543058036883,7795497198940336341
C:\Users\luise\OneDrive\Documentos\DECAFIA_v2\01_dataset\decafia_clean\images\train\COCO_Muy_A_114.jpg,train,COCO_Muy_A_114,16154857455653681069,13070783227245621496,3197688211492469884
C:\Users\luise\OneDrive\Documentos\DECAFIA_v2\01_dataset\decafia_clean\images\train\COCO_Muy_A_12.jpg,train,COCO_Muy_A_12,16186322748314704457,13111117277339193180,7451568944029880138
C:\Users\luise\OneDrive\Documentos\DECAFIA_v2\01_dataset\decafia_clean\images\train\COCO_Muy_A_13.jpg,train,COCO_Muy_A_13,13358452817822272881,17021239732128552996,3486033368099910119
C:\Users\luise\OneDrive\Documentos\DECAFIA_v2\01_dataset\decafia_clean\images\train\COCO_Muy_A_15.jpg,train,COCO_Muy_A_15,14321480931476892986,10634487811402807919,2043605474860437896
C:\Users\luise\OneDrive\Documentos\DECAFIA_v2\01_dataset\decafia_clean\images\train\COCO_Muy_A_16.jpg,train,COCO_Muy_A_16,13784082968637981840,16870399784826474949,15048257703178715281
C:\Users\luise\OneDrive\Documentos\DECAFIA_v2\01_dataset\decafia_clean\images\train\COCO_Muy_A_2.jpg,train,COCO_Muy_A_2,18415832483234188315,9423073340938475854,10535955205050462940
C:\Users\luise\OneDrive\Documentos\DECAFIA_v2\01_dataset\decafia_clean\images\train\COCO_Muy_A_20.jpg,train,COCO_Muy_A_20,15690334188233258049,10298068260296991510,12652194385455943195
C:\Users\luise\OneDrive\Documentos\DECAFIA_v2\01_dataset\decafia_clean\images\train\COCO_Muy_A_21.jpg,train,COCO_Muy_A_21,11706679454048834689,17808129738358949332,4887023590240183348
C:\Users\luise\OneDrive\Documentos\DECAFIA_v2\01_dataset\decafia_clean\images\train\COCO_Muy_A_22.jpg,train,COCO_Muy_A_22,14586653502637916002,11329756243291400759,13320693382310750173
C:\Users\luise\OneDrive\Documentos\DECAFIA_v2\01_dataset\decafia_clean\images\train\COCO_Muy_A_23.jpg,train,COCO_Muy_A_23,13677924698907431080,16754662053720753661,7611613308162772211
C:\Users\luise\OneDrive\Documentos\DECAFIA_v2\01_dataset\decafia_clean\images\train\COCO_Muy_A_24.jpg,train,COCO_Muy_A_24,16566045549730223819,12732589824393937822,15309303557403012533
C:\Users\luise\OneDrive\Documentos\DECAFIA_v2\01_dataset\decafia_clean\images\train\COCO_Muy_A_25.jpg,train,COCO_Muy_A_25,13679202460124073320,16898384844848576573,1023046647437444262
C:\Users\luise\OneDrive\Documentos\DECAFIA_v2\01_dataset\decafia_clean\images\train\COCO_Muy_A_26.jpg,train,COCO_Muy_A_26,11001532788870165621,14841646232666796320,10091876032345998882
C:\Users\luise\OneDrive\Documentos\DECAFIA_v2\01_dataset\decafia_clean\images\train\COCO_Muy_A_27.jpg,train,COCO_Muy_A_27,12496313062245456402,17887884100627566407,13898355430020657603
C:\Users\luise\OneDrive\Documentos\DECAFIA_v2\01_dataset\decafia_clean\images\train\COCO_Muy_A_3.jpg,train,COCO_Muy_A_3,16965757736012531648,13701972689311994525,13473352506377293534
C:\Users\luise\OneDrive\Documentos\DECAFIA_v2\01_dataset\decafia_clean\images\train\COCO_Muy_A_31.jpg,train,COCO_Muy_A_31,10538879903108298757,14363890413848276337,12980046234388143015
C:\Users\luise\OneDrive\Documentos\DECAFIA_v2\01_dataset\decafia_clean\images\train\COCO_Muy_A_35.jpg,train,COCO_Muy_A_35,13575470123725262489,16731039069735656396,3526530442484376559
C:\Users\luise\OneDrive\Documentos\DECAFIA_v2\01_dataset\decafia_clean\images\train\COCO_Muy_A_36.jpg,train,COCO_Muy_A_36,16881610229857161489,13768298297740069988,11292891483764218084
C:\Users\luise\OneDrive\Documentos\DECAFIA_v2\01_dataset\decafia_clean\images\train\COCO_Muy_A_43.jpg,train,COCO_Muy_A_43,18305358326996790592,12347998526476957701,8128464402674119410
C:\Users\luise\OneDrive\Documentos\DECAFIA_v2\01_dataset\decafia_clean\images\train\COCO_Muy_A_44.jpg,train,COCO_Muy_A_44,10367541902363212099,15750703300300991510,6357996474831902661
C:\Users\luise\OneDrive\Documentos\DECAFIA_v2\01_dataset\decafia_clean\images\train\COCO_Muy_A_45.jpg,train,COCO_Muy_A_45,12709076132419468264,17080640722706935481,16249981028765422944
C:\Users\luise\OneDrive\Documentos\DECAFIA_v2\01_dataset\decafia_clean\images\train\COCO_Muy_A_49.jpg,train,COCO_Muy_A_49,15294106115388894272,9325478388744796567,16107035279196566347
C:\Users\luise\OneDrive\Documentos\DECAFIA_v2\01_dataset\decafia_clean\images\train\COCO_Muy_A_5.jpg,train,COCO_Muy_A_5,10670028345640342557,13927341628772155737,226098507930634424
C:\Users\luise\OneDrive\Documentos\DECAFIA_v2\01_dataset\decafia_clean\images\train\COCO_Muy_A_50.jpg,train,COCO_Muy_A_50,11357376855113815262,14829499553851245007,2577972058764289747
C:\Users\luise\OneDrive\Documentos\DECAFIA_v2\01_dataset\decafia_clean\images\train\COCO_Muy_A_52.jpg,train,COCO_Muy_A_52,17723088535426171304,11574385502360828157,10498288073683219632
C:\Users\luise\OneDrive\Documentos\DECAFIA_v2\01_dataset\decafia_clean\images\train\COCO_Muy_A_53.jpg,train,COCO_Muy_A_53,16879637911558741552,13769140592701967205,8680931269243894008
C:\Users\luise\OneDrive\Documentos\DECAFIA_v2\01_dataset\decafia_clean\images\train\COCO_Muy_A_56.jpg,train,COCO_Muy_A_56,17187285113540507840,13461494490173122961,15570174259945200253
C:\Users\luise\OneDrive\Documentos\DECAFIA_v2\01_dataset\decafia_clean\images\train\COCO_Muy_A_57.jpg,train,COCO_Muy_A_57,13783672541659153462,18022330870030094691,16844828856426279634
C:\Users\luise\OneDrive\Documentos\DECAFIA_v2\01_dataset\decafia_clean\images\train\COCO_Muy_A_60.jpg,train,COCO_Muy_A_60,18275818900209445449,12174801134536359708,8352449541035320763
C:\Users\luise\OneDrive\Documentos\DECAFIA_v2\01_dataset\decafia_clean\images\train\COCO_Muy_A_62.jpg,train,COCO_Muy_A_62,17427455642663334983,11857863228380309778,8573415262332728761
C:\Users\luise\OneDrive\Documentos\DECAFIA_v2\01_dataset\decafia_clean\images\train\COCO_Muy_A_64.jpg,train,COCO_Muy_A_64,17942956088491837969,11842068068008744772,2970701573194051056
C:\Users\luise\OneDrive\Documentos\DECAFIA_v2\01_dataset\decafia_clean\images\train\COCO_Muy_A_66.jpg,train,COCO_Muy_A_66,18343121829535883812,12311338670495261553,11500957823284725472
C:\Users\luise\OneDrive\Documentos\DECAFIA_v2\01_dataset\decafia_clean\images\train\COCO_Muy_A_67.jpg,train,COCO_Muy_A_67,14178593572909220080,10489216336187643301,15581919357523849652
C:\Users\luise\OneDrive\Documentos\DECAFIA_v2\01_dataset\decafia_clean\images\train\COCO_Muy_A_68.jpg,train,COCO_Muy_A_68,17021520147250584982,13289492714536290499,17361606193889212663
C:\Users\luise\OneDrive\Documentos\DECAFIA_v2\01_dataset\decafia_clean\images\train\COCO_Muy_A_69.jpg,train,COCO_Muy_A_69,13737270604229545452,17002710929203386521,10075331245339896533
C:\Users\luise\OneDrive\Documentos\DECAFIA_v2\01_dataset\decafia_clean\images\train\COCO_Muy_A_71.jpg,train,COCO_Muy_A_71,12297852332825211534,18446298308735666128,16764702836933407956
C:\Users\luise\OneDrive\Documentos\DECAFIA_v2\01_dataset\decafia_clean\images\train\COCO_Muy_A_72.jpg,train,COCO_Muy_A_72,9928307869354127960,15968988241697507085,872649579091404437
C:\Users\luise\OneDrive\Documentos\DECAFIA_v2\01_dataset\decafia_clean\images\train\COCO_Muy_A_73.jpg,train,COCO_Muy_A_73,16877122791513182873,13790796217294161612,16208720019716889828
C:\Users\luise\OneDrive\Documentos\DECAFIA_v2\01_dataset\decafia_clean\images\train\COCO_Muy_A_74.jpg,train,COCO_Muy_A_74,11125766218526578024,14926050919161692223,12682702005778916868
C:\Users\luise\OneDrive\Documentos\DECAFIA_v2\01_dataset\decafia_clean\images\train\COCO_Muy_A_75.jpg,train,COCO_Muy_A_75,15562252977565362640,9416305473253620865,14101768288202723799
C:\Users\luise\OneDrive\Documentos\DECAFIA_v2\01_dataset\decafia_clean\images\train\COCO_Muy_A_77.jpg,train,COCO_Muy_A_77,18397808554622451756,12251884674602718585,12811981000249638057
C:\Users\luise\OneDrive\Documentos\DECAFIA_v2\01_dataset\decafia_clean\images\train\COCO_Muy_A_78.jpg,train,COCO_Muy_A_78,12314430601525932436,18352432598306940097,12771295504560820804
C:\Users\luise\OneDrive\Documentos\DECAFIA_v2\01_dataset\decafia_clean\images\train\COCO_Muy_A_8.jpg,train,COCO_Muy_A_8,18056554105520067255,12664281718160639970,4855409164160397559
C:\Users\luise\OneDrive\Documentos\DECAFIA_v2\01_dataset\decafia_clean\images\train\COCO_Muy_A_81.jpg,train,COCO_Muy_A_81,9873895048349842728,15299372725524768893,9656576565722811534
C:\Users\luise\OneDrive\Documentos\DECAFIA_v2\01_dataset\decafia_clean\images\train\COCO_Muy_A_83.jpg,train,COCO_Muy_A_83,17449973065403247826,12065027990890342789,15453775518416335670
C:\Users\luise\OneDrive\Documentos\DECAFIA_v2\01_dataset\decafia_clean\images\train\COCO_Muy_A_86.jpg,train,COCO_Muy_A_86,18359070141765785348,12366270313409495633,6434754348922722515
C:\Users\luise\OneDrive\Documentos\DECAFIA_v2\01_dataset\decafia_clean\images\train\COCO_Muy_A_87.jpg,train,COCO_Muy_A_87,11479317177436644788,14563495720435052705,10128188311575053797
C:\Users\luise\OneDrive\Documentos\DECAFIA_v2\01_dataset\decafia_clean\images\train\COCO_Muy_A_88.jpg,train,COCO_Muy_A_88,15583060722785943773,10166087256975791232,10839653920562671041
C:\Users\luise\OneDrive\Documentos\DECAFIA_v2\01_dataset\decafia_clean\images\train\COCO_Muy_A_89.jpg,train,COCO_Muy_A_89,18030871118325180784,12638174318971993125,9291736126370414591
C:\Users\luise\OneDrive\Documentos\DECAFIA_v2\01_dataset\decafia_clean\images\train\COCO_Muy_A_9.jpg,train,COCO_Muy_A_9,10541096178998295924,14347389196929231137,3172652949239337619
C:\Users\luise\OneDrive\Documentos\DECAFIA_v2\01_dataset\decafia_clean\images\train\COCO_Muy_A_91.jpg,train,COCO_Muy_A_91,14964962196263207961,11167641197973750636,9535831921738368716
C:\Users\luise\OneDrive\Documentos\DECAFIA_v2\01_dataset\decafia_clean\images\train\COCO_Muy_A_92.jpg,train,COCO_Muy_A_92,13873371015464884148,10942421334619734753,11253979987775484489
C:\Users\luise\OneDrive\Documentos\DECAFIA_v2\01_dataset\decafia_clean\images\train\COCO_Muy_A_93.jpg,train,COCO_Muy_A_93,14358470874382916214,10526843598861209379,4340403756527561193
C:\Users\luise\OneDrive\Documentos\DECAFIA_v2\01_dataset\decafia_clean\images\train\COCO_Muy_A_96.jpg,train,COCO_Muy_A_96,18404173833404256436,12267127822086882529,18226341422996637695
C:\Users\luise\OneDrive\Documentos\DECAFIA_v2\01_dataset\decafia_clean\images\train\COCO_Muy_A_99.jpg,train,COCO_Muy_A_99,15485947592901797271,9348477892170182855,3204139420331229795
C:\Users\luise\OneDrive\Documentos\DECAFIA_v2\01_dataset\decafia_clean\images\train\COCO_P_A_1.jpg,train,COCO_P_A_1,14045882556486939498,10788841922175120703,16108300812064431783
C:\Users\luise\OneDrive\Documentos\DECAFIA_v2\01_dataset\decafia_clean\images\train\COCO_P_A_14.jpg,train,COCO_P_A_14,14897042046457168455,11234714727986108178,14685847618449218748
C:\Users\luise\OneDrive\Documentos\DECAFIA_v2\01_dataset\decafia_clean\images\train\COCO_P_A_15.jpg,train,COCO_P_A_15,13072301870793720565,17311679049316226984,16211954568835511553
C:\Users\luise\OneDrive\Documentos\DECAFIA_v2\01_dataset\decafia_clean\images\train\COCO_P_A_16.jpg,train,COCO_P_A_16,18080399323488985391,12591833872558224490,18369837682608814820
C:\Users\luise\OneDrive\Documentos\DECAFIA_v2\01_dataset\decafia_clean\images\train\COCO_P_A_18.jpg,train,COCO_P_A_18,13287804276854003918,16514865601380437395,17357120082358095871
C:\Users\luise\OneDrive\Documentos\DECAFIA_v2\01_dataset\decafia_clean\images\train\COCO_P_A_20.jpg,train,COCO_P_A_20,16095645365366435889,14563072737888792420,14165675290765085128
C:\Users\luise\OneDrive\Documentos\DECAFIA_v2\01_dataset\decafia_clean\images\train\COCO_P_A_21.jpg,train,COCO_P_A_21,15631781269517902960,10212593212949618980,15464900972535073645
C:\Users\luise\OneDrive\Documentos\DECAFIA_v2\01_dataset\decafia_clean\images\train\COCO_P_A_22.jpg,train,COCO_P_A_22,16226915628480326694,12998726214143752563,17433989398021340669
C:\Users\luise\OneDrive\Documentos\DECAFIA_v2\01_dataset\decafia_clean\images\train\COCO_P_A_24.jpg,train,COCO_P_A_24,18121025576441202278,12262885645761811249,17503449756380231165
C:\Users\luise\OneDrive\Documentos\DECAFIA_v2\01_dataset\decafia_clean\images\train\COCO_P_A_25.jpg,train,COCO_P_A_25,10634525299457242514,14321511957752635591,1109648743372845681
C:\Users\luise\OneDrive\Documentos\DECAFIA_v2\01_dataset\decafia_clean\images\train\COCO_P_A_26.jpg,train,COCO_P_A_26,16064373415403783263,10350780299185124618,15772405060858711753
C:\Users\luise\OneDrive\Documentos\DECAFIA_v2\01_dataset\decafia_clean\images\train\COCO_P_A_27.jpg,train,COCO_P_A_27,15392158525175207760,9281562547138642437,14251227086480036829
C:\Users\luise\OneDrive\Documentos\DECAFIA_v2\01_dataset\decafia_clean\images\train\COCO_P_A_3.jpg,train,COCO_P_A_3,14563947178890712532,11478830744320147857,873306676733835864
C:\Users\luise\OneDrive\Documentos\DECAFIA_v2\01_dataset\decafia_clean\images\train\COCO_P_A_31.jpg,train,COCO_P_A_31,16142000846962073568,13066795515439303221,1024693441326707290
C:\Users\luise\OneDrive\Documentos\DECAFIA_v2\01_dataset\decafia_clean\images\train\COCO_P_A_32.jpg,train,COCO_P_A_32,18185747191020788745,12192816366663715164,17940345271520125179
C:\Users\luise\OneDrive\Documentos\DECAFIA_v2\01_dataset\decafia_clean\images\train\COCO_P_A_34.jpg,train,COCO_P_A_34,10068625270091434670,15487215018017496955,7073064321492923677
C:\Users\luise\OneDrive\Documentos\DECAFIA_v2\01_dataset\decafia_clean\images\train\COCO_P_A_35.jpg,train,COCO_P_A_35,16773539296638938545,13660192046234564774,6356963901936549985
C:\Users\luise\OneDrive\Documentos\DECAFIA_v2\01_dataset\decafia_clean\images\train\COCO_P_A_36.jpg,train,COCO_P_A_36,18040999443379505174,12613408543508438272,18082755915994689761
C:\Users\luise\OneDrive\Documentos\DECAFIA_v2\01_dataset\decafia_clean\images\train\COCO_P_A_37.jpg,train,COCO_P_A_37,12556841797369213715,18095331364309921350,15446454420462160064
C:\Users\luise\OneDrive\Documentos\DECAFIA_v2\01_dataset\decafia_clean\images\train\COCO_P_A_40.jpg,train,COCO_P_A_40,10706387239621567341,13961703297992521272,6920655168059706515
C:\Users\luise\OneDrive\Documentos\DECAFIA_v2\01_dataset\decafia_clean\images\train\COCO_P_A_41.jpg,train,COCO_P_A_41,17857546868241665293,11711495477789358680,4567575573881022441
C:\Users\luise\OneDrive\Documentos\DECAFIA_v2\01_dataset\decafia_clean\images\train\COCO_P_A_42.jpg,train,COCO_P_A_42,16062439172115892332,10069039442189671738,14740805286862492635
C:\Users\luise\OneDrive\Documentos\DECAFIA_v2\01_dataset\decafia_clean\images\train\COCO_P_A_43.jpg,train,COCO_P_A_43,14245240525692894414,10440495802667579673,5581615534909954582
C:\Users\luise\OneDrive\Documentos\DECAFIA_v2\01_dataset\decafia_clean\images\train\COCO_P_A_44.jpg,train,COCO_P_A_44,10993356026695934397,14827374284204750057,10306284672849514139
C:\Users\luise\OneDrive\Documentos\DECAFIA_v2\01_dataset\decafia_clean\images\train\COCO_P_A_45.jpg,train,COCO_P_A_45,16269036210365665399,13155699958963586418,4734476444691490004
C:\Users\luise\OneDrive\Documentos\DECAFIA_v2\01_dataset\decafia_clean\images\train\COCO_P_A_46.jpg,train,COCO_P_A_46,16371875211417300284,13214055632180115817,18154565338400358143
C:\Users\luise\OneDrive\Documentos\DECAFIA_v2\01_dataset\decafia_clean\images\train\COCO_P_A_47.jpg,train,COCO_P_A_47,11953742041726114392,17344325718920236813,14524208411875788129
C:\Users\luise\OneDrive\Documentos\DECAFIA_v2\01_dataset\decafia_clean\images\train\COCO_P_A_50.jpg,train,COCO_P_A_50,10636721983106393405,14324946688936013929,16485007733638891200
C:\Users\luise\OneDrive\Documentos\DECAFIA_v2\01_dataset\decafia_clean\images\train\COCO_P_A_53.jpg,train,COCO_P_A_53,15004386724448208378,9326707644226228366,9110348227419011869
C:\Users\luise\OneDrive\Documentos\DECAFIA_v2\01_dataset\decafia_clean\images\train\COCO_P_A_54.jpg,train,COCO_P_A_54,12989463506144582305,16219306592547408372,5761073434591322438
C:\Users\luise\OneDrive\Documentos\DECAFIA_v2\01_dataset\decafia_clean\images\train\COCO_P_A_57.jpg,train,COCO_P_A_57,13792767078098934474,16878530158742409114,17363893211961094497
C:\Users\luise\OneDrive\Documentos\DECAFIA_v2\01_dataset\decafia_clean\images\train\COCO_P_A_58.jpg,train,COCO_P_A_58,15648278532082439786,10123122467450929982,17036002390406231655
C:\Users\luise\OneDrive\Documentos\DECAFIA_v2\01_dataset\decafia_clean\images\train\COCO_P_A_59.jpg,train,COCO_P_A_59,16862467731947796647,13786873413289725424,1978479901646584061
C:\Users\luise\OneDrive\Documentos\DECAFIA_v2\01_dataset\decafia_clean\images\train\COCO_P_A_6.jpg,train,COCO_P_A_6,12382810097771904291,18342529587541780594,99339771507667056
C:\Users\luise\OneDrive\Documentos\DECAFIA_v2\01_dataset\decafia_clean\images\train\COCO_P_A_60.jpg,train,COCO_P_A_60,18319959114292079676,12351338122802002281,14186586151824456426
C:\Users\luise\OneDrive\Documentos\DECAFIA_v2\01_dataset\decafia_clean\images\train\COCO_P_A_61.jpg,train,COCO_P_A_61,17293932347948738397,13066410928404886025,4574387807215671280
C:\Users\luise\OneDrive\Documentos\DECAFIA_v2\01_dataset\decafia_clean\images\train\COCO_P_A_62.jpg,train,COCO_P_A_62,17728289338099279774,11768711116271973067,18301489765564874751
C:\Users\luise\OneDrive\Documentos\DECAFIA_v2\01_dataset\decafia_clean\images\train\COCO_P_A_63.jpg,train,COCO_P_A_63,12472389215133173262,17889290293454857051,14034009052827630605
C:\Users\luise\OneDrive\Documentos\DECAFIA_v2\01_dataset\decafia_clean\images\train\COCO_P_A_64.jpg,train,COCO_P_A_64,17745463704887193246,11746470215997078475,18157374573228094335
C:\Users\luise\OneDrive\Documentos\DECAFIA_v2\01_dataset\decafia_clean\images\train\COCO_P_A_65.jpg,train,COCO_P_A_65,16513175422611502375,12718095920037453938,14263446446978760687
C:\Users\luise\OneDrive\Documentos\DECAFIA_v2\01_dataset\decafia_clean\images\train\COCO_P_A_66.jpg,train,COCO_P_A_66,16226915628480326694,12998726214143752563,17433988846105410831
C:\Users\luise\OneDrive\Documentos\DECAFIA_v2\01_dataset\decafia_clean\images\train\COCO_P_A_68.jpg,train,COCO_P_A_68,14158511933321525453,10459740735272349080,15977783153781257785
C:\Users\luise\OneDrive\Documentos\DECAFIA_v2\01_dataset\decafia_clean\images\train\COCO_P_A_69.jpg,train,COCO_P_A_69,16871475435867617438,13787436902267383241,1834364679346256124
C:\Users\luise\OneDrive\Documentos\DECAFIA_v2\01_dataset\decafia_clean\images\train\COCO_P_A_7.jpg,train,COCO_P_A_7,14633755172339275220,13783512531614466199,903072630036937352
C:\Users\luise\OneDrive\Documentos\DECAFIA_v2\01_dataset\decafia_clean\images\train\COCO_P_A_70.jpg,train,COCO_P_A_70,14478853118474428579,11365516890796782676,6115359417989549676
C:\Users\luise\OneDrive\Documentos\DECAFIA_v2\01_dataset\decafia_clean\images\train\COCO_P_A_71.jpg,train,COCO_P_A_71,12226487633823704250,18228355690119950791,5596928007192466939
C:\Users\luise\OneDrive\Documentos\DECAFIA_v2\01_dataset\decafia_clean\images\train\COCO_P_A_72.jpg,train,COCO_P_A_72,12508066556303723179,17348078066982199278,3543084671606471000
C:\Users\luise\OneDrive\Documentos\DECAFIA_v2\01_dataset\decafia_clean\images\train\COCO_P_A_73.jpg,train,COCO_P_A_73,13895696511196278881,15384924216640693556,5698519621723638856
C:\Users\luise\OneDrive\Documentos\DECAFIA_v2\01_dataset\decafia_clean\images\train\COCO_P_A_74.jpg,train,COCO_P_A_74,16589438490580990534,12928939788820606737,14177580526734162194
C:\Users\luise\OneDrive\Documentos\DECAFIA_v2\01_dataset\decafia_clean\images\train\COCO_P_A_75.jpg,train,COCO_P_A_75,17379358375689585592,11851986621654454957,17478858718566638134
C:\Users\luise\OneDrive\Documentos\DECAFIA_v2\01_dataset\decafia_clean\images\train\COCO_P_A_76.jpg,train,COCO_P_A_76,13991383620353175819,10916219793238123614,4355638994519399957
C:\Users\luise\OneDrive\Documentos\DECAFIA_v2\01_dataset\decafia_clean\images\train\COCO_P_A_8.jpg,train,COCO_P_A_8,16410444777624590403,13180005867253075718,14535856221928963700
C:\Users\luise\OneDrive\Documentos\DECAFIA_v2\01_dataset\decafia_clean\images\train\COCO_RECORTE_1.jpg,train,COCO_RECORTE_1,12659243553849252040,18085025245986737308,2346534536158425256
C:\Users\luise\OneDrive\Documentos\DECAFIA_v2\01_dataset\decafia_clean\images\train\COCO_RECORTE_100.jpg,train,COCO_RECORTE_100,13258369054905794666,16332978313676997947,16276522008713916529
C:\Users\luise\OneDrive\Documentos\DECAFIA_v2\01_dataset\decafia_clean\images\train\COCO_RECORTE_103.jpg,train,COCO_RECORTE_103,12104862931329031040,17485306809240260245,9333033169922962451
C:\Users\luise\OneDrive\Documentos\DECAFIA_v2\01_dataset\decafia_clean\images\train\COCO_RECORTE_104.jpg,train,COCO_RECORTE_104,10896147459571564124,14007238514037287693,10606403207071864133
C:\Users\luise\OneDrive\Documentos\DECAFIA_v2\01_dataset\decafia_clean\images\train\COCO_RECORTE_106.jpg,train,COCO_RECORTE_106,12560409104326243763,18021396746468843748,14738193416958608003
C:\Users\luise\OneDrive\Documentos\DECAFIA_v2\01_dataset\decafia_clean\images\train\COCO_RECORTE_107.jpg,train,COCO_RECORTE_107,17681911759508471822,11547106688676648283,17429320763818869097
C:\Users\luise\OneDrive\Documentos\DECAFIA_v2\01_dataset\decafia_clean\images\train\COCO_RECORTE_108.jpg,train,COCO_RECORTE_108,9631883089113119362,13906559186540474134,8514361623168891219
C:\Users\luise\OneDrive\Documentos\DECAFIA_v2\01_dataset\decafia_clean\images\train\COCO_RECORTE_109.jpg,train,COCO_RECORTE_109,14060607182165747124,10832312592670650593,4327450400779706014
C:\Users\luise\OneDrive\Documentos\DECAFIA_v2\01_dataset\decafia_clean\images\train\COCO_RECORTE_110.jpg,train,COCO_RECORTE_110,17868876070956041630,11720148923929941211,8572313745465363018
C:\Users\luise\OneDrive\Documentos\DECAFIA_v2\01_dataset\decafia_clean\images\train\COCO_RECORTE_111.jpg,train,COCO_RECORTE_111,10052278493856588830,16056752496433639753,1596128268916463253
C:\Users\luise\OneDrive\Documentos\DECAFIA_v2\01_dataset\decafia_clean\images\train\COCO_RECORTE_113.jpg,train,COCO_RECORTE_113,18297134594167947304,12157801088110634301,16926348850559872199
C:\Users\luise\OneDrive\Documentos\DECAFIA_v2\01_dataset\decafia_clean\images\train\COCO_RECORTE_114.jpg,train,COCO_RECORTE_114,9730918903762427060,15158622057835645153,11246630778418312147
C:\Users\luise\OneDrive\Documentos\DECAFIA_v2\01_dataset\decafia_clean\images\train\COCO_RECORTE_115.jpg,train,COCO_RECORTE_115,17285308841122871580,13453542477287484489,4338071320164867594
C:\Users\luise\OneDrive\Documentos\DECAFIA_v2\01_dataset\decafia_clean\images\train\COCO_RECORTE_116.jpg,train,COCO_RECORTE_116,11057913511840473708,14709016508679010105,12530674383442561612
C:\Users\luise\OneDrive\Documentos\DECAFIA_v2\01_dataset\decafia_clean\images\train\COCO_RECORTE_117.jpg,train,COCO_RECORTE_117,16725104708593144555,11045802987211261372,14571797679011756328
C:\Users\luise\OneDrive\Documentos\DECAFIA_v2\01_dataset\decafia_clean\images\train\COCO_RECORTE_119.jpg,train,COCO_RECORTE_119,17201796172118213250,13394922655519508438,12027048252601440906
C:\Users\luise\OneDrive\Documentos\DECAFIA_v2\01_dataset\decafia_clean\images\train\COCO_RECORTE_123.jpg,train,COCO_RECORTE_123,15367076485221084085,11535838441678388964,2460908035515206501
C:\Users\luise\OneDrive\Documentos\DECAFIA_v2\01_dataset\decafia_clean\images\train\COCO_RECORTE_125.jpg,train,COCO_RECORTE_125,15109274080043481954,9582456507381214754,6655495766484002223
C:\Users\luise\OneDrive\Documentos\DECAFIA_v2\01_dataset\decafia_clean\images\train\COCO_RECORTE_126.jpg,train,COCO_RECORTE_126,16473447652758313291,12810810306535328831,5579322604834864490
C:\Users\luise\OneDrive\Documentos\DECAFIA_v2\01_dataset\decafia_clean\images\train\COCO_RECORTE_128.jpg,train,COCO_RECORTE_128,11503358464297015195,14623600093126542026,10741540161145776019
C:\Users\luise\OneDrive\Documentos\DECAFIA_v2\01_dataset\decafia_clean\images\train\COCO_RECORTE_129.jpg,train,COCO_RECORTE_129,13648338231470629701,16734802383659725841,8682354930100913121
C:\Users\luise\OneDrive\Documentos\DECAFIA_v2\01_dataset\decafia_clean\images\train\COCO_RECORTE_130.jpg,train,COCO_RECORTE_130,14375952008279094130,10580346932714808839,3178722405689760347
C:\Users\luise\OneDrive\Documentos\DECAFIA_v2\01_dataset\decafia_clean\images\train\COCO_RECORTE_132.jpg,train,COCO_RECORTE_132,12403570464644731995,18264067139016605966,16316753108103448921
C:\Users\luise\OneDrive\Documentos\DECAFIA_v2\01_dataset\decafia_clean\images\train\COCO_RECORTE_135.jpg,train,COCO_RECORTE_135,11811385922550794117,17779980133367840896,18175595934371029281
C:\Users\luise\OneDrive\Documentos\DECAFIA_v2\01_dataset\decafia_clean\images\train\COCO_RECORTE_136.jpg,train,COCO_RECORTE_136,12514280254993486516,16788557672755890017,11640050777921657281
C:\Users\luise\OneDrive\Documentos\DECAFIA_v2\01_dataset\decafia_clean\images\train\COCO_RECORTE_139.jpg,train,COCO_RECORTE_139,14321052930330882642,10658556416075573027,9699234154747993879
C:\Users\luise\OneDrive\Documentos\DECAFIA_v2\01_dataset\decafia_clean\images\train\COCO_RECORTE_14.jpg,train,COCO_RECORTE_14,16360623290056505401,13135251229847955820,15130386916323998907
C:\Users\luise\OneDrive\Documentos\DECAFIA_v2\01_dataset\decafia_clean\images\train\COCO_RECORTE_141.jpg,train,COCO_RECORTE_141,14442203587071911414,11328900456347824353,1868640139020338695
C:\Users\luise\OneDrive\Documentos\DECAFIA_v2\01_dataset\decafia_clean\images\train\COCO_RECORTE_142.jpg,train,COCO_RECORTE_142,9968025173314473759,16069088937953122890,1103079223592504470
C:\Users\luise\OneDrive\Documentos\DECAFIA_v2\01_dataset\decafia_clean\images\train\COCO_RECORTE_143.jpg,train,COCO_RECORTE_143,11688937121456513389,17681738194709623832,8223687933055817426
C:\Users\luise\OneDrive\Documentos\DECAFIA_v2\01_dataset\decafia_clean\images\train\COCO_RECORTE_146.jpg,train,COCO_RECORTE_146,16387295517950358618,13131943692696641807,7685414978487066338
C:\Users\luise\OneDrive\Documentos\DECAFIA_v2\01_dataset\decafia_clean\images\train\COCO_RECORTE_147.jpg,train,COCO_RECORTE_147,15822056133969634342,10288026314788680034,7329241221730947033
C:\Users\luise\OneDrive\Documentos\DECAFIA_v2\01_dataset\decafia_clean\images\train\COCO_RECORTE_148.jpg,train,COCO_RECORTE_148,17946952567842266631,12413388492641635167,7741308349654596090
C:\Users\luise\OneDrive\Documentos\DECAFIA_v2\01_dataset\decafia_clean\images\train\COCO_RECORTE_15.jpg,train,COCO_RECORTE_15,13295456348363615472,16778061791127713952,2748120842260759745
C:\Users\luise\OneDrive\Documentos\DECAFIA_v2\01_dataset\decafia_clean\images\train\COCO_RECORTE_150.jpg,train,COCO_RECORTE_150,10389364074830515847,14230032051971496402,1299304323796640545
C:\Users\luise\OneDrive\Documentos\DECAFIA_v2\01_dataset\decafia_clean\images\train\COCO_RECORTE_151.jpg,train,COCO_RECORTE_151,10810691456840027931,14074346726858791502,1373898232387828590
C:\Users\luise\OneDrive\Documentos\DECAFIA_v2\01_dataset\decafia_clean\images\train\COCO_RECORTE_152.jpg,train,COCO_RECORTE_152,11103524198274370398,14934764540293570059,3788537492283354734
C:\Users\luise\OneDrive\Documentos\DECAFIA_v2\01_dataset\decafia_clean\images\train\COCO_RECORTE_156.jpg,train,COCO_RECORTE_156,11139529847568300428,14394307281210191001,10701540154781735438
C:\Users\luise\OneDrive\Documentos\DECAFIA_v2\01_dataset\decafia_clean\images\train\COCO_RECORTE_16.jpg,train,COCO_RECORTE_16,17711684547564681764,11644582489930562929,2066267067093722581
C:\Users\luise\OneDrive\Documentos\DECAFIA_v2\01_dataset\decafia_clean\images\train\COCO_RECORTE_17.jpg,train,COCO_RECORTE_17,11580523524076180889,17718037917622387916,2905402513255386157
C:\Users\luise\OneDrive\Documentos\DECAFIA_v2\01_dataset\decafia_clean\images\train\COCO_RECORTE_18.jpg,train,COCO_RECORTE_18,17773387551595741488,11743871167208072292,11074540132556535398
C:\Users\luise\OneDrive\Documentos\DECAFIA_v2\01_dataset\decafia_clean\images\train\COCO_RECORTE_2.jpg,train,COCO_RECORTE_2,13964306985315342745,10420901151916313804,3537593034200178979
C:\Users\luise\OneDrive\Documentos\DECAFIA_v2\01_dataset\decafia_clean\images\train\COCO_RECORTE_22.jpg,train,COCO_RECORTE_22,17980034875618330072,12452663667202782349,15912594561481950444
C:\Users\luise\OneDrive\Documentos\DECAFIA_v2\01_dataset\decafia_clean\images\train\COCO_RECORTE_23.jpg,train,COCO_RECORTE_23,10865190642292976822,14094503251002014179,2018477965417095616
C:\Users\luise\OneDrive\Documentos\DECAFIA_v2\01_dataset\decafia_clean\images\train\COCO_RECORTE_24.jpg,train,COCO_RECORTE_24,12867728245254696276,16701046150365958145,8296513637864964097
C:\Users\luise\OneDrive\Documentos\DECAFIA_v2\01_dataset\decafia_clean\images\train\COCO_RECORTE_25.jpg,train,COCO_RECORTE_25,9234759368839649551,15383489159409818714,7586388650661155381
C:\Users\luise\OneDrive\Documentos\DECAFIA_v2\01_dataset\decafia_clean\images\train\COCO_RECORTE_26.jpg,train,COCO_RECORTE_26,16882472373626226672,13771940008003048101,9105784003171736338
C:\Users\luise\OneDrive\Documentos\DECAFIA_v2\01_dataset\decafia_clean\images\train\COCO_RECORTE_28.jpg,train,COCO_RECORTE_28,14855222795972520316,11199624583150795809,15726106532424489531
C:\Users\luise\OneDrive\Documentos\DECAFIA_v2\01_dataset\decafia_clean\images\train\COCO_RECORTE_29.jpg,train,COCO_RECORTE_29,17100348494086608109,13260274125865173436,9222151191559470328
C:\Users\luise\OneDrive\Documentos\DECAFIA_v2\01_dataset\decafia_clean\images\train\COCO_RECORTE_3.jpg,train,COCO_RECORTE_3,14814173070470111629,11007878018840540376,4345705131278244991
C:\Users\luise\OneDrive\Documentos\DECAFIA_v2\01_dataset\decafia_clean\images\train\COCO_RECORTE_30.jpg,train,COCO_RECORTE_30,13834144091230869172,16909210740910949344,16195194401092731648
C:\Users\luise\OneDrive\Documentos\DECAFIA_v2\01_dataset\decafia_clean\images\train\COCO_RECORTE_31.jpg,train,COCO_RECORTE_31,16805477674838749349,13577325600552526842,14755169397936266444
C:\Users\luise\OneDrive\Documentos\DECAFIA_v2\01_dataset\decafia_clean\images\train\COCO_RECORTE_33.jpg,train,COCO_RECORTE_33,14137985935306578463,10475763180624650059,1809104735686106670
C:\Users\luise\OneDrive\Documentos\DECAFIA_v2\01_dataset\decafia_clean\images\train\COCO_RECORTE_34.jpg,train,COCO_RECORTE_34,15698506047312832114,10131156626044318567,3445231654504081006
C:\Users\luise\OneDrive\Documentos\DECAFIA_v2\01_dataset\decafia_clean\images\train\COCO_RECORTE_35.jpg,train,COCO_RECORTE_35,16394682211296854755,13173250764523870134,1679904474831189748
C:\Users\luise\OneDrive\Documentos\DECAFIA_v2\01_dataset\decafia_clean\images\train\COCO_RECORTE_36.jpg,train,COCO_RECORTE_36,10957507240325463656,14719372797206457117,2479316007832316396
C:\Users\luise\OneDrive\Documentos\DECAFIA_v2\01_dataset\decafia_clean\images\train\COCO_RECORTE_4.jpg,train,COCO_RECORTE_4,12637987630795515047,18029725287176774066,4375512868936275153
C:\Users\luise\OneDrive\Documentos\DECAFIA_v2\01_dataset\decafia_clean\images\train\COCO_RECORTE_40.jpg,train,COCO_RECORTE_40,17242559708008779052,13410776199192549435,4425222704482087569
C:\Users\luise\OneDrive\Documentos\DECAFIA_v2\01_dataset\decafia_clean\images\train\COCO_RECORTE_41.jpg,train,COCO_RECORTE_41,16106433705595947291,10002733692582730844,11210354181096769167
C:\Users\luise\OneDrive\Documentos\DECAFIA_v2\01_dataset\decafia_clean\images\train\COCO_RECORTE_43.jpg,train,COCO_RECORTE_43,11656200497877894077,15318556274273752672,3763062969930729968
C:\Users\luise\OneDrive\Documentos\DECAFIA_v2\01_dataset\decafia_clean\images\train\COCO_RECORTE_44.jpg,train,COCO_RECORTE_44,16681395862877267641,12886325148240385004,3761123863794278894
C:\Users\luise\OneDrive\Documentos\DECAFIA_v2\01_dataset\decafia_clean\images\train\COCO_RECORTE_46.jpg,train,COCO_RECORTE_46,16873163926974405594,13798132335099235968,4650156686872853182
C:\Users\luise\OneDrive\Documentos\DECAFIA_v2\01_dataset\decafia_clean\images\train\COCO_RECORTE_47.jpg,train,COCO_RECORTE_47,17929565020962419329,12504184103092791184,17242004674428061098
C:\Users\luise\OneDrive\Documentos\DECAFIA_v2\01_dataset\decafia_clean\images\train\COCO_RECORTE_48.jpg,train,COCO_RECORTE_48,10373041364965399582,15753634914136181067,16806764904924890324
C:\Users\luise\OneDrive\Documentos\DECAFIA_v2\01_dataset\decafia_clean\images\train\COCO_RECORTE_49.jpg,train,COCO_RECORTE_49,16555944229942394943,12724906290538632298,13414940603408030173
C:\Users\luise\OneDrive\Documentos\DECAFIA_v2\01_dataset\decafia_clean\images\train\COCO_RECORTE_5.jpg,train,COCO_RECORTE_5,12536550924347830352,16766764668441961864,14603736137375254814
C:\Users\luise\OneDrive\Documentos\DECAFIA_v2\01_dataset\decafia_clean\images\train\COCO_RECORTE_50.jpg,train,COCO_RECORTE_50,11720062909874345437,17830685830375522440,10390413935060883108
C:\Users\luise\OneDrive\Documentos\DECAFIA_v2\01_dataset\decafia_clean\images\train\COCO_RECORTE_51.jpg,train,COCO_RECORTE_51,14551791263242286319,11288004569405403578,7342968918435712556
C:\Users\luise\OneDrive\Documentos\DECAFIA_v2\01_dataset\decafia_clean\images\train\COCO_RECORTE_52.jpg,train,COCO_RECORTE_52,12624832396666853769,18041771165078162644,5226893561711596726
C:\Users\luise\OneDrive\Documentos\DECAFIA_v2\01_dataset\decafia_clean\images\train\COCO_RECORTE_53.jpg,train,COCO_RECORTE_53,13044366829820926315,16166783363653831742,656366167111881170
C:\Users\luise\OneDrive\Documentos\DECAFIA_v2\01_dataset\decafia_clean\images\train\COCO_RECORTE_54.jpg,train,COCO_RECORTE_54,14923008071066097624,11118395252966933133,14755982225763704024
C:\Users\luise\OneDrive\Documentos\DECAFIA_v2\01_dataset\decafia_clean\images\train\COCO_RECORTE_55.jpg,train,COCO_RECORTE_55,16664471353032994139,12840691842372712590,4069281237237805452
C:\Users\luise\OneDrive\Documentos\DECAFIA_v2\01_dataset\decafia_clean\images\train\COCO_RECORTE_57.jpg,train,COCO_RECORTE_57,14957641761002032785,11151302710182435780,3731666797495878832
C:\Users\luise\OneDrive\Documentos\DECAFIA_v2\01_dataset\decafia_clean\images\train\COCO_RECORTE_59.jpg,train,COCO_RECORTE_59,16172530007619875274,13052851251821307039,15585658040792846044
C:\Users\luise\OneDrive\Documentos\DECAFIA_v2\01_dataset\decafia_clean\images\train\COCO_RECORTE_6.jpg,train,COCO_RECORTE_6,10045794246156315078,16013817247337954451,14412930597695558214
C:\Users\luise\OneDrive\Documentos\DECAFIA_v2\01_dataset\decafia_clean\images\train\COCO_RECORTE_60.jpg,train,COCO_RECORTE_60,14898676384174481777,11211542399783130148,14318693224687488421
C:\Users\luise\OneDrive\Documentos\DECAFIA_v2\01_dataset\decafia_clean\images\train\COCO_RECORTE_61.jpg,train,COCO_RECORTE_61,10820398797628537239,14086294494897188034,3570378017449751475
C:\Users\luise\OneDrive\Documentos\DECAFIA_v2\01_dataset\decafia_clean\images\train\COCO_RECORTE_62.jpg,train,COCO_RECORTE_62,13857485097037395404,10744172624830247321,3216863658691418725
C:\Users\luise\OneDrive\Documentos\DECAFIA_v2\01_dataset\decafia_clean\images\train\COCO_RECORTE_64.jpg,train,COCO_RECORTE_64,10795362799460380278,13873198948763515827,1144999278005554593
C:\Users\luise\OneDrive\Documentos\DECAFIA_v2\01_dataset\decafia_clean\images\train\COCO_RECORTE_65.jpg,train,COCO_RECORTE_65,12296712178863716242,18298901293099409607,3615291111763109184
C:\Users\luise\OneDrive\Documentos\DECAFIA_v2\01_dataset\decafia_clean\images\train\COCO_RECORTE_67.jpg,train,COCO_RECORTE_67,18014555729995913999,12562187151073544794,13013756296759662810
C:\Users\luise\OneDrive\Documentos\DECAFIA_v2\01_dataset\decafia_clean\images\train\COCO_RECORTE_68.jpg,train,COCO_RECORTE_68,13959013180552486797,9578934111931124440,4571971450371455865
C:\Users\luise\OneDrive\Documentos\DECAFIA_v2\01_dataset\decafia_clean\images\train\COCO_RECORTE_69.jpg,train,COCO_RECORTE_69,18424093888303089756,12320391261937043849,11207709491701127891
C:\Users\luise\OneDrive\Documentos\DECAFIA_v2\01_dataset\decafia_clean\images\train\COCO_RECORTE_7.jpg,train,COCO_RECORTE_7,17207718493776086347,13518479631940096030,6816970421416097248
C:\Users\luise\OneDrive\Documentos\DECAFIA_v2\01_dataset\decafia_clean\images\train\COCO_RECORTE_70.jpg,train,COCO_RECORTE_70,17697296618466090344,11584443342417676605,5451291658216765681
C:\Users\luise\OneDrive\Documentos\DECAFIA_v2\01_dataset\decafia_clean\images\train\COCO_RECORTE_71.jpg,train,COCO_RECORTE_71,12934277180671239768,16585242044915315469,13579747627178747400
C:\Users\luise\OneDrive\Documentos\DECAFIA_v2\01_dataset\decafia_clean\images\train\COCO_RECORTE_72.jpg,train,COCO_RECORTE_72,14999082292737767449,9762155503062591852,7580560472595460063
C:\Users\luise\OneDrive\Documentos\DECAFIA_v2\01_dataset\decafia_clean\images\train\COCO_RECORTE_73.jpg,train,COCO_RECORTE_73,10062366864307464534,16136925285342804995,15028670949896258566
C:\Users\luise\OneDrive\Documentos\DECAFIA_v2\01_dataset\decafia_clean\images\train\COCO_RECORTE_74.jpg,train,COCO_RECORTE_74,15705572261242630884,10133155888921126819,6626450431766054606
C:\Users\luise\OneDrive\Documentos\DECAFIA_v2\01_dataset\decafia_clean\images\train\COCO_RECORTE_75.jpg,train,COCO_RECORTE_75,11830141964757459571,17381728684781221668,12721078058423130898
C:\Users\luise\OneDrive\Documentos\DECAFIA_v2\01_dataset\decafia_clean\images\train\COCO_RECORTE_76.jpg,train,COCO_RECORTE_76,17045192469014627718,13391987204865298627,15620762421292491645
C:\Users\luise\OneDrive\Documentos\DECAFIA_v2\01_dataset\decafia_clean\images\train\COCO_RECORTE_77.jpg,train,COCO_RECORTE_77,14955561779396849701,11158111619031950704,10312692970716116537
C:\Users\luise\OneDrive\Documentos\DECAFIA_v2\01_dataset\decafia_clean\images\train\COCO_RECORTE_78.jpg,train,COCO_RECORTE_78,17507964996663390595,12082485115667424454,12284522165175453283
C:\Users\luise\OneDrive\Documentos\DECAFIA_v2\01_dataset\decafia_clean\images\train\COCO_RECORTE_80.jpg,train,COCO_RECORTE_80,12536578846055222978,13308053665277938323,17169083630254045553
C:\Users\luise\OneDrive\Documentos\DECAFIA_v2\01_dataset\decafia_clean\images\train\COCO_RECORTE_81.jpg,train,COCO_RECORTE_81,13106840382510894354,16190912040877676614,3559468342285805445
C:\Users\luise\OneDrive\Documentos\DECAFIA_v2\01_dataset\decafia_clean\images\train\COCO_RECORTE_83.jpg,train,COCO_RECORTE_83,17283559273182017666,13441798769548553606,15832102092399230521
C:\Users\luise\OneDrive\Documentos\DECAFIA_v2\01_dataset\decafia_clean\images\train\COCO_RECORTE_85.jpg,train,COCO_RECORTE_85,15327382759007275594,9363156506834771743,4420655370604893963
C:\Users\luise\OneDrive\Documentos\DECAFIA_v2\01_dataset\decafia_clean\images\train\COCO_RECORTE_89.jpg,train,COCO_RECORTE_89,12220539446710229275,18214042008917937230,27127532197001360
C:\Users\luise\OneDrive\Documentos\DECAFIA_v2\01_dataset\decafia_clean\images\train\COCO_RECORTE_90.jpg,train,COCO_RECORTE_90,17390030458553263678,11853643438907667435,14980645713780919287
C:\Users\luise\OneDrive\Documentos\DECAFIA_v2\01_dataset\decafia_clean\images\train\COCO_RECORTE_92.jpg,train,COCO_RECORTE_92,14177562754578275299,10490439778152418999,8888167333292243295
C:\Users\luise\OneDrive\Documentos\DECAFIA_v2\01_dataset\decafia_clean\images\train\COCO_RECORTE_93.jpg,train,COCO_RECORTE_93,17550073681314906618,11987235659340338351,1771822141665699683
C:\Users\luise\OneDrive\Documentos\DECAFIA_v2\01_dataset\decafia_clean\images\train\COCO_RECORTE_94.jpg,train,COCO_RECORTE_94,17301987512233144560,11909863418845455653,8227622128365756963
C:\Users\luise\OneDrive\Documentos\DECAFIA_v2\01_dataset\decafia_clean\images\train\COCO_RECORTE_95.jpg,train,COCO_RECORTE_95,15763499989508907155,10346569814756570566,7446199639227680390
C:\Users\luise\OneDrive\Documentos\DECAFIA_v2\01_dataset\decafia_clean\images\train\COCO_RECORTE_96.jpg,train,COCO_RECORTE_96,15260989483928443084,10852756190552886685,3347410608610546122
C:\Users\luise\OneDrive\Documentos\DECAFIA_v2\01_dataset\decafia_clean\images\train\COCO_RECORTE_98.jpg,train,COCO_RECORTE_98,11982278826966608230,17516977570769452083,9660811885293441652
C:\Users\luise\OneDrive\Documentos\DECAFIA_v2\01_dataset\decafia_clean\images\train\MINADO_RECORTES_1.jpg,train,MINADO_RECORTES_1,9274717918695394537,15412220185328634164,31878222514564153
C:\Users\luise\OneDrive\Documentos\DECAFIA_v2\01_dataset\decafia_clean\images\train\MINADO_RECORTES_100.jpg,train,MINADO_RECORTES_100,13995796623289774365,10911759781900919880,10850882717356792083
C:\Users\luise\OneDrive\Documentos\DECAFIA_v2\01_dataset\decafia_clean\images\train\MINADO_RECORTES_101.jpg,train,MINADO_RECORTES_101,12722226537684345212,16490837013254922792,12722865100414862837
C:\Users\luise\OneDrive\Documentos\DECAFIA_v2\01_dataset\decafia_clean\images\train\MINADO_RECORTES_102.jpg,train,MINADO_RECORTES_102,15336656001933527624,9332560375738736413,14665716281364857676
C:\Users\luise\OneDrive\Documentos\DECAFIA_v2\01_dataset\decafia_clean\images\train\MINADO_RECORTES_104.jpg,train,MINADO_RECORTES_104,13946565488115151064,10725729598421017997,3826101655693505846
C:\Users\luise\OneDrive\Documentos\DECAFIA_v2\01_dataset\decafia_clean\images\train\MINADO_RECORTES_105.jpg,train,MINADO_RECORTES_105,14259820744968387859,10425936762806430806,3255308044620175309
C:\Users\luise\OneDrive\Documentos\DECAFIA_v2\01_dataset\decafia_clean\images\train\MINADO_RECORTES_106.jpg,train,MINADO_RECORTES_106,10488055988443373750,14184186047728334307,9777071950938727333
C:\Users\luise\OneDrive\Documentos\DECAFIA_v2\01_dataset\decafia_clean\images\train\MINADO_RECORTES_107.jpg,train,MINADO_RECORTES_107,12634195960921626057,18014674611256410268,10066534614586661520
C:\Users\luise\OneDrive\Documentos\DECAFIA_v2\01_dataset\decafia_clean\images\train\MINADO_RECORTES_108.jpg,train,MINADO_RECORTES_108,13691216730976153742,12345963356025430235,2309392311448232933
C:\Users\luise\OneDrive\Documentos\DECAFIA_v2\01_dataset\decafia_clean\images\train\MINADO_RECORTES_110.jpg,train,MINADO_RECORTES_110,13131038806518621470,16385933177114079307,11683343901575955731
C:\Users\luise\OneDrive\Documentos\DECAFIA_v2\01_dataset\decafia_clean\images\train\MINADO_RECORTES_112.jpg,train,MINADO_RECORTES_112,13075912297470772243,16439173975151285606,4738245317250580545
C:\Users\luise\OneDrive\Documentos\DECAFIA_v2\01_dataset\decafia_clean\images\train\MINADO_RECORTES_113.jpg,train,MINADO_RECORTES_113,14311998855422566020,10654173614138917841,3785727813116834042
C:\Users\luise\OneDrive\Documentos\DECAFIA_v2\01_dataset\decafia_clean\images\train\MINADO_RECORTES_114.jpg,train,MINADO_RECORTES_114,10716716760393070697,13956154187539803704,9297224321770687272
C:\Users\luise\OneDrive\Documentos\DECAFIA_v2\01_dataset\decafia_clean\images\train\MINADO_RECORTES_115.jpg,train,MINADO_RECORTES_115,11082838413138145972,14743503726764517089,10794156095433026925
C:\Users\luise\OneDrive\Documentos\DECAFIA_v2\01_dataset\decafia_clean\images\train\MINADO_RECORTES_116.jpg,train,MINADO_RECORTES_116,9513144815709596651,15082607498192842388,871504016521249474
C:\Users\luise\OneDrive\Documentos\DECAFIA_v2\01_dataset\decafia_clean\images\train\MINADO_RECORTES_117.jpg,train,MINADO_RECORTES_117,16439326229214230231,12786121000907847554,4636861749066376946
C:\Users\luise\OneDrive\Documentos\DECAFIA_v2\01_dataset\decafia_clean\images\train\MINADO_RECORTES_118.jpg,train,MINADO_RECORTES_118,9330590673662255075,15287961024232245302,14788881134059265580
C:\Users\luise\OneDrive\Documentos\DECAFIA_v2\01_dataset\decafia_clean\images\train\MINADO_RECORTES_119.jpg,train,MINADO_RECORTES_119,10463383268149061974,14223549531020016711,3558237619679483450
C:\Users\luise\OneDrive\Documentos\DECAFIA_v2\01_dataset\decafia_clean\images\train\MINADO_RECORTES_120.jpg,train,MINADO_RECORTES_120,10725729598421017997,13946565488115151064,1397856460974280979
C:\Users\luise\OneDrive\Documentos\DECAFIA_v2\01_dataset\decafia_clean\images\train\MINADO_RECORTES_121.jpg,train,MINADO_RECORTES_121,14202677145689996780,10398634278333082809,14814325246406765869
C:\Users\luise\OneDrive\Documentos\DECAFIA_v2\01_dataset\decafia_clean\images\train\MINADO_RECORTES_122.jpg,train,MINADO_RECORTES_122,10480456486192309321,14134365947636167964,11917407947650740103
C:\Users\luise\OneDrive\Documentos\DECAFIA_v2\01_dataset\decafia_clean\images\train\MINADO_RECORTES_123.jpg,train,MINADO_RECORTES_123,12622093005076403508,16896357787011956832,10419812958568952715
C:\Users\luise\OneDrive\Documentos\DECAFIA_v2\01_dataset\decafia_clean\images\train\MINADO_RECORTES_124.jpg,train,MINADO_RECORTES_124,13762993077659168864,12369889240134034468,16565333796037856288
C:\Users\luise\OneDrive\Documentos\DECAFIA_v2\01_dataset\decafia_clean\images\train\MINADO_RECORTES_125.jpg,train,MINADO_RECORTES_125,11540156223420885270,17686633698253257795,14650825528851576717
C:\Users\luise\OneDrive\Documentos\DECAFIA_v2\01_dataset\decafia_clean\images\train\MINADO_RECORTES_127.jpg,train,MINADO_RECORTES_127,13580311077284626817,16799450996124095700,16411718518184054355
C:\Users\luise\OneDrive\Documentos\DECAFIA_v2\01_dataset\decafia_clean\images\train\MINADO_RECORTES_13.jpg,train,MINADO_RECORTES_13,14354892420733287685,10548424065489889490,3923252211144730166
C:\Users\luise\OneDrive\Documentos\DECAFIA_v2\01_dataset\decafia_clean\images\train\MINADO_RECORTES_130.jpg,train,MINADO_RECORTES_130,10665770628495948690,13929977749098524359,2921502486049064577
C:\Users\luise\OneDrive\Documentos\DECAFIA_v2\01_dataset\decafia_clean\images\train\MINADO_RECORTES_15.jpg,train,MINADO_RECORTES_15,11680834816189049679,17820598800341985280,6077223633514214220
C:\Users\luise\OneDrive\Documentos\DECAFIA_v2\01_dataset\decafia_clean\images\train\MINADO_RECORTES_17.jpg,train,MINADO_RECORTES_17,11913355033907483242,17294359258724271423,15695365419751190688
C:\Users\luise\OneDrive\Documentos\DECAFIA_v2\01_dataset\decafia_clean\images\train\MINADO_RECORTES_18.jpg,train,MINADO_RECORTES_18,10953315078656462911,14219178295232746858,4774771515067711938
C:\Users\luise\OneDrive\Documentos\DECAFIA_v2\01_dataset\decafia_clean\images\train\MINADO_RECORTES_19.jpg,train,MINADO_RECORTES_19,9460636369253742186,10384943341178708506,12694582226746194250
C:\Users\luise\OneDrive\Documentos\DECAFIA_v2\01_dataset\decafia_clean\images\train\MINADO_RECORTES_20.jpg,train,MINADO_RECORTES_20,10458496782384707290,14169290042317087662,13360864337269957670
C:\Users\luise\OneDrive\Documentos\DECAFIA_v2\01_dataset\decafia_clean\images\train\MINADO_RECORTES_21.jpg,train,MINADO_RECORTES_21,12792296944841156916,16488253410035317857,10642341482941604450
C:\Users\luise\OneDrive\Documentos\DECAFIA_v2\01_dataset\decafia_clean\images\train\MINADO_RECORTES_23.jpg,train,MINADO_RECORTES_23,17656777986188739964,11555444249040508009,5191710464700691314
C:\Users\luise\OneDrive\Documentos\DECAFIA_v2\01_dataset\decafia_clean\images\train\MINADO_RECORTES_24.jpg,train,MINADO_RECORTES_24,10473941050388984935,14127438749325616050,17198302939146955061
C:\Users\luise\OneDrive\Documentos\DECAFIA_v2\01_dataset\decafia_clean\images\train\MINADO_RECORTES_26.jpg,train,MINADO_RECORTES_26,10839073043872977842,13923241998449034947,10721139465325347715
C:\Users\luise\OneDrive\Documentos\DECAFIA_v2\01_dataset\decafia_clean\images\train\MINADO_RECORTES_27.jpg,train,MINADO_RECORTES_27,9994946445394404150,16059972067014751331,14425316608180133404
C:\Users\luise\OneDrive\Documentos\DECAFIA_v2\01_dataset\decafia_clean\images\train\MINADO_RECORTES_28.jpg,train,MINADO_RECORTES_28,16525325249681453328,12682394485680749767,16751553777239625960
C:\Users\luise\OneDrive\Documentos\DECAFIA_v2\01_dataset\decafia_clean\images\train\MINADO_RECORTES_30.jpg,train,MINADO_RECORTES_30,13017949023926661839,16282794067061875976,18367794480497421
C:\Users\luise\OneDrive\Documentos\DECAFIA_v2\01_dataset\decafia_clean\images\train\MINADO_RECORTES_31.jpg,train,MINADO_RECORTES_31,12737074940039833547,11859784839560159758,3919862764198515905
C:\Users\luise\OneDrive\Documentos\DECAFIA_v2\01_dataset\decafia_clean\images\train\MINADO_RECORTES_33.jpg,train,MINADO_RECORTES_33,9685341468758587846,15221159129790966803,5229405055998989202
C:\Users\luise\OneDrive\Documentos\DECAFIA_v2\01_dataset\decafia_clean\images\train\MINADO_RECORTES_34.jpg,train,MINADO_RECORTES_34,12413742519401707551,17947737703572090186,1339140407871252972
C:\Users\luise\OneDrive\Documentos\DECAFIA_v2\01_dataset\decafia_clean\images\train\MINADO_RECORTES_36.jpg,train,MINADO_RECORTES_36,9676878461377768937,14059808015604889644,5886789772668799913
C:\Users\luise\OneDrive\Documentos\DECAFIA_v2\01_dataset\decafia_clean\images\train\MINADO_RECORTES_37.jpg,train,MINADO_RECORTES_37,10832183192161745430,14053184040808525635,12904948866264665489
C:\Users\luise\OneDrive\Documentos\DECAFIA_v2\01_dataset\decafia_clean\images\train\MINADO_RECORTES_38.jpg,train,MINADO_RECORTES_38,13973610691216744908,10716713019561637017,8456155050155480935
C:\Users\luise\OneDrive\Documentos\DECAFIA_v2\01_dataset\decafia_clean\images\train\MINADO_RECORTES_39.jpg,train,MINADO_RECORTES_39,16231252358200106503,12976466268334410578,6591720076672349660
C:\Users\luise\OneDrive\Documentos\DECAFIA_v2\01_dataset\decafia_clean\images\train\MINADO_RECORTES_41.jpg,train,MINADO_RECORTES_41,9323408474790204771,15291466525025353782,8228132062906222385
C:\Users\luise\OneDrive\Documentos\DECAFIA_v2\01_dataset\decafia_clean\images\train\MINADO_RECORTES_42.jpg,train,MINADO_RECORTES_42,11592646143839059741,17705092054616472136,5217536077287508810
C:\Users\luise\OneDrive\Documentos\DECAFIA_v2\01_dataset\decafia_clean\images\train\MINADO_RECORTES_44.jpg,train,MINADO_RECORTES_44,9744779977652136389,15161716240346463380,10000543762340788914
C:\Users\luise\OneDrive\Documentos\DECAFIA_v2\01_dataset\decafia_clean\images\train\MINADO_RECORTES_45.jpg,train,MINADO_RECORTES_45,11721302052247427570,17870067027324306439,15632612396056118069
C:\Users\luise\OneDrive\Documentos\DECAFIA_v2\01_dataset\decafia_clean\images\train\MINADO_RECORTES_47.jpg,train,MINADO_RECORTES_47,14506283862417389946,11242665917165595695,7723442031542770844
C:\Users\luise\OneDrive\Documentos\DECAFIA_v2\01_dataset\decafia_clean\images\train\MINADO_RECORTES_5.jpg,train,MINADO_RECORTES_5,12992517970462031684,16220812559917902385,1885842562651089379
C:\Users\luise\OneDrive\Documentos\DECAFIA_v2\01_dataset\decafia_clean\images\train\MINADO_RECORTES_50.jpg,train,MINADO_RECORTES_50,12291847949018506062,18392770974144656403,7838007478131478268
C:\Users\luise\OneDrive\Documentos\DECAFIA_v2\01_dataset\decafia_clean\images\train\MINADO_RECORTES_52.jpg,train,MINADO_RECORTES_52,13834971331751070240,16909578938050222641,16187230750698914089
C:\Users\luise\OneDrive\Documentos\DECAFIA_v2\01_dataset\decafia_clean\images\train\MINADO_RECORTES_54.jpg,train,MINADO_RECORTES_54,10151428291870143192,15687245222886533005,1736164285552921631
C:\Users\luise\OneDrive\Documentos\DECAFIA_v2\01_dataset\decafia_clean\images\train\MINADO_RECORTES_55.jpg,train,MINADO_RECORTES_55,18446532826818938880,12297829243100224849,15187089502566659216
C:\Users\luise\OneDrive\Documentos\DECAFIA_v2\01_dataset\decafia_clean\images\train\MINADO_RECORTES_56.jpg,train,MINADO_RECORTES_56,10604016226887723001,14302409626862858884,7378220924634879927
C:\Users\luise\OneDrive\Documentos\DECAFIA_v2\01_dataset\decafia_clean\images\train\MINADO_RECORTES_58.jpg,train,MINADO_RECORTES_58,10921284721390611150,14034456457722085019,11784528954388290192
C:\Users\luise\OneDrive\Documentos\DECAFIA_v2\01_dataset\decafia_clean\images\train\MINADO_RECORTES_59.jpg,train,MINADO_RECORTES_59,13690725389591655190,16765333963716634306,14837580979770345929
C:\Users\luise\OneDrive\Documentos\DECAFIA_v2\01_dataset\decafia_clean\images\train\MINADO_RECORTES_6.jpg,train,MINADO_RECORTES_6,15090558052112491722,9527712238530867615,5363623773081790463
C:\Users\luise\OneDrive\Documentos\DECAFIA_v2\01_dataset\decafia_clean\images\train\MINADO_RECORTES_60.jpg,train,MINADO_RECORTES_60,14603530557068792437,11520063700814823456,872606029867064617
C:\Users\luise\OneDrive\Documentos\DECAFIA_v2\01_dataset\decafia_clean\images\train\MINADO_RECORTES_62.jpg,train,MINADO_RECORTES_62,18376305348999409073,12272754352131487973,2995388128450503409
C:\Users\luise\OneDrive\Documentos\DECAFIA_v2\01_dataset\decafia_clean\images\train\MINADO_RECORTES_64.jpg,train,MINADO_RECORTES_64,9574188146253951676,15096923784150345577,1012477667921456420
C:\Users\luise\OneDrive\Documentos\DECAFIA_v2\01_dataset\decafia_clean\images\train\MINADO_RECORTES_65.jpg,train,MINADO_RECORTES_65,11905611370980148564,17324344101026060321,4928377499372067609
C:\Users\luise\OneDrive\Documentos\DECAFIA_v2\01_dataset\decafia_clean\images\train\MINADO_RECORTES_66.jpg,train,MINADO_RECORTES_66,14382420920296110411,10578335217484835870,9513736810832345752
C:\Users\luise\OneDrive\Documentos\DECAFIA_v2\01_dataset\decafia_clean\images\train\MINADO_RECORTES_67.jpg,train,MINADO_RECORTES_67,9410889498992922317,15514732998668851480,163833937890126130
C:\Users\luise\OneDrive\Documentos\DECAFIA_v2\01_dataset\decafia_clean\images\train\MINADO_RECORTES_68.jpg,train,MINADO_RECORTES_68,10214543815584527155,15606112006422488695,2669566994861049737
C:\Users\luise\OneDrive\Documentos\DECAFIA_v2\01_dataset\decafia_clean\images\train\MINADO_RECORTES_7.jpg,train,MINADO_RECORTES_7,12514560690892362838,17940621154198782850,15014048215893585317
C:\Users\luise\OneDrive\Documentos\DECAFIA_v2\01_dataset\decafia_clean\images\train\MINADO_RECORTES_70.jpg,train,MINADO_RECORTES_70,12486888219135268026,17879013409887224047,10144477079849763073
C:\Users\luise\OneDrive\Documentos\DECAFIA_v2\01_dataset\decafia_clean\images\train\MINADO_RECORTES_71.jpg,train,MINADO_RECORTES_71,9898316939789745246,15855124272083331339,2894808016717687832
C:\Users\luise\OneDrive\Documentos\DECAFIA_v2\01_dataset\decafia_clean\images\train\MINADO_RECORTES_73.jpg,train,MINADO_RECORTES_73,17795665930093641933,11791464742354523544,8850421447830296722
C:\Users\luise\OneDrive\Documentos\DECAFIA_v2\01_dataset\decafia_clean\images\train\MINADO_RECORTES_74.jpg,train,MINADO_RECORTES_74,10911968552721913744,15148504696956537541,10103847840566674183
C:\Users\luise\OneDrive\Documentos\DECAFIA_v2\01_dataset\decafia_clean\images\train\MINADO_RECORTES_75.jpg,train,MINADO_RECORTES_75,9472400724958351718,15429876658602951731,108657231858083524
C:\Users\luise\OneDrive\Documentos\DECAFIA_v2\01_dataset\decafia_clean\images\train\MINADO_RECORTES_76.jpg,train,MINADO_RECORTES_76,10921369013494048857,14611130847484525854,10052884338075275408
C:\Users\luise\OneDrive\Documentos\DECAFIA_v2\01_dataset\decafia_clean\images\train\MINADO_RECORTES_77.jpg,train,MINADO_RECORTES_77,12878793998526518453,16640800333165101056,14150384139415656260
C:\Users\luise\OneDrive\Documentos\DECAFIA_v2\01_dataset\decafia_clean\images\train\MINADO_RECORTES_78.jpg,train,MINADO_RECORTES_78,10868481499921197417,15240690223630548028,222656623843936006
C:\Users\luise\OneDrive\Documentos\DECAFIA_v2\01_dataset\decafia_clean\images\train\MINADO_RECORTES_79.jpg,train,MINADO_RECORTES_79,15434749536280007058,9468373706730177735,13173947110492326806
C:\Users\luise\OneDrive\Documentos\DECAFIA_v2\01_dataset\decafia_clean\images\train\MINADO_RECORTES_80.jpg,train,MINADO_RECORTES_80,15764198279721023758,10353981725155863563,4304821727875811994
C:\Users\luise\OneDrive\Documentos\DECAFIA_v2\01_dataset\decafia_clean\images\train\MINADO_RECORTES_82.jpg,train,MINADO_RECORTES_82,10775313572842543493,13896080744094943424,871223814435337203
C:\Users\luise\OneDrive\Documentos\DECAFIA_v2\01_dataset\decafia_clean\images\train\MINADO_RECORTES_83.jpg,train,MINADO_RECORTES_83,11156870231500351826,14952090437335137351,5062967378456084544
C:\Users\luise\OneDrive\Documentos\DECAFIA_v2\01_dataset\decafia_clean\images\train\MINADO_RECORTES_84.jpg,train,MINADO_RECORTES_84,10256220940582415148,15780683249778638521,871754498728925720
C:\Users\luise\OneDrive\Documentos\DECAFIA_v2\01_dataset\decafia_clean\images\train\MINADO_RECORTES_87.jpg,train,MINADO_RECORTES_87,10463042662873848523,14151828010546716574,7145354621542999733
C:\Users\luise\OneDrive\Documentos\DECAFIA_v2\01_dataset\decafia_clean\images\train\MINADO_RECORTES_89.jpg,train,MINADO_RECORTES_89,10708841633444848233,13964012004914212666,16358008196417352191
C:\Users\luise\OneDrive\Documentos\DECAFIA_v2\01_dataset\decafia_clean\images\train\MINADO_RECORTES_9.jpg,train,MINADO_RECORTES_9,9371761372319920317,15517849628682642664,10525496265589073456
C:\Users\luise\OneDrive\Documentos\DECAFIA_v2\01_dataset\decafia_clean\images\train\MINADO_RECORTES_91.jpg,train,MINADO_RECORTES_91,17654951717093046303,11553888493664120138,4429845976163613177
C:\Users\luise\OneDrive\Documentos\DECAFIA_v2\01_dataset\decafia_clean\images\train\MINADO_RECORTES_92.jpg,train,MINADO_RECORTES_92,15277454453126265538,9318016575648411539,4063754962791656419
C:\Users\luise\OneDrive\Documentos\DECAFIA_v2\01_dataset\decafia_clean\images\train\MINADO_RECORTES_93.jpg,train,MINADO_RECORTES_93,12425724453812637629,17952508490965736136,14867835345727658128
C:\Users\luise\OneDrive\Documentos\DECAFIA_v2\01_dataset\decafia_clean\images\train\MINADO_RECORTES_94.jpg,train,MINADO_RECORTES_94,10502515822581313656,14174019535612781868,16361347739596326020
C:\Users\luise\OneDrive\Documentos\DECAFIA_v2\01_dataset\decafia_clean\images\train\MINADO_RECORTES_97.jpg,train,MINADO_RECORTES_97,11011985764175718221,14809871733805249048,1297884841936914076
C:\Users\luise\OneDrive\Documentos\DECAFIA_v2\01_dataset\decafia_clean\images\train\MINADO_RECORTES_99.jpg,train,MINADO_RECORTES_99,10724040706412129693,13944876664293128408,226883243210249099
C:\Users\luise\OneDrive\Documentos\DECAFIA_v2\01_dataset\decafia_clean\images\train\MINADOR_1.jpg,train,MINADOR_1,13783500601113953171,16869782241513477838,15695296003560231395
C:\Users\luise\OneDrive\Documentos\DECAFIA_v2\01_dataset\decafia_clean\images\train\MINADOR_10.jpg,train,MINADOR_10,18031992764065352344,12640430652072790733,8642652854188833023
C:\Users\luise\OneDrive\Documentos\DECAFIA_v2\01_dataset\decafia_clean\images\train\MINADOR_14.jpg,train,MINADOR_14,15562341801928581803,9236278369631286000,12307154103466167451
C:\Users\luise\OneDrive\Documentos\DECAFIA_v2\01_dataset\decafia_clean\images\train\MINADOR_2.jpg,train,MINADOR_2,18395727733927022230,12253051848341117891,18299487249847087358
C:\Users\luise\OneDrive\Documentos\DECAFIA_v2\01_dataset\decafia_clean\images\train\MINADOR_20.jpg,train,MINADOR_20,18154156622990989837,12584693513031749528,8351016000755788013
C:\Users\luise\OneDrive\Documentos\DECAFIA_v2\01_dataset\decafia_clean\images\train\MINADOR_22.jpg,train,MINADOR_22,18019695602229698152,12341979508121832254,17433683294054836715
C:\Users\luise\OneDrive\Documentos\DECAFIA_v2\01_dataset\decafia_clean\images\train\MINADOR_23.jpg,train,MINADOR_23,18058455513534845591,12666884992046272450,14987103226891139320
C:\Users\luise\OneDrive\Documentos\DECAFIA_v2\01_dataset\decafia_clean\images\train\MINADOR_24.jpg,train,MINADOR_24,12624592930014011334,18045577586568972946,17433699075378182169
C:\Users\luise\OneDrive\Documentos\DECAFIA_v2\01_dataset\decafia_clean\images\train\MINADOR_25.jpg,train,MINADOR_25,18071120169422539324,12582161642412216169,8318681461006594355
C:\Users\luise\OneDrive\Documentos\DECAFIA_v2\01_dataset\decafia_clean\images\train\MINADOR_26.jpg,train,MINADOR_26,12618964096457427778,18035440591626935942,7050641019950887027
C:\Users\luise\OneDrive\Documentos\DECAFIA_v2\01_dataset\decafia_clean\images\train\MINADOR_27.jpg,train,MINADOR_27,13484310855924044333,17254609667026225016,17361592647119451361
C:\Users\luise\OneDrive\Documentos\DECAFIA_v2\01_dataset\decafia_clean\images\train\MINADOR_28.jpg,train,MINADOR_28,13777021650475110180,16889771183568493153,17357111217579155568
C:\Users\luise\OneDrive\Documentos\DECAFIA_v2\01_dataset\decafia_clean\images\train\MINADOR_3.jpg,train,MINADOR_3,17238535209706887574,13433816737962380419,17362753944607586360
C:\Users\luise\OneDrive\Documentos\DECAFIA_v2\01_dataset\decafia_clean\images\train\MINADOR_30.jpg,train,MINADOR_30,16894274829371759254,13772518003592892386,17359380936905257104
C:\Users\luise\OneDrive\Documentos\DECAFIA_v2\01_dataset\decafia_clean\images\train\MINADOR_31.jpg,train,MINADOR_31,16774650274932694197,13663590152185891296,1762152569226459377
C:\Users\luise\OneDrive\Documentos\DECAFIA_v2\01_dataset\decafia_clean\images\train\MINADOR_33.jpg,train,MINADOR_33,13824010616676077350,16901329064061639267,27233282284380176
C:\Users\luise\OneDrive\Documentos\DECAFIA_v2\01_dataset\decafia_clean\images\train\MINADOR_35.jpg,train,MINADOR_35,13480088121173659226,16874620466324675083,8138253757784838192
C:\Users\luise\OneDrive\Documentos\DECAFIA_v2\01_dataset\decafia_clean\images\train\MINADOR_36.jpg,train,MINADOR_36,18031997226439493839,12640144713632193946,16199679731731591679
C:\Users\luise\OneDrive\Documentos\DECAFIA_v2\01_dataset\decafia_clean\images\train\MINADOR_37.jpg,train,MINADOR_37,18031714136653666514,12567524720442920323,16210901390252634224
C:\Users\luise\OneDrive\Documentos\DECAFIA_v2\01_dataset\decafia_clean\images\train\MINADOR_38.jpg,train,MINADOR_38,12637545043826035612,18029247515071258249,8138273773576843344
C:\Users\luise\OneDrive\Documentos\DECAFIA_v2\01_dataset\decafia_clean\images\train\MINADOR_39.jpg,train,MINADOR_39,18356905751034694456,12287369892275609197,2155758361669857777
C:\Users\luise\OneDrive\Documentos\DECAFIA_v2\01_dataset\decafia_clean\images\train\MINADOR_4.jpg,train,MINADOR_4,12651900301967477621,18358291797437619232,4665879351190127840
C:\Users\luise\OneDrive\Documentos\DECAFIA_v2\01_dataset\decafia_clean\images\train\MINADOR_40.jpg,train,MINADOR_40,18069185591536161401,12292558530267498284,15271957999697578209
C:\Users\luise\OneDrive\Documentos\DECAFIA_v2\01_dataset\decafia_clean\images\train\MINADOR_41.jpg,train,MINADOR_41,12390687193178955565,18348158630613518968,13902876828126994528
C:\Users\luise\OneDrive\Documentos\DECAFIA_v2\01_dataset\decafia_clean\images\train\MINADOR_43.jpg,train,MINADOR_43,18175562075418742182,12207504033907218675,16204207425588097075
C:\Users\luise\OneDrive\Documentos\DECAFIA_v2\01_dataset\decafia_clean\images\train\MINADOR_44.jpg,train,MINADOR_44,18412054101992971322,12308783061445216558,2304097872850514303
C:\Users\luise\OneDrive\Documentos\DECAFIA_v2\01_dataset\decafia_clean\images\train\MINADOR_45.jpg,train,MINADOR_45,17896609142295203143,12468446897594882770,16274000025672773939
C:\Users\luise\OneDrive\Documentos\DECAFIA_v2\01_dataset\decafia_clean\images\train\MINADOR_46.jpg,train,MINADOR_46,18033191794381134458,12255298585344003759,18156513440706130168
C:\Users\luise\OneDrive\Documentos\DECAFIA_v2\01_dataset\decafia_clean\images\train\MINADOR_47.jpg,train,MINADOR_47,12674770478828473116,18064643508756061800,11587920791597271264
C:\Users\luise\OneDrive\Documentos\DECAFIA_v2\01_dataset\decafia_clean\images\train\MINADOR_48.jpg,train,MINADOR_48,16891455385212591258,13778640433313794503,4214497282309812231
C:\Users\luise\OneDrive\Documentos\DECAFIA_v2\01_dataset\decafia_clean\images\train\MINADOR_49.jpg,train,MINADOR_49,18390959478352807715,12279211046801494646,17573574597548831607
C:\Users\luise\OneDrive\Documentos\DECAFIA_v2\01_dataset\decafia_clean\images\train\MINADOR_50.jpg,train,MINADOR_50,18336547584942217886,12334748810085551819,17503467150628942335
C:\Users\luise\OneDrive\Documentos\DECAFIA_v2\01_dataset\decafia_clean\images\train\MINADOR_51.jpg,train,MINADOR_51,12279862241860439323,18104330797841619022,4674957186486034504
C:\Users\luise\OneDrive\Documentos\DECAFIA_v2\01_dataset\decafia_clean\images\train\MINADOR_53.jpg,train,MINADOR_53,12291942802850049384,18428889722225727532,3526556760885223512
C:\Users\luise\OneDrive\Documentos\DECAFIA_v2\01_dataset\decafia_clean\images\train\MINADOR_55.jpg,train,MINADOR_55,16897934193197635681,13817273230461603124,682551378874923248
C:\Users\luise\OneDrive\Documentos\DECAFIA_v2\01_dataset\decafia_clean\images\train\MINADOR_58.jpg,train,MINADOR_58,12250570813299415649,18399051969855328052,1166681629071044656
C:\Users\luise\OneDrive\Documentos\DECAFIA_v2\01_dataset\decafia_clean\images\train\MINADOR_59.jpg,train,MINADOR_59,12299845509456773484,18438441694057697849,207377516149901320
C:\Users\luise\OneDrive\Documentos\DECAFIA_v2\01_dataset\decafia_clean\images\train\MINADOR_60.jpg,train,MINADOR_60,17204002981148401264,13516904310499756837,8682057083149411576
C:\Users\luise\OneDrive\Documentos\DECAFIA_v2\01_dataset\decafia_clean\images\train\MINADOR_63.jpg,train,MINADOR_63,18133339658594892982,12606632043973470691,266822459136025607
C:\Users\luise\OneDrive\Documentos\DECAFIA_v2\01_dataset\decafia_clean\images\train\MINADOR_65.jpg,train,MINADOR_65,12664632930383416114,18051699825977761383,2369074413456640096
C:\Users\luise\OneDrive\Documentos\DECAFIA_v2\01_dataset\decafia_clean\images\train\MINADOR_67.jpg,train,MINADOR_67,18339996658273972009,12308782670884649576,2301863725754018040
C:\Users\luise\OneDrive\Documentos\DECAFIA_v2\01_dataset\decafia_clean\images\train\MINADOR_68.jpg,train,MINADOR_68,18417066574641990951,12304613931664857202,17289803694870425847
C:\Users\luise\OneDrive\Documentos\DECAFIA_v2\01_dataset\decafia_clean\images\train\MINADOR_69.jpg,train,MINADOR_69,18330144299854469409,12336648053421198580,17292125862855635507
C:\Users\luise\OneDrive\Documentos\DECAFIA_v2\01_dataset\decafia_clean\images\train\MINADOR_7.jpg,train,MINADOR_7,18352697203822333772,12314161394692377240,8354706134317979736
C:\Users\luise\OneDrive\Documentos\DECAFIA_v2\01_dataset\decafia_clean\images\train\MINADOR_70.jpg,train,MINADOR_70,18392560591033436422,12279861794284034131,18226271053686045003
C:\Users\luise\OneDrive\Documentos\DECAFIA_v2\01_dataset\decafia_clean\images\train\MINADOR_73.jpg,train,MINADOR_73,16769581595214617286,13676535733543128594,17940358310632388728
C:\Users\luise\OneDrive\Documentos\DECAFIA_v2\01_dataset\decafia_clean\images\train\MINADOR_74.jpg,train,MINADOR_74,18321100756196708278,12327747755956738755,3744983448067828465
C:\Users\luise\OneDrive\Documentos\DECAFIA_v2\01_dataset\decafia_clean\images\train\MINADOR_75.jpg,train,MINADOR_75,18026717852351239070,12501589275709769419,18009020759027800575
C:\Users\luise\OneDrive\Documentos\DECAFIA_v2\01_dataset\decafia_clean\images\train\MINADOR_76.jpg,train,MINADOR_76,13769421998942423909,16880517314678414896,16416342835431009528
C:\Users\luise\OneDrive\Documentos\DECAFIA_v2\01_dataset\decafia_clean\images\train\MINADOR_78.jpg,train,MINADOR_78,12377743605290856228,18055143312916757105,6923267313299520
C:\Users\luise\OneDrive\Documentos\DECAFIA_v2\01_dataset\decafia_clean\images\train\MINADOR_79.jpg,train,MINADOR_79,12614569862794234418,18039908419542425123,8137028712787931232
C:\Users\luise\OneDrive\Documentos\DECAFIA_v2\01_dataset\decafia_clean\images\train\MINADOR_8.jpg,train,MINADOR_8,18026151484003702821,12645703209784872304,18444763814528220287
C:\Users\luise\OneDrive\Documentos\DECAFIA_v2\01_dataset\decafia_clean\images\train\MINADOR_80.jpg,train,MINADOR_80,12351355683461307538,18319941076626164039,1836581052388012080
C:\Users\luise\OneDrive\Documentos\DECAFIA_v2\01_dataset\decafia_clean\images\train\MINADOR_81.jpg,train,MINADOR_81,18410856082352908641,12309979741328866356,14984026656589017471
C:\Users\luise\OneDrive\Documentos\DECAFIA_v2\01_dataset\decafia_clean\images\train\MINADOR_82.jpg,train,MINADOR_82,18401937900099112862,12264889963436546763,17434838005710119153
C:\Users\luise\OneDrive\Documentos\DECAFIA_v2\01_dataset\decafia_clean\images\train\MINADOR_83.jpg,train,MINADOR_83,18039314953838168609,12613685400188215088,16123393381377140793
C:\Users\luise\OneDrive\Documentos\DECAFIA_v2\01_dataset\decafia_clean\images\train\MINEIRO_0.jpg,train,MINEIRO_0,16893993831146757772,12621004480527322057,18013552893486889087
C:\Users\luise\OneDrive\Documentos\DECAFIA_v2\01_dataset\decafia_clean\images\train\MINEIRO_10.jpg,train,MINEIRO_10,13656327583146894316,16776562548450508475,2976261897546746709
C:\Users\luise\OneDrive\Documentos\DECAFIA_v2\01_dataset\decafia_clean\images\train\MINEIRO_100.jpg,train,MINEIRO_100,18027774552012069478,12640144163697905466,17938084512170799217
C:\Users\luise\OneDrive\Documentos\DECAFIA_v2\01_dataset\decafia_clean\images\train\MINEIRO_101.jpg,train,MINEIRO_101,16065735108223635731,10062063718002746950,15229562702159922766
C:\Users\luise\OneDrive\Documentos\DECAFIA_v2\01_dataset\decafia_clean\images\train\MINEIRO_102.jpg,train,MINEIRO_102,18162874397181075448,12203181992045758629,5543552005141457395
C:\Users\luise\OneDrive\Documentos\DECAFIA_v2\01_dataset\decafia_clean\images\train\MINEIRO_103.jpg,train,MINEIRO_103,18405248661756283778,12266012564993007303,18012417975423136119
C:\Users\luise\OneDrive\Documentos\DECAFIA_v2\01_dataset\decafia_clean\images\train\MINEIRO_104.jpg,train,MINEIRO_104,18031429809670167182,12639586162580819915,17433692520955965567
C:\Users\luise\OneDrive\Documentos\DECAFIA_v2\01_dataset\decafia_clean\images\train\MINEIRO_105.jpg,train,MINEIRO_105,17275953888471326328,13444882965730020141,4141315824480221424
C:\Users\luise\OneDrive\Documentos\DECAFIA_v2\01_dataset\decafia_clean\images\train\MINEIRO_106.jpg,train,MINEIRO_106,12667729425441016628,18053666049386650209,58732082808012896
C:\Users\luise\OneDrive\Documentos\DECAFIA_v2\01_dataset\decafia_clean\images\train\MINEIRO_107.jpg,train,MINEIRO_107,16988317299890691688,12288060324334979884,17361627907560498296
C:\Users\luise\OneDrive\Documentos\DECAFIA_v2\01_dataset\decafia_clean\images\train\MINEIRO_109.jpg,train,MINEIRO_109,13431018403273887640,17235773056392665805,8099962217138545760
C:\Users\luise\OneDrive\Documentos\DECAFIA_v2\01_dataset\decafia_clean\images\train\MINEIRO_11.jpg,train,MINEIRO_11,18167427423435610115,12108770549384382838,14892965491614410858
C:\Users\luise\OneDrive\Documentos\DECAFIA_v2\01_dataset\decafia_clean\images\train\MINEIRO_113.jpg,train,MINEIRO_113,18434874058687761184,12286524697498787573,11525239946174853363
C:\Users\luise\OneDrive\Documentos\DECAFIA_v2\01_dataset\decafia_clean\images\train\MINEIRO_115.jpg,train,MINEIRO_115,12627970625696209859,18044381236073713286,17339035245717549168
C:\Users\luise\OneDrive\Documentos\DECAFIA_v2\01_dataset\decafia_clean\images\train\MINEIRO_117.jpg,train,MINEIRO_117,17184311423894855426,13488175763704629782,17363778820107202672
C:\Users\luise\OneDrive\Documentos\DECAFIA_v2\01_dataset\decafia_clean\images\train\MINEIRO_118.jpg,train,MINEIRO_118,18421042471905499916,12317879149532989465,8354450780928278240
C:\Users\luise\OneDrive\Documentos\DECAFIA_v2\01_dataset\decafia_clean\images\train\MINEIRO_119.jpg,train,MINEIRO_119,17180006798084644486,13486838778172590979,17938036039036235832
C:\Users\luise\OneDrive\Documentos\DECAFIA_v2\01_dataset\decafia_clean\images\train\MINEIRO_12.jpg,train,MINEIRO_12,16988598323856121553,12579949571010513796,4142419814048527481
C:\Users\luise\OneDrive\Documentos\DECAFIA_v2\01_dataset\decafia_clean\images\train\MINEIRO_121.jpg,train,MINEIRO_121,18045837553322742354,12626656231262619399,16205326823182626912
C:\Users\luise\OneDrive\Documentos\DECAFIA_v2\01_dataset\decafia_clean\images\train\MINEIRO_122.jpg,train,MINEIRO_122,16917074422745832176,13659647307820945157,4142446191186868464
C:\Users\luise\OneDrive\Documentos\DECAFIA_v2\01_dataset\decafia_clean\images\train\MINEIRO_123.jpg,train,MINEIRO_123,13531228416205835034,17194111778784124495,17938090800037028080
C:\Users\luise\OneDrive\Documentos\DECAFIA_v2\01_dataset\decafia_clean\images\train\MINEIRO_124.jpg,train,MINEIRO_124,13636847311095175379,16747344629414153638,17361628235258458208
C:\Users\luise\OneDrive\Documentos\DECAFIA_v2\01_dataset\decafia_clean\images\train\MINEIRO_125.jpg,train,MINEIRO_125,16920187695236172324,13800648128177217393,2332997530253056240
C:\Users\luise\OneDrive\Documentos\DECAFIA_v2\01_dataset\decafia_clean\images\train\MINEIRO_126.jpg,train,MINEIRO_126,12647185656278797668,18070272579099990576,6971774621431949344
C:\Users\luise\OneDrive\Documentos\DECAFIA_v2\01_dataset\decafia_clean\images\train\MINEIRO_127.jpg,train,MINEIRO_127,17899136063573449765,12476048763333937456,17938667395538676985
C:\Users\luise\OneDrive\Documentos\DECAFIA_v2\01_dataset\decafia_clean\images\train\MINEIRO_128.jpg,train,MINEIRO_128,18053950629624340114,12653374583884647367,3600872985380843638
C:\Users\luise\OneDrive\Documentos\DECAFIA_v2\01_dataset\decafia_clean\images\train\MINEIRO_129.jpg,train,MINEIRO_129,16975968946782706797,12593072285541124408,8354433111638307964
C:\Users\luise\OneDrive\Documentos\DECAFIA_v2\01_dataset\decafia_clean\images\train\MINEIRO_13.jpg,train,MINEIRO_13,9256321521221084078,15357373912786155131,3839674281639153027
C:\Users\luise\OneDrive\Documentos\DECAFIA_v2\01_dataset\decafia_clean\images\train\MINEIRO_131.jpg,train,MINEIRO_131,18022497377369659546,12666814468702997903,11527203931507456063
C:\Users\luise\OneDrive\Documentos\DECAFIA_v2\01_dataset\decafia_clean\images\train\MINEIRO_133.jpg,train,MINEIRO_133,18388976181719571047,12277816630575550266,17361610514356829435
C:\Users\luise\OneDrive\Documentos\DECAFIA_v2\01_dataset\decafia_clean\images\train\MINEIRO_134.jpg,train,MINEIRO_134,18077590877051065507,12661259344938910070,18374395001143027358
C:\Users\luise\OneDrive\Documentos\DECAFIA_v2\01_dataset\decafia_clean\images\train\MINEIRO_135.jpg,train,MINEIRO_135,18048324845343510632,12622976789734212925,4502164656909072925
C:\Users\luise\OneDrive\Documentos\DECAFIA_v2\01_dataset\decafia_clean\images\train\MINEIRO_136.jpg,train,MINEIRO_136,12616223416314879781,18032554813027031796,9259639035185656888
C:\Users\luise\OneDrive\Documentos\DECAFIA_v2\01_dataset\decafia_clean\images\train\MINEIRO_137.jpg,train,MINEIRO_137,18045503026766120391,12626919289647321234,8708528616030924848
C:\Users\luise\OneDrive\Documentos\DECAFIA_v2\01_dataset\decafia_clean\images\train\MINEIRO_138.jpg,train,MINEIRO_138,18051695724688087091,12668855321187175718,8680948860491595000
C:\Users\luise\OneDrive\Documentos\DECAFIA_v2\01_dataset\decafia_clean\images\train\MINEIRO_139.jpg,train,MINEIRO_139,16903593603556347595,12592329023199091342,3596384667345281272
C:\Users\luise\OneDrive\Documentos\DECAFIA_v2\01_dataset\decafia_clean\images\train\MINEIRO_14.jpg,train,MINEIRO_14,13852848592827788623,10910648681125935162,15736321669774655335
C:\Users\luise\OneDrive\Documentos\DECAFIA_v2\01_dataset\decafia_clean\images\train\MINEIRO_142.jpg,train,MINEIRO_142,18346715800473800557,12378693905390819896,16411619273447239920
C:\Users\luise\OneDrive\Documentos\DECAFIA_v2\01_dataset\decafia_clean\images\train\MINEIRO_144.jpg,train,MINEIRO_144,17901955095829190796,12477170106141625816,18301756838945684623
C:\Users\luise\OneDrive\Documentos\DECAFIA_v2\01_dataset\decafia_clean\images\train\MINEIRO_146.jpg,train,MINEIRO_146,18356818932917901872,12363736513965051685,1835495019746490608
C:\Users\luise\OneDrive\Documentos\DECAFIA_v2\01_dataset\decafia_clean\images\train\MINEIRO_149.jpg,train,MINEIRO_149,16899623317713492593,13534108579126955812,10444107935290812656
C:\Users\luise\OneDrive\Documentos\DECAFIA_v2\01_dataset\decafia_clean\images\train\MINEIRO_15.jpg,train,MINEIRO_15,16876823243521759337,13790250790884919612,16210984884550532125
C:\Users\luise\OneDrive\Documentos\DECAFIA_v2\01_dataset\decafia_clean\images\train\MINEIRO_151.jpg,train,MINEIRO_151,15967384521105818662,12306893894561303410,10352745806994057290
C:\Users\luise\OneDrive\Documentos\DECAFIA_v2\01_dataset\decafia_clean\images\train\MINEIRO_152.jpg,train,MINEIRO_152,9539312371548839416,15074998596113074413,4268122973506451827
C:\Users\luise\OneDrive\Documentos\DECAFIA_v2\01_dataset\decafia_clean\images\train\MINEIRO_153.jpg,train,MINEIRO_153,16899653726178023064,12669457883487175629,8202434484714632416
C:\Users\luise\OneDrive\Documentos\DECAFIA_v2\01_dataset\decafia_clean\images\train\MINEIRO_155.jpg,train,MINEIRO_155,18389253022383509378,12278665693329083090,17433668082054002940
C:\Users\luise\OneDrive\Documentos\DECAFIA_v2\01_dataset\decafia_clean\images\train\MINEIRO_157.jpg,train,MINEIRO_157,18129383067227098765,12595675963164642200,7341105886895861809
C:\Users\luise\OneDrive\Documentos\DECAFIA_v2\01_dataset\decafia_clean\images\train\MINEIRO_158.jpg,train,MINEIRO_158,18025271750789744338,12642717351853200261,8134841105654408807
C:\Users\luise\OneDrive\Documentos\DECAFIA_v2\01_dataset\decafia_clean\images\train\MINEIRO_159.jpg,train,MINEIRO_159,9698327885917976773,15258825048173755792,649384242003491180
C:\Users\luise\OneDrive\Documentos\DECAFIA_v2\01_dataset\decafia_clean\images\train\MINEIRO_16.jpg,train,MINEIRO_16,12674484382501146452,18064366028399761985,4064684139865501744
C:\Users\luise\OneDrive\Documentos\DECAFIA_v2\01_dataset\decafia_clean\images\train\MINEIRO_160.jpg,train,MINEIRO_160,18028619075865549337,12639299933109309260,3994964409473333579
C:\Users\luise\OneDrive\Documentos\DECAFIA_v2\01_dataset\decafia_clean\images\train\MINEIRO_161.jpg,train,MINEIRO_161,17207274642689530609,13518064776051806116,4141333476628035697
C:\Users\luise\OneDrive\Documentos\DECAFIA_v2\01_dataset\decafia_clean\images\train\MINEIRO_162.jpg,train,MINEIRO_162,18328700962886491780,12322399705628724177,17430846765617051699
C:\Users\luise\OneDrive\Documentos\DECAFIA_v2\01_dataset\decafia_clean\images\train\MINEIRO_163.jpg,train,MINEIRO_163,12651688955250318280,18070272699350437528,3526464436262983736
C:\Users\luise\OneDrive\Documentos\DECAFIA_v2\01_dataset\decafia_clean\images\train\MINEIRO_165.jpg,train,MINEIRO_165,18337198049083836995,12333815861652791190,16201937922386618578
C:\Users\luise\OneDrive\Documentos\DECAFIA_v2\01_dataset\decafia_clean\images\train\MINEIRO_166.jpg,train,MINEIRO_166,16910318765616044237,13828531387581255064,4141298292459468825
C:\Users\luise\OneDrive\Documentos\DECAFIA_v2\01_dataset\decafia_clean\images\train\MINEIRO_167.jpg,train,MINEIRO_167,18024397317146840215,12642959343018826178,3598610259235369010
C:\Users\luise\OneDrive\Documentos\DECAFIA_v2\01_dataset\decafia_clean\images\train\MINEIRO_168.jpg,train,MINEIRO_168,12627482441595208086,18044376924055573699,17348095239783987224
C:\Users\luise\OneDrive\Documentos\DECAFIA_v2\01_dataset\decafia_clean\images\train\MINEIRO_170.jpg,train,MINEIRO_170,14430584645669906332,11319490977222703049,1962791525244816713
C:\Users\luise\OneDrive\Documentos\DECAFIA_v2\01_dataset\decafia_clean\images\train\MINEIRO_173.jpg,train,MINEIRO_173,12669980662620327798,18053103099426953763,54193486042550320
C:\Users\luise\OneDrive\Documentos\DECAFIA_v2\01_dataset\decafia_clean\images\train\MINEIRO_175.jpg,train,MINEIRO_175,16916230002125363728,13805451277010308961,17397529539393677425
C:\Users\luise\OneDrive\Documentos\DECAFIA_v2\01_dataset\decafia_clean\images\train\MINEIRO_177.jpg,train,MINEIRO_177,13273959076512745618,17104889254683090375,17361650173916242064
C:\Users\luise\OneDrive\Documentos\DECAFIA_v2\01_dataset\decafia_clean\images\train\MINEIRO_178.jpg,train,MINEIRO_178,17239674578861671079,13432818651656132562,17348038082358732921
C:\Users\luise\OneDrive\Documentos\DECAFIA_v2\01_dataset\decafia_clean\images\train\MINEIRO_18.jpg,train,MINEIRO_18,13768300630244364235,16881604289319262874,12961835759816733171
C:\Users\luise\OneDrive\Documentos\DECAFIA_v2\01_dataset\decafia_clean\images\train\MINEIRO_180.jpg,train,MINEIRO_180,18048880708483013270,12622134228731203523,17360526206342819856
C:\Users\luise\OneDrive\Documentos\DECAFIA_v2\01_dataset\decafia_clean\images\train\MINEIRO_181.jpg,train,MINEIRO_181,18347807576136012314,12391039278528561995,17431456105883031776
C:\Users\luise\OneDrive\Documentos\DECAFIA_v2\01_dataset\decafia_clean\images\train\MINEIRO_182.jpg,train,MINEIRO_182,16895684055516289174,13775616484406627779,17363908587914293264
C:\Users\luise\OneDrive\Documentos\DECAFIA_v2\01_dataset\decafia_clean\images\train\MINEIRO_183.jpg,train,MINEIRO_183,18143530238470820880,12582936184000987461,18372703942747677936
C:\Users\luise\OneDrive\Documentos\DECAFIA_v2\01_dataset\decafia_clean\images\train\MINEIRO_184.jpg,train,MINEIRO_184,16755510053850110057,13678226790872288300,18010164277032183024
C:\Users\luise\OneDrive\Documentos\DECAFIA_v2\01_dataset\decafia_clean\images\train\MINEIRO_185.jpg,train,MINEIRO_185,18366665102230740536,12300163508879985517,18156539604136552683
C:\Users\luise\OneDrive\Documentos\DECAFIA_v2\01_dataset\decafia_clean\images\train\MINEIRO_186.jpg,train,MINEIRO_186,12677796000122653477,18061054217505250912,2369069877837222032
C:\Users\luise\OneDrive\Documentos\DECAFIA_v2\01_dataset\decafia_clean\images\train\MINEIRO_188.jpg,train,MINEIRO_188,18429187237490316830,12291719160769708907,17935846001188860144
C:\Users\luise\OneDrive\Documentos\DECAFIA_v2\01_dataset\decafia_clean\images\train\MINEIRO_189.jpg,train,MINEIRO_189,16890930867443441558,13708307680147327619,17933585181977407538
C:\Users\luise\OneDrive\Documentos\DECAFIA_v2\01_dataset\decafia_clean\images\train\MINEIRO_19.jpg,train,MINEIRO_19,16882455332769864372,13771394651651100001,17939212593955928305
C:\Users\luise\OneDrive\Documentos\DECAFIA_v2\01_dataset\decafia_clean\images\train\MINEIRO_190.jpg,train,MINEIRO_190,17248998811167005336,13417793747994529669,3490527827028670512
C:\Users\luise\OneDrive\Documentos\DECAFIA_v2\01_dataset\decafia_clean\images\train\MINEIRO_192.jpg,train,MINEIRO_192,18317407904933857999,12351614721589682058,17571036761538490879
C:\Users\luise\OneDrive\Documentos\DECAFIA_v2\01_dataset\decafia_clean\images\train\MINEIRO_2.jpg,train,MINEIRO_2,18059018519188674663,12667450359923608882,15991995179249499384
C:\Users\luise\OneDrive\Documentos\DECAFIA_v2\01_dataset\decafia_clean\images\train\MINEIRO_22.jpg,train,MINEIRO_22,12301002745200693065,18077630906006084124,2364539941806198844
C:\Users\luise\OneDrive\Documentos\DECAFIA_v2\01_dataset\decafia_clean\images\train\MINEIRO_23.jpg,train,MINEIRO_23,13807702935088450403,16918759329832738358,9279878768187727904
C:\Users\luise\OneDrive\Documentos\DECAFIA_v2\01_dataset\decafia_clean\images\train\MINEIRO_24.jpg,train,MINEIRO_24,12258504017257417441,18395973169774501814,8131403638545119473
C:\Users\luise\OneDrive\Documentos\DECAFIA_v2\01_dataset\decafia_clean\images\train\MINEIRO_25.jpg,train,MINEIRO_25,18136525185255509614,12602959373266885179,7270193802879237369
C:\Users\luise\OneDrive\Documentos\DECAFIA_v2\01_dataset\decafia_clean\images\train\MINEIRO_26.jpg,train,MINEIRO_26,16888926778995302066,13777866106599934435,17940351825842075728
C:\Users\luise\OneDrive\Documentos\DECAFIA_v2\01_dataset\decafia_clean\images\train\MINEIRO_27.jpg,train,MINEIRO_27,18424438408078412484,12314411804188381083,4031269956835668095
C:\Users\luise\OneDrive\Documentos\DECAFIA_v2\01_dataset\decafia_clean\images\train\MINEIRO_28.jpg,train,MINEIRO_28,16907223155041868446,12607493595764787147,8210335765527066873
C:\Users\luise\OneDrive\Documentos\DECAFIA_v2\01_dataset\decafia_clean\images\train\MINEIRO_29.jpg,train,MINEIRO_29,17170748373249396533,12258681605634185824,17650966815445148144
C:\Users\luise\OneDrive\Documentos\DECAFIA_v2\01_dataset\decafia_clean\images\train\MINEIRO_30.jpg,train,MINEIRO_30,17179197526336069262,12339177368312777627,17927949196572815871
C:\Users\luise\OneDrive\Documentos\DECAFIA_v2\01_dataset\decafia_clean\images\train\MINEIRO_31.jpg,train,MINEIRO_31,17187289886196537459,13533545868765809958,6444893907891319032
C:\Users\luise\OneDrive\Documentos\DECAFIA_v2\01_dataset\decafia_clean\images\train\MINEIRO_34.jpg,train,MINEIRO_34,13517998839699196780,17207270145877909041,16627506380576715890
C:\Users\luise\OneDrive\Documentos\DECAFIA_v2\01_dataset\decafia_clean\images\train\MINEIRO_35.jpg,train,MINEIRO_35,18270189031124905251,12166920016031479926,537029880094748991
C:\Users\luise\OneDrive\Documentos\DECAFIA_v2\01_dataset\decafia_clean\images\train\MINEIRO_36.jpg,train,MINEIRO_36,18120378510524553474,12550917992074038359,16427140151788236848
C:\Users\luise\OneDrive\Documentos\DECAFIA_v2\01_dataset\decafia_clean\images\train\MINEIRO_37.jpg,train,MINEIRO_37,17158116929270159887,13504238257601694554,17359297337848788025
C:\Users\luise\OneDrive\Documentos\DECAFIA_v2\01_dataset\decafia_clean\images\train\MINEIRO_38.jpg,train,MINEIRO_38,18021647489073400550,12630508697665309619,7920959448679116914
C:\Users\luise\OneDrive\Documentos\DECAFIA_v2\01_dataset\decafia_clean\images\train\MINEIRO_39.jpg,train,MINEIRO_39,12625793661360245639,18044376855201767066,3526495017039329280
C:\Users\luise\OneDrive\Documentos\DECAFIA_v2\01_dataset\decafia_clean\images\train\MINEIRO_4.jpg,train,MINEIRO_4,9649664345880707619,13888867920818049906,14094048058413909393
C:\Users\luise\OneDrive\Documentos\DECAFIA_v2\01_dataset\decafia_clean\images\train\MINEIRO_40.jpg,train,MINEIRO_40,12364866637156010383,18360192599409958042,6971797377785067640
C:\Users\luise\OneDrive\Documentos\DECAFIA_v2\01_dataset\decafia_clean\images\train\MINEIRO_41.jpg,train,MINEIRO_41,18089483577780963463,12568021183342107090,16781723485579010096
C:\Users\luise\OneDrive\Documentos\DECAFIA_v2\01_dataset\decafia_clean\images\train\MINEIRO_43.jpg,train,MINEIRO_43,18376604477890351051,12273298792410028702,17433667883479132396
C:\Users\luise\OneDrive\Documentos\DECAFIA_v2\01_dataset\decafia_clean\images\train\MINEIRO_45.jpg,train,MINEIRO_45,13791905087599707087,16876083508284282520,17361579675484480608
C:\Users\luise\OneDrive\Documentos\DECAFIA_v2\01_dataset\decafia_clean\images\train\MINEIRO_46.jpg,train,MINEIRO_46,12652533689392678692,18069428033910774320,16199589559624591416
C:\Users\luise\OneDrive\Documentos\DECAFIA_v2\01_dataset\decafia_clean\images\train\MINEIRO_47.jpg,train,MINEIRO_47,16865846381763402291,13770548305774628710,11004799568835836016
C:\Users\luise\OneDrive\Documentos\DECAFIA_v2\01_dataset\decafia_clean\images\train\MINEIRO_48.jpg,train,MINEIRO_48,17161178755624279696,13505614069845085125,4101876410810563647
C:\Users\luise\OneDrive\Documentos\DECAFIA_v2\01_dataset\decafia_clean\images\train\MINEIRO_49.jpg,train,MINEIRO_49,16954593027703479986,13699815173664131911,2050488978728611875
C:\Users\luise\OneDrive\Documentos\DECAFIA_v2\01_dataset\decafia_clean\images\train\MINEIRO_5.jpg,train,MINEIRO_5,10802585821493331754,13888867899409257082,14107981069761105809
C:\Users\luise\OneDrive\Documentos\DECAFIA_v2\01_dataset\decafia_clean\images\train\MINEIRO_51.jpg,train,MINEIRO_51,12648628915599887117,18075373775901531768,6965001690842448048
C:\Users\luise\OneDrive\Documentos\DECAFIA_v2\01_dataset\decafia_clean\images\train\MINEIRO_53.jpg,train,MINEIRO_53,13790216843481760920,16876646359569240525,8712443125086863841
C:\Users\luise\OneDrive\Documentos\DECAFIA_v2\01_dataset\decafia_clean\images\train\MINEIRO_54.jpg,train,MINEIRO_54,16883860182212778556,13769984785719152489,4142455133209686264
C:\Users\luise\OneDrive\Documentos\DECAFIA_v2\01_dataset\decafia_clean\images\train\MINEIRO_55.jpg,train,MINEIRO_55,13466192858580818588,17272661413441687496,8102082248601288928
C:\Users\luise\OneDrive\Documentos\DECAFIA_v2\01_dataset\decafia_clean\images\train\MINEIRO_56.jpg,train,MINEIRO_56,12351671878869698358,18319694906364301923,8134812321047691376
C:\Users\luise\OneDrive\Documentos\DECAFIA_v2\01_dataset\decafia_clean\images\train\MINEIRO_57.jpg,train,MINEIRO_57,12254194980521368169,18395779569023749948,17361623707824709680
C:\Users\luise\OneDrive\Documentos\DECAFIA_v2\01_dataset\decafia_clean\images\train\MINEIRO_58.jpg,train,MINEIRO_58,13767404746504983648,16887074638564262711,15106386819715493939
C:\Users\luise\OneDrive\Documentos\DECAFIA_v2\01_dataset\decafia_clean\images\train\MINEIRO_59.jpg,train,MINEIRO_59,18055636558776229412,12378021103127006067,9755872951079463129
C:\Users\luise\OneDrive\Documentos\DECAFIA_v2\01_dataset\decafia_clean\images\train\MINEIRO_6.jpg,train,MINEIRO_6,16895965547670722582,13631783029009780033,17941493049917454355
C:\Users\luise\OneDrive\Documentos\DECAFIA_v2\01_dataset\decafia_clean\images\train\MINEIRO_60.jpg,train,MINEIRO_60,18404664254160612751,12262974064339380442,7489720199813392327
C:\Users\luise\OneDrive\Documentos\DECAFIA_v2\01_dataset\decafia_clean\images\train\MINEIRO_64.jpg,train,MINEIRO_64,18343303186378946661,12376406737395985714,10372336274139312376
C:\Users\luise\OneDrive\Documentos\DECAFIA_v2\01_dataset\decafia_clean\images\train\MINEIRO_65.jpg,train,MINEIRO_65,16891212422955376148,13780136769833716545,17362758267156754672
C:\Users\luise\OneDrive\Documentos\DECAFIA_v2\01_dataset\decafia_clean\images\train\MINEIRO_67.jpg,train,MINEIRO_67,17178035670086949454,13488827583966531355,8707983593169538160
C:\Users\luise\OneDrive\Documentos\DECAFIA_v2\01_dataset\decafia_clean\images\train\MINEIRO_68.jpg,train,MINEIRO_68,9603190109707354943,14993107489568036458,3687085907504622066
C:\Users\luise\OneDrive\Documentos\DECAFIA_v2\01_dataset\decafia_clean\images\train\MINEIRO_7.jpg,train,MINEIRO_7,18055390319839186633,12665512496470137740,8351062181456837753
C:\Users\luise\OneDrive\Documentos\DECAFIA_v2\01_dataset\decafia_clean\images\train\MINEIRO_70.jpg,train,MINEIRO_70,18104330797845811788,12568092618008217369,8202414982720289821
C:\Users\luise\OneDrive\Documentos\DECAFIA_v2\01_dataset\decafia_clean\images\train\MINEIRO_71.jpg,train,MINEIRO_71,18088572597221575311,12568088219986860954,17573244469420419323
C:\Users\luise\OneDrive\Documentos\DECAFIA_v2\01_dataset\decafia_clean\images\train\MINEIRO_74.jpg,train,MINEIRO_74,18064366204405125061,12674484017495988880,8354706082845615153
C:\Users\luise\OneDrive\Documentos\DECAFIA_v2\01_dataset\decafia_clean\images\train\MINEIRO_75.jpg,train,MINEIRO_75,16878811220533549702,13792485127249645522,17359385300524625944
C:\Users\luise\OneDrive\Documentos\DECAFIA_v2\01_dataset\decafia_clean\images\train\MINEIRO_79.jpg,train,MINEIRO_79,13489566465459981281,12565540418887256756,16276269272211972273
C:\Users\luise\OneDrive\Documentos\DECAFIA_v2\01_dataset\decafia_clean\images\train\MINEIRO_81.jpg,train,MINEIRO_81,18039877701261007468,12614248467040194361,17574425585393233945
C:\Users\luise\OneDrive\Documentos\DECAFIA_v2\01_dataset\decafia_clean\images\train\MINEIRO_82.jpg,train,MINEIRO_82,18059581417642302170,12679269886607084428,1763439590103644411
C:\Users\luise\OneDrive\Documentos\DECAFIA_v2\01_dataset\decafia_clean\images\train\MINEIRO_83.jpg,train,MINEIRO_83,18140716485924785816,12291590924912024525,13542575691283878140
C:\Users\luise\OneDrive\Documentos\DECAFIA_v2\01_dataset\decafia_clean\images\train\MINEIRO_84.jpg,train,MINEIRO_84,11563422140796462010,17666726725331989575,3804773441881279091
C:\Users\luise\OneDrive\Documentos\DECAFIA_v2\01_dataset\decafia_clean\images\train\MINEIRO_85.jpg,train,MINEIRO_85,13794455911750835339,16877967229430745242,8716876442610233536
C:\Users\luise\OneDrive\Documentos\DECAFIA_v2\01_dataset\decafia_clean\images\train\MINEIRO_86.jpg,train,MINEIRO_86,17194358383231669833,13532178390720561948,3528810907196520568
C:\Users\luise\OneDrive\Documentos\DECAFIA_v2\01_dataset\decafia_clean\images\train\MINEIRO_87.jpg,train,MINEIRO_87,18402499883691331370,12265137289394625071,17357150972167123441
C:\Users\luise\OneDrive\Documentos\DECAFIA_v2\01_dataset\decafia_clean\images\train\MINEIRO_90.jpg,train,MINEIRO_90,17181097478318430614,13486821233363438723,17939232178569508888
C:\Users\luise\OneDrive\Documentos\DECAFIA_v2\01_dataset\decafia_clean\images\train\MINEIRO_91.jpg,train,MINEIRO_91,12305775543778647768,18415976408704125837,15596234548766237944
C:\Users\luise\OneDrive\Documentos\DECAFIA_v2\01_dataset\decafia_clean\images\train\MINEIRO_93.jpg,train,MINEIRO_93,12351913788630601682,18320507359547546246,17363849007757062176
C:\Users\luise\OneDrive\Documentos\DECAFIA_v2\01_dataset\decafia_clean\images\train\MINEIRO_94.jpg,train,MINEIRO_94,18339152242076720024,12380554365727853261,17361641180390553840
C:\Users\luise\OneDrive\Documentos\DECAFIA_v2\01_dataset\decafia_clean\images\train\MINEIRO_97.jpg,train,MINEIRO_97,12545820395173090034,18108657891457222534,16771660763549464624
C:\Users\luise\OneDrive\Documentos\DECAFIA_v2\01_dataset\decafia_clean\images\train\MINEIRO_98.jpg,train,MINEIRO_98,12614007368912521680,16886424423478173317,14022173788302528752
C:\Users\luise\OneDrive\Documentos\DECAFIA_v2\01_dataset\decafia_clean\images\train\MINEIRO_99.jpg,train,MINEIRO_99,18127429244375633773,12593332911754500664,8133757031617981680
C:\Users\luise\OneDrive\Documentos\DECAFIA_v2\01_dataset\decafia_clean\images\train\ROYA_FONDO_1.jpg,train,ROYA_FONDO_1,12502434048677608820,18290460399834245153,1396662259906834787
C:\Users\luise\OneDrive\Documentos\DECAFIA_v2\01_dataset\decafia_clean\images\train\ROYA_FONDO_10.jpg,train,ROYA_FONDO_10,16241254137568614873,12984392038610603148,8176690707469201879
C:\Users\luise\OneDrive\Documentos\DECAFIA_v2\01_dataset\decafia_clean\images\train\ROYA_FONDO_11.jpg,train,ROYA_FONDO_11,12624878876041513933,18041843584975298200,1432642384809980163
C:\Users\luise\OneDrive\Documentos\DECAFIA_v2\01_dataset\decafia_clean\images\train\ROYA_FONDO_13.jpg,train,ROYA_FONDO_13,17268142781506443781,13470707440416427792,8784808394279416049
C:\Users\luise\OneDrive\Documentos\DECAFIA_v2\01_dataset\decafia_clean\images\train\ROYA_FONDO_15.jpg,train,ROYA_FONDO_15,16235339340596763315,13049978482524983270,11383117373580013730
C:\Users\luise\OneDrive\Documentos\DECAFIA_v2\01_dataset\decafia_clean\images\train\ROYA_FONDO_18.jpg,train,ROYA_FONDO_18,13817835879635340060,16904126891384543819,207681049814946161
C:\Users\luise\OneDrive\Documentos\DECAFIA_v2\01_dataset\decafia_clean\images\train\ROYA_FONDO_19.jpg,train,ROYA_FONDO_19,17325795425793592475,11899849917160922062,6980685389617488518
C:\Users\luise\OneDrive\Documentos\DECAFIA_v2\01_dataset\decafia_clean\images\train\ROYA_FONDO_2.jpg,train,ROYA_FONDO_2,16926361774139808360,12660692825899125052,8320674008037910704
C:\Users\luise\OneDrive\Documentos\DECAFIA_v2\01_dataset\decafia_clean\images\train\ROYA_FONDO_20.jpg,train,ROYA_FONDO_20,13648651486162493080,16734414571368795020,17437072341700043219
C:\Users\luise\OneDrive\Documentos\DECAFIA_v2\01_dataset\decafia_clean\images\train\ROYA_FONDO_22.jpg,train,ROYA_FONDO_22,18061272689990572073,12669699428304506172,1833234252140146897
C:\Users\luise\OneDrive\Documentos\DECAFIA_v2\01_dataset\decafia_clean\images\train\ROYA_FONDO_23.jpg,train,ROYA_FONDO_23,16257042699338082700,13027167039535592601,3951970745846905037
C:\Users\luise\OneDrive\Documentos\DECAFIA_v2\01_dataset\decafia_clean\images\train\ROYA_FONDO_24.jpg,train,ROYA_FONDO_24,17026287466529724723,13338768642333330534,1763410822914142513
C:\Users\luise\OneDrive\Documentos\DECAFIA_v2\01_dataset\decafia_clean\images\train\ROYA_FONDO_25.jpg,train,ROYA_FONDO_25,12640707659232611769,18030307831227570404,17327855721797706018
C:\Users\luise\OneDrive\Documentos\DECAFIA_v2\01_dataset\decafia_clean\images\train\ROYA_FONDO_28.jpg,train,ROYA_FONDO_28,12998729460890564732,16244931109569965417,1184693855101924103
C:\Users\luise\OneDrive\Documentos\DECAFIA_v2\01_dataset\decafia_clean\images\train\ROYA_FONDO_29.jpg,train,ROYA_FONDO_29,16154869017764194100,13073328025391149665,14583475214666971306
C:\Users\luise\OneDrive\Documentos\DECAFIA_v2\01_dataset\decafia_clean\images\train\ROYA_FONDO_3.jpg,train,ROYA_FONDO_3,13780400167419167945,16891460307373101212,13898355775571550401
C:\Users\luise\OneDrive\Documentos\DECAFIA_v2\01_dataset\decafia_clean\images\train\ROYA_FONDO_30.jpg,train,ROYA_FONDO_30,18320841470328408632,12328007402600975981,17580063649395828979
C:\Users\luise\OneDrive\Documentos\DECAFIA_v2\01_dataset\decafia_clean\images\train\ROYA_FONDO_31.jpg,train,ROYA_FONDO_31,12696715979506740380,16530073877737585089,17285625645374660989
C:\Users\luise\OneDrive\Documentos\DECAFIA_v2\01_dataset\decafia_clean\images\train\ROYA_FONDO_33.jpg,train,ROYA_FONDO_33,16314182542688860425,12912607120214224604,12948113328897553255
C:\Users\luise\OneDrive\Documentos\DECAFIA_v2\01_dataset\decafia_clean\images\train\ROYA_FONDO_36.jpg,train,ROYA_FONDO_36,12481661362298620380,18186257904507706505,8751044746102208872
C:\Users\luise\OneDrive\Documentos\DECAFIA_v2\01_dataset\decafia_clean\images\train\ROYA_FONDO_37.jpg,train,ROYA_FONDO_37,12651403470065448146,18070558506925253063,159016803953043479
C:\Users\luise\OneDrive\Documentos\DECAFIA_v2\01_dataset\decafia_clean\images\train\ROYA_FONDO_38.jpg,train,ROYA_FONDO_38,13287239266402995913,17091324291012074380,8712478327782302179
C:\Users\luise\OneDrive\Documentos\DECAFIA_v2\01_dataset\decafia_clean\images\train\ROYA_FONDO_41.jpg,train,ROYA_FONDO_41,12568087051177047235,18104330592577216918,592356171200881161
C:\Users\luise\OneDrive\Documentos\DECAFIA_v2\01_dataset\decafia_clean\images\train\ROYA_FONDO_42.jpg,train,ROYA_FONDO_42,16747076898522581450,13347759865439951003,17359367570497007712
C:\Users\luise\OneDrive\Documentos\DECAFIA_v2\01_dataset\decafia_clean\images\train\ROYA_FONDO_44.jpg,train,ROYA_FONDO_44,13359597276356611213,16731584719561316760,17573574477426484071
C:\Users\luise\OneDrive\Documentos\DECAFIA_v2\01_dataset\decafia_clean\images\train\ROYA_FONDO_45.jpg,train,ROYA_FONDO_45,13305200973297179804,17145415505479862729,5863925140365178083
C:\Users\luise\OneDrive\Documentos\DECAFIA_v2\01_dataset\decafia_clean\images\train\ROYA_FONDO_46.jpg,train,ROYA_FONDO_46,12483858126768556802,16747347180992110230,9277662555675820041
C:\Users\luise\OneDrive\Documentos\DECAFIA_v2\01_dataset\decafia_clean\images\train\ROYA_FONDO_47.jpg,train,ROYA_FONDO_47,13612061733250845752,16839687242506803308,13542852810392002669
C:\Users\luise\OneDrive\Documentos\DECAFIA_v2\01_dataset\decafia_clean\images\train\ROYA_FONDO_49.jpg,train,ROYA_FONDO_49,16363710742985656772,13134398039579040915,7093715530856544531
C:\Users\luise\OneDrive\Documentos\DECAFIA_v2\01_dataset\decafia_clean\images\train\ROYA_FONDO_50.jpg,train,ROYA_FONDO_50,12639581764584656538,16878512771845823118,3594092974125990147
C:\Users\luise\OneDrive\Documentos\DECAFIA_v2\01_dataset\decafia_clean\images\train\ROYA_FONDO_51.jpg,train,ROYA_FONDO_51,16383698415895234945,13117793512403867860,6264763237698924711
C:\Users\luise\OneDrive\Documentos\DECAFIA_v2\01_dataset\decafia_clean\images\train\ROYA_FONDO_53.jpg,train,ROYA_FONDO_53,16819748563176631754,12123290393858209935,17362771486762428731
C:\Users\luise\OneDrive\Documentos\DECAFIA_v2\01_dataset\decafia_clean\images\train\ROYA_FONDO_54.jpg,train,ROYA_FONDO_54,13460907669572889649,17265557292865845284,3905444191171272932
C:\Users\luise\OneDrive\Documentos\DECAFIA_v2\01_dataset\decafia_clean\images\train\ROYA_FONDO_55.jpg,train,ROYA_FONDO_55,16903629096225405985,13817202312230054260,2250103253265741940
C:\Users\luise\OneDrive\Documentos\DECAFIA_v2\01_dataset\decafia_clean\images\train\ROYA_FONDO_57.jpg,train,ROYA_FONDO_57,16878015449145010312,12351848707107465693,8606617064762276159
C:\Users\luise\OneDrive\Documentos\DECAFIA_v2\01_dataset\decafia_clean\images\train\ROYA_FONDO_58.jpg,train,ROYA_FONDO_58,18356870061170346556,12364034962682978153,18442518646209833187
C:\Users\luise\OneDrive\Documentos\DECAFIA_v2\01_dataset\decafia_clean\images\train\ROYA_FONDO_59.jpg,train,ROYA_FONDO_59,16760013086645127015,13673722658770178610,2242573248420019257
C:\Users\luise\OneDrive\Documentos\DECAFIA_v2\01_dataset\decafia_clean\images\train\ROYA_FONDO_6.jpg,train,ROYA_FONDO_6,13563929281256472974,16819137579971157659,16348278581994047161
C:\Users\luise\OneDrive\Documentos\DECAFIA_v2\01_dataset\decafia_clean\images\train\ROYA_FONDO_60.jpg,train,ROYA_FONDO_60,17898314394497568169,12481377047083260648,16208728720545997027
C:\Users\luise\OneDrive\Documentos\DECAFIA_v2\01_dataset\decafia_clean\images\train\ROYA_FONDO_62.jpg,train,ROYA_FONDO_62,16733273558748127661,13649516500154000632,4574945695592101663
C:\Users\luise\OneDrive\Documentos\DECAFIA_v2\01_dataset\decafia_clean\images\train\ROYA_FONDO_64.jpg,train,ROYA_FONDO_64,13646965311121403265,16732728523028789460,4175084111426281569
C:\Users\luise\OneDrive\Documentos\DECAFIA_v2\01_dataset\decafia_clean\images\train\ROYA_FONDO_65.jpg,train,ROYA_FONDO_65,16948688386515626160,13646055439393633765,536466982950433840
C:\Users\luise\OneDrive\Documentos\DECAFIA_v2\01_dataset\decafia_clean\images\train\ROYA_FONDO_66.jpg,train,ROYA_FONDO_66,17351392004154816615,12508979334023097650,16120899800440270967
C:\Users\luise\OneDrive\Documentos\DECAFIA_v2\01_dataset\decafia_clean\images\train\ROYA_FONDO_67.jpg,train,ROYA_FONDO_67,12621567430633352301,16878794178234824760,3486028746851999758
C:\Users\luise\OneDrive\Documentos\DECAFIA_v2\01_dataset\decafia_clean\images\train\ROYA_FONDO_68.jpg,train,ROYA_FONDO_68,17269264365388208713,13468460128689967004,18010128662995695864
C:\Users\luise\OneDrive\Documentos\DECAFIA_v2\01_dataset\decafia_clean\images\train\ROYA_FONDO_7.jpg,train,ROYA_FONDO_7,13636849920543393332,16747347239362941795,5324312390424135173
C:\Users\luise\OneDrive\Documentos\DECAFIA_v2\01_dataset\decafia_clean\images\train\ROYA_FONDO_71.jpg,train,ROYA_FONDO_71,17382930920386022861,11847218855419451804,17577814263252152358
C:\Users\luise\OneDrive\Documentos\DECAFIA_v2\01_dataset\decafia_clean\images\train\ROYA_FONDO_72.jpg,train,ROYA_FONDO_72,16831787159129237390,13601662979567547098,2242645232040306975
C:\Users\luise\OneDrive\Documentos\DECAFIA_v2\01_dataset\decafia_clean\images\train\ROYA_FONDO_74.jpg,train,ROYA_FONDO_74,13563945495093288060,16819121365865908521,6985347870687785008
C:\Users\luise\OneDrive\Documentos\DECAFIA_v2\01_dataset\decafia_clean\images\train\ROYA_FONDO_75.jpg,train,ROYA_FONDO_75,18056554998878737443,12664843774488076658,2251651366712667193
C:\Users\luise\OneDrive\Documentos\DECAFIA_v2\01_dataset\decafia_clean\images\train\ROYA_FONDO_77.jpg,train,ROYA_FONDO_77,18046633311149148302,12620159437275041243,8319798736551475547
C:\Users\luise\OneDrive\Documentos\DECAFIA_v2\01_dataset\decafia_clean\images\train\ROYA_FONDO_79.jpg,train,ROYA_FONDO_79,13631763786406006215,16751303353423026578,16784010813833801809
C:\Users\luise\OneDrive\Documentos\DECAFIA_v2\01_dataset\decafia_clean\images\train\ROYA_FONDO_80.jpg,train,ROYA_FONDO_80,11906904721469695080,17323245051115614525,104137980115955729
C:\Users\luise\OneDrive\Documentos\DECAFIA_v2\01_dataset\decafia_clean\images\train\ROYA_FONDO_82.jpg,train,ROYA_FONDO_82,17638026025502844103,16254492079322067923,9201683044605453222
C:\Users\luise\OneDrive\Documentos\DECAFIA_v2\01_dataset\decafia_clean\images\train\ROYA_FONDO_83.jpg,train,ROYA_FONDO_83,12118225305438657691,18264841834423863502,4679496031425552416
C:\Users\luise\OneDrive\Documentos\DECAFIA_v2\01_dataset\decafia_clean\images\train\ROYA_FONDO_84.jpg,train,ROYA_FONDO_84,13420031183190057456,17107154182636319909,157873243400704896
C:\Users\luise\OneDrive\Documentos\DECAFIA_v2\01_dataset\decafia_clean\images\train\ROYA_FONDO_86.jpg,train,ROYA_FONDO_86,17052247901381146641,13398368096384478532,4573964783620749375
C:\Users\luise\OneDrive\Documentos\DECAFIA_v2\01_dataset\decafia_clean\images\train\ROYA_FONDO_9.jpg,train,ROYA_FONDO_9,16241253915371067865,12984391437315034252,8210599648350990783
C:\Users\luise\OneDrive\Documentos\DECAFIA_v2\01_dataset\decafia_clean\images\train\ROYA_FONDO_90.jpg,train,ROYA_FONDO_90,13686951689644199008,16762546654530869557,3990726694358802544
C:\Users\luise\OneDrive\Documentos\DECAFIA_v2\01_dataset\decafia_clean\images\train\ROYA_FONDO_92.jpg,train,ROYA_FONDO_92,13589559366115209351,16844172252977325522,1690945361667978581
C:\Users\luise\OneDrive\Documentos\DECAFIA_v2\01_dataset\decafia_clean\images\train\ROYA_FONDO_94.jpg,train,ROYA_FONDO_94,13669764389603141270,16924975159541052355,4738297809325843062
C:\Users\luise\OneDrive\Documentos\DECAFIA_v2\01_dataset\decafia_clean\images\train\ROYA_MA_10.jpg,train,ROYA_MA_10,14762004599233704709,11072796426962773592,11352464216399154333
C:\Users\luise\OneDrive\Documentos\DECAFIA_v2\01_dataset\decafia_clean\images\train\ROYA_MA_12.jpg,train,ROYA_MA_12,12309416004289503599,18123190675862874154,1948881013920815114
C:\Users\luise\OneDrive\Documentos\DECAFIA_v2\01_dataset\decafia_clean\images\train\ROYA_MA_16.jpg,train,ROYA_MA_16,12195807435341404014,18164533980492383003,2479291332708069552
C:\Users\luise\OneDrive\Documentos\DECAFIA_v2\01_dataset\decafia_clean\images\train\ROYA_MA_17.jpg,train,ROYA_MA_17,12417432882675964580,16791319606562295793,13990928433159870539
C:\Users\luise\OneDrive\Documentos\DECAFIA_v2\01_dataset\decafia_clean\images\train\ROYA_MA_18.jpg,train,ROYA_MA_18,16143124180651540310,13065699793770490383,1808680316730900075
C:\Users\luise\OneDrive\Documentos\DECAFIA_v2\01_dataset\decafia_clean\images\train\ROYA_MA_19.jpg,train,ROYA_MA_19,14796920943890483109,10974266127965491960,7299648484632644621
C:\Users\luise\OneDrive\Documentos\DECAFIA_v2\01_dataset\decafia_clean\images\train\ROYA_MA_2.jpg,train,ROYA_MA_2,11308675494885602891,16835908029702431518,7739898164080268685
C:\Users\luise\OneDrive\Documentos\DECAFIA_v2\01_dataset\decafia_clean\images\train\ROYA_MA_21.jpg,train,ROYA_MA_21,10607802186770274352,14294757921334529381,3645176896495232919
C:\Users\luise\OneDrive\Documentos\DECAFIA_v2\01_dataset\decafia_clean\images\train\ROYA_MA_22.jpg,train,ROYA_MA_22,10463668050404324532,14151224764666044897,17367678015548884846
C:\Users\luise\OneDrive\Documentos\DECAFIA_v2\01_dataset\decafia_clean\images\train\ROYA_MA_23.jpg,train,ROYA_MA_23,14768462548937469587,11070774928529079238,16058774415659050909
C:\Users\luise\OneDrive\Documentos\DECAFIA_v2\01_dataset\decafia_clean\images\train\ROYA_MA_24.jpg,train,ROYA_MA_24,18121852524135780381,12549444799733000138,17148828809309873276
C:\Users\luise\OneDrive\Documentos\DECAFIA_v2\01_dataset\decafia_clean\images\train\ROYA_MA_25.jpg,train,ROYA_MA_25,12385416942103741098,18353437600756733873,3520817071077384934
C:\Users\luise\OneDrive\Documentos\DECAFIA_v2\01_dataset\decafia_clean\images\train\ROYA_MA_26.jpg,train,ROYA_MA_26,12270786619764488356,18311286708705463536,12589382834183518275
C:\Users\luise\OneDrive\Documentos\DECAFIA_v2\01_dataset\decafia_clean\images\train\ROYA_MA_27.jpg,train,ROYA_MA_27,10254680277063183873,15783608387502832468,12445867490125953027
C:\Users\luise\OneDrive\Documentos\DECAFIA_v2\01_dataset\decafia_clean\images\train\ROYA_MA_28.jpg,train,ROYA_MA_28,11176360257161390022,15874974441511375569,7946187743997536540
C:\Users\luise\OneDrive\Documentos\DECAFIA_v2\01_dataset\decafia_clean\images\train\ROYA_MA_29.jpg,train,ROYA_MA_29,10585502579160689873,14389589699403315588,3652635641289787266
C:\Users\luise\OneDrive\Documentos\DECAFIA_v2\01_dataset\decafia_clean\images\train\ROYA_MA_3.jpg,train,ROYA_MA_3,14047359268953387123,10855763639048381738,17481632573648772504
C:\Users\luise\OneDrive\Documentos\DECAFIA_v2\01_dataset\decafia_clean\images\train\ROYA_MA_30.jpg,train,ROYA_MA_30,10639026497116648025,14335027340177728268,11905607576081344094
C:\Users\luise\OneDrive\Documentos\DECAFIA_v2\01_dataset\decafia_clean\images\train\ROYA_MA_31.jpg,train,ROYA_MA_31,15233818345959708237,10321248998443492121,4371919980338563527
C:\Users\luise\OneDrive\Documentos\DECAFIA_v2\01_dataset\decafia_clean\images\train\ROYA_MA_32.jpg,train,ROYA_MA_32,11321706461784565729,14432802464413295284,1624357531706240109
C:\Users\luise\OneDrive\Documentos\DECAFIA_v2\01_dataset\decafia_clean\images\train\ROYA_MA_34.jpg,train,ROYA_MA_34,10593709045056923189,14290272819021673312,1225862021573486246
C:\Users\luise\OneDrive\Documentos\DECAFIA_v2\01_dataset\decafia_clean\images\train\ROYA_MA_35.jpg,train,ROYA_MA_35,14574281272372303823,10905302447735194270,3790406333359445201
C:\Users\luise\OneDrive\Documentos\DECAFIA_v2\01_dataset\decafia_clean\images\train\ROYA_MA_36.jpg,train,ROYA_MA_36,12351914126183812592,18320508186182138023,2898199027069318052
C:\Users\luise\OneDrive\Documentos\DECAFIA_v2\01_dataset\decafia_clean\images\train\ROYA_MA_39.jpg,train,ROYA_MA_39,14168100777901644881,10658438954776144692,9446643515658943067
C:\Users\luise\OneDrive\Documentos\DECAFIA_v2\01_dataset\decafia_clean\images\train\ROYA_MA_4.jpg,train,ROYA_MA_4,11140896464554521861,14972565626310635600,14755694266073693302
C:\Users\luise\OneDrive\Documentos\DECAFIA_v2\01_dataset\decafia_clean\images\train\ROYA_MA_42.jpg,train,ROYA_MA_42,15102904262271724979,9569338031583082615,3356927074483680055
C:\Users\luise\OneDrive\Documentos\DECAFIA_v2\01_dataset\decafia_clean\images\train\ROYA_MA_43.jpg,train,ROYA_MA_43,16327298420340464247,13241535343588921122,16419374889833347126
C:\Users\luise\OneDrive\Documentos\DECAFIA_v2\01_dataset\decafia_clean\images\train\ROYA_MA_48.jpg,train,ROYA_MA_48,11733456937298715104,17546244805046645940,583559406474107056
C:\Users\luise\OneDrive\Documentos\DECAFIA_v2\01_dataset\decafia_clean\images\train\ROYA_MA_49.jpg,train,ROYA_MA_49,15621913491237426286,10203321637165826427,6758824640655640277
C:\Users\luise\OneDrive\Documentos\DECAFIA_v2\01_dataset\decafia_clean\images\train\ROYA_MA_5.jpg,train,ROYA_MA_5,10846194122125377077,14109840733999934304,11047197012656341974
C:\Users\luise\OneDrive\Documentos\DECAFIA_v2\01_dataset\decafia_clean\images\train\ROYA_MA_50.jpg,train,ROYA_MA_50,15026112869265376052,9642821839910098801,5624503342596512886
C:\Users\luise\OneDrive\Documentos\DECAFIA_v2\01_dataset\decafia_clean\images\train\ROYA_MA_53.jpg,train,ROYA_MA_53,12414793739312494036,18239403069137985699,4128776156653136009
C:\Users\luise\OneDrive\Documentos\DECAFIA_v2\01_dataset\decafia_clean\images\train\ROYA_MA_54.jpg,train,ROYA_MA_54,14970420541330848293,11134247926118231840,16014093827779756434
C:\Users\luise\OneDrive\Documentos\DECAFIA_v2\01_dataset\decafia_clean\images\train\ROYA_MA_55.jpg,train,ROYA_MA_55,9337936559124642476,15330911219889842173,3856217494784449656
C:\Users\luise\OneDrive\Documentos\DECAFIA_v2\01_dataset\decafia_clean\images\train\ROYA_MA_57.jpg,train,ROYA_MA_57,17634770751747963226,9362455608537115661,16348878035116563423
C:\Users\luise\OneDrive\Documentos\DECAFIA_v2\01_dataset\decafia_clean\images\train\ROYA_MA_60.jpg,train,ROYA_MA_60,9303150935761019379,15298230032404919462,14955943292647852856
C:\Users\luise\OneDrive\Documentos\DECAFIA_v2\01_dataset\decafia_clean\images\train\ROYA_MA_7.jpg,train,ROYA_MA_7,10708198864013656036,13965222041558919841,7388048808562742100
C:\Users\luise\OneDrive\Documentos\DECAFIA_v2\01_dataset\decafia_clean\images\train\ROYA_MA_8.jpg,train,ROYA_MA_8,9275785527291124421,15414168545721371520,15142827188640169297
C:\Users\luise\OneDrive\Documentos\DECAFIA_v2\01_dataset\decafia_clean\images\train\ROYA_MA_9.jpg,train,ROYA_MA_9,9598422778220436670,15015326582334917067,2680498416425675926
C:\Users\luise\OneDrive\Documentos\DECAFIA_v2\01_dataset\decafia_clean\images\train\ROYA_Muy_A_1.jpg,train,ROYA_Muy_A_1,15277104102008734879,9320051443223598538,5343027671415359448
C:\Users\luise\OneDrive\Documentos\DECAFIA_v2\01_dataset\decafia_clean\images\train\ROYA_Muy_A_10.jpg,train,ROYA_Muy_A_10,14076908884510369162,10812702180882165975,15070789489481300835
C:\Users\luise\OneDrive\Documentos\DECAFIA_v2\01_dataset\decafia_clean\images\train\ROYA_Muy_A_11.jpg,train,ROYA_Muy_A_11,9432881913607714505,15545582906656109468,1669210600808549931
C:\Users\luise\OneDrive\Documentos\DECAFIA_v2\01_dataset\decafia_clean\images\train\ROYA_Muy_A_12.jpg,train,ROYA_Muy_A_12,15815729539732441729,10243884220216438740,18044888591934829879
C:\Users\luise\OneDrive\Documentos\DECAFIA_v2\01_dataset\decafia_clean\images\train\ROYA_Muy_A_13.jpg,train,ROYA_Muy_A_13,14533748542074296983,11306122069107920578,12009604248000976357
C:\Users\luise\OneDrive\Documentos\DECAFIA_v2\01_dataset\decafia_clean\images\train\ROYA_Muy_A_14.jpg,train,ROYA_Muy_A_14,13398702992220718922,17070212920439722007,7702493196846163081
C:\Users\luise\OneDrive\Documentos\DECAFIA_v2\01_dataset\decafia_clean\images\train\ROYA_Muy_A_15.jpg,train,ROYA_Muy_A_15,15351408000447792281,9322026189861327180,5230402239197861704
C:\Users\luise\OneDrive\Documentos\DECAFIA_v2\01_dataset\decafia_clean\images\train\ROYA_Muy_A_16.jpg,train,ROYA_Muy_A_16,18029768172414857543,12061712813009870866,16349179332274794132
C:\Users\luise\OneDrive\Documentos\DECAFIA_v2\01_dataset\decafia_clean\images\train\ROYA_Muy_A_17.jpg,train,ROYA_Muy_A_17,11426592649608521701,14683560164386943984,5696929417215806761
C:\Users\luise\OneDrive\Documentos\DECAFIA_v2\01_dataset\decafia_clean\images\train\ROYA_Muy_A_18.jpg,train,ROYA_Muy_A_18,17203904740659289631,13516948876751440456,8682638784528550088
C:\Users\luise\OneDrive\Documentos\DECAFIA_v2\01_dataset\decafia_clean\images\train\ROYA_Muy_A_2.jpg,train,ROYA_Muy_A_2,14443034644828002306,11329510929411164501,17626260031836879150
C:\Users\luise\OneDrive\Documentos\DECAFIA_v2\01_dataset\decafia_clean\images\train\ROYA_Muy_A_20.jpg,train,ROYA_Muy_A_20,11515822968921936038,14593130294181955043,6244218410127210680
C:\Users\luise\OneDrive\Documentos\DECAFIA_v2\01_dataset\decafia_clean\images\train\ROYA_Muy_A_21.jpg,train,ROYA_Muy_A_21,17794540407945630212,11720544834873330513,17750291090575121561
C:\Users\luise\OneDrive\Documentos\DECAFIA_v2\01_dataset\decafia_clean\images\train\ROYA_Muy_A_22.jpg,train,ROYA_Muy_A_22,12271064534370935963,18311285789742764494,14757291818635788627
C:\Users\luise\OneDrive\Documentos\DECAFIA_v2\01_dataset\decafia_clean\images\train\ROYA_Muy_A_23.jpg,train,ROYA_Muy_A_23,15370288289939182976,9231093455583625461,11839430239781627361
C:\Users\luise\OneDrive\Documentos\DECAFIA_v2\01_dataset\decafia_clean\images\train\ROYA_Muy_A_24.jpg,train,ROYA_Muy_A_24,12163122622092203551,18417825550564827982,5122875847000433188
C:\Users\luise\OneDrive\Documentos\DECAFIA_v2\01_dataset\decafia_clean\images\train\ROYA_Muy_A_26.jpg,train,ROYA_Muy_A_26,17268701305634693367,13317588358191084962,6500366455634458028
C:\Users\luise\OneDrive\Documentos\DECAFIA_v2\01_dataset\decafia_clean\images\train\ROYA_Muy_A_27.jpg,train,ROYA_Muy_A_27,17336552812799517712,12088395573852614724,10639600052491404151
C:\Users\luise\OneDrive\Documentos\DECAFIA_v2\01_dataset\decafia_clean\images\train\ROYA_Muy_A_28.jpg,train,ROYA_Muy_A_28,17813295915382671037,11988827493216310248,13973512905719078022
C:\Users\luise\OneDrive\Documentos\DECAFIA_v2\01_dataset\decafia_clean\images\train\ROYA_Muy_A_29.jpg,train,ROYA_Muy_A_29,13994443160257256493,10908680085654604152,11183011920481230503
C:\Users\luise\OneDrive\Documentos\DECAFIA_v2\01_dataset\decafia_clean\images\train\ROYA_Muy_A_3.jpg,train,ROYA_Muy_A_3,16983529197501399448,13755339638755463373,16565915851748580381
C:\Users\luise\OneDrive\Documentos\DECAFIA_v2\01_dataset\decafia_clean\images\train\ROYA_Muy_A_31.jpg,train,ROYA_Muy_A_31,13979524260070961841,10904457468782929892,12839251806867089660
C:\Users\luise\OneDrive\Documentos\DECAFIA_v2\01_dataset\decafia_clean\images\train\ROYA_Muy_A_6.jpg,train,ROYA_Muy_A_6,15738772706802425488,9745241173295303621,7955202485519779343
C:\Users\luise\OneDrive\Documentos\DECAFIA_v2\01_dataset\decafia_clean\images\train\ROYA_Muy_A_7.jpg,train,ROYA_Muy_A_7,11626809637230953368,17586253724696188621,11921908597593024993
C:\Users\luise\OneDrive\Documentos\DECAFIA_v2\01_dataset\decafia_clean\images\train\ROYA_Muy_A_9.jpg,train,ROYA_Muy_A_9,15253811347486522084,9701098635174145969,7165846271161708105
C:\Users\luise\OneDrive\Documentos\DECAFIA_v2\01_dataset\decafia_clean\images\train\ROYA_P_A_10.jpg,train,ROYA_P_A_10,11825489989929561051,17386640217035062926,5443614281598820667
C:\Users\luise\OneDrive\Documentos\DECAFIA_v2\01_dataset\decafia_clean\images\train\ROYA_P_A_11.jpg,train,ROYA_P_A_11,9893464011609993391,15859971774474790394,687340067284681744
C:\Users\luise\OneDrive\Documentos\DECAFIA_v2\01_dataset\decafia_clean\images\train\ROYA_P_A_13.jpg,train,ROYA_P_A_13,16122999306551184498,12291787002597021991,6508764477862160281
C:\Users\luise\OneDrive\Documentos\DECAFIA_v2\01_dataset\decafia_clean\images\train\ROYA_P_A_14.jpg,train,ROYA_P_A_14,11340742035260538028,13850606896683035129,6152993250997087947
C:\Users\luise\OneDrive\Documentos\DECAFIA_v2\01_dataset\decafia_clean\images\train\ROYA_P_A_15.jpg,train,ROYA_P_A_15,18194217048949279472,12189992341681675941,14693550074797509487
C:\Users\luise\OneDrive\Documentos\DECAFIA_v2\01_dataset\decafia_clean\images\train\ROYA_P_A_16.jpg,train,ROYA_P_A_16,16199948891440101540,13088748023118327280,4429118037147791445
C:\Users\luise\OneDrive\Documentos\DECAFIA_v2\01_dataset\decafia_clean\images\train\ROYA_P_A_17.jpg,train,ROYA_P_A_17,9900155261068106519,15372260617024474691,8672390271921462465
C:\Users\luise\OneDrive\Documentos\DECAFIA_v2\01_dataset\decafia_clean\images\train\ROYA_P_A_18.jpg,train,ROYA_P_A_18,14159385939143487608,10510674936190444841,15861254848239345387
C:\Users\luise\OneDrive\Documentos\DECAFIA_v2\01_dataset\decafia_clean\images\train\ROYA_P_A_19.jpg,train,ROYA_P_A_19,14746775076898175625,11093004396425653964,6347850716364299822
C:\Users\luise\OneDrive\Documentos\DECAFIA_v2\01_dataset\decafia_clean\images\train\ROYA_P_A_2.jpg,train,ROYA_P_A_2,11078967773151214220,14741744106706888656,1094100991965892002
C:\Users\luise\OneDrive\Documentos\DECAFIA_v2\01_dataset\decafia_clean\images\train\ROYA_P_A_20.jpg,train,ROYA_P_A_20,10887302886272353469,14002304081638266336,1047941796590489426
C:\Users\luise\OneDrive\Documentos\DECAFIA_v2\01_dataset\decafia_clean\images\train\ROYA_P_A_21.jpg,train,ROYA_P_A_21,15935538210773160613,9832258245527965688,10077242664262556845
C:\Users\luise\OneDrive\Documentos\DECAFIA_v2\01_dataset\decafia_clean\images\train\ROYA_P_A_23.jpg,train,ROYA_P_A_23,15347144936207647415,10784243508480858101,8025128636799191845
C:\Users\luise\OneDrive\Documentos\DECAFIA_v2\01_dataset\decafia_clean\images\train\ROYA_P_A_24.jpg,train,ROYA_P_A_24,9452334167311919072,15165936124049584821,1736762183771892281
C:\Users\luise\OneDrive\Documentos\DECAFIA_v2\01_dataset\decafia_clean\images\train\ROYA_P_A_27.jpg,train,ROYA_P_A_27,14032125468843385044,10874304765841012609,10331115641569623846
C:\Users\luise\OneDrive\Documentos\DECAFIA_v2\01_dataset\decafia_clean\images\train\ROYA_P_A_28.jpg,train,ROYA_P_A_28,9406441132827784629,15411095029598904512,4187231657750733609
C:\Users\luise\OneDrive\Documentos\DECAFIA_v2\01_dataset\decafia_clean\images\train\ROYA_P_A_29.jpg,train,ROYA_P_A_29,10867798440355876884,14377594805035435873,14015856746519511424
C:\Users\luise\OneDrive\Documentos\DECAFIA_v2\01_dataset\decafia_clean\images\train\ROYA_P_A_30.jpg,train,ROYA_P_A_30,9945617232320479446,15514966106851841415,941021609533158102
C:\Users\luise\OneDrive\Documentos\DECAFIA_v2\01_dataset\decafia_clean\images\train\ROYA_P_A_31.jpg,train,ROYA_P_A_31,14653634985344217842,9946620017367492262,13064598505397267478
C:\Users\luise\OneDrive\Documentos\DECAFIA_v2\01_dataset\decafia_clean\images\train\ROYA_P_A_33.jpg,train,ROYA_P_A_33,10632998261441044493,14328952907030746456,11935386058489046763
C:\Users\luise\OneDrive\Documentos\DECAFIA_v2\01_dataset\decafia_clean\images\train\ROYA_P_A_34.jpg,train,ROYA_P_A_34,17984428651394777867,12448164616413582938,16385755609798465268
C:\Users\luise\OneDrive\Documentos\DECAFIA_v2\01_dataset\decafia_clean\images\train\ROYA_P_A_35.jpg,train,ROYA_P_A_35,12611831768018551699,18037876833925649606,15012776004846147810
C:\Users\luise\OneDrive\Documentos\DECAFIA_v2\01_dataset\decafia_clean\images\train\ROYA_P_A_36.jpg,train,ROYA_P_A_36,10543628282115432954,14341479204100895919,452443704876355110
C:\Users\luise\OneDrive\Documentos\DECAFIA_v2\01_dataset\decafia_clean\images\train\ROYA_P_A_39.jpg,train,ROYA_P_A_39,11659143720715322151,17625052807715608178,7029340827434367013
C:\Users\luise\OneDrive\Documentos\DECAFIA_v2\01_dataset\decafia_clean\images\train\ROYA_P_A_4.jpg,train,ROYA_P_A_4,14493776018857387369,11272906973135695932,15639889930187902823
C:\Users\luise\OneDrive\Documentos\DECAFIA_v2\01_dataset\decafia_clean\images\train\ROYA_P_A_41.jpg,train,ROYA_P_A_41,11446031293648053349,14667431943720727346,17279906658327826346
C:\Users\luise\OneDrive\Documentos\DECAFIA_v2\01_dataset\decafia_clean\images\train\ROYA_P_A_43.jpg,train,ROYA_P_A_43,18276153242124317992,12300638845295665277,7887771064697085150
C:\Users\luise\OneDrive\Documentos\DECAFIA_v2\01_dataset\decafia_clean\images\train\ROYA_P_A_45.jpg,train,ROYA_P_A_45,12296126085915996780,18406705161645336376,5773870876230868068
C:\Users\luise\OneDrive\Documentos\DECAFIA_v2\01_dataset\decafia_clean\images\train\ROYA_P_A_46.jpg,train,ROYA_P_A_46,11031553686746115746,14430279723797085107,11945665312383118532
C:\Users\luise\OneDrive\Documentos\DECAFIA_v2\01_dataset\decafia_clean\images\train\ROYA_P_A_48.jpg,train,ROYA_P_A_48,16340069958311779552,13228904273865181621,3546151982028323003
C:\Users\luise\OneDrive\Documentos\DECAFIA_v2\01_dataset\decafia_clean\images\train\ROYA_P_A_49.jpg,train,ROYA_P_A_49,17487724077191255442,12098275199184699591,8350596769875336892
C:\Users\luise\OneDrive\Documentos\DECAFIA_v2\01_dataset\decafia_clean\images\train\ROYA_P_A_5.jpg,train,ROYA_P_A_5,11496698246587258547,14580737430713025510,9912008294107940759
C:\Users\luise\OneDrive\Documentos\DECAFIA_v2\01_dataset\decafia_clean\images\train\ROYA_P_A_50.jpg,train,ROYA_P_A_50,14274508728893846467,10541918797176661686,14721483501601724946
C:\Users\luise\OneDrive\Documentos\DECAFIA_v2\01_dataset\decafia_clean\images\train\ROYA_P_A_51.jpg,train,ROYA_P_A_51,14861729688524755686,11198813160829110195,17050240883001072975
C:\Users\luise\OneDrive\Documentos\DECAFIA_v2\01_dataset\decafia_clean\images\train\ROYA_P_A_52.jpg,train,ROYA_P_A_52,10592718301508156671,14291505431848774058,3829756256118524845
C:\Users\luise\OneDrive\Documentos\DECAFIA_v2\01_dataset\decafia_clean\images\train\ROYA_P_A_53.jpg,train,ROYA_P_A_53,17796769702452906038,11721610428012731747,13471078959486448586
C:\Users\luise\OneDrive\Documentos\DECAFIA_v2\01_dataset\decafia_clean\images\train\ROYA_P_A_54.jpg,train,ROYA_P_A_54,16889026887762625294,13795850731749742171,11599072280223075034
C:\Users\luise\OneDrive\Documentos\DECAFIA_v2\01_dataset\decafia_clean\images\train\ROYA_P_A_55.jpg,train,ROYA_P_A_55,12134898815212296107,17956563616015630590,1508794217693514834
C:\Users\luise\OneDrive\Documentos\DECAFIA_v2\01_dataset\decafia_clean\images\train\ROYA_P_A_56.jpg,train,ROYA_P_A_56,13499653380117539520,17009306809461890944,14313906703083509808
C:\Users\luise\OneDrive\Documentos\DECAFIA_v2\01_dataset\decafia_clean\images\train\ROYA_P_A_57.jpg,train,ROYA_P_A_57,11666106837039957393,17776555515927106278,13218690769707476518
C:\Users\luise\OneDrive\Documentos\DECAFIA_v2\01_dataset\decafia_clean\images\train\ROYA_P_A_59.jpg,train,ROYA_P_A_59,10424406162201958187,14231299338996613750,5189310480342524955
C:\Users\luise\OneDrive\Documentos\DECAFIA_v2\01_dataset\decafia_clean\images\train\ROYA_P_A_6.jpg,train,ROYA_P_A_6,11271500766602406640,14423124076240600736,14758099448766801174
C:\Users\luise\OneDrive\Documentos\DECAFIA_v2\01_dataset\decafia_clean\images\train\ROYA_P_A_60.jpg,train,ROYA_P_A_60,15527121242804861002,9380505255647325470,12457790579060187022
C:\Users\luise\OneDrive\Documentos\DECAFIA_v2\01_dataset\decafia_clean\images\train\ROYA_P_A_7.jpg,train,ROYA_P_A_7,9768957849491541096,15188137073499588925,10462449569403287705
C:\Users\luise\OneDrive\Documentos\DECAFIA_v2\01_dataset\decafia_clean\images\train\ROYA_P_A_8.jpg,train,ROYA_P_A_8,12515153566393854008,17941096856927546477,14461322908342268717
C:\Users\luise\OneDrive\Documentos\DECAFIA_v2\01_dataset\decafia_clean\images\train\ROYA_RECORTES_10.jpg,train,ROYA_RECORTES_10,13747489792918846177,16977902316687011764,12329260202421768627
C:\Users\luise\OneDrive\Documentos\DECAFIA_v2\01_dataset\decafia_clean\images\train\ROYA_RECORTES_101.jpg,train,ROYA_RECORTES_101,15549388884786834680,9268358049061747117,11148491990430476785
C:\Users\luise\OneDrive\Documentos\DECAFIA_v2\01_dataset\decafia_clean\images\train\ROYA_RECORTES_103.jpg,train,ROYA_RECORTES_103,15508197556446613844,9398303059882378410,14331832680376383890
C:\Users\luise\OneDrive\Documentos\DECAFIA_v2\01_dataset\decafia_clean\images\train\ROYA_RECORTES_104.jpg,train,ROYA_RECORTES_104,15245580104732293914,9711584894924222031,5924318080551054204
C:\Users\luise\OneDrive\Documentos\DECAFIA_v2\01_dataset\decafia_clean\images\train\ROYA_RECORTES_106.jpg,train,ROYA_RECORTES_106,14605497180201855704,11521460293841704844,4792452554939964958
C:\Users\luise\OneDrive\Documentos\DECAFIA_v2\01_dataset\decafia_clean\images\train\ROYA_RECORTES_107.jpg,train,ROYA_RECORTES_107,12699604947962043197,16529154285490359369,12173761283651153677
C:\Users\luise\OneDrive\Documentos\DECAFIA_v2\01_dataset\decafia_clean\images\train\ROYA_RECORTES_108.jpg,train,ROYA_RECORTES_108,11642778837287207773,17348464997657073160,217024933827992020
C:\Users\luise\OneDrive\Documentos\DECAFIA_v2\01_dataset\decafia_clean\images\train\ROYA_RECORTES_109.jpg,train,ROYA_RECORTES_109,14217068744291150325,10383182977430338720,6727565369213655304
C:\Users\luise\OneDrive\Documentos\DECAFIA_v2\01_dataset\decafia_clean\images\train\ROYA_RECORTES_110.jpg,train,ROYA_RECORTES_110,14886358705351475665,11224005368505013446,10654787852203679740
C:\Users\luise\OneDrive\Documentos\DECAFIA_v2\01_dataset\decafia_clean\images\train\ROYA_RECORTES_12.jpg,train,ROYA_RECORTES_12,12590995572322231091,18152082319267866150,14594997442210445490
C:\Users\luise\OneDrive\Documentos\DECAFIA_v2\01_dataset\decafia_clean\images\train\ROYA_RECORTES_13.jpg,train,ROYA_RECORTES_13,17043440831652811829,13389521065879306597,4220659879653079807
C:\Users\luise\OneDrive\Documentos\DECAFIA_v2\01_dataset\decafia_clean\images\train\ROYA_RECORTES_14.jpg,train,ROYA_RECORTES_14,13908944958371145934,10687933355027692955,3618106225682015996
C:\Users\luise\OneDrive\Documentos\DECAFIA_v2\01_dataset\decafia_clean\images\train\ROYA_RECORTES_15.jpg,train,ROYA_RECORTES_15,15468768057663828768,9509719843757319797,832684452832547763
C:\Users\luise\OneDrive\Documentos\DECAFIA_v2\01_dataset\decafia_clean\images\train\ROYA_RECORTES_16.jpg,train,ROYA_RECORTES_16,10638437129871588174,14336654578014432795,2819559194456343303
C:\Users\luise\OneDrive\Documentos\DECAFIA_v2\01_dataset\decafia_clean\images\train\ROYA_RECORTES_17.jpg,train,ROYA_RECORTES_17,16733641744073001398,13647174971423317219,8928928227820096507
C:\Users\luise\OneDrive\Documentos\DECAFIA_v2\01_dataset\decafia_clean\images\train\ROYA_RECORTES_18.jpg,train,ROYA_RECORTES_18,10909662699945518601,13994862420338774876,8662167983437352868
C:\Users\luise\OneDrive\Documentos\DECAFIA_v2\01_dataset\decafia_clean\images\train\ROYA_RECORTES_19.jpg,train,ROYA_RECORTES_19,15770136694450952889,10281632841310604268,10283343398104305189
C:\Users\luise\OneDrive\Documentos\DECAFIA_v2\01_dataset\decafia_clean\images\train\ROYA_RECORTES_2.jpg,train,ROYA_RECORTES_2,14878534427775000608,11180884720712397153,14600348554111064664
C:\Users\luise\OneDrive\Documentos\DECAFIA_v2\01_dataset\decafia_clean\images\train\ROYA_RECORTES_20.jpg,train,ROYA_RECORTES_20,14314976839349091045,10663493409470017208,2606679121251207722
C:\Users\luise\OneDrive\Documentos\DECAFIA_v2\01_dataset\decafia_clean\images\train\ROYA_RECORTES_21.jpg,train,ROYA_RECORTES_21,14547273443129703223,10141852693248634466,2026399133401023757
C:\Users\luise\OneDrive\Documentos\DECAFIA_v2\01_dataset\decafia_clean\images\train\ROYA_RECORTES_23.jpg,train,ROYA_RECORTES_23,9240271526337641465,15377924289303195180,5137282758972231466
C:\Users\luise\OneDrive\Documentos\DECAFIA_v2\01_dataset\decafia_clean\images\train\ROYA_RECORTES_24.jpg,train,ROYA_RECORTES_24,12270856211369049645,18383556517633223224,3762348800593725849
C:\Users\luise\OneDrive\Documentos\DECAFIA_v2\01_dataset\decafia_clean\images\train\ROYA_RECORTES_25.jpg,train,ROYA_RECORTES_25,10546527385158315669,14342169938609781696,452478585865897474
C:\Users\luise\OneDrive\Documentos\DECAFIA_v2\01_dataset\decafia_clean\images\train\ROYA_RECORTES_26.jpg,train,ROYA_RECORTES_26,18004265821024626434,12576675977175116534,14226155220809249840
C:\Users\luise\OneDrive\Documentos\DECAFIA_v2\01_dataset\decafia_clean\images\train\ROYA_RECORTES_27.jpg,train,ROYA_RECORTES_27,11574438713852532117,17723349505088208896,8679106591094731494
C:\Users\luise\OneDrive\Documentos\DECAFIA_v2\01_dataset\decafia_clean\images\train\ROYA_RECORTES_29.jpg,train,ROYA_RECORTES_29,18374962350523354385,12273909540206828612,12735632802515488711
C:\Users\luise\OneDrive\Documentos\DECAFIA_v2\01_dataset\decafia_clean\images\train\ROYA_RECORTES_3.jpg,train,ROYA_RECORTES_3,10686037540028065131,13914218304794914878,11095686182403785333
C:\Users\luise\OneDrive\Documentos\DECAFIA_v2\01_dataset\decafia_clean\images\train\ROYA_RECORTES_31.jpg,train,ROYA_RECORTES_31,11003394307340939972,14692641423594398353,16647140472058219548
C:\Users\luise\OneDrive\Documentos\DECAFIA_v2\01_dataset\decafia_clean\images\train\ROYA_RECORTES_33.jpg,train,ROYA_RECORTES_33,18159630869558395768,12202130845509243917,12948517603769307115
C:\Users\luise\OneDrive\Documentos\DECAFIA_v2\01_dataset\decafia_clean\images\train\ROYA_RECORTES_35.jpg,train,ROYA_RECORTES_35,15062639177858277439,9537616668021896522,742926156277466051
C:\Users\luise\OneDrive\Documentos\DECAFIA_v2\01_dataset\decafia_clean\images\train\ROYA_RECORTES_39.jpg,train,ROYA_RECORTES_39,10973414766052050750,14779742805120667771,5578918212355211890
C:\Users\luise\OneDrive\Documentos\DECAFIA_v2\01_dataset\decafia_clean\images\train\ROYA_RECORTES_41.jpg,train,ROYA_RECORTES_41,11193202585994419217,15997748120632625492,16403953569872970892
C:\Users\luise\OneDrive\Documentos\DECAFIA_v2\01_dataset\decafia_clean\images\train\ROYA_RECORTES_42.jpg,train,ROYA_RECORTES_42,15041182311955244156,9649057628779607337,530674235317118574
C:\Users\luise\OneDrive\Documentos\DECAFIA_v2\01_dataset\decafia_clean\images\train\ROYA_RECORTES_44.jpg,train,ROYA_RECORTES_44,9272444561379634639,15418355238135683289,2385528242408994619
C:\Users\luise\OneDrive\Documentos\DECAFIA_v2\01_dataset\decafia_clean\images\train\ROYA_RECORTES_45.jpg,train,ROYA_RECORTES_45,10185574789454848917,15568727425670198976,9839851763485378945
C:\Users\luise\OneDrive\Documentos\DECAFIA_v2\01_dataset\decafia_clean\images\train\ROYA_RECORTES_46.jpg,train,ROYA_RECORTES_46,9795379695396013087,15466901235624472907,3244583097699573011
C:\Users\luise\OneDrive\Documentos\DECAFIA_v2\01_dataset\decafia_clean\images\train\ROYA_RECORTES_49.jpg,train,ROYA_RECORTES_49,9771752664263711941,15188803379380816792,10557294059924109456
C:\Users\luise\OneDrive\Documentos\DECAFIA_v2\01_dataset\decafia_clean\images\train\ROYA_RECORTES_50.jpg,train,ROYA_RECORTES_50,9498995860397178125,10855481863316858970,3609130654144281235
C:\Users\luise\OneDrive\Documentos\DECAFIA_v2\01_dataset\decafia_clean\images\train\ROYA_RECORTES_51.jpg,train,ROYA_RECORTES_51,14802547903817995825,10969752406353707878,14505016999112555327
C:\Users\luise\OneDrive\Documentos\DECAFIA_v2\01_dataset\decafia_clean\images\train\ROYA_RECORTES_53.jpg,train,ROYA_RECORTES_53,10760574660909677424,13835173440517009317,14487243338820291367
C:\Users\luise\OneDrive\Documentos\DECAFIA_v2\01_dataset\decafia_clean\images\train\ROYA_RECORTES_54.jpg,train,ROYA_RECORTES_54,10433983754505617280,14238607015291497173,5714794174619281315
C:\Users\luise\OneDrive\Documentos\DECAFIA_v2\01_dataset\decafia_clean\images\train\ROYA_RECORTES_57.jpg,train,ROYA_RECORTES_57,15023839276077127766,9595538501868637603,8331223239508768287
C:\Users\luise\OneDrive\Documentos\DECAFIA_v2\01_dataset\decafia_clean\images\train\ROYA_RECORTES_58.jpg,train,ROYA_RECORTES_58,15670303547605554027,10100816780395529790,14757423944256261894
C:\Users\luise\OneDrive\Documentos\DECAFIA_v2\01_dataset\decafia_clean\images\train\ROYA_RECORTES_59.jpg,train,ROYA_RECORTES_59,15326991234460382925,9359390453280941016,218155317997554973
C:\Users\luise\OneDrive\Documentos\DECAFIA_v2\01_dataset\decafia_clean\images\train\ROYA_RECORTES_6.jpg,train,ROYA_RECORTES_6,15160251672610892239,9741670581248015514,4474868201578464796
C:\Users\luise\OneDrive\Documentos\DECAFIA_v2\01_dataset\decafia_clean\images\train\ROYA_RECORTES_60.jpg,train,ROYA_RECORTES_60,10859373544203895564,14114681345508185625,14106130746646694542
C:\Users\luise\OneDrive\Documentos\DECAFIA_v2\01_dataset\decafia_clean\images\train\ROYA_RECORTES_62.jpg,train,ROYA_RECORTES_62,11315587480458264263,14509577211033889682,10161497217342346210
C:\Users\luise\OneDrive\Documentos\DECAFIA_v2\01_dataset\decafia_clean\images\train\ROYA_RECORTES_64.jpg,train,ROYA_RECORTES_64,14166371028690040050,10505871200698578343,12219518610937953038
C:\Users\luise\OneDrive\Documentos\DECAFIA_v2\01_dataset\decafia_clean\images\train\ROYA_RECORTES_65.jpg,train,ROYA_RECORTES_65,11935879154460388391,17361805438794643762,734958656820094724
C:\Users\luise\OneDrive\Documentos\DECAFIA_v2\01_dataset\decafia_clean\images\train\ROYA_RECORTES_67.jpg,train,ROYA_RECORTES_67,16451155223637013465,12761912537107621512,15734023725336066401
C:\Users\luise\OneDrive\Documentos\DECAFIA_v2\01_dataset\decafia_clean\images\train\ROYA_RECORTES_69.jpg,train,ROYA_RECORTES_69,13012260906704096459,16411547016038554014,6004171077493630691
C:\Users\luise\OneDrive\Documentos\DECAFIA_v2\01_dataset\decafia_clean\images\train\ROYA_RECORTES_7.jpg,train,ROYA_RECORTES_7,14356364841331252813,10550201921172507416,11029836635483814285
C:\Users\luise\OneDrive\Documentos\DECAFIA_v2\01_dataset\decafia_clean\images\train\ROYA_RECORTES_71.jpg,train,ROYA_RECORTES_71,10015152403649650689,16116603339734168576,6792033734377745958
C:\Users\luise\OneDrive\Documentos\DECAFIA_v2\01_dataset\decafia_clean\images\train\ROYA_RECORTES_72.jpg,train,ROYA_RECORTES_72,13237288536246034160,14042538714343590789,2387331326339853990
C:\Users\luise\OneDrive\Documentos\DECAFIA_v2\01_dataset\decafia_clean\images\train\ROYA_RECORTES_73.jpg,train,ROYA_RECORTES_73,10528251612129141732,14361566182726792881,9784043196896272243
C:\Users\luise\OneDrive\Documentos\DECAFIA_v2\01_dataset\decafia_clean\images\train\ROYA_RECORTES_74.jpg,train,ROYA_RECORTES_74,12362440802613749999,17781727814731643930,2609328152319931824
C:\Users\luise\OneDrive\Documentos\DECAFIA_v2\01_dataset\decafia_clean\images\train\ROYA_RECORTES_76.jpg,train,ROYA_RECORTES_76,11864328251382638227,16281588903551198084,1835625116493505899
C:\Users\luise\OneDrive\Documentos\DECAFIA_v2\01_dataset\decafia_clean\images\train\ROYA_RECORTES_77.jpg,train,ROYA_RECORTES_77,12978331131994280429,16231287733572392316,10289389660423166092
C:\Users\luise\OneDrive\Documentos\DECAFIA_v2\01_dataset\decafia_clean\images\train\ROYA_RECORTES_8.jpg,train,ROYA_RECORTES_8,11940446705671528728,17357341710884910157,9926295700574312692
C:\Users\luise\OneDrive\Documentos\DECAFIA_v2\01_dataset\decafia_clean\images\train\ROYA_RECORTES_80.jpg,train,ROYA_RECORTES_80,11574438713851491733,17723349511530659840,8674602991467360998
C:\Users\luise\OneDrive\Documentos\DECAFIA_v2\01_dataset\decafia_clean\images\train\ROYA_RECORTES_81.jpg,train,ROYA_RECORTES_81,14547249223905917982,11292608172216838475,8228848647741083503
C:\Users\luise\OneDrive\Documentos\DECAFIA_v2\01_dataset\decafia_clean\images\train\ROYA_RECORTES_82.jpg,train,ROYA_RECORTES_82,14992028909144391648,9609335294707198901,3681810906931093557
C:\Users\luise\OneDrive\Documentos\DECAFIA_v2\01_dataset\decafia_clean\images\train\ROYA_RECORTES_83.jpg,train,ROYA_RECORTES_83,9712710955595610474,15248676447918189596,2025242260631827395
C:\Users\luise\OneDrive\Documentos\DECAFIA_v2\01_dataset\decafia_clean\images\train\ROYA_RECORTES_85.jpg,train,ROYA_RECORTES_85,16199583296769562202,13079911788856238863,7796702070592057777
C:\Users\luise\OneDrive\Documentos\DECAFIA_v2\01_dataset\decafia_clean\images\train\ROYA_RECORTES_86.jpg,train,ROYA_RECORTES_86,12264527518388915759,18401996803940965242,7665126566188026940
C:\Users\luise\OneDrive\Documentos\DECAFIA_v2\01_dataset\decafia_clean\images\train\ROYA_RECORTES_87.jpg,train,ROYA_RECORTES_87,13904933914595957637,9632472740289269458,14872881974713922363
C:\Users\luise\OneDrive\Documentos\DECAFIA_v2\01_dataset\decafia_clean\images\train\ROYA_RECORTES_88.jpg,train,ROYA_RECORTES_88,11220358418773154965,14187444788094355648,4648738697079893014
C:\Users\luise\OneDrive\Documentos\DECAFIA_v2\01_dataset\decafia_clean\images\train\ROYA_RECORTES_89.jpg,train,ROYA_RECORTES_89,10384783837506779571,14216030816720022758,5498758372379995811
C:\Users\luise\OneDrive\Documentos\DECAFIA_v2\01_dataset\decafia_clean\images\train\ROYA_RECORTES_9.jpg,train,ROYA_RECORTES_9,12155839494272752393,18294574690491878464,14013011917571635257
C:\Users\luise\OneDrive\Documentos\DECAFIA_v2\01_dataset\decafia_clean\images\train\ROYA_RECORTES_90.jpg,train,ROYA_RECORTES_90,12103824926693993028,17486415160662326549,16823247016451119507
C:\Users\luise\OneDrive\Documentos\DECAFIA_v2\01_dataset\decafia_clean\images\train\ROYA_RECORTES_91.jpg,train,ROYA_RECORTES_91,14907086583470044099,11220095123340421012,2242298644271078815
C:\Users\luise\OneDrive\Documentos\DECAFIA_v2\01_dataset\decafia_clean\images\train\ROYA_RECORTES_92.jpg,train,ROYA_RECORTES_92,10042247483882881422,15999160530320430283,9567351080692927170
C:\Users\luise\OneDrive\Documentos\DECAFIA_v2\01_dataset\decafia_clean\images\train\ROYA_RECORTES_93.jpg,train,ROYA_RECORTES_93,16194960886722924431,13084465766993386074,4340410643745564522
C:\Users\luise\OneDrive\Documentos\DECAFIA_v2\01_dataset\decafia_clean\images\train\ROYA_RECORTES_95.jpg,train,ROYA_RECORTES_95,11395714931443259859,14659466441579760774,16285942096702441443
C:\Users\luise\OneDrive\Documentos\DECAFIA_v2\01_dataset\decafia_clean\images\train\ROYA_RECORTES_96.jpg,train,ROYA_RECORTES_96,12968491480657760224,16621663758478236341,2766161679947813395
C:\Users\luise\OneDrive\Documentos\DECAFIA_v2\01_dataset\decafia_clean\images\train\ROYA_RECORTES_98.jpg,train,ROYA_RECORTES_98,9629672222209364050,15057260788171998991,12767759958050328523
C:\Users\luise\OneDrive\Documentos\DECAFIA_v2\01_dataset\decafia_clean\images\train\ROYA_RECORTES_99.jpg,train,ROYA_RECORTES_99,13103907176545996929,16181216247984328148,6290234996661780840
C:\Users\luise\OneDrive\Documentos\DECAFIA_v2\01_dataset\decafia_clean\images\train\SANAS_NUEVAS_1.jpg,train,SANAS_NUEVAS_1,14393558279818384605,10580492279412183454,4518839131511174458
C:\Users\luise\OneDrive\Documentos\DECAFIA_v2\01_dataset\decafia_clean\images\train\SANAS_NUEVAS_100.jpg,train,SANAS_NUEVAS_100,10599623273758781975,14293995725444327378,4937236186620187216
C:\Users\luise\OneDrive\Documentos\DECAFIA_v2\01_dataset\decafia_clean\images\train\SANAS_NUEVAS_104.jpg,train,SANAS_NUEVAS_104,17717275727300502867,12733150808367231318,8740951645729572329
C:\Users\luise\OneDrive\Documentos\DECAFIA_v2\01_dataset\decafia_clean\images\train\SANAS_NUEVAS_105.jpg,train,SANAS_NUEVAS_105,13528334455726773224,17215319456189826613,2075249880345302101
C:\Users\luise\OneDrive\Documentos\DECAFIA_v2\01_dataset\decafia_clean\images\train\SANAS_NUEVAS_106.jpg,train,SANAS_NUEVAS_106,14001808887026864685,10882174075622492020,8799562410379950260
C:\Users\luise\OneDrive\Documentos\DECAFIA_v2\01_dataset\decafia_clean\images\train\SANAS_NUEVAS_107.jpg,train,SANAS_NUEVAS_107,16000550858936011874,10041115591703959863,16467283993960838911
C:\Users\luise\OneDrive\Documentos\DECAFIA_v2\01_dataset\decafia_clean\images\train\SANAS_NUEVAS_108.jpg,train,SANAS_NUEVAS_108,11640633149732717943,17644684879749304354,6747219557484687666
C:\Users\luise\OneDrive\Documentos\DECAFIA_v2\01_dataset\decafia_clean\images\train\SANAS_NUEVAS_109.jpg,train,SANAS_NUEVAS_109,10895940647524838778,14007178970469005359,9228899495334852405
C:\Users\luise\OneDrive\Documentos\DECAFIA_v2\01_dataset\decafia_clean\images\train\SANAS_NUEVAS_11.jpg,train,SANAS_NUEVAS_11,16932523622405227050,13520146727655085627,8093411097859563120
C:\Users\luise\OneDrive\Documentos\DECAFIA_v2\01_dataset\decafia_clean\images\train\SANAS_NUEVAS_110.jpg,train,SANAS_NUEVAS_110,15215762938381611641,9690737672244388648,17631019143681511414
C:\Users\luise\OneDrive\Documentos\DECAFIA_v2\01_dataset\decafia_clean\images\train\SANAS_NUEVAS_113.jpg,train,SANAS_NUEVAS_113,16605062813028644040,12908544287079768461,12121618424830040602
C:\Users\luise\OneDrive\Documentos\DECAFIA_v2\01_dataset\decafia_clean\images\train\SANAS_NUEVAS_115.jpg,train,SANAS_NUEVAS_115,14567573436578513600,11492688766791353984,10823959769548463154
C:\Users\luise\OneDrive\Documentos\DECAFIA_v2\01_dataset\decafia_clean\images\train\SANAS_NUEVAS_116.jpg,train,SANAS_NUEVAS_116,14955495976487920045,11158174981921043688,1012197895895215603
C:\Users\luise\OneDrive\Documentos\DECAFIA_v2\01_dataset\decafia_clean\images\train\SANAS_NUEVAS_117.jpg,train,SANAS_NUEVAS_117,13053360881243837320,16173428855511549597,2589835805839444391
C:\Users\luise\OneDrive\Documentos\DECAFIA_v2\01_dataset\decafia_clean\images\train\SANAS_NUEVAS_119.jpg,train,SANAS_NUEVAS_119,9702858890485374456,15272319406828046765,9264049101455475818
C:\Users\luise\OneDrive\Documentos\DECAFIA_v2\01_dataset\decafia_clean\images\train\SANAS_NUEVAS_12.jpg,train,SANAS_NUEVAS_12,15436554009723323323,9452208172298507950,17572156067477707578
C:\Users\luise\OneDrive\Documentos\DECAFIA_v2\01_dataset\decafia_clean\images\train\SANAS_NUEVAS_123.jpg,train,SANAS_NUEVAS_123,16333604254292787528,13184793490701881369,15587091283460248098
C:\Users\luise\OneDrive\Documentos\DECAFIA_v2\01_dataset\decafia_clean\images\train\SANAS_NUEVAS_124.jpg,train,SANAS_NUEVAS_124,12349877857376522924,17741579093410187001,8247410833121882181
C:\Users\luise\OneDrive\Documentos\DECAFIA_v2\01_dataset\decafia_clean\images\train\SANAS_NUEVAS_126.jpg,train,SANAS_NUEVAS_126,12696447138277778621,16530346098909721064,8259707694418054510
C:\Users\luise\OneDrive\Documentos\DECAFIA_v2\01_dataset\decafia_clean\images\train\SANAS_NUEVAS_127.jpg,train,SANAS_NUEVAS_127,10835712367107261238,14064032076356326947,11140501682071772055
C:\Users\luise\OneDrive\Documentos\DECAFIA_v2\01_dataset\decafia_clean\images\train\SANAS_NUEVAS_129.jpg,train,SANAS_NUEVAS_129,12849551964677937889,16503320110700187572,2554498003589281827
C:\Users\luise\OneDrive\Documentos\DECAFIA_v2\01_dataset\decafia_clean\images\train\SANAS_NUEVAS_13.jpg,train,SANAS_NUEVAS_13,17661194639671826856,11558610106977963244,13972362427885812890
C:\Users\luise\OneDrive\Documentos\DECAFIA_v2\01_dataset\decafia_clean\images\train\SANAS_NUEVAS_130.jpg,train,SANAS_NUEVAS_130,14296794250927051949,10609706403705471224,13591405725046775638
C:\Users\luise\OneDrive\Documentos\DECAFIA_v2\01_dataset\decafia_clean\images\train\SANAS_NUEVAS_131.jpg,train,SANAS_NUEVAS_131,18437854338109555281,12300667040716232452,17352924551658851576
C:\Users\luise\OneDrive\Documentos\DECAFIA_v2\01_dataset\decafia_clean\images\train\SANAS_NUEVAS_132.jpg,train,SANAS_NUEVAS_132,14223276462499190701,10481688057288655610,5807002900896894795
C:\Users\luise\OneDrive\Documentos\DECAFIA_v2\01_dataset\decafia_clean\images\train\SANAS_NUEVAS_134.jpg,train,SANAS_NUEVAS_134,10576821601711479482,14167546385857351151,4772696334513832348
C:\Users\luise\OneDrive\Documentos\DECAFIA_v2\01_dataset\decafia_clean\images\train\SANAS_NUEVAS_136.jpg,train,SANAS_NUEVAS_136,10791305533403787888,14021745721022654253,2237732666265011669
C:\Users\luise\OneDrive\Documentos\DECAFIA_v2\01_dataset\decafia_clean\images\train\SANAS_NUEVAS_137.jpg,train,SANAS_NUEVAS_137,15083172447481821651,9540704538550976134,7130117159688954212
C:\Users\luise\OneDrive\Documentos\DECAFIA_v2\01_dataset\decafia_clean\images\train\SANAS_NUEVAS_138.jpg,train,SANAS_NUEVAS_138,15670623382886462340,10100564225512810195,7263237637495206599
C:\Users\luise\OneDrive\Documentos\DECAFIA_v2\01_dataset\decafia_clean\images\train\SANAS_NUEVAS_14.jpg,train,SANAS_NUEVAS_14,15685034410993881877,10231398683430405697,9069764006417770430
C:\Users\luise\OneDrive\Documentos\DECAFIA_v2\01_dataset\decafia_clean\images\train\SANAS_NUEVAS_140.jpg,train,SANAS_NUEVAS_140,9522085352126347971,15091680515048451990,1228672440126481035
C:\Users\luise\OneDrive\Documentos\DECAFIA_v2\01_dataset\decafia_clean\images\train\SANAS_NUEVAS_142.jpg,train,SANAS_NUEVAS_142,18009813069730975456,12442004054221347765,12242343748392084424
C:\Users\luise\OneDrive\Documentos\DECAFIA_v2\01_dataset\decafia_clean\images\train\SANAS_NUEVAS_143.jpg,train,SANAS_NUEVAS_143,16191881428359151762,12745268909469523335,15669537648547747612
C:\Users\luise\OneDrive\Documentos\DECAFIA_v2\01_dataset\decafia_clean\images\train\SANAS_NUEVAS_147.jpg,train,SANAS_NUEVAS_147,14958768149012368995,11154691927307852598,16622680247270438577
C:\Users\luise\OneDrive\Documentos\DECAFIA_v2\01_dataset\decafia_clean\images\train\SANAS_NUEVAS_148.jpg,train,SANAS_NUEVAS_148,11718149142972738852,17852950457813854288,10558198051242828522
C:\Users\luise\OneDrive\Documentos\DECAFIA_v2\01_dataset\decafia_clean\images\train\SANAS_NUEVAS_15.jpg,train,SANAS_NUEVAS_15,10633365194319705776,14322599220047570919,947839716182953097
C:\Users\luise\OneDrive\Documentos\DECAFIA_v2\01_dataset\decafia_clean\images\train\SANAS_NUEVAS_150.jpg,train,SANAS_NUEVAS_150,18356819212497360259,12327988828868296916,6296011228671224217
C:\Users\luise\OneDrive\Documentos\DECAFIA_v2\01_dataset\decafia_clean\images\train\SANAS_NUEVAS_151.jpg,train,SANAS_NUEVAS_151,12398058378712399638,17967556278853067347,12270780396637020593
C:\Users\luise\OneDrive\Documentos\DECAFIA_v2\01_dataset\decafia_clean\images\train\SANAS_NUEVAS_152.jpg,train,SANAS_NUEVAS_152,15762943718845219568,10273958277514188705,12585285937931388640
C:\Users\luise\OneDrive\Documentos\DECAFIA_v2\01_dataset\decafia_clean\images\train\SANAS_NUEVAS_153.jpg,train,SANAS_NUEVAS_153,10616791295679667488,14272257111805610101,15894931394352379556
C:\Users\luise\OneDrive\Documentos\DECAFIA_v2\01_dataset\decafia_clean\images\train\SANAS_NUEVAS_154.jpg,train,SANAS_NUEVAS_154,17141781485058021493,13382026991704149280,4051194677567224089
C:\Users\luise\OneDrive\Documentos\DECAFIA_v2\01_dataset\decafia_clean\images\train\SANAS_NUEVAS_155.jpg,train,SANAS_NUEVAS_155,11737512635021377081,17848065321908104044,4121482436243629206
C:\Users\luise\OneDrive\Documentos\DECAFIA_v2\01_dataset\decafia_clean\images\train\SANAS_NUEVAS_156.jpg,train,SANAS_NUEVAS_156,9597791941730065064,15304746335076877821,4396443620788873283
C:\Users\luise\OneDrive\Documentos\DECAFIA_v2\01_dataset\decafia_clean\images\train\SANAS_NUEVAS_158.jpg,train,SANAS_NUEVAS_158,14683762915767065701,11435309915054065968,10888611014606469097
C:\Users\luise\OneDrive\Documentos\DECAFIA_v2\01_dataset\decafia_clean\images\train\SANAS_NUEVAS_161.jpg,train,SANAS_NUEVAS_161,9239815589288842813,15379579454711415656,5343046265322838300
C:\Users\luise\OneDrive\Documentos\DECAFIA_v2\01_dataset\decafia_clean\images\train\SANAS_NUEVAS_162.jpg,train,SANAS_NUEVAS_162,10694406124527614612,13915969879779814849,6933325175465279947
C:\Users\luise\OneDrive\Documentos\DECAFIA_v2\01_dataset\decafia_clean\images\train\SANAS_NUEVAS_164.jpg,train,SANAS_NUEVAS_164,10769296957803783802,13844469678183002671,8333221859399632772
C:\Users\luise\OneDrive\Documentos\DECAFIA_v2\01_dataset\decafia_clean\images\train\SANAS_NUEVAS_165.jpg,train,SANAS_NUEVAS_165,9872783975615762855,15588781175633216738,10384188604613364060
C:\Users\luise\OneDrive\Documentos\DECAFIA_v2\01_dataset\decafia_clean\images\train\SANAS_NUEVAS_166.jpg,train,SANAS_NUEVAS_166,9765906980478778931,15191255058624029478,10490452617155241946
C:\Users\luise\OneDrive\Documentos\DECAFIA_v2\01_dataset\decafia_clean\images\train\SANAS_NUEVAS_168.jpg,train,SANAS_NUEVAS_168,12177398505850361024,18283376683736138133,15696812447117118533
C:\Users\luise\OneDrive\Documentos\DECAFIA_v2\01_dataset\decafia_clean\images\train\SANAS_NUEVAS_17.jpg,train,SANAS_NUEVAS_17,11691260115451093174,17828280261544010211,15025154702343417874
C:\Users\luise\OneDrive\Documentos\DECAFIA_v2\01_dataset\decafia_clean\images\train\SANAS_NUEVAS_170.jpg,train,SANAS_NUEVAS_170,16317416170580403601,13197322450208923840,3490979320744725046
C:\Users\luise\OneDrive\Documentos\DECAFIA_v2\01_dataset\decafia_clean\images\train\SANAS_NUEVAS_171.jpg,train,SANAS_NUEVAS_171,10271718280925471751,15842304559594252570,10811342923418552229
C:\Users\luise\OneDrive\Documentos\DECAFIA_v2\01_dataset\decafia_clean\images\train\SANAS_NUEVAS_173.jpg,train,SANAS_NUEVAS_173,17577560462813505582,12008033982817401970,7383493688414152598
C:\Users\luise\OneDrive\Documentos\DECAFIA_v2\01_dataset\decafia_clean\images\train\SANAS_NUEVAS_174.jpg,train,SANAS_NUEVAS_174,13898434989819837310,10787384073308827179,7528105647314764553
C:\Users\luise\OneDrive\Documentos\DECAFIA_v2\01_dataset\decafia_clean\images\train\SANAS_NUEVAS_175.jpg,train,SANAS_NUEVAS_175,11843003254939439844,17369990017096779697,5283908875062442040
C:\Users\luise\OneDrive\Documentos\DECAFIA_v2\01_dataset\decafia_clean\images\train\SANAS_NUEVAS_176.jpg,train,SANAS_NUEVAS_176,11515100553114390692,14594635463430825969,11857448531146306198
C:\Users\luise\OneDrive\Documentos\DECAFIA_v2\01_dataset\decafia_clean\images\train\SANAS_NUEVAS_178.jpg,train,SANAS_NUEVAS_178,13854830775103749714,10742046609524489031,6430717433172907713
C:\Users\luise\OneDrive\Documentos\DECAFIA_v2\01_dataset\decafia_clean\images\train\SANAS_NUEVAS_179.jpg,train,SANAS_NUEVAS_179,13999827842820671571,10888635633151401236,4340413060469633584
C:\Users\luise\OneDrive\Documentos\DECAFIA_v2\01_dataset\decafia_clean\images\train\SANAS_NUEVAS_180.jpg,train,SANAS_NUEVAS_180,9268220142195734210,15405125786473014199,9587094606698800697
C:\Users\luise\OneDrive\Documentos\DECAFIA_v2\01_dataset\decafia_clean\images\train\SANAS_NUEVAS_181.jpg,train,SANAS_NUEVAS_181,10939308429499563541,14016730755363023466,14764879008588767892
C:\Users\luise\OneDrive\Documentos\DECAFIA_v2\01_dataset\decafia_clean\images\train\SANAS_NUEVAS_182.jpg,train,SANAS_NUEVAS_182,14085130512556470288,10821370103776470413,12577550717401374237
C:\Users\luise\OneDrive\Documentos\DECAFIA_v2\01_dataset\decafia_clean\images\train\SANAS_NUEVAS_183.jpg,train,SANAS_NUEVAS_183,16555481717311831299,13012506386088405078,9093385545494164725
C:\Users\luise\OneDrive\Documentos\DECAFIA_v2\01_dataset\decafia_clean\images\train\SANAS_NUEVAS_184.jpg,train,SANAS_NUEVAS_184,17646392571473872219,11652432769054642334,8888258967629808235
C:\Users\luise\OneDrive\Documentos\DECAFIA_v2\01_dataset\decafia_clean\images\train\SANAS_NUEVAS_185.jpg,train,SANAS_NUEVAS_185,11251019279192794085,14517057878705894416,8654550035499503065
C:\Users\luise\OneDrive\Documentos\DECAFIA_v2\01_dataset\decafia_clean\images\train\SANAS_NUEVAS_187.jpg,train,SANAS_NUEVAS_187,14760630892423438606,11064252204169503835,12560059830521272956
C:\Users\luise\OneDrive\Documentos\DECAFIA_v2\01_dataset\decafia_clean\images\train\SANAS_NUEVAS_189.jpg,train,SANAS_NUEVAS_189,18174813793124517184,12136282417859909649,14755421322512145306
C:\Users\luise\OneDrive\Documentos\DECAFIA_v2\01_dataset\decafia_clean\images\train\SANAS_NUEVAS_19.jpg,train,SANAS_NUEVAS_19,16741760022613708835,13620004973871400310,15879251834734144618
C:\Users\luise\OneDrive\Documentos\DECAFIA_v2\01_dataset\decafia_clean\images\train\SANAS_NUEVAS_190.jpg,train,SANAS_NUEVAS_190,10471472208239292970,13873182707928509054,12909329770067991837
C:\Users\luise\OneDrive\Documentos\DECAFIA_v2\01_dataset\decafia_clean\images\train\SANAS_NUEVAS_191.jpg,train,SANAS_NUEVAS_191,11910848215029699669,17951253612720393125,15580255825963282841
C:\Users\luise\OneDrive\Documentos\DECAFIA_v2\01_dataset\decafia_clean\images\train\SANAS_NUEVAS_192.jpg,train,SANAS_NUEVAS_192,10246251066878479537,15736890033657748452,12160072126289450655
C:\Users\luise\OneDrive\Documentos\DECAFIA_v2\01_dataset\decafia_clean\images\train\SANAS_NUEVAS_193.jpg,train,SANAS_NUEVAS_193,17723565316677930479,11575260212878170810,4321381489058790190
C:\Users\luise\OneDrive\Documentos\DECAFIA_v2\01_dataset\decafia_clean\images\train\SANAS_NUEVAS_195.jpg,train,SANAS_NUEVAS_195,11175452170531078658,14718460520844411735,290209145551193184
C:\Users\luise\OneDrive\Documentos\DECAFIA_v2\01_dataset\decafia_clean\images\train\SANAS_NUEVAS_196.jpg,train,SANAS_NUEVAS_196,9590195639006330177,15011180763645065300,10238708598621802089
C:\Users\luise\OneDrive\Documentos\DECAFIA_v2\01_dataset\decafia_clean\images\train\SANAS_NUEVAS_197.jpg,train,SANAS_NUEVAS_197,15882892257734017442,9925382784088315383,17063022407268682699
C:\Users\luise\OneDrive\Documentos\DECAFIA_v2\01_dataset\decafia_clean\images\train\SANAS_NUEVAS_198.jpg,train,SANAS_NUEVAS_198,12952858068562880634,16615069972680627502,3761053188248359570
C:\Users\luise\OneDrive\Documentos\DECAFIA_v2\01_dataset\decafia_clean\images\train\SANAS_NUEVAS_199.jpg,train,SANAS_NUEVAS_199,11920345081144572802,17309804812508282071,4668219547141103712
C:\Users\luise\OneDrive\Documentos\DECAFIA_v2\01_dataset\decafia_clean\images\train\SANAS_NUEVAS_2.jpg,train,SANAS_NUEVAS_2,16454972404142283838,12758296892838037865,17292658727209957753
C:\Users\luise\OneDrive\Documentos\DECAFIA_v2\01_dataset\decafia_clean\images\train\SANAS_NUEVAS_20.jpg,train,SANAS_NUEVAS_20,16646098114741009201,10616540539563576948,3907925430062988523
C:\Users\luise\OneDrive\Documentos\DECAFIA_v2\01_dataset\decafia_clean\images\train\SANAS_NUEVAS_201.jpg,train,SANAS_NUEVAS_201,10354358132197298108,15773370099552557801,302497744673147290
C:\Users\luise\OneDrive\Documentos\DECAFIA_v2\01_dataset\decafia_clean\images\train\SANAS_NUEVAS_202.jpg,train,SANAS_NUEVAS_202,17645748813104253784,11653941758534663692,13725700059595140075
C:\Users\luise\OneDrive\Documentos\DECAFIA_v2\01_dataset\decafia_clean\images\train\SANAS_NUEVAS_205.jpg,train,SANAS_NUEVAS_205,17454098020820620556,12064647220269017163,16786806367564511803
C:\Users\luise\OneDrive\Documentos\DECAFIA_v2\01_dataset\decafia_clean\images\train\SANAS_NUEVAS_206.jpg,train,SANAS_NUEVAS_206,13148930711448002019,16226249029984472246,16929808909684908850
C:\Users\luise\OneDrive\Documentos\DECAFIA_v2\01_dataset\decafia_clean\images\train\SANAS_NUEVAS_207.jpg,train,SANAS_NUEVAS_207,17737497764521524077,11780744173039283768,14458991407421109043
C:\Users\luise\OneDrive\Documentos\DECAFIA_v2\01_dataset\decafia_clean\images\train\SANAS_NUEVAS_209.jpg,train,SANAS_NUEVAS_209,11580921067814850040,17717977935700580517,17505625864035138602
C:\Users\luise\OneDrive\Documentos\DECAFIA_v2\01_dataset\decafia_clean\images\train\SANAS_NUEVAS_210.jpg,train,SANAS_NUEVAS_210,12504555089478106037,17931169625025834720,2278435748870612
C:\Users\luise\OneDrive\Documentos\DECAFIA_v2\01_dataset\decafia_clean\images\train\SANAS_NUEVAS_211.jpg,train,SANAS_NUEVAS_211,9841980994954642263,15978886671974241814,2777910965143751256
C:\Users\luise\OneDrive\Documentos\DECAFIA_v2\01_dataset\decafia_clean\images\train\SANAS_NUEVAS_212.jpg,train,SANAS_NUEVAS_212,13994203335840134349,11484513985555034521,13645154144864711717
C:\Users\luise\OneDrive\Documentos\DECAFIA_v2\01_dataset\decafia_clean\images\train\SANAS_NUEVAS_214.jpg,train,SANAS_NUEVAS_214,17582978699049843192,11625651744468397230,16864647188013247471
C:\Users\luise\OneDrive\Documentos\DECAFIA_v2\01_dataset\decafia_clean\images\train\SANAS_NUEVAS_216.jpg,train,SANAS_NUEVAS_216,11740273206044020986,17850159038623319455,6444774557549138499
C:\Users\luise\OneDrive\Documentos\DECAFIA_v2\01_dataset\decafia_clean\images\train\SANAS_NUEVAS_218.jpg,train,SANAS_NUEVAS_218,16055248669742731428,10059606484112721393,15464972578569283205
C:\Users\luise\OneDrive\Documentos\DECAFIA_v2\01_dataset\decafia_clean\images\train\SANAS_NUEVAS_219.jpg,train,SANAS_NUEVAS_219,12316453743376507042,18138388479559136503,12130578294446807111
C:\Users\luise\OneDrive\Documentos\DECAFIA_v2\01_dataset\decafia_clean\images\train\SANAS_NUEVAS_22.jpg,train,SANAS_NUEVAS_22,14321773594783096167,10923195439841331507,7583565473246859594
C:\Users\luise\OneDrive\Documentos\DECAFIA_v2\01_dataset\decafia_clean\images\train\SANAS_NUEVAS_221.jpg,train,SANAS_NUEVAS_221,11983359891892063110,17516793638442966739,11500390904682353462
C:\Users\luise\OneDrive\Documentos\DECAFIA_v2\01_dataset\decafia_clean\images\train\SANAS_NUEVAS_222.jpg,train,SANAS_NUEVAS_222,9488284235644358646,16067204547727202979,10981656260689417590
C:\Users\luise\OneDrive\Documentos\DECAFIA_v2\01_dataset\decafia_clean\images\train\SANAS_NUEVAS_224.jpg,train,SANAS_NUEVAS_224,18003703469122891332,12434233785168230416,5685611529268131313
C:\Users\luise\OneDrive\Documentos\DECAFIA_v2\01_dataset\decafia_clean\images\train\SANAS_NUEVAS_225.jpg,train,SANAS_NUEVAS_225,10032906993285441108,16026444745737433857,10134445575498368164
C:\Users\luise\OneDrive\Documentos\DECAFIA_v2\01_dataset\decafia_clean\images\train\SANAS_NUEVAS_226.jpg,train,SANAS_NUEVAS_226,10351321868058407257,15776986030462723101,4151356309993512653
C:\Users\luise\OneDrive\Documentos\DECAFIA_v2\01_dataset\decafia_clean\images\train\SANAS_NUEVAS_227.jpg,train,SANAS_NUEVAS_227,10610249867949199950,14367183609589663511,10012455810986591301
C:\Users\luise\OneDrive\Documentos\DECAFIA_v2\01_dataset\decafia_clean\images\train\SANAS_NUEVAS_228.jpg,train,SANAS_NUEVAS_228,11661679928573362604,17618865997122262257,9469152692294475848
C:\Users\luise\OneDrive\Documentos\DECAFIA_v2\01_dataset\decafia_clean\images\train\SANAS_NUEVAS_229.jpg,train,SANAS_NUEVAS_229,14568086304778229722,11491330386984108687,2025527047121411642
C:\Users\luise\OneDrive\Documentos\DECAFIA_v2\01_dataset\decafia_clean\images\train\SANAS_NUEVAS_23.jpg,train,SANAS_NUEVAS_23,16709082601905241826,12876850491948575667,12842149269155390883
C:\Users\luise\OneDrive\Documentos\DECAFIA_v2\01_dataset\decafia_clean\images\train\SANAS_NUEVAS_230.jpg,train,SANAS_NUEVAS_230,10181961680872273364,15571421556118841245,10145638255147618373
C:\Users\luise\OneDrive\Documentos\DECAFIA_v2\01_dataset\decafia_clean\images\train\SANAS_NUEVAS_231.jpg,train,SANAS_NUEVAS_231,12620419538027477698,18046462331949526037,619448060798377420
C:\Users\luise\OneDrive\Documentos\DECAFIA_v2\01_dataset\decafia_clean\images\train\SANAS_NUEVAS_232.jpg,train,SANAS_NUEVAS_232,12487028480271198170,17879153498714894479,763567329833503121
C:\Users\luise\OneDrive\Documentos\DECAFIA_v2\01_dataset\decafia_clean\images\train\SANAS_NUEVAS_233.jpg,train,SANAS_NUEVAS_233,15668070189943746056,10098617937686342492,12568366986138961436
C:\Users\luise\OneDrive\Documentos\DECAFIA_v2\01_dataset\decafia_clean\images\train\SANAS_NUEVAS_234.jpg,train,SANAS_NUEVAS_234,11472759260774791296,14583280762353134036,10207135357112553114
C:\Users\luise\OneDrive\Documentos\DECAFIA_v2\01_dataset\decafia_clean\images\train\SANAS_NUEVAS_236.jpg,train,SANAS_NUEVAS_236,16364298690604893809,13136155276978707252,3798328052396555578
C:\Users\luise\OneDrive\Documentos\DECAFIA_v2\01_dataset\decafia_clean\images\train\SANAS_NUEVAS_237.jpg,train,SANAS_NUEVAS_237,9399149600911116253,15502847419734725260,3478615192229318363
C:\Users\luise\OneDrive\Documentos\DECAFIA_v2\01_dataset\decafia_clean\images\train\SANAS_NUEVAS_239.jpg,train,SANAS_NUEVAS_239,11434755733243516742,14694467767430169371,3874936859198987804
C:\Users\luise\OneDrive\Documentos\DECAFIA_v2\01_dataset\decafia_clean\images\train\SANAS_NUEVAS_24.jpg,train,SANAS_NUEVAS_24,14676875992111438147,11455725481064106002,9807888044065103502
C:\Users\luise\OneDrive\Documentos\DECAFIA_v2\01_dataset\decafia_clean\images\train\SANAS_NUEVAS_240.jpg,train,SANAS_NUEVAS_240,15693465568158237790,10132877743968752395,17270758455393619691
C:\Users\luise\OneDrive\Documentos\DECAFIA_v2\01_dataset\decafia_clean\images\train\SANAS_NUEVAS_242.jpg,train,SANAS_NUEVAS_242,16855445570542136282,13562523225170984591,7267961340503640708
C:\Users\luise\OneDrive\Documentos\DECAFIA_v2\01_dataset\decafia_clean\images\train\SANAS_NUEVAS_243.jpg,train,SANAS_NUEVAS_243,11239134971182624838,14892340603094820659,16538385539075120779
C:\Users\luise\OneDrive\Documentos\DECAFIA_v2\01_dataset\decafia_clean\images\train\SANAS_NUEVAS_244.jpg,train,SANAS_NUEVAS_244,17550614633890628187,12017040115626383118,14585235474789283260
C:\Users\luise\OneDrive\Documentos\DECAFIA_v2\01_dataset\decafia_clean\images\train\SANAS_NUEVAS_245.jpg,train,SANAS_NUEVAS_245,14241839101026261707,10732210273816760222,8186768138455953334
C:\Users\luise\OneDrive\Documentos\DECAFIA_v2\01_dataset\decafia_clean\images\train\SANAS_NUEVAS_246.jpg,train,SANAS_NUEVAS_246,14798029448840373218,10955142661554779831,7552412998868502829
C:\Users\luise\OneDrive\Documentos\DECAFIA_v2\01_dataset\decafia_clean\images\train\SANAS_NUEVAS_247.jpg,train,SANAS_NUEVAS_247,16478275084526453048,12816051120170947693,6564346073544481545
C:\Users\luise\OneDrive\Documentos\DECAFIA_v2\01_dataset\decafia_clean\images\train\SANAS_NUEVAS_248.jpg,train,SANAS_NUEVAS_248,10778656331474243416,13890296996362640141,7332919233535494128
C:\Users\luise\OneDrive\Documentos\DECAFIA_v2\01_dataset\decafia_clean\images\train\SANAS_NUEVAS_25.jpg,train,SANAS_NUEVAS_25,14948159275343639145,11108078989221308220,8254190581201014427
C:\Users\luise\OneDrive\Documentos\DECAFIA_v2\01_dataset\decafia_clean\images\train\SANAS_NUEVAS_251.jpg,train,SANAS_NUEVAS_251,10851754725338539298,14108783915300630775,14736220010581834288
C:\Users\luise\OneDrive\Documentos\DECAFIA_v2\01_dataset\decafia_clean\images\train\SANAS_NUEVAS_253.jpg,train,SANAS_NUEVAS_253,18078628527377963178,12371498716996177406,7706166797657936482
C:\Users\luise\OneDrive\Documentos\DECAFIA_v2\01_dataset\decafia_clean\images\train\SANAS_NUEVAS_254.jpg,train,SANAS_NUEVAS_254,15862637289722942206,9900670939242710954,15148391209267322330
C:\Users\luise\OneDrive\Documentos\DECAFIA_v2\01_dataset\decafia_clean\images\train\SANAS_NUEVAS_256.jpg,train,SANAS_NUEVAS_256,10420313918777065433,14829000321507175052,15660008806581940080
C:\Users\luise\OneDrive\Documentos\DECAFIA_v2\01_dataset\decafia_clean\images\train\SANAS_NUEVAS_258.jpg,train,SANAS_NUEVAS_258,14356416066757158604,10551205008560370587,4884047414629997850
C:\Users\luise\OneDrive\Documentos\DECAFIA_v2\01_dataset\decafia_clean\images\train\SANAS_NUEVAS_259.jpg,train,SANAS_NUEVAS_259,14956904041689492363,11152264725651324120,4957227457659312904
C:\Users\luise\OneDrive\Documentos\DECAFIA_v2\01_dataset\decafia_clean\images\train\SANAS_NUEVAS_26.jpg,train,SANAS_NUEVAS_26,13619612337402978212,16742061346941291513,3399312772291623109
C:\Users\luise\OneDrive\Documentos\DECAFIA_v2\01_dataset\decafia_clean\images\train\SANAS_NUEVAS_260.jpg,train,SANAS_NUEVAS_260,9569648087312616788,15103786098298886281,579305434121790017
C:\Users\luise\OneDrive\Documentos\DECAFIA_v2\01_dataset\decafia_clean\images\train\SANAS_NUEVAS_262.jpg,train,SANAS_NUEVAS_262,14380042233073224935,10575957627596216758,4404025929118693657
C:\Users\luise\OneDrive\Documentos\DECAFIA_v2\01_dataset\decafia_clean\images\train\SANAS_NUEVAS_265.jpg,train,SANAS_NUEVAS_265,10761958435203147621,13843923933817484856,9639681236926529857
C:\Users\luise\OneDrive\Documentos\DECAFIA_v2\01_dataset\decafia_clean\images\train\SANAS_NUEVAS_267.jpg,train,SANAS_NUEVAS_267,15097802976694482730,9570851265796170367,7146422504225992180
C:\Users\luise\OneDrive\Documentos\DECAFIA_v2\01_dataset\decafia_clean\images\train\SANAS_NUEVAS_268.jpg,train,SANAS_NUEVAS_268,15398694750585239920,9360294354618117431,12714050852429372089
C:\Users\luise\OneDrive\Documentos\DECAFIA_v2\01_dataset\decafia_clean\images\train\SANAS_NUEVAS_27.jpg,train,SANAS_NUEVAS_27,17318140519643023323,11891526518290666414,7670039490397488229
C:\Users\luise\OneDrive\Documentos\DECAFIA_v2\01_dataset\decafia_clean\images\train\SANAS_NUEVAS_270.jpg,train,SANAS_NUEVAS_270,10227454883397117327,15616914857426514138,15606271969682606656
C:\Users\luise\OneDrive\Documentos\DECAFIA_v2\01_dataset\decafia_clean\images\train\SANAS_NUEVAS_271.jpg,train,SANAS_NUEVAS_271,15738081449884927428,12627425825153292928,16459772416520983031
C:\Users\luise\OneDrive\Documentos\DECAFIA_v2\01_dataset\decafia_clean\images\train\SANAS_NUEVAS_272.jpg,train,SANAS_NUEVAS_272,10501672395948398224,14188937466942211541,4318124133596872574
C:\Users\luise\OneDrive\Documentos\DECAFIA_v2\01_dataset\decafia_clean\images\train\SANAS_NUEVAS_274.jpg,train,SANAS_NUEVAS_274,13906956668758993203,10784214816944053606,17626823989547384350
C:\Users\luise\OneDrive\Documentos\DECAFIA_v2\01_dataset\decafia_clean\images\train\SANAS_NUEVAS_275.jpg,train,SANAS_NUEVAS_275,16149766686224958854,13639761056949965019,12238038845617961597
C:\Users\luise\OneDrive\Documentos\DECAFIA_v2\01_dataset\decafia_clean\images\train\SANAS_NUEVAS_276.jpg,train,SANAS_NUEVAS_276,17875478093219488248,9603681887324976301,4846548485670750830
C:\Users\luise\OneDrive\Documentos\DECAFIA_v2\01_dataset\decafia_clean\images\train\SANAS_NUEVAS_277.jpg,train,SANAS_NUEVAS_277,13835441797471305679,10760236781250784186,7961341021805764207
C:\Users\luise\OneDrive\Documentos\DECAFIA_v2\01_dataset\decafia_clean\images\train\SANAS_NUEVAS_280.jpg,train,SANAS_NUEVAS_280,9337489162605014818,15042649195766151906,11890348545049652249
C:\Users\luise\OneDrive\Documentos\DECAFIA_v2\01_dataset\decafia_clean\images\train\SANAS_NUEVAS_281.jpg,train,SANAS_NUEVAS_281,11064326503733064816,14482238846276641199,15207757398028035887
C:\Users\luise\OneDrive\Documentos\DECAFIA_v2\01_dataset\decafia_clean\images\train\SANAS_NUEVAS_282.jpg,train,SANAS_NUEVAS_282,15194031856643503473,10919397506301634916,14883850412104287806
C:\Users\luise\OneDrive\Documentos\DECAFIA_v2\01_dataset\decafia_clean\images\train\SANAS_NUEVAS_287.jpg,train,SANAS_NUEVAS_287,11286980021966594528,13976417679201186869,8743535848272135135
C:\Users\luise\OneDrive\Documentos\DECAFIA_v2\01_dataset\decafia_clean\images\train\SANAS_NUEVAS_288.jpg,train,SANAS_NUEVAS_288,14463942358897337926,11379870187241632529,16556954259754487745
C:\Users\luise\OneDrive\Documentos\DECAFIA_v2\01_dataset\decafia_clean\images\train\SANAS_NUEVAS_290.jpg,train,SANAS_NUEVAS_290,13843205175353497485,10757328842426049244,7875771132789800049
C:\Users\luise\OneDrive\Documentos\DECAFIA_v2\01_dataset\decafia_clean\images\train\SANAS_NUEVAS_291.jpg,train,SANAS_NUEVAS_291,13093704790864238159,16204930535999293274,17357122979861095593
C:\Users\luise\OneDrive\Documentos\DECAFIA_v2\01_dataset\decafia_clean\images\train\SANAS_NUEVAS_293.jpg,train,SANAS_NUEVAS_293,14098324155121943050,10867777756717324127,13159925356271208270
C:\Users\luise\OneDrive\Documentos\DECAFIA_v2\01_dataset\decafia_clean\images\train\SANAS_NUEVAS_294.jpg,train,SANAS_NUEVAS_294,12023965942523528597,17549648160016027841,6975398653460283937
C:\Users\luise\OneDrive\Documentos\DECAFIA_v2\01_dataset\decafia_clean\images\train\SANAS_NUEVAS_295.jpg,train,SANAS_NUEVAS_295,12444480353062850307,11017064212938676800,8124635630268307740
C:\Users\luise\OneDrive\Documentos\DECAFIA_v2\01_dataset\decafia_clean\images\train\SANAS_NUEVAS_297.jpg,train,SANAS_NUEVAS_297,11631585730254194659,17599755946003305142,14227347031390773585
C:\Users\luise\OneDrive\Documentos\DECAFIA_v2\01_dataset\decafia_clean\images\train\SANAS_NUEVAS_298.jpg,train,SANAS_NUEVAS_298,17343015358319250975,11960313491708320714,8205832234526139771
C:\Users\luise\OneDrive\Documentos\DECAFIA_v2\01_dataset\decafia_clean\images\train\SANAS_NUEVAS_3.jpg,train,SANAS_NUEVAS_3,9263830735215267280,15409886006430617733,12220548642498104033
C:\Users\luise\OneDrive\Documentos\DECAFIA_v2\01_dataset\decafia_clean\images\train\SANAS_NUEVAS_30.jpg,train,SANAS_NUEVAS_30,12269635240995682935,18236153962337414944,3056774853961998372
C:\Users\luise\OneDrive\Documentos\DECAFIA_v2\01_dataset\decafia_clean\images\train\SANAS_NUEVAS_301.jpg,train,SANAS_NUEVAS_301,17394817881147295972,11833942385348353459,13509531589304345938
C:\Users\luise\OneDrive\Documentos\DECAFIA_v2\01_dataset\decafia_clean\images\train\SANAS_NUEVAS_302.jpg,train,SANAS_NUEVAS_302,13140609171669159206,16936216574677866739,3971772318831374963
C:\Users\luise\OneDrive\Documentos\DECAFIA_v2\01_dataset\decafia_clean\images\train\SANAS_NUEVAS_303.jpg,train,SANAS_NUEVAS_303,14505492125702995310,11249017055268431931,16041310865888403651
C:\Users\luise\OneDrive\Documentos\DECAFIA_v2\01_dataset\decafia_clean\images\train\SANAS_NUEVAS_304.jpg,train,SANAS_NUEVAS_304,17188708431075489822,12811573717030235466,2215303087562176824
C:\Users\luise\OneDrive\Documentos\DECAFIA_v2\01_dataset\decafia_clean\images\train\SANAS_NUEVAS_306.jpg,train,SANAS_NUEVAS_306,13399307358512617570,17052513136960687399,12157298309174577349
C:\Users\luise\OneDrive\Documentos\DECAFIA_v2\01_dataset\decafia_clean\images\train\SANAS_NUEVAS_307.jpg,train,SANAS_NUEVAS_307,13780013763316408932,16891072384459781937,11802228735446780385
C:\Users\luise\OneDrive\Documentos\DECAFIA_v2\01_dataset\decafia_clean\images\train\SANAS_NUEVAS_309.jpg,train,SANAS_NUEVAS_309,18350427222341763998,12392926513270593231,8349920896205574946
C:\Users\luise\OneDrive\Documentos\DECAFIA_v2\01_dataset\decafia_clean\images\train\SANAS_NUEVAS_31.jpg,train,SANAS_NUEVAS_31,10966938190852487604,14944968282975283424,6342061164659101023
C:\Users\luise\OneDrive\Documentos\DECAFIA_v2\01_dataset\decafia_clean\images\train\SANAS_NUEVAS_310.jpg,train,SANAS_NUEVAS_310,12183526852693253042,18177025394348232679,4713387377299058791
C:\Users\luise\OneDrive\Documentos\DECAFIA_v2\01_dataset\decafia_clean\images\train\SANAS_NUEVAS_313.jpg,train,SANAS_NUEVAS_313,11538152370490658918,17675103685161004339,1018475167952828783
C:\Users\luise\OneDrive\Documentos\DECAFIA_v2\01_dataset\decafia_clean\images\train\SANAS_NUEVAS_314.jpg,train,SANAS_NUEVAS_314,10910935559475203154,13996689840006486279,11712787329944060825
C:\Users\luise\OneDrive\Documentos\DECAFIA_v2\01_dataset\decafia_clean\images\train\SANAS_NUEVAS_316.jpg,train,SANAS_NUEVAS_316,10643525213134313859,14330507475019467990,12155604361917906082
C:\Users\luise\OneDrive\Documentos\DECAFIA_v2\01_dataset\decafia_clean\images\train\SANAS_NUEVAS_318.jpg,train,SANAS_NUEVAS_318,13961573081804738111,10706232698468670314,4358991032095236711
C:\Users\luise\OneDrive\Documentos\DECAFIA_v2\01_dataset\decafia_clean\images\train\SANAS_NUEVAS_319.jpg,train,SANAS_NUEVAS_319,10562958649293905732,14394208064055593489,2702730453206719590
C:\Users\luise\OneDrive\Documentos\DECAFIA_v2\01_dataset\decafia_clean\images\train\SANAS_NUEVAS_32.jpg,train,SANAS_NUEVAS_32,9698569188665073412,15260843294183869009,9459541753294886960
C:\Users\luise\OneDrive\Documentos\DECAFIA_v2\01_dataset\decafia_clean\images\train\SANAS_NUEVAS_320.jpg,train,SANAS_NUEVAS_320,13863547059358193449,10750202109004943997,4143170185454764629
C:\Users\luise\OneDrive\Documentos\DECAFIA_v2\01_dataset\decafia_clean\images\train\SANAS_NUEVAS_323.jpg,train,SANAS_NUEVAS_323,14066562703460110272,10836554698667514389,17465705576506818284
C:\Users\luise\OneDrive\Documentos\DECAFIA_v2\01_dataset\decafia_clean\images\train\SANAS_NUEVAS_324.jpg,train,SANAS_NUEVAS_324,14409373373346290787,10573666772782827830,16460163775992934962
C:\Users\luise\OneDrive\Documentos\DECAFIA_v2\01_dataset\decafia_clean\images\train\SANAS_NUEVAS_325.jpg,train,SANAS_NUEVAS_325,18311233013275728530,12271117378168868807,13902841576452321639
C:\Users\luise\OneDrive\Documentos\DECAFIA_v2\01_dataset\decafia_clean\images\train\SANAS_NUEVAS_326.jpg,train,SANAS_NUEVAS_326,12153128142591132154,17059003102933782695,4681739095342903399
C:\Users\luise\OneDrive\Documentos\DECAFIA_v2\01_dataset\decafia_clean\images\train\SANAS_NUEVAS_327.jpg,train,SANAS_NUEVAS_327,16872885183642344658,13636287176217020807,6408893741158428695
C:\Users\luise\OneDrive\Documentos\DECAFIA_v2\01_dataset\decafia_clean\images\train\SANAS_NUEVAS_328.jpg,train,SANAS_NUEVAS_328,13026314101081038504,16182162427734395885,3995205043553853475
C:\Users\luise\OneDrive\Documentos\DECAFIA_v2\01_dataset\decafia_clean\images\train\SANAS_NUEVAS_329.jpg,train,SANAS_NUEVAS_329,16963253535228959255,13708042894145965899,971929498401421581
C:\Users\luise\OneDrive\Documentos\DECAFIA_v2\01_dataset\decafia_clean\images\train\SANAS_NUEVAS_33.jpg,train,SANAS_NUEVAS_33,15226083100618032651,9662680419287388762,17073013435415357090
C:\Users\luise\OneDrive\Documentos\DECAFIA_v2\01_dataset\decafia_clean\images\train\SANAS_NUEVAS_330.jpg,train,SANAS_NUEVAS_330,13612062323681351327,16839688898091420618,3600857531448058075
C:\Users\luise\OneDrive\Documentos\DECAFIA_v2\01_dataset\decafia_clean\images\train\SANAS_NUEVAS_335.jpg,train,SANAS_NUEVAS_335,16145717226945378673,13061645166957227317,2543810818663677694
C:\Users\luise\OneDrive\Documentos\DECAFIA_v2\01_dataset\decafia_clean\images\train\SANAS_NUEVAS_336.jpg,train,SANAS_NUEVAS_336,12364007684689653906,18356832807620519367,1129667696111153170
C:\Users\luise\OneDrive\Documentos\DECAFIA_v2\01_dataset\decafia_clean\images\train\SANAS_NUEVAS_337.jpg,train,SANAS_NUEVAS_337,17588952696636292470,11623744581601519779,10115896137592928369
C:\Users\luise\OneDrive\Documentos\DECAFIA_v2\01_dataset\decafia_clean\images\train\SANAS_NUEVAS_338.jpg,train,SANAS_NUEVAS_338,12112580602001051080,18180418943625861277,2982171083919093904
C:\Users\luise\OneDrive\Documentos\DECAFIA_v2\01_dataset\decafia_clean\images\train\SANAS_NUEVAS_339.jpg,train,SANAS_NUEVAS_339,17158574154436782639,13423211912983903850,1063958613694674984
C:\Users\luise\OneDrive\Documentos\DECAFIA_v2\01_dataset\decafia_clean\images\train\SANAS_NUEVAS_340.jpg,train,SANAS_NUEVAS_340,17086237839452996588,13279927367338448568,1063395942981237848
C:\Users\luise\OneDrive\Documentos\DECAFIA_v2\01_dataset\decafia_clean\images\train\SANAS_NUEVAS_341.jpg,train,SANAS_NUEVAS_341,11937594439534785521,11745264339491447460,17920016948657249165
C:\Users\luise\OneDrive\Documentos\DECAFIA_v2\01_dataset\decafia_clean\images\train\SANAS_NUEVAS_343.jpg,train,SANAS_NUEVAS_343,18073951610662651312,12648010388541051557,17641427607985643626
C:\Users\luise\OneDrive\Documentos\DECAFIA_v2\01_dataset\decafia_clean\images\train\SANAS_NUEVAS_345.jpg,train,SANAS_NUEVAS_345,17421268338016446317,13011341418372772664,8949604363663365556
C:\Users\luise\OneDrive\Documentos\DECAFIA_v2\01_dataset\decafia_clean\images\train\SANAS_NUEVAS_346.jpg,train,SANAS_NUEVAS_346,11913670481968427411,17366031327964275918,6598109016417146952
C:\Users\luise\OneDrive\Documentos\DECAFIA_v2\01_dataset\decafia_clean\images\train\SANAS_NUEVAS_347.jpg,train,SANAS_NUEVAS_347,11937596286489325870,17365750172824544313,6672320549427974491
C:\Users\luise\OneDrive\Documentos\DECAFIA_v2\01_dataset\decafia_clean\images\train\SANAS_NUEVAS_348.jpg,train,SANAS_NUEVAS_348,17889306211699968984,12472367747869023885,3744882723721863502
C:\Users\luise\OneDrive\Documentos\DECAFIA_v2\01_dataset\decafia_clean\images\train\SANAS_NUEVAS_35.jpg,train,SANAS_NUEVAS_35,18395780474497046019,12257573002000130902,18004536702969050365
C:\Users\luise\OneDrive\Documentos\DECAFIA_v2\01_dataset\decafia_clean\images\train\SANAS_NUEVAS_351.jpg,train,SANAS_NUEVAS_351,17957401754615868357,12421161511749140112,7917874466710777516
C:\Users\luise\OneDrive\Documentos\DECAFIA_v2\01_dataset\decafia_clean\images\train\SANAS_NUEVAS_353.jpg,train,SANAS_NUEVAS_353,13449329130511950370,17284895368683664998,16197742511325364940
C:\Users\luise\OneDrive\Documentos\DECAFIA_v2\01_dataset\decafia_clean\images\train\SANAS_NUEVAS_354.jpg,train,SANAS_NUEVAS_354,12457312343824328901,17993031452537240976,8139245607414433976
C:\Users\luise\OneDrive\Documentos\DECAFIA_v2\01_dataset\decafia_clean\images\train\SANAS_NUEVAS_356.jpg,train,SANAS_NUEVAS_356,12461722880373846224,17988955372636743045,6405315833632179354
C:\Users\luise\OneDrive\Documentos\DECAFIA_v2\01_dataset\decafia_clean\images\train\SANAS_NUEVAS_357.jpg,train,SANAS_NUEVAS_357,11283080081553705323,14537858027364424766,993414351021995604
C:\Users\luise\OneDrive\Documentos\DECAFIA_v2\01_dataset\decafia_clean\images\train\SANAS_NUEVAS_358.jpg,train,SANAS_NUEVAS_358,12309838493266328152,18374688227669110541,7328981949020785354
C:\Users\luise\OneDrive\Documentos\DECAFIA_v2\01_dataset\decafia_clean\images\train\SANAS_NUEVAS_359.jpg,train,SANAS_NUEVAS_359,17077636806526337351,13378691892526896178,17999687432469010521
C:\Users\luise\OneDrive\Documentos\DECAFIA_v2\01_dataset\decafia_clean\images\train\SANAS_NUEVAS_36.jpg,train,SANAS_NUEVAS_36,11172144196009731613,14870385284629885768,3045706608389867342
C:\Users\luise\OneDrive\Documentos\DECAFIA_v2\01_dataset\decafia_clean\images\train\SANAS_NUEVAS_360.jpg,train,SANAS_NUEVAS_360,13640088345250128820,16725807447988582125,14811429623899965929
C:\Users\luise\OneDrive\Documentos\DECAFIA_v2\01_dataset\decafia_clean\images\train\SANAS_NUEVAS_361.jpg,train,SANAS_NUEVAS_361,12475611525006670925,17903809355126401306,4067024176979500492
C:\Users\luise\OneDrive\Documentos\DECAFIA_v2\01_dataset\decafia_clean\images\train\SANAS_NUEVAS_364.jpg,train,SANAS_NUEVAS_364,16029388880879359789,10062883523632325176,12016696379343789083
C:\Users\luise\OneDrive\Documentos\DECAFIA_v2\01_dataset\decafia_clean\images\train\SANAS_NUEVAS_366.jpg,train,SANAS_NUEVAS_366,17042348439697087118,13319326395894762442,1259029585623542265
C:\Users\luise\OneDrive\Documentos\DECAFIA_v2\01_dataset\decafia_clean\images\train\SANAS_NUEVAS_367.jpg,train,SANAS_NUEVAS_367,13330589479808191626,17125660604489701599,8349885669109424252
C:\Users\luise\OneDrive\Documentos\DECAFIA_v2\01_dataset\decafia_clean\images\train\SANAS_NUEVAS_369.jpg,train,SANAS_NUEVAS_369,12284273773714971968,13776182217727838228,16497416166009765004
C:\Users\luise\OneDrive\Documentos\DECAFIA_v2\01_dataset\decafia_clean\images\train\SANAS_NUEVAS_371.jpg,train,SANAS_NUEVAS_371,17200268790840595498,12314798515185241066,17433668211793853560
C:\Users\luise\OneDrive\Documentos\DECAFIA_v2\01_dataset\decafia_clean\images\train\SANAS_NUEVAS_372.jpg,train,SANAS_NUEVAS_372,15333237699215151687,9340411921184950162,5123719088273713011
C:\Users\luise\OneDrive\Documentos\DECAFIA_v2\01_dataset\decafia_clean\images\train\SANAS_NUEVAS_376.jpg,train,SANAS_NUEVAS_376,11772573761268349065,17741301963060850012,8158319347108062796
C:\Users\luise\OneDrive\Documentos\DECAFIA_v2\01_dataset\decafia_clean\images\train\SANAS_NUEVAS_378.jpg,train,SANAS_NUEVAS_378,13378881582206693418,16212396530800682343,17348077560010960329
C:\Users\luise\OneDrive\Documentos\DECAFIA_v2\01_dataset\decafia_clean\images\train\SANAS_NUEVAS_379.jpg,train,SANAS_NUEVAS_379,13076908585750614691,16154348376526065590,9793900897917706537
C:\Users\luise\OneDrive\Documentos\DECAFIA_v2\01_dataset\decafia_clean\images\train\SANAS_NUEVAS_380.jpg,train,SANAS_NUEVAS_380,16363901538491278609,13136178690686251109,5846353999319178801
C:\Users\luise\OneDrive\Documentos\DECAFIA_v2\01_dataset\decafia_clean\images\train\SANAS_NUEVAS_381.jpg,train,SANAS_NUEVAS_381,16652138509495280051,10830333476005541350,3570063029055045434
C:\Users\luise\OneDrive\Documentos\DECAFIA_v2\01_dataset\decafia_clean\images\train\SANAS_NUEVAS_382.jpg,train,SANAS_NUEVAS_382,13168197678316459365,16999825599998050864,9485305119218292215
C:\Users\luise\OneDrive\Documentos\DECAFIA_v2\01_dataset\decafia_clean\images\train\SANAS_NUEVAS_383.jpg,train,SANAS_NUEVAS_383,18231624460553292784,12130138327195016869,11887502398916052713
C:\Users\luise\OneDrive\Documentos\DECAFIA_v2\01_dataset\decafia_clean\images\train\SANAS_NUEVAS_384.jpg,train,SANAS_NUEVAS_384,18321415547834770691,12328440203971125332,15202521159491766001
C:\Users\luise\OneDrive\Documentos\DECAFIA_v2\01_dataset\decafia_clean\images\train\SANAS_NUEVAS_386.jpg,train,SANAS_NUEVAS_386,11723403865977734930,17862561342717956677,6947105549559402010
C:\Users\luise\OneDrive\Documentos\DECAFIA_v2\01_dataset\decafia_clean\images\train\SANAS_NUEVAS_387.jpg,train,SANAS_NUEVAS_387,9867085870589505677,14752589541086209496,15896596656345558732
C:\Users\luise\OneDrive\Documentos\DECAFIA_v2\01_dataset\decafia_clean\images\train\SANAS_NUEVAS_388.jpg,train,SANAS_NUEVAS_388,17458239646996336111,11897794576377632954,8680913574064419056
C:\Users\luise\OneDrive\Documentos\DECAFIA_v2\01_dataset\decafia_clean\images\train\SANAS_NUEVAS_389.jpg,train,SANAS_NUEVAS_389,9672237698930621676,15234521558924085681,8089198967354663169
C:\Users\luise\OneDrive\Documentos\DECAFIA_v2\01_dataset\decafia_clean\images\train\SANAS_NUEVAS_39.jpg,train,SANAS_NUEVAS_39,10600743933135502926,14287737044745480987,7206769868520240704
C:\Users\luise\OneDrive\Documentos\DECAFIA_v2\01_dataset\decafia_clean\images\train\SANAS_NUEVAS_391.jpg,train,SANAS_NUEVAS_391,9812928792123585264,15959300686086062496,10955089984705004291
C:\Users\luise\OneDrive\Documentos\DECAFIA_v2\01_dataset\decafia_clean\images\train\SANAS_NUEVAS_392.jpg,train,SANAS_NUEVAS_392,17893262557793121924,12467360333873886037,8423648622935968808
C:\Users\luise\OneDrive\Documentos\DECAFIA_v2\01_dataset\decafia_clean\images\train\SANAS_NUEVAS_393.jpg,train,SANAS_NUEVAS_393,14905974788146164582,11207766556995233331,14740065093011512496
C:\Users\luise\OneDrive\Documentos\DECAFIA_v2\01_dataset\decafia_clean\images\train\SANAS_NUEVAS_394.jpg,train,SANAS_NUEVAS_394,13895358367835093108,13079420363070943009,9187055414740924648
C:\Users\luise\OneDrive\Documentos\DECAFIA_v2\01_dataset\decafia_clean\images\train\SANAS_NUEVAS_395.jpg,train,SANAS_NUEVAS_395,10772460957371245895,13846929755690301498,16197056841192256259
C:\Users\luise\OneDrive\Documentos\DECAFIA_v2\01_dataset\decafia_clean\images\train\SANAS_NUEVAS_396.jpg,train,SANAS_NUEVAS_396,17798307411767715693,11697289829292486708,2276483170615684857
C:\Users\luise\OneDrive\Documentos\DECAFIA_v2\01_dataset\decafia_clean\images\train\SANAS_NUEVAS_398.jpg,train,SANAS_NUEVAS_398,16782249687145158951,13624183243292462162,4285439980247740435
C:\Users\luise\OneDrive\Documentos\DECAFIA_v2\01_dataset\decafia_clean\images\train\SANAS_NUEVAS_399.jpg,train,SANAS_NUEVAS_399,17047393266158914377,13385758638394481180,8210600713232378105
C:\Users\luise\OneDrive\Documentos\DECAFIA_v2\01_dataset\decafia_clean\images\train\SANAS_NUEVAS_4.jpg,train,SANAS_NUEVAS_4,10115209664592150039,15651456543752037190,7671979936056118740
C:\Users\luise\OneDrive\Documentos\DECAFIA_v2\01_dataset\decafia_clean\images\train\SANAS_NUEVAS_400.jpg,train,SANAS_NUEVAS_400,13514397303497474850,17210961086050931220,14983448075788870511
C:\Users\luise\OneDrive\Documentos\DECAFIA_v2\01_dataset\decafia_clean\images\train\SANAS_NUEVAS_401.jpg,train,SANAS_NUEVAS_401,16563562704106887538,12720643581646622255,9933201014262962587
C:\Users\luise\OneDrive\Documentos\DECAFIA_v2\01_dataset\decafia_clean\images\train\SANAS_NUEVAS_402.jpg,train,SANAS_NUEVAS_402,11583206430586912010,17720122698865207307,5648332729187595071
C:\Users\luise\OneDrive\Documentos\DECAFIA_v2\01_dataset\decafia_clean\images\train\SANAS_NUEVAS_403.jpg,train,SANAS_NUEVAS_403,16764865926208374963,12536193733955557862,15596230444186890491
C:\Users\luise\OneDrive\Documentos\DECAFIA_v2\01_dataset\decafia_clean\images\train\SANAS_NUEVAS_405.jpg,train,SANAS_NUEVAS_405,11560040911330548950,17670109135057930635,18009024959545929776
C:\Users\luise\OneDrive\Documentos\DECAFIA_v2\01_dataset\decafia_clean\images\train\SANAS_NUEVAS_406.jpg,train,SANAS_NUEVAS_406,12136005438191612988,18248187599666192680,8969185353305948419
C:\Users\luise\OneDrive\Documentos\DECAFIA_v2\01_dataset\decafia_clean\images\train\SANAS_NUEVAS_407.jpg,train,SANAS_NUEVAS_407,11906060149607092031,17324089587342936618,8138220155243675423
C:\Users\luise\OneDrive\Documentos\DECAFIA_v2\01_dataset\decafia_clean\images\train\SANAS_NUEVAS_408.jpg,train,SANAS_NUEVAS_408,17591488503874245180,11636405070917764969,1256925395868181251
C:\Users\luise\OneDrive\Documentos\DECAFIA_v2\01_dataset\decafia_clean\images\train\SANAS_NUEVAS_409.jpg,train,SANAS_NUEVAS_409,16756935151986948451,13680179646130383910,14490451426312745331
C:\Users\luise\OneDrive\Documentos\DECAFIA_v2\01_dataset\decafia_clean\images\train\SANAS_NUEVAS_41.jpg,train,SANAS_NUEVAS_41,10064485599583839099,15454208779979584558,800853716182585240
C:\Users\luise\OneDrive\Documentos\DECAFIA_v2\01_dataset\decafia_clean\images\train\SANAS_NUEVAS_410.jpg,train,SANAS_NUEVAS_410,13790805817572461519,16876559582868608666,8629619890965299585
C:\Users\luise\OneDrive\Documentos\DECAFIA_v2\01_dataset\decafia_clean\images\train\SANAS_NUEVAS_411.jpg,train,SANAS_NUEVAS_411,13159460800416932998,16414104093541405139,14186498052883280379
C:\Users\luise\OneDrive\Documentos\DECAFIA_v2\01_dataset\decafia_clean\images\train\SANAS_NUEVAS_412.jpg,train,SANAS_NUEVAS_412,16793526521069713554,13644150058770460103,4070260604666655075
C:\Users\luise\OneDrive\Documentos\DECAFIA_v2\01_dataset\decafia_clean\images\train\SANAS_NUEVAS_414.jpg,train,SANAS_NUEVAS_414,17600561542551672955,11607067271660621614,4283452732834640113
C:\Users\luise\OneDrive\Documentos\DECAFIA_v2\01_dataset\decafia_clean\images\train\SANAS_NUEVAS_415.jpg,train,SANAS_NUEVAS_415,18031715141586456942,12639581567175771193,4742792750803598351
C:\Users\luise\OneDrive\Documentos\DECAFIA_v2\01_dataset\decafia_clean\images\train\SANAS_NUEVAS_416.jpg,train,SANAS_NUEVAS_416,17495289587532088195,12078254505618413206,17289309909289136499
C:\Users\luise\OneDrive\Documentos\DECAFIA_v2\01_dataset\decafia_clean\images\train\SANAS_NUEVAS_418.jpg,train,SANAS_NUEVAS_418,13741556143757969286,16926362298079679195,7260878507986240491
C:\Users\luise\OneDrive\Documentos\DECAFIA_v2\01_dataset\decafia_clean\images\train\SANAS_NUEVAS_420.jpg,train,SANAS_NUEVAS_420,12524741519127916739,17907868314904946070,370545110368661795
C:\Users\luise\OneDrive\Documentos\DECAFIA_v2\01_dataset\decafia_clean\images\train\SANAS_NUEVAS_424.jpg,train,SANAS_NUEVAS_424,13793330284212896694,16879092853529155299,17355919450844664795
C:\Users\luise\OneDrive\Documentos\DECAFIA_v2\01_dataset\decafia_clean\images\train\SANAS_NUEVAS_426.jpg,train,SANAS_NUEVAS_426,16880482529871755367,13769421857375923506,880577846654335307
C:\Users\luise\OneDrive\Documentos\DECAFIA_v2\01_dataset\decafia_clean\images\train\SANAS_NUEVAS_429.jpg,train,SANAS_NUEVAS_429,16761695697851740378,13675413615608341903,13652488465343902581
C:\Users\luise\OneDrive\Documentos\DECAFIA_v2\01_dataset\decafia_clean\images\train\SANAS_NUEVAS_430.jpg,train,SANAS_NUEVAS_430,13502293076367099743,17164512676933440170,16421223701275723727
C:\Users\luise\OneDrive\Documentos\DECAFIA_v2\01_dataset\decafia_clean\images\train\SANAS_NUEVAS_431.jpg,train,SANAS_NUEVAS_431,12364568294641488931,18357393428880032118,11523727444179001
C:\Users\luise\OneDrive\Documentos\DECAFIA_v2\01_dataset\decafia_clean\images\train\SANAS_NUEVAS_432.jpg,train,SANAS_NUEVAS_432,12135097904228087749,18247955028068213392,17180212664964513806
C:\Users\luise\OneDrive\Documentos\DECAFIA_v2\01_dataset\decafia_clean\images\train\SANAS_NUEVAS_433.jpg,train,SANAS_NUEVAS_433,12330807849233363098,18323037183393555791,27268854274068480
C:\Users\luise\OneDrive\Documentos\DECAFIA_v2\01_dataset\decafia_clean\images\train\SANAS_NUEVAS_435.jpg,train,SANAS_NUEVAS_435,16751656974315784652,13775528394644847769,18301178513714641115
C:\Users\luise\OneDrive\Documentos\DECAFIA_v2\01_dataset\decafia_clean\images\train\SANAS_NUEVAS_436.jpg,train,SANAS_NUEVAS_436,18017641404584374584,12636766509289989485,9075000497281233755
C:\Users\luise\OneDrive\Documentos\DECAFIA_v2\01_dataset\decafia_clean\images\train\SANAS_NUEVAS_438.jpg,train,SANAS_NUEVAS_438,11881862040859394716,16334995410773480393,3488276164791812284
C:\Users\luise\OneDrive\Documentos\DECAFIA_v2\01_dataset\decafia_clean\images\train\SANAS_NUEVAS_439.jpg,train,SANAS_NUEVAS_439,16872054678706887499,13794737880723080732,3997222796177054214
C:\Users\luise\OneDrive\Documentos\DECAFIA_v2\01_dataset\decafia_clean\images\train\SANAS_NUEVAS_44.jpg,train,SANAS_NUEVAS_44,15813090207379310509,14926957310694396664,2875415901115927765
C:\Users\luise\OneDrive\Documentos\DECAFIA_v2\01_dataset\decafia_clean\images\train\SANAS_NUEVAS_441.jpg,train,SANAS_NUEVAS_441,12232291638170714934,18200314081015027299,360341712860403952
C:\Users\luise\OneDrive\Documentos\DECAFIA_v2\01_dataset\decafia_clean\images\train\SANAS_NUEVAS_442.jpg,train,SANAS_NUEVAS_442,12284840357488872014,18242340887312240403,17361614903343869968
C:\Users\luise\OneDrive\Documentos\DECAFIA_v2\01_dataset\decafia_clean\images\train\SANAS_NUEVAS_443.jpg,train,SANAS_NUEVAS_443,12520732778572816757,17912998568868279329,13635012904405216
C:\Users\luise\OneDrive\Documentos\DECAFIA_v2\01_dataset\decafia_clean\images\train\SANAS_NUEVAS_444.jpg,train,SANAS_NUEVAS_444,17924771951490485029,12508414037843566193,2250081194515427569
C:\Users\luise\OneDrive\Documentos\DECAFIA_v2\01_dataset\decafia_clean\images\train\SANAS_NUEVAS_448.jpg,train,SANAS_NUEVAS_448,15843231811873313121,11424280341300760116,7896646495704463542
C:\Users\luise\OneDrive\Documentos\DECAFIA_v2\01_dataset\decafia_clean\images\train\SANAS_NUEVAS_449.jpg,train,SANAS_NUEVAS_449,15777776892360724492,10349475525463526907,6192241347731561518
C:\Users\luise\OneDrive\Documentos\DECAFIA_v2\01_dataset\decafia_clean\images\train\SANAS_NUEVAS_45.jpg,train,SANAS_NUEVAS_45,10848161439536506381,14107873343793049944,14268260154152781707
C:\Users\luise\OneDrive\Documentos\DECAFIA_v2\01_dataset\decafia_clean\images\train\SANAS_NUEVAS_450.jpg,train,SANAS_NUEVAS_450,14051084354858549819,10919027398245734254,8919007685768374890
C:\Users\luise\OneDrive\Documentos\DECAFIA_v2\01_dataset\decafia_clean\images\train\SANAS_NUEVAS_453.jpg,train,SANAS_NUEVAS_453,13440793353503163136,17280944001816040976,10773807409503136486
C:\Users\luise\OneDrive\Documentos\DECAFIA_v2\01_dataset\decafia_clean\images\train\SANAS_NUEVAS_454.jpg,train,SANAS_NUEVAS_454,17278250648231672100,13447176994417978416,2026159371439091793
C:\Users\luise\OneDrive\Documentos\DECAFIA_v2\01_dataset\decafia_clean\images\train\SANAS_NUEVAS_455.jpg,train,SANAS_NUEVAS_455,13453857855848236566,17285625866167751435,15061047211158070506
C:\Users\luise\OneDrive\Documentos\DECAFIA_v2\01_dataset\decafia_clean\images\train\SANAS_NUEVAS_459.jpg,train,SANAS_NUEVAS_459,17275868436542458372,13445324728133376848,4208746060477688313
C:\Users\luise\OneDrive\Documentos\DECAFIA_v2\01_dataset\decafia_clean\images\train\SANAS_NUEVAS_46.jpg,train,SANAS_NUEVAS_46,10737212886711371469,14436125251479323528,9440126966436449739
C:\Users\luise\OneDrive\Documentos\DECAFIA_v2\01_dataset\decafia_clean\images\train\SANAS_NUEVAS_460.jpg,train,SANAS_NUEVAS_460,14116106949375312978,13160550735896740647,17524969811404498404
C:\Users\luise\OneDrive\Documentos\DECAFIA_v2\01_dataset\decafia_clean\images\train\SANAS_NUEVAS_461.jpg,train,SANAS_NUEVAS_461,13777044053005360730,16890382902806612751,12745398620816334553
C:\Users\luise\OneDrive\Documentos\DECAFIA_v2\01_dataset\decafia_clean\images\train\SANAS_NUEVAS_462.jpg,train,SANAS_NUEVAS_462,13700447661179499617,16966346062123655604,13318516840591699161
C:\Users\luise\OneDrive\Documentos\DECAFIA_v2\01_dataset\decafia_clean\images\train\SANAS_NUEVAS_463.jpg,train,SANAS_NUEVAS_463,13308331361100712427,17142360174120672444,6985211238096429984
C:\Users\luise\OneDrive\Documentos\DECAFIA_v2\01_dataset\decafia_clean\images\train\SANAS_NUEVAS_464.jpg,train,SANAS_NUEVAS_464,12037295093421826839,17462819057423464274,4723353212327838005
C:\Users\luise\OneDrive\Documentos\DECAFIA_v2\01_dataset\decafia_clean\images\train\SANAS_NUEVAS_466.jpg,train,SANAS_NUEVAS_466,14530833530740725851,11309296565115915534,2772301139239861870
C:\Users\luise\OneDrive\Documentos\DECAFIA_v2\01_dataset\decafia_clean\images\train\SANAS_NUEVAS_467.jpg,train,SANAS_NUEVAS_467,12498159024866791654,17881318756334059955,8115557450243182593
C:\Users\luise\OneDrive\Documentos\DECAFIA_v2\01_dataset\decafia_clean\images\train\SANAS_NUEVAS_468.jpg,train,SANAS_NUEVAS_468,18061023686980859204,12677901297571962897,8768752337497252467
C:\Users\luise\OneDrive\Documentos\DECAFIA_v2\01_dataset\decafia_clean\images\train\SANAS_NUEVAS_47.jpg,train,SANAS_NUEVAS_47,9393991411833089694,15423276482569493449,13010634405982920789
C:\Users\luise\OneDrive\Documentos\DECAFIA_v2\01_dataset\decafia_clean\images\train\SANAS_NUEVAS_470.jpg,train,SANAS_NUEVAS_470,9528243765705828741,15091081235682606288,14199903897801103771
C:\Users\luise\OneDrive\Documentos\DECAFIA_v2\01_dataset\decafia_clean\images\train\SANAS_NUEVAS_471.jpg,train,SANAS_NUEVAS_471,12317757066436329513,15457518988781262196,7180255956843790992
C:\Users\luise\OneDrive\Documentos\DECAFIA_v2\01_dataset\decafia_clean\images\train\SANAS_NUEVAS_473.jpg,train,SANAS_NUEVAS_473,15534118293164879632,9421841984360561237,2205534389526372766
C:\Users\luise\OneDrive\Documentos\DECAFIA_v2\01_dataset\decafia_clean\images\train\SANAS_NUEVAS_474.jpg,train,SANAS_NUEVAS_474,12304136961464318325,18416440661412801826,3041077702845016710
C:\Users\luise\OneDrive\Documentos\DECAFIA_v2\01_dataset\decafia_clean\images\train\SANAS_NUEVAS_475.jpg,train,SANAS_NUEVAS_475,14718348157842729205,11031363870226185600,11832745993245091230
C:\Users\luise\OneDrive\Documentos\DECAFIA_v2\01_dataset\decafia_clean\images\train\SANAS_NUEVAS_477.jpg,train,SANAS_NUEVAS_477,10134008903070702402,15696854707532828178,16328937391484950599
C:\Users\luise\OneDrive\Documentos\DECAFIA_v2\01_dataset\decafia_clean\images\train\SANAS_NUEVAS_478.jpg,train,SANAS_NUEVAS_478,15125178909641442614,9564021912191750371,11085099373729107502
C:\Users\luise\OneDrive\Documentos\DECAFIA_v2\01_dataset\decafia_clean\images\train\SANAS_NUEVAS_479.jpg,train,SANAS_NUEVAS_479,17331788603553496156,11949092927599110408,9021743336643847035
C:\Users\luise\OneDrive\Documentos\DECAFIA_v2\01_dataset\decafia_clean\images\train\SANAS_NUEVAS_48.jpg,train,SANAS_NUEVAS_48,9277588659630887333,15390428228177396976,3259017723272865859
C:\Users\luise\OneDrive\Documentos\DECAFIA_v2\01_dataset\decafia_clean\images\train\SANAS_NUEVAS_481.jpg,train,SANAS_NUEVAS_481,12186330943357474546,18179859856942498727,902271650599856180
C:\Users\luise\OneDrive\Documentos\DECAFIA_v2\01_dataset\decafia_clean\images\train\SANAS_NUEVAS_483.jpg,train,SANAS_NUEVAS_483,14983608785952061672,11143358588817861053,14663696947967135448
C:\Users\luise\OneDrive\Documentos\DECAFIA_v2\01_dataset\decafia_clean\images\train\SANAS_NUEVAS_485.jpg,train,SANAS_NUEVAS_485,14381815074935505570,10574502268987823862,10070947201210508794
C:\Users\luise\OneDrive\Documentos\DECAFIA_v2\01_dataset\decafia_clean\images\train\SANAS_NUEVAS_487.jpg,train,SANAS_NUEVAS_487,18415491731489647192,12305432306402737925,16565298816179353074
C:\Users\luise\OneDrive\Documentos\DECAFIA_v2\01_dataset\decafia_clean\images\train\SANAS_NUEVAS_488.jpg,train,SANAS_NUEVAS_488,14212964735715652808,10406637085715423645,11037051072290827565
C:\Users\luise\OneDrive\Documentos\DECAFIA_v2\01_dataset\decafia_clean\images\train\SANAS_NUEVAS_490.jpg,train,SANAS_NUEVAS_490,12231802930512023339,18200526724294712190,13075485147136341397
C:\Users\luise\OneDrive\Documentos\DECAFIA_v2\01_dataset\decafia_clean\images\train\SANAS_NUEVAS_492.jpg,train,SANAS_NUEVAS_492,15779183633226596757,9774989036051518656,16629127945740773062
C:\Users\luise\OneDrive\Documentos\DECAFIA_v2\01_dataset\decafia_clean\images\train\SANAS_NUEVAS_493.jpg,train,SANAS_NUEVAS_493,15489539286090549250,9484775139539672339,18006380628128078386
C:\Users\luise\OneDrive\Documentos\DECAFIA_v2\01_dataset\decafia_clean\images\train\SANAS_NUEVAS_495.jpg,train,SANAS_NUEVAS_495,9753428767789881959,15424396188381892466,2779847999756398634
C:\Users\luise\OneDrive\Documentos\DECAFIA_v2\01_dataset\decafia_clean\images\train\SANAS_NUEVAS_497.jpg,train,SANAS_NUEVAS_497,13929101141883397615,10671929013119217850,14307258972299687468
C:\Users\luise\OneDrive\Documentos\DECAFIA_v2\01_dataset\decafia_clean\images\train\SANAS_NUEVAS_498.jpg,train,SANAS_NUEVAS_498,12583538623199455651,18137368853085388006,15075999975841780361
C:\Users\luise\OneDrive\Documentos\DECAFIA_v2\01_dataset\decafia_clean\images\train\SANAS_NUEVAS_499.jpg,train,SANAS_NUEVAS_499,12975356892066536937,16232361798831671480,5126118377668577329
C:\Users\luise\OneDrive\Documentos\DECAFIA_v2\01_dataset\decafia_clean\images\train\SANAS_NUEVAS_5.jpg,train,SANAS_NUEVAS_5,10234038938272228845,15227736197955006680,10057552388693287113
C:\Users\luise\OneDrive\Documentos\DECAFIA_v2\01_dataset\decafia_clean\images\train\SANAS_NUEVAS_500.jpg,train,SANAS_NUEVAS_500,14980176632391148199,11164865557421717490,2060512053280871855
C:\Users\luise\OneDrive\Documentos\DECAFIA_v2\01_dataset\decafia_clean\images\train\SANAS_NUEVAS_501.jpg,train,SANAS_NUEVAS_501,13933621705978995608,10388254348630669005,10249382545627225376
C:\Users\luise\OneDrive\Documentos\DECAFIA_v2\01_dataset\decafia_clean\images\train\SANAS_NUEVAS_502.jpg,train,SANAS_NUEVAS_502,11392832101042532623,14649696366978884689,12018852953694248547
C:\Users\luise\OneDrive\Documentos\DECAFIA_v2\01_dataset\decafia_clean\images\train\SANAS_NUEVAS_503.jpg,train,SANAS_NUEVAS_503,9361043629014967713,15329213819260711412,3252855115902191362
C:\Users\luise\OneDrive\Documentos\DECAFIA_v2\01_dataset\decafia_clean\images\train\SANAS_NUEVAS_504.jpg,train,SANAS_NUEVAS_504,14255207261973868595,10412883293116573158,16723916185051020724
C:\Users\luise\OneDrive\Documentos\DECAFIA_v2\01_dataset\decafia_clean\images\train\SANAS_NUEVAS_505.jpg,train,SANAS_NUEVAS_505,9354466983546804007,15318127157460861682,2978910319759595651
C:\Users\luise\OneDrive\Documentos\DECAFIA_v2\01_dataset\decafia_clean\images\train\SANAS_NUEVAS_506.jpg,train,SANAS_NUEVAS_506,14264214453309764231,10421891582336706522,8720388801177195920
C:\Users\luise\OneDrive\Documentos\DECAFIA_v2\01_dataset\decafia_clean\images\train\SANAS_NUEVAS_507.jpg,train,SANAS_NUEVAS_507,17788706353625469648,12360827894421841797,11213496076813234272
C:\Users\luise\OneDrive\Documentos\DECAFIA_v2\01_dataset\decafia_clean\images\train\SANAS_NUEVAS_508.jpg,train,SANAS_NUEVAS_508,11566784808303518688,17712705896452568757,7496283466707986416
C:\Users\luise\OneDrive\Documentos\DECAFIA_v2\01_dataset\decafia_clean\images\train\SANAS_NUEVAS_509.jpg,train,SANAS_NUEVAS_509,12289042420934762118,16924008076184423105,10873541134038184954
C:\Users\luise\OneDrive\Documentos\DECAFIA_v2\01_dataset\decafia_clean\images\train\SANAS_NUEVAS_51.jpg,train,SANAS_NUEVAS_51,15344708250470225165,9630401964164366424,17216071579843911313
C:\Users\luise\OneDrive\Documentos\DECAFIA_v2\01_dataset\decafia_clean\images\train\SANAS_NUEVAS_511.jpg,train,SANAS_NUEVAS_511,12164430722960639464,18267136700381626552,6810372197668929697
C:\Users\luise\OneDrive\Documentos\DECAFIA_v2\01_dataset\decafia_clean\images\train\SANAS_NUEVAS_512.jpg,train,SANAS_NUEVAS_512,15384097178847173890,9235228850183440471,13288672835247086239
C:\Users\luise\OneDrive\Documentos\DECAFIA_v2\01_dataset\decafia_clean\images\train\SANAS_NUEVAS_514.jpg,train,SANAS_NUEVAS_514,13293675207694298979,17089129093575498292,14187398632797644038
C:\Users\luise\OneDrive\Documentos\DECAFIA_v2\01_dataset\decafia_clean\images\train\SANAS_NUEVAS_516.jpg,train,SANAS_NUEVAS_516,18044992285523435340,12626375599151942169,8741731718244761254
C:\Users\luise\OneDrive\Documentos\DECAFIA_v2\01_dataset\decafia_clean\images\train\SANAS_NUEVAS_518.jpg,train,SANAS_NUEVAS_518,12295224696209391699,18443406380376133890,11550622849556993092
C:\Users\luise\OneDrive\Documentos\DECAFIA_v2\01_dataset\decafia_clean\images\train\SANAS_NUEVAS_519.jpg,train,SANAS_NUEVAS_519,9256269944171580217,15357764190956527148,16521774162298945556
C:\Users\luise\OneDrive\Documentos\DECAFIA_v2\01_dataset\decafia_clean\images\train\SANAS_NUEVAS_52.jpg,train,SANAS_NUEVAS_52,15688412592894103313,10154813918097349318,7876452177416041135
C:\Users\luise\OneDrive\Documentos\DECAFIA_v2\01_dataset\decafia_clean\images\train\SANAS_NUEVAS_520.jpg,train,SANAS_NUEVAS_520,10545698338408107414,14342994591822338179,12558167818225943115
C:\Users\luise\OneDrive\Documentos\DECAFIA_v2\01_dataset\decafia_clean\images\train\SANAS_NUEVAS_521.jpg,train,SANAS_NUEVAS_521,13797354052105189703,16874804451487115280,6122260931857877145
C:\Users\luise\OneDrive\Documentos\DECAFIA_v2\01_dataset\decafia_clean\images\train\SANAS_NUEVAS_522.jpg,train,SANAS_NUEVAS_522,9990915887325103082,16137391706445485631,9410889908794844846
C:\Users\luise\OneDrive\Documentos\DECAFIA_v2\01_dataset\decafia_clean\images\train\SANAS_NUEVAS_523.jpg,train,SANAS_NUEVAS_523,14256437285920203037,10433819406411576409,4906457878765312454
C:\Users\luise\OneDrive\Documentos\DECAFIA_v2\01_dataset\decafia_clean\images\train\SANAS_NUEVAS_524.jpg,train,SANAS_NUEVAS_524,15501967716956204961,9473138009389087444,14130671598113066383
C:\Users\luise\OneDrive\Documentos\DECAFIA_v2\01_dataset\decafia_clean\images\train\SANAS_NUEVAS_529.jpg,train,SANAS_NUEVAS_529,13828445750624425384,16905536018712608952,7760426489389109923
C:\Users\luise\OneDrive\Documentos\DECAFIA_v2\01_dataset\decafia_clean\images\train\SANAS_NUEVAS_53.jpg,train,SANAS_NUEVAS_53,14094630522274695534,10864505969125790760,10715962401758297276
C:\Users\luise\OneDrive\Documentos\DECAFIA_v2\01_dataset\decafia_clean\images\train\SANAS_NUEVAS_530.jpg,train,SANAS_NUEVAS_530,16367403567534801386,12858312958916875454,12896331158709974966
C:\Users\luise\OneDrive\Documentos\DECAFIA_v2\01_dataset\decafia_clean\images\train\SANAS_NUEVAS_531.jpg,train,SANAS_NUEVAS_531,10063766334618054202,16067975045521390378,12406359493388964506
C:\Users\luise\OneDrive\Documentos\DECAFIA_v2\01_dataset\decafia_clean\images\train\SANAS_NUEVAS_532.jpg,train,SANAS_NUEVAS_532,13196710939602253557,16316952579027607936,15052333432444392936
C:\Users\luise\OneDrive\Documentos\DECAFIA_v2\01_dataset\decafia_clean\images\train\SANAS_NUEVAS_536.jpg,train,SANAS_NUEVAS_536,10277608307265986147,16137579681231932214,12831954090374179802
C:\Users\luise\OneDrive\Documentos\DECAFIA_v2\01_dataset\decafia_clean\images\train\SANAS_NUEVAS_537.jpg,train,SANAS_NUEVAS_537,14404812999454578517,11150200534038610562,11285103373156791989
C:\Users\luise\OneDrive\Documentos\DECAFIA_v2\01_dataset\decafia_clean\images\train\SANAS_NUEVAS_538.jpg,train,SANAS_NUEVAS_538,9457956353299414926,15426023223721601755,3766441669881301672
C:\Users\luise\OneDrive\Documentos\DECAFIA_v2\01_dataset\decafia_clean\images\train\SANAS_NUEVAS_539.jpg,train,SANAS_NUEVAS_539,15002118086213314389,9612229440060813568,6221513606442080150
C:\Users\luise\OneDrive\Documentos\DECAFIA_v2\01_dataset\decafia_clean\images\train\SANAS_NUEVAS_540.jpg,train,SANAS_NUEVAS_540,17199594913380095278,13537936096401784947,15263189238537690328
C:\Users\luise\OneDrive\Documentos\DECAFIA_v2\01_dataset\decafia_clean\images\train\SANAS_NUEVAS_541.jpg,train,SANAS_NUEVAS_541,17251913907101775164,13420244337459683433,10132180763336826072
C:\Users\luise\OneDrive\Documentos\DECAFIA_v2\01_dataset\decafia_clean\images\train\SANAS_NUEVAS_543.jpg,train,SANAS_NUEVAS_543,12668855032487070490,18051981813124603467,8356662826088593530
C:\Users\luise\OneDrive\Documentos\DECAFIA_v2\01_dataset\decafia_clean\images\train\SANAS_NUEVAS_544.jpg,train,SANAS_NUEVAS_544,13437199366670997394,17235224046028718789,17425786929099843650
C:\Users\luise\OneDrive\Documentos\DECAFIA_v2\01_dataset\decafia_clean\images\train\SANAS_NUEVAS_545.jpg,train,SANAS_NUEVAS_545,12569423831491880271,18030940929521774618,13612930973525620227
C:\Users\luise\OneDrive\Documentos\DECAFIA_v2\01_dataset\decafia_clean\images\train\SANAS_NUEVAS_549.jpg,train,SANAS_NUEVAS_549,16917369366682329893,13804311981172757616,16434471668639656163
C:\Users\luise\OneDrive\Documentos\DECAFIA_v2\01_dataset\decafia_clean\images\train\SANAS_NUEVAS_55.jpg,train,SANAS_NUEVAS_55,11902046839956676085,16170392160525928608,13867095285604413667
C:\Users\luise\OneDrive\Documentos\DECAFIA_v2\01_dataset\decafia_clean\images\train\SANAS_NUEVAS_551.jpg,train,SANAS_NUEVAS_551,13627543793448051086,16738634848009823323,5026441465995303309
C:\Users\luise\OneDrive\Documentos\DECAFIA_v2\01_dataset\decafia_clean\images\train\SANAS_NUEVAS_553.jpg,train,SANAS_NUEVAS_553,12673359307309763770,18060987503959316971,8787904876853625029
C:\Users\luise\OneDrive\Documentos\DECAFIA_v2\01_dataset\decafia_clean\images\train\SANAS_NUEVAS_556.jpg,train,SANAS_NUEVAS_556,12592228589643881266,18128607508580306021,5240194202277036130
C:\Users\luise\OneDrive\Documentos\DECAFIA_v2\01_dataset\decafia_clean\images\train\SANAS_NUEVAS_557.jpg,train,SANAS_NUEVAS_557,17287313467901971640,13456110619309281769,15635645487032928529
C:\Users\luise\OneDrive\Documentos\DECAFIA_v2\01_dataset\decafia_clean\images\train\SANAS_NUEVAS_559.jpg,train,SANAS_NUEVAS_559,17284962187299839255,13453889065678376006,6663210882662176906
C:\Users\luise\OneDrive\Documentos\DECAFIA_v2\01_dataset\decafia_clean\images\train\SANAS_NUEVAS_56.jpg,train,SANAS_NUEVAS_56,18188687284102244520,12123237072576253436,16210811071299177419
C:\Users\luise\OneDrive\Documentos\DECAFIA_v2\01_dataset\decafia_clean\images\train\SANAS_NUEVAS_560.jpg,train,SANAS_NUEVAS_560,17574147707778916618,9418899766632055901,8265008108999532221
C:\Users\luise\OneDrive\Documentos\DECAFIA_v2\01_dataset\decafia_clean\images\train\SANAS_NUEVAS_561.jpg,train,SANAS_NUEVAS_561,16292264036691746982,10902337860564112755,183867156402418320
C:\Users\luise\OneDrive\Documentos\DECAFIA_v2\01_dataset\decafia_clean\images\train\SANAS_NUEVAS_562.jpg,train,SANAS_NUEVAS_562,10719264278335366614,13949670340971196547,2478689892306240449
C:\Users\luise\OneDrive\Documentos\DECAFIA_v2\01_dataset\decafia_clean\images\train\SANAS_NUEVAS_563.jpg,train,SANAS_NUEVAS_563,10939905869733243364,14017186901480209584,15398706755627731266
C:\Users\luise\OneDrive\Documentos\DECAFIA_v2\01_dataset\decafia_clean\images\train\SANAS_NUEVAS_564.jpg,train,SANAS_NUEVAS_564,14167333047189564807,10504697865496410322,14704003301926125270
C:\Users\luise\OneDrive\Documentos\DECAFIA_v2\01_dataset\decafia_clean\images\train\SANAS_NUEVAS_565.jpg,train,SANAS_NUEVAS_565,14290062073564684358,10593920885734749587,8906742456936664121
C:\Users\luise\OneDrive\Documentos\DECAFIA_v2\01_dataset\decafia_clean\images\train\SANAS_NUEVAS_567.jpg,train,SANAS_NUEVAS_567,11343863260168372873,14427328535891122116,13316415608532651409
C:\Users\luise\OneDrive\Documentos\DECAFIA_v2\01_dataset\decafia_clean\images\train\SANAS_NUEVAS_568.jpg,train,SANAS_NUEVAS_568,10995888500566356830,14829345327065736719,7084036905807613432
C:\Users\luise\OneDrive\Documentos\DECAFIA_v2\01_dataset\decafia_clean\images\train\SANAS_NUEVAS_57.jpg,train,SANAS_NUEVAS_57,14389133464334488073,10584917022414899036,7289990486590996287
C:\Users\luise\OneDrive\Documentos\DECAFIA_v2\01_dataset\decafia_clean\images\train\SANAS_NUEVAS_570.jpg,train,SANAS_NUEVAS_570,13368145841754788765,17136307107192997577,7341247387828438752
C:\Users\luise\OneDrive\Documentos\DECAFIA_v2\01_dataset\decafia_clean\images\train\SANAS_NUEVAS_572.jpg,train,SANAS_NUEVAS_572,10922683459954894230,14105414638307905747,9332306320004678230
C:\Users\luise\OneDrive\Documentos\DECAFIA_v2\01_dataset\decafia_clean\images\train\SANAS_NUEVAS_573.jpg,train,SANAS_NUEVAS_573,9259799249727224941,15408009555396665656,7802777746593193082
C:\Users\luise\OneDrive\Documentos\DECAFIA_v2\01_dataset\decafia_clean\images\train\SANAS_NUEVAS_574.jpg,train,SANAS_NUEVAS_574,9259729946479915240,15408360256470656317,3173146689420080792
C:\Users\luise\OneDrive\Documentos\DECAFIA_v2\01_dataset\decafia_clean\images\train\SANAS_NUEVAS_575.jpg,train,SANAS_NUEVAS_575,10692511597031618002,13940395608155431319,16720818007769207768
C:\Users\luise\OneDrive\Documentos\DECAFIA_v2\01_dataset\decafia_clean\images\train\SANAS_NUEVAS_576.jpg,train,SANAS_NUEVAS_576,10846158511467598415,14109846790934005562,11606712283620935498
C:\Users\luise\OneDrive\Documentos\DECAFIA_v2\01_dataset\decafia_clean\images\train\SANAS_NUEVAS_577.jpg,train,SANAS_NUEVAS_577,10845912220854833766,14110128265919039251,1406059127626762010
C:\Users\luise\OneDrive\Documentos\DECAFIA_v2\01_dataset\decafia_clean\images\train\SANAS_NUEVAS_578.jpg,train,SANAS_NUEVAS_578,14109846796297094706,10846193690463801967,8520588630751845548
C:\Users\luise\OneDrive\Documentos\DECAFIA_v2\01_dataset\decafia_clean\images\train\SANAS_NUEVAS_579.jpg,train,SANAS_NUEVAS_579,11401112838373258137,14640559079020643020,16918003545390962357
C:\Users\luise\OneDrive\Documentos\DECAFIA_v2\01_dataset\decafia_clean\images\train\SANAS_NUEVAS_58.jpg,train,SANAS_NUEVAS_58,12137474419193593100,18241177146651893833,7814442927321531588
C:\Users\luise\OneDrive\Documentos\DECAFIA_v2\01_dataset\decafia_clean\images\train\SANAS_NUEVAS_580.jpg,train,SANAS_NUEVAS_580,18198663951925673475,12239641552525798230,14595757971702575225
C:\Users\luise\OneDrive\Documentos\DECAFIA_v2\01_dataset\decafia_clean\images\train\SANAS_NUEVAS_584.jpg,train,SANAS_NUEVAS_584,14362215514425365589,10814765308824838409,4587626114929571091
C:\Users\luise\OneDrive\Documentos\DECAFIA_v2\01_dataset\decafia_clean\images\train\SANAS_NUEVAS_585.jpg,train,SANAS_NUEVAS_585,16876877735478230241,13703014088088595380,17358779887438805240
C:\Users\luise\OneDrive\Documentos\DECAFIA_v2\01_dataset\decafia_clean\images\train\SANAS_NUEVAS_586.jpg,train,SANAS_NUEVAS_586,18395210991834366354,12258160169214693570,6380702962226094322
C:\Users\luise\OneDrive\Documentos\DECAFIA_v2\01_dataset\decafia_clean\images\train\SANAS_NUEVAS_587.jpg,train,SANAS_NUEVAS_587,13762645871708438549,16909865230185190464,16272306965356515777
C:\Users\luise\OneDrive\Documentos\DECAFIA_v2\01_dataset\decafia_clean\images\train\SANAS_NUEVAS_588.jpg,train,SANAS_NUEVAS_588,16739534759518936924,13626647248983120385,6520911957944460327
C:\Users\luise\OneDrive\Documentos\DECAFIA_v2\01_dataset\decafia_clean\images\train\SANAS_NUEVAS_589.jpg,train,SANAS_NUEVAS_589,10417226488526796149,14396947107694830112,5549216799822089410
C:\Users\luise\OneDrive\Documentos\DECAFIA_v2\01_dataset\decafia_clean\images\train\SANAS_NUEVAS_590.jpg,train,SANAS_NUEVAS_590,10633399254516623348,14323198465862580896,14484587159415555528
C:\Users\luise\OneDrive\Documentos\DECAFIA_v2\01_dataset\decafia_clean\images\train\SANAS_NUEVAS_594.jpg,train,SANAS_NUEVAS_594,14131439286991547379,10469075270340198054,7537645993716101175
C:\Users\luise\OneDrive\Documentos\DECAFIA_v2\01_dataset\decafia_clean\images\train\SANAS_NUEVAS_596.jpg,train,SANAS_NUEVAS_596,14367112726187880486,10536006101532960115,13528314369691073995
C:\Users\luise\OneDrive\Documentos\DECAFIA_v2\01_dataset\decafia_clean\images\train\SANAS_NUEVAS_597.jpg,train,SANAS_NUEVAS_597,10939375965127808390,14016676684996460763,7008470946646694416
C:\Users\luise\OneDrive\Documentos\DECAFIA_v2\01_dataset\decafia_clean\images\train\SANAS_NUEVAS_6.jpg,train,SANAS_NUEVAS_6,14798319479262575346,10964966002716782503,16581514537875556789
C:\Users\luise\OneDrive\Documentos\DECAFIA_v2\01_dataset\decafia_clean\images\train\SANAS_NUEVAS_60.jpg,train,SANAS_NUEVAS_60,13166232733809148225,16402830833633039380,16416607605527160378
C:\Users\luise\OneDrive\Documentos\DECAFIA_v2\01_dataset\decafia_clean\images\train\SANAS_NUEVAS_600.jpg,train,SANAS_NUEVAS_600,16663951357866162399,12832279455528742286,17203253864614968745
C:\Users\luise\OneDrive\Documentos\DECAFIA_v2\01_dataset\decafia_clean\images\train\SANAS_NUEVAS_601.jpg,train,SANAS_NUEVAS_601,11481995734664731140,15712473320051482449,14381720947819581585
C:\Users\luise\OneDrive\Documentos\DECAFIA_v2\01_dataset\decafia_clean\images\train\SANAS_NUEVAS_602.jpg,train,SANAS_NUEVAS_602,14770321657275413021,11074325229193503560,16057438705493871829
C:\Users\luise\OneDrive\Documentos\DECAFIA_v2\01_dataset\decafia_clean\images\train\SANAS_NUEVAS_603.jpg,train,SANAS_NUEVAS_603,18365164023613336768,12360830928670750868,15913095157293658776
C:\Users\luise\OneDrive\Documentos\DECAFIA_v2\01_dataset\decafia_clean\images\train\SANAS_NUEVAS_607.jpg,train,SANAS_NUEVAS_607,13378470966816544841,17076723049472806160,17935660856203535897
C:\Users\luise\OneDrive\Documentos\DECAFIA_v2\01_dataset\decafia_clean\images\train\SANAS_NUEVAS_609.jpg,train,SANAS_NUEVAS_609,11373315604674116499,14448452631035948738,16414362266877428161
C:\Users\luise\OneDrive\Documentos\DECAFIA_v2\01_dataset\decafia_clean\images\train\SANAS_NUEVAS_610.jpg,train,SANAS_NUEVAS_610,16091532074236097596,9945582398818279465,10128467423522954439
C:\Users\luise\OneDrive\Documentos\DECAFIA_v2\01_dataset\decafia_clean\images\train\SANAS_NUEVAS_611.jpg,train,SANAS_NUEVAS_611,10995378439020945996,14826478045589698329,14739726770709130348
C:\Users\luise\OneDrive\Documentos\DECAFIA_v2\01_dataset\decafia_clean\images\train\SANAS_NUEVAS_612.jpg,train,SANAS_NUEVAS_612,14115530005854160685,10931705885551710840,4139143542787776185
C:\Users\luise\OneDrive\Documentos\DECAFIA_v2\01_dataset\decafia_clean\images\train\SANAS_NUEVAS_613.jpg,train,SANAS_NUEVAS_613,10868425368526141677,14087596219654040984,1960019402410073233
C:\Users\luise\OneDrive\Documentos\DECAFIA_v2\01_dataset\decafia_clean\images\train\SANAS_NUEVAS_614.jpg,train,SANAS_NUEVAS_614,11452483919345756706,14680063549920198518,10997094051202897674
C:\Users\luise\OneDrive\Documentos\DECAFIA_v2\01_dataset\decafia_clean\images\train\SANAS_NUEVAS_615.jpg,train,SANAS_NUEVAS_615,16265944887053056007,13033817289998574928,13958195095101905368
C:\Users\luise\OneDrive\Documentos\DECAFIA_v2\01_dataset\decafia_clean\images\train\SANAS_NUEVAS_618.jpg,train,SANAS_NUEVAS_618,18030270796525701806,12567631861864500139,17649871909056082620
C:\Users\luise\OneDrive\Documentos\DECAFIA_v2\01_dataset\decafia_clean\images\train\SANAS_NUEVAS_619.jpg,train,SANAS_NUEVAS_619,11801877813281131208,17770610405177744769,4214345297606779042
C:\Users\luise\OneDrive\Documentos\DECAFIA_v2\01_dataset\decafia_clean\images\train\SANAS_NUEVAS_62.jpg,train,SANAS_NUEVAS_62,9827256394373438158,15651197049314331547,13684590125765315929
C:\Users\luise\OneDrive\Documentos\DECAFIA_v2\01_dataset\decafia_clean\images\train\SANAS_NUEVAS_64.jpg,train,SANAS_NUEVAS_64,18074118345560434784,12646528327731215669,15332061655856986792
C:\Users\luise\OneDrive\Documentos\DECAFIA_v2\01_dataset\decafia_clean\images\train\SANAS_NUEVAS_66.jpg,train,SANAS_NUEVAS_66,14298994560303306650,15214688542121411279,2844685187102973650
C:\Users\luise\OneDrive\Documentos\DECAFIA_v2\01_dataset\decafia_clean\images\train\SANAS_NUEVAS_68.jpg,train,SANAS_NUEVAS_68,15607342032534515590,10216767213816930451,15442790131747501690
C:\Users\luise\OneDrive\Documentos\DECAFIA_v2\01_dataset\decafia_clean\images\train\SANAS_NUEVAS_69.jpg,train,SANAS_NUEVAS_69,11418925834744438376,14640491685866916661,5248038204980759729
C:\Users\luise\OneDrive\Documentos\DECAFIA_v2\01_dataset\decafia_clean\images\train\SANAS_NUEVAS_7.jpg,train,SANAS_NUEVAS_7,14172349330559058654,10519028799107139331,1808223964329818395
C:\Users\luise\OneDrive\Documentos\DECAFIA_v2\01_dataset\decafia_clean\images\train\SANAS_NUEVAS_70.jpg,train,SANAS_NUEVAS_70,12278948400219665252,18388972254922032689,1157549761642250432
C:\Users\luise\OneDrive\Documentos\DECAFIA_v2\01_dataset\decafia_clean\images\train\SANAS_NUEVAS_71.jpg,train,SANAS_NUEVAS_71,15017684495255921977,9312563502802251884,18320427178362492759
C:\Users\luise\OneDrive\Documentos\DECAFIA_v2\01_dataset\decafia_clean\images\train\SANAS_NUEVAS_74.jpg,train,SANAS_NUEVAS_74,16894624465288493956,13772172732709056145,16208703312260250654
C:\Users\luise\OneDrive\Documentos\DECAFIA_v2\01_dataset\decafia_clean\images\train\SANAS_NUEVAS_75.jpg,train,SANAS_NUEVAS_75,14857777363080268418,11125079234583207575,3470425664066035354
C:\Users\luise\OneDrive\Documentos\DECAFIA_v2\01_dataset\decafia_clean\images\train\SANAS_NUEVAS_78.jpg,train,SANAS_NUEVAS_78,14429317427882332082,10766535049195213539,16351051118611930908
C:\Users\luise\OneDrive\Documentos\DECAFIA_v2\01_dataset\decafia_clean\images\train\SANAS_NUEVAS_79.jpg,train,SANAS_NUEVAS_79,14801423537437796242,11005791566660416203,14793354523733560923
C:\Users\luise\OneDrive\Documentos\DECAFIA_v2\01_dataset\decafia_clean\images\train\SANAS_NUEVAS_82.jpg,train,SANAS_NUEVAS_82,12357986618480114814,18362640294443804714,3775932428670381816
C:\Users\luise\OneDrive\Documentos\DECAFIA_v2\01_dataset\decafia_clean\images\train\SANAS_NUEVAS_83.jpg,train,SANAS_NUEVAS_83,12785011019071104377,16517002889057890364,5011760242423449319
C:\Users\luise\OneDrive\Documentos\DECAFIA_v2\01_dataset\decafia_clean\images\train\SANAS_NUEVAS_85.jpg,train,SANAS_NUEVAS_85,10410734106307251913,14208026520003910556,12025679460554181461
C:\Users\luise\OneDrive\Documentos\DECAFIA_v2\01_dataset\decafia_clean\images\train\SANAS_NUEVAS_88.jpg,train,SANAS_NUEVAS_88,16496904281746511592,12728740860203254463,17401172224959061021
C:\Users\luise\OneDrive\Documentos\DECAFIA_v2\01_dataset\decafia_clean\images\train\SANAS_NUEVAS_89.jpg,train,SANAS_NUEVAS_89,18406370121370179454,12260422232642634283,16354536126374474470
C:\Users\luise\OneDrive\Documentos\DECAFIA_v2\01_dataset\decafia_clean\images\train\SANAS_NUEVAS_9.jpg,train,SANAS_NUEVAS_9,11174387029316527411,14863621055690436967,4996506050573932885
C:\Users\luise\OneDrive\Documentos\DECAFIA_v2\01_dataset\decafia_clean\images\train\SANAS_NUEVAS_91.jpg,train,SANAS_NUEVAS_91,13772499694184150486,16896638106031284355,11080236327891344085
C:\Users\luise\OneDrive\Documentos\DECAFIA_v2\01_dataset\decafia_clean\images\train\SANAS_NUEVAS_93.jpg,train,SANAS_NUEVAS_93,9377753124306925104,15524239498309190501,15658456317894215397
C:\Users\luise\OneDrive\Documentos\DECAFIA_v2\01_dataset\decafia_clean\images\train\SANAS_NUEVAS_95.jpg,train,SANAS_NUEVAS_95,13898246373907570344,10787572624780839933,7090387762376452825
C:\Users\luise\OneDrive\Documentos\DECAFIA_v2\01_dataset\decafia_clean\images\train\SANAS_NUEVAS_96.jpg,train,SANAS_NUEVAS_96,10304017717220532964,15828583481041467297,5662601680793640234
C:\Users\luise\OneDrive\Documentos\DECAFIA_v2\01_dataset\decafia_clean\images\train\SANAS_NUEVAS_98.jpg,train,SANAS_NUEVAS_98,12734465130932956081,16565573980238266080,7021642210512094544
C:\Users\luise\OneDrive\Documentos\DECAFIA_v2\01_dataset\decafia_clean\images\train\SANAS_NUEVAS_99.jpg,train,SANAS_NUEVAS_99,12607625476089422288,18132087514837087364,2509333821048122024
C:\Users\luise\OneDrive\Documentos\DECAFIA_v2\01_dataset\decafia_clean\images\train\SANAS_SOCORRO_1.jpg,train,SANAS_SOCORRO_1,10146593883973281520,15680025601043182497,15332941000942969251
C:\Users\luise\OneDrive\Documentos\DECAFIA_v2\01_dataset\decafia_clean\images\train\SANAS_SOCORRO_10.jpg,train,SANAS_SOCORRO_10,10685751746928038959,13843572452081435002,3431482373899006945
C:\Users\luise\OneDrive\Documentos\DECAFIA_v2\01_dataset\decafia_clean\images\train\SANAS_SOCORRO_100.jpg,train,SANAS_SOCORRO_100,15005089449109075659,9613386471332311454,7555003343460361852
C:\Users\luise\OneDrive\Documentos\DECAFIA_v2\01_dataset\decafia_clean\images\train\SANAS_SOCORRO_101.jpg,train,SANAS_SOCORRO_101,13320460927462590167,16829562266108072834,2794157305412440152
C:\Users\luise\OneDrive\Documentos\DECAFIA_v2\01_dataset\decafia_clean\images\train\SANAS_SOCORRO_103.jpg,train,SANAS_SOCORRO_103,13699176462146146150,16954105621362858547,9895413076736107120
C:\Users\luise\OneDrive\Documentos\DECAFIA_v2\01_dataset\decafia_clean\images\train\SANAS_SOCORRO_104.jpg,train,SANAS_SOCORRO_104,14533921678162867601,11306156668777851076,14078504172810903262
C:\Users\luise\OneDrive\Documentos\DECAFIA_v2\01_dataset\decafia_clean\images\train\SANAS_SOCORRO_106.jpg,train,SANAS_SOCORRO_106,16753270373843366350,13630926787999900826,8114567527599204962
C:\Users\luise\OneDrive\Documentos\DECAFIA_v2\01_dataset\decafia_clean\images\train\SANAS_SOCORRO_108.jpg,train,SANAS_SOCORRO_108,11750050208001751805,17601691587403181352,7649751205517522090
C:\Users\luise\OneDrive\Documentos\DECAFIA_v2\01_dataset\decafia_clean\images\train\SANAS_SOCORRO_110.jpg,train,SANAS_SOCORRO_110,13327249764474689650,17124570456120708391,12156735908842752197
C:\Users\luise\OneDrive\Documentos\DECAFIA_v2\01_dataset\decafia_clean\images\train\SANAS_SOCORRO_112.jpg,train,SANAS_SOCORRO_112,17045757836286716486,13392270591300863763,15770634599149402617
C:\Users\luise\OneDrive\Documentos\DECAFIA_v2\01_dataset\decafia_clean\images\train\SANAS_SOCORRO_113.jpg,train,SANAS_SOCORRO_113,16903738006804739278,13817942494954447003,8678035845194738744
C:\Users\luise\OneDrive\Documentos\DECAFIA_v2\01_dataset\decafia_clean\images\train\SANAS_SOCORRO_114.jpg,train,SANAS_SOCORRO_114,18375528568168980210,12274464531305225095,8202904520717755877
C:\Users\luise\OneDrive\Documentos\DECAFIA_v2\01_dataset\decafia_clean\images\train\SANAS_SOCORRO_115.jpg,train,SANAS_SOCORRO_115,10465920315374081549,14151221825547223901,17466933945808676465
C:\Users\luise\OneDrive\Documentos\DECAFIA_v2\01_dataset\decafia_clean\images\train\SANAS_SOCORRO_116.jpg,train,SANAS_SOCORRO_116,11746375188919125552,18327069562432504673,13489513311703201841
C:\Users\luise\OneDrive\Documentos\DECAFIA_v2\01_dataset\decafia_clean\images\train\SANAS_SOCORRO_117.jpg,train,SANAS_SOCORRO_117,17750885338450054885,11746097561100623794,3167083637730472051
C:\Users\luise\OneDrive\Documentos\DECAFIA_v2\01_dataset\decafia_clean\images\train\SANAS_SOCORRO_118.jpg,train,SANAS_SOCORRO_118,11961424068147873927,17341907054118723026,3598923598800515129
C:\Users\luise\OneDrive\Documentos\DECAFIA_v2\01_dataset\decafia_clean\images\train\SANAS_SOCORRO_119.jpg,train,SANAS_SOCORRO_119,13042598517994603035,16165050095930152750,385467172911178213
C:\Users\luise\OneDrive\Documentos\DECAFIA_v2\01_dataset\decafia_clean\images\train\SANAS_SOCORRO_12.jpg,train,SANAS_SOCORRO_12,18068511142320113020,12508020579937865769,4064058184252441314
C:\Users\luise\OneDrive\Documentos\DECAFIA_v2\01_dataset\decafia_clean\images\train\SANAS_SOCORRO_120.jpg,train,SANAS_SOCORRO_120,10796772163034183984,14159469799909829991,9741673436056885346
C:\Users\luise\OneDrive\Documentos\DECAFIA_v2\01_dataset\decafia_clean\images\train\SANAS_SOCORRO_121.jpg,train,SANAS_SOCORRO_121,10385828253629990268,14228713525454427193,4423112362764125126
C:\Users\luise\OneDrive\Documentos\DECAFIA_v2\01_dataset\decafia_clean\images\train\SANAS_SOCORRO_123.jpg,train,SANAS_SOCORRO_123,10766581923344562125,13853002508090043036,14933915869726721281
C:\Users\luise\OneDrive\Documentos\DECAFIA_v2\01_dataset\decafia_clean\images\train\SANAS_SOCORRO_125.jpg,train,SANAS_SOCORRO_125,18020049287843227045,12628451860864856305,4810602895075737316
C:\Users\luise\OneDrive\Documentos\DECAFIA_v2\01_dataset\decafia_clean\images\train\SANAS_SOCORRO_126.jpg,train,SANAS_SOCORRO_126,15218852538660794381,9683140062819837400,11601925422177467476
C:\Users\luise\OneDrive\Documentos\DECAFIA_v2\01_dataset\decafia_clean\images\train\SANAS_SOCORRO_127.jpg,train,SANAS_SOCORRO_127,15428525055256510551,9468947539883873602,12250073919819529066
C:\Users\luise\OneDrive\Documentos\DECAFIA_v2\01_dataset\decafia_clean\images\train\SANAS_SOCORRO_129.jpg,train,SANAS_SOCORRO_129,10264876292530283891,11178334287496605734,15174977065898135057
C:\Users\luise\OneDrive\Documentos\DECAFIA_v2\01_dataset\decafia_clean\images\train\SANAS_SOCORRO_131.jpg,train,SANAS_SOCORRO_131,9461342205023186545,15427122092289834853,9024148478452179826
C:\Users\luise\OneDrive\Documentos\DECAFIA_v2\01_dataset\decafia_clean\images\train\SANAS_SOCORRO_132.jpg,train,SANAS_SOCORRO_132,10694691309850647445,13924699331855634112,1853674392849187267
C:\Users\luise\OneDrive\Documentos\DECAFIA_v2\01_dataset\decafia_clean\images\train\SANAS_SOCORRO_134.jpg,train,SANAS_SOCORRO_134,13863547059358193449,10750202109004976764,4143170185454764629
C:\Users\luise\OneDrive\Documentos\DECAFIA_v2\01_dataset\decafia_clean\images\train\SANAS_SOCORRO_135.jpg,train,SANAS_SOCORRO_135,9754926086090024330,15147048974739517663,12482673279343231409
C:\Users\luise\OneDrive\Documentos\DECAFIA_v2\01_dataset\decafia_clean\images\train\SANAS_SOCORRO_136.jpg,train,SANAS_SOCORRO_136,9476443799621858657,15552691172517191732,2486874706031635315
C:\Users\luise\OneDrive\Documentos\DECAFIA_v2\01_dataset\decafia_clean\images\train\SANAS_SOCORRO_137.jpg,train,SANAS_SOCORRO_137,10707144210861628224,13961791867363053079,10521257007250693324
C:\Users\luise\OneDrive\Documentos\DECAFIA_v2\01_dataset\decafia_clean\images\train\SANAS_SOCORRO_14.jpg,train,SANAS_SOCORRO_14,9900670939242710954,15862637289722942206,12997766955067721124
C:\Users\luise\OneDrive\Documentos\DECAFIA_v2\01_dataset\decafia_clean\images\train\SANAS_SOCORRO_140.jpg,train,SANAS_SOCORRO_140,14409373373346290787,10573666772782827830,16460163775992934962
C:\Users\luise\OneDrive\Documentos\DECAFIA_v2\01_dataset\decafia_clean\images\train\SANAS_SOCORRO_143.jpg,train,SANAS_SOCORRO_143,16776050833612864613,13656554609621510448,2758024419344412792
C:\Users\luise\OneDrive\Documentos\DECAFIA_v2\01_dataset\decafia_clean\images\train\SANAS_SOCORRO_144.jpg,train,SANAS_SOCORRO_144,12121368964670111609,18402431066859792936,2556039907814165593
C:\Users\luise\OneDrive\Documentos\DECAFIA_v2\01_dataset\decafia_clean\images\train\SANAS_SOCORRO_145.jpg,train,SANAS_SOCORRO_145,16963253535228959255,13708042894145965899,971929498401421581
C:\Users\luise\OneDrive\Documentos\DECAFIA_v2\01_dataset\decafia_clean\images\train\SANAS_SOCORRO_146.jpg,train,SANAS_SOCORRO_146,11547112650837736984,17684158626593991501,13344271732072541740
C:\Users\luise\OneDrive\Documentos\DECAFIA_v2\01_dataset\decafia_clean\images\train\SANAS_SOCORRO_147.jpg,train,SANAS_SOCORRO_147,11851105966942207757,17375946497511614808,6048889537779798793
C:\Users\luise\OneDrive\Documentos\DECAFIA_v2\01_dataset\decafia_clean\images\train\SANAS_SOCORRO_148.jpg,train,SANAS_SOCORRO_148,17428792277817364440,11856525816893889165,15951529363135029297
C:\Users\luise\OneDrive\Documentos\DECAFIA_v2\01_dataset\decafia_clean\images\train\SANAS_SOCORRO_149.jpg,train,SANAS_SOCORRO_149,17930808694429325485,12502646572391550456,1132637586463023136
C:\Users\luise\OneDrive\Documentos\DECAFIA_v2\01_dataset\decafia_clean\images\train\SANAS_SOCORRO_15.jpg,train,SANAS_SOCORRO_15,14945962591552930962,9957428674344993158,16348521559941394089
C:\Users\luise\OneDrive\Documentos\DECAFIA_v2\01_dataset\decafia_clean\images\train\SANAS_SOCORRO_150.jpg,train,SANAS_SOCORRO_150,9411347393617934542,15512235251453683099,2812223141397804598
C:\Users\luise\OneDrive\Documentos\DECAFIA_v2\01_dataset\decafia_clean\images\train\SANAS_SOCORRO_151.jpg,train,SANAS_SOCORRO_151,9900199768582992691,15866682079600075876,7947789135783925253
C:\Users\luise\OneDrive\Documentos\DECAFIA_v2\01_dataset\decafia_clean\images\train\SANAS_SOCORRO_152.jpg,train,SANAS_SOCORRO_152,13245738966208369270,16341043226808362787,7045762426476228737
C:\Users\luise\OneDrive\Documentos\DECAFIA_v2\01_dataset\decafia_clean\images\train\SANAS_SOCORRO_154.jpg,train,SANAS_SOCORRO_154,16229449527326194160,12710217024530148517,14101308064098973977
C:\Users\luise\OneDrive\Documentos\DECAFIA_v2\01_dataset\decafia_clean\images\train\SANAS_SOCORRO_155.jpg,train,SANAS_SOCORRO_155,17588952696636292470,11623744581601519779,10115896137592928369
C:\Users\luise\OneDrive\Documentos\DECAFIA_v2\01_dataset\decafia_clean\images\train\SANAS_SOCORRO_157.jpg,train,SANAS_SOCORRO_157,12219540401598353221,18215321157905193656,2405741117941510192
C:\Users\luise\OneDrive\Documentos\DECAFIA_v2\01_dataset\decafia_clean\images\train\SANAS_SOCORRO_159.jpg,train,SANAS_SOCORRO_159,11847988730994439118,17379908984077837979,8671743625016717889
C:\Users\luise\OneDrive\Documentos\DECAFIA_v2\01_dataset\decafia_clean\images\train\SANAS_SOCORRO_160.jpg,train,SANAS_SOCORRO_160,16729682539811543702,13654510414326713219,1834333695081740699
C:\Users\luise\OneDrive\Documentos\DECAFIA_v2\01_dataset\decafia_clean\images\train\SANAS_SOCORRO_161.jpg,train,SANAS_SOCORRO_161,17891272138492660688,12472653620491558533,8284508940363948398
C:\Users\luise\OneDrive\Documentos\DECAFIA_v2\01_dataset\decafia_clean\images\train\SANAS_SOCORRO_162.jpg,train,SANAS_SOCORRO_162,13122858678806040451,16377506232563768022,7476119974761820308
C:\Users\luise\OneDrive\Documentos\DECAFIA_v2\01_dataset\decafia_clean\images\train\SANAS_SOCORRO_165.jpg,train,SANAS_SOCORRO_165,16286300460906456670,13209579074647323401,2176771588093044464
C:\Users\luise\OneDrive\Documentos\DECAFIA_v2\01_dataset\decafia_clean\images\train\SANAS_SOCORRO_166.jpg,train,SANAS_SOCORRO_166,18028972804151788566,12638950393543397827,12885487862750949738
C:\Users\luise\OneDrive\Documentos\DECAFIA_v2\01_dataset\decafia_clean\images\train\SANAS_SOCORRO_168.jpg,train,SANAS_SOCORRO_168,12531759221013387888,17923343316417465125,10122386484511236147
C:\Users\luise\OneDrive\Documentos\DECAFIA_v2\01_dataset\decafia_clean\images\train\SANAS_SOCORRO_17.jpg,train,SANAS_SOCORRO_17,14786498205611305587,10980167952455499558,12757444368447452516
C:\Users\luise\OneDrive\Documentos\DECAFIA_v2\01_dataset\decafia_clean\images\train\SANAS_SOCORRO_172.jpg,train,SANAS_SOCORRO_172,17434155175425940704,11864692082639129020,15344715980305806760
C:\Users\luise\OneDrive\Documentos\DECAFIA_v2\01_dataset\decafia_clean\images\train\SANAS_SOCORRO_173.jpg,train,SANAS_SOCORRO_173,17386233405438950002,11825637264151717671,3327708643576706987
C:\Users\luise\OneDrive\Documentos\DECAFIA_v2\01_dataset\decafia_clean\images\train\SANAS_SOCORRO_176.jpg,train,SANAS_SOCORRO_176,17963475974378404974,12402459740226185275,16352260710784880881
C:\Users\luise\OneDrive\Documentos\DECAFIA_v2\01_dataset\decafia_clean\images\train\SANAS_SOCORRO_177.jpg,train,SANAS_SOCORRO_177,16553465408242700756,13613535465751742337,7044786883435281722
C:\Users\luise\OneDrive\Documentos\DECAFIA_v2\01_dataset\decafia_clean\images\train\SANAS_SOCORRO_179.jpg,train,SANAS_SOCORRO_179,17940090488930370960,12514751757707530437,13863855221992478053
C:\Users\luise\OneDrive\Documentos\DECAFIA_v2\01_dataset\decafia_clean\images\train\SANAS_SOCORRO_18.jpg,train,SANAS_SOCORRO_18,14492650255043850737,11274034659965118116,7295407119063289564
C:\Users\luise\OneDrive\Documentos\DECAFIA_v2\01_dataset\decafia_clean\images\train\SANAS_SOCORRO_180.jpg,train,SANAS_SOCORRO_180,12309838493266328152,18374688227669110541,7328981949020785354
C:\Users\luise\OneDrive\Documentos\DECAFIA_v2\01_dataset\decafia_clean\images\train\SANAS_SOCORRO_183.jpg,train,SANAS_SOCORRO_183,18192044130356078421,12475615922474710752,17433962406204460180
C:\Users\luise\OneDrive\Documentos\DECAFIA_v2\01_dataset\decafia_clean\images\train\SANAS_SOCORRO_184.jpg,train,SANAS_SOCORRO_184,10867963142408007014,14089396745483401523,4279266963887837458
C:\Users\luise\OneDrive\Documentos\DECAFIA_v2\01_dataset\decafia_clean\images\train\SANAS_SOCORRO_185.jpg,train,SANAS_SOCORRO_185,14664779843457661976,11301386085836024141,2754403006688161516
C:\Users\luise\OneDrive\Documentos\DECAFIA_v2\01_dataset\decafia_clean\images\train\SANAS_SOCORRO_187.jpg,train,SANAS_SOCORRO_187,13179982558844818891,16266369771520213150,6516819542439281281
C:\Users\luise\OneDrive\Documentos\DECAFIA_v2\01_dataset\decafia_clean\images\train\SANAS_SOCORRO_189.jpg,train,SANAS_SOCORRO_189,11501386281133638820,14612057319841780209,9261520243705396417
C:\Users\luise\OneDrive\Documentos\DECAFIA_v2\01_dataset\decafia_clean\images\train\SANAS_SOCORRO_191.jpg,train,SANAS_SOCORRO_191,18411208080358460849,12309630148516518628,7348159958866256126
C:\Users\luise\OneDrive\Documentos\DECAFIA_v2\01_dataset\decafia_clean\images\train\SANAS_SOCORRO_192.jpg,train,SANAS_SOCORRO_192,17187304655191186874,13533533831365380175,9330575170514825958
C:\Users\luise\OneDrive\Documentos\DECAFIA_v2\01_dataset\decafia_clean\images\train\SANAS_SOCORRO_194.jpg,train,SANAS_SOCORRO_194,13321300322322167919,17116934543074028858,3706991103981922369
C:\Users\luise\OneDrive\Documentos\DECAFIA_v2\01_dataset\decafia_clean\images\train\SANAS_SOCORRO_195.jpg,train,SANAS_SOCORRO_195,16176511817574468613,13054763922617932048,4211404381560009015
C:\Users\luise\OneDrive\Documentos\DECAFIA_v2\01_dataset\decafia_clean\images\train\SANAS_SOCORRO_196.jpg,train,SANAS_SOCORRO_196,13745466063222381100,16903383080333135224,6480900455999264961
C:\Users\luise\OneDrive\Documentos\DECAFIA_v2\01_dataset\decafia_clean\images\train\SANAS_SOCORRO_197.jpg,train,SANAS_SOCORRO_197,13627281525210123879,16738333410244942770,15412920948135852061
C:\Users\luise\OneDrive\Documentos\DECAFIA_v2\01_dataset\decafia_clean\images\train\SANAS_SOCORRO_198.jpg,train,SANAS_SOCORRO_198,15333237699215119047,9340411921184950162,5123719088273713011
C:\Users\luise\OneDrive\Documentos\DECAFIA_v2\01_dataset\decafia_clean\images\train\SANAS_SOCORRO_199.jpg,train,SANAS_SOCORRO_199,13795728658459077929,16942844552500506748,17560485752021825178
C:\Users\luise\OneDrive\Documentos\DECAFIA_v2\01_dataset\decafia_clean\images\train\SANAS_SOCORRO_20.jpg,train,SANAS_SOCORRO_20,13915911021641626438,10757527265734768179,9623945286004972080
C:\Users\luise\OneDrive\Documentos\DECAFIA_v2\01_dataset\decafia_clean\images\train\SANAS_SOCORRO_200.jpg,train,SANAS_SOCORRO_200,12147785204178582371,18284835615052278322,5649678976284524088
C:\Users\luise\OneDrive\Documentos\DECAFIA_v2\01_dataset\decafia_clean\images\train\SANAS_SOCORRO_201.jpg,train,SANAS_SOCORRO_201,11716899230359962283,17566739566783759098,11046875765499721980
C:\Users\luise\OneDrive\Documentos\DECAFIA_v2\01_dataset\decafia_clean\images\train\SANAS_SOCORRO_202.jpg,train,SANAS_SOCORRO_202,17799214614988046832,11772082003664999589,3801930656787520186
C:\Users\luise\OneDrive\Documentos\DECAFIA_v2\01_dataset\decafia_clean\images\train\SANAS_SOCORRO_205.jpg,train,SANAS_SOCORRO_205,12222798838465160109,18221933101344404144,306280716765759554
C:\Users\luise\OneDrive\Documentos\DECAFIA_v2\01_dataset\decafia_clean\images\train\SANAS_SOCORRO_206.jpg,train,SANAS_SOCORRO_206,16154348376526063606,13076908585750614691,2173207136731691627
C:\Users\luise\OneDrive\Documentos\DECAFIA_v2\01_dataset\decafia_clean\images\train\SANAS_SOCORRO_208.jpg,train,SANAS_SOCORRO_208,14338843305291670760,10639924910391079359,2277407960128494238
C:\Users\luise\OneDrive\Documentos\DECAFIA_v2\01_dataset\decafia_clean\images\train\SANAS_SOCORRO_209.jpg,train,SANAS_SOCORRO_209,11121600431078617418,14925925320510989343,14092505831239584782
C:\Users\luise\OneDrive\Documentos\DECAFIA_v2\01_dataset\decafia_clean\images\train\SANAS_SOCORRO_211.jpg,train,SANAS_SOCORRO_211,13073564110561433093,16157776505913090897,1744047480242578723
C:\Users\luise\OneDrive\Documentos\DECAFIA_v2\01_dataset\decafia_clean\images\train\SANAS_SOCORRO_212.jpg,train,SANAS_SOCORRO_212,18321415547834774785,12328440203971125332,15202521159491766001
C:\Users\luise\OneDrive\Documentos\DECAFIA_v2\01_dataset\decafia_clean\images\train\SANAS_SOCORRO_213.jpg,train,SANAS_SOCORRO_213,12503555990748515906,17929068676704680727,957312997515384004
C:\Users\luise\OneDrive\Documentos\DECAFIA_v2\01_dataset\decafia_clean\images\train\SANAS_SOCORRO_215.jpg,train,SANAS_SOCORRO_215,12839119519937987531,16679330227438310548,6980633239419548531
C:\Users\luise\OneDrive\Documentos\DECAFIA_v2\01_dataset\decafia_clean\images\train\SANAS_SOCORRO_216.jpg,train,SANAS_SOCORRO_216,14791152106813859111,10957802893540618354,14738657709244008132
C:\Users\luise\OneDrive\Documentos\DECAFIA_v2\01_dataset\decafia_clean\images\train\SANAS_SOCORRO_217.jpg,train,SANAS_SOCORRO_217,18404092488711194877,12192772277661965736,8140516063441773552
C:\Users\luise\OneDrive\Documentos\DECAFIA_v2\01_dataset\decafia_clean\images\train\SANAS_SOCORRO_219.jpg,train,SANAS_SOCORRO_219,15234521558924085681,9672237698930621676,17414336355996695167
C:\Users\luise\OneDrive\Documentos\DECAFIA_v2\01_dataset\decafia_clean\images\train\SANAS_SOCORRO_220.jpg,train,SANAS_SOCORRO_220,16286216005237454198,13209363914525433891,4052390811474129648
C:\Users\luise\OneDrive\Documentos\DECAFIA_v2\01_dataset\decafia_clean\images\train\SANAS_SOCORRO_221.jpg,train,SANAS_SOCORRO_221,16907360447753233386,12102951074684761274,17361641421008928636
C:\Users\luise\OneDrive\Documentos\DECAFIA_v2\01_dataset\decafia_clean\images\train\SANAS_SOCORRO_223.jpg,train,SANAS_SOCORRO_223,17893262557793121924,12467360333873886037,8423648622935968808
C:\Users\luise\OneDrive\Documentos\DECAFIA_v2\01_dataset\decafia_clean\images\train\SANAS_SOCORRO_224.jpg,train,SANAS_SOCORRO_224,14905974788146164582,11207766556995233331,14740065093011512496
C:\Users\luise\OneDrive\Documentos\DECAFIA_v2\01_dataset\decafia_clean\images\train\SANAS_SOCORRO_226.jpg,train,SANAS_SOCORRO_226,13846929755690301498,10772460957371245863,17878303407156441919
C:\Users\luise\OneDrive\Documentos\DECAFIA_v2\01_dataset\decafia_clean\images\train\SANAS_SOCORRO_227.jpg,train,SANAS_SOCORRO_227,11577100843156738251,17725968802293908880,6919836286110012935
C:\Users\luise\OneDrive\Documentos\DECAFIA_v2\01_dataset\decafia_clean\images\train\SANAS_SOCORRO_228.jpg,train,SANAS_SOCORRO_228,11721497506191491779,17869802425216304528,6955865083162527239
C:\Users\luise\OneDrive\Documentos\DECAFIA_v2\01_dataset\decafia_clean\images\train\SANAS_SOCORRO_229.jpg,train,SANAS_SOCORRO_229,11697323912139948092,17798343694695118185,9669924911458720864
C:\Users\luise\OneDrive\Documentos\DECAFIA_v2\01_dataset\decafia_clean\images\train\SANAS_SOCORRO_23.jpg,train,SANAS_SOCORRO_23,17828363923917279272,11689734753923810429,12840147352630189651
C:\Users\luise\OneDrive\Documentos\DECAFIA_v2\01_dataset\decafia_clean\images\train\SANAS_SOCORRO_231.jpg,train,SANAS_SOCORRO_231,12267683277334539672,13793048605689526411,464139724902119982
C:\Users\luise\OneDrive\Documentos\DECAFIA_v2\01_dataset\decafia_clean\images\train\SANAS_SOCORRO_232.jpg,train,SANAS_SOCORRO_232,17047393266158914377,13385758638394481180,8210600713232378105
C:\Users\luise\OneDrive\Documentos\DECAFIA_v2\01_dataset\decafia_clean\images\train\SANAS_SOCORRO_233.jpg,train,SANAS_SOCORRO_233,12356681940551320279,18027510825330972546,13683240689222364577
C:\Users\luise\OneDrive\Documentos\DECAFIA_v2\01_dataset\decafia_clean\images\train\SANAS_SOCORRO_235.jpg,train,SANAS_SOCORRO_235,12171752388712758482,17996248984228211077,11451212086524338999
C:\Users\luise\OneDrive\Documentos\DECAFIA_v2\01_dataset\decafia_clean\images\train\SANAS_SOCORRO_236.jpg,train,SANAS_SOCORRO_236,17720122698865207307,11583206430586912010,9924219315155972353
C:\Users\luise\OneDrive\Documentos\DECAFIA_v2\01_dataset\decafia_clean\images\train\SANAS_SOCORRO_237.jpg,train,SANAS_SOCORRO_237,17678252803237416426,16141060182562208191,243724086566007049
C:\Users\luise\OneDrive\Documentos\DECAFIA_v2\01_dataset\decafia_clean\images\train\SANAS_SOCORRO_239.jpg,train,SANAS_SOCORRO_239,11560040911330548950,17670109135057930635,18009024959545929776
C:\Users\luise\OneDrive\Documentos\DECAFIA_v2\01_dataset\decafia_clean\images\train\SANAS_SOCORRO_24.jpg,train,SANAS_SOCORRO_24,10499810301412446676,14189580753128967329,5022153227078417774
C:\Users\luise\OneDrive\Documentos\DECAFIA_v2\01_dataset\decafia_clean\images\train\SANAS_SOCORRO_242.jpg,train,SANAS_SOCORRO_242,11906060166786961213,17324089587342936618,8138220155243675423
C:\Users\luise\OneDrive\Documentos\DECAFIA_v2\01_dataset\decafia_clean\images\train\SANAS_SOCORRO_245.jpg,train,SANAS_SOCORRO_245,13080916702910913388,16203271114182331960,1801938907655627251
C:\Users\luise\OneDrive\Documentos\DECAFIA_v2\01_dataset\decafia_clean\images\train\SANAS_SOCORRO_246.jpg,train,SANAS_SOCORRO_246,17709719711709709723,11569966701825470671,7435297719426605376
C:\Users\luise\OneDrive\Documentos\DECAFIA_v2\01_dataset\decafia_clean\images\train\SANAS_SOCORRO_248.jpg,train,SANAS_SOCORRO_248,11631556286109396431,17598593472583309338,8205819057718522131
C:\Users\luise\OneDrive\Documentos\DECAFIA_v2\01_dataset\decafia_clean\images\train\SANAS_SOCORRO_249.jpg,train,SANAS_SOCORRO_249,17705849223383097799,11594188874564596882,3689558432209269607
C:\Users\luise\OneDrive\Documentos\DECAFIA_v2\01_dataset\decafia_clean\images\train\SANAS_SOCORRO_25.jpg,train,SANAS_SOCORRO_25,14967775786553332961,11163699530109616628,5952749071161339180
C:\Users\luise\OneDrive\Documentos\DECAFIA_v2\01_dataset\decafia_clean\images\train\SANAS_SOCORRO_250.jpg,train,SANAS_SOCORRO_250,18400512037594746055,12253895876131896218,17789465646652748153
C:\Users\luise\OneDrive\Documentos\DECAFIA_v2\01_dataset\decafia_clean\images\train\SANAS_SOCORRO_251.jpg,train,SANAS_SOCORRO_251,12639581290016687707,18031715141485794126,4354075910339674116
C:\Users\luise\OneDrive\Documentos\DECAFIA_v2\01_dataset\decafia_clean\images\train\SANAS_SOCORRO_253.jpg,train,SANAS_SOCORRO_253,16940453221353642884,13712828843821797073,508973196451788851
C:\Users\luise\OneDrive\Documentos\DECAFIA_v2\01_dataset\decafia_clean\images\train\SANAS_SOCORRO_254.jpg,train,SANAS_SOCORRO_254,17607600637196966008,11929919057313418541,16677640386487873905
C:\Users\luise\OneDrive\Documentos\DECAFIA_v2\01_dataset\decafia_clean\images\train\SANAS_SOCORRO_255.jpg,train,SANAS_SOCORRO_255,18433725991419954945,12287112052424413941,17251022848795398384
C:\Users\luise\OneDrive\Documentos\DECAFIA_v2\01_dataset\decafia_clean\images\train\SANAS_SOCORRO_256.jpg,train,SANAS_SOCORRO_256,12612212424123962780,18037691894438822105,7273517653509856448
C:\Users\luise\OneDrive\Documentos\DECAFIA_v2\01_dataset\decafia_clean\images\train\SANAS_SOCORRO_257.jpg,train,SANAS_SOCORRO_257,17904772411985667177,12469854872261079100,1906123042878247771
C:\Users\luise\OneDrive\Documentos\DECAFIA_v2\01_dataset\decafia_clean\images\train\SANAS_SOCORRO_258.jpg,train,SANAS_SOCORRO_258,18411771212304868498,12310190508061532614,13237189711975997753
C:\Users\luise\OneDrive\Documentos\DECAFIA_v2\01_dataset\decafia_clean\images\train\SANAS_SOCORRO_259.jpg,train,SANAS_SOCORRO_259,12469854067521391731,17895201972635031846,8169750506185453616
C:\Users\luise\OneDrive\Documentos\DECAFIA_v2\01_dataset\decafia_clean\images\train\SANAS_SOCORRO_260.jpg,train,SANAS_SOCORRO_260,12653022645810219364,18072035302522263601,428115590943141936
C:\Users\luise\OneDrive\Documentos\DECAFIA_v2\01_dataset\decafia_clean\images\train\SANAS_SOCORRO_261.jpg,train,SANAS_SOCORRO_261,18356831698290592562,12359496385146953255,8138249505669445873
C:\Users\luise\OneDrive\Documentos\DECAFIA_v2\01_dataset\decafia_clean\images\train\SANAS_SOCORRO_262.jpg,train,SANAS_SOCORRO_262,12619021699686809742,18323616594637493713,16267143161992215660
C:\Users\luise\OneDrive\Documentos\DECAFIA_v2\01_dataset\decafia_clean\images\train\SANAS_SOCORRO_263.jpg,train,SANAS_SOCORRO_263,13804870066780160841,16915966028235642396,15822240543475031280
C:\Users\luise\OneDrive\Documentos\DECAFIA_v2\01_dataset\decafia_clean\images\train\SANAS_SOCORRO_264.jpg,train,SANAS_SOCORRO_264,13793330284212898230,16879092853529156835,17932380340587039183
C:\Users\luise\OneDrive\Documentos\DECAFIA_v2\01_dataset\decafia_clean\images\train\SANAS_SOCORRO_265.jpg,train,SANAS_SOCORRO_265,18268502628389133360,12165233107430656357,17866872537165129905
C:\Users\luise\OneDrive\Documentos\DECAFIA_v2\01_dataset\decafia_clean\images\train\SANAS_SOCORRO_266.jpg,train,SANAS_SOCORRO_266,13515800369504554037,17205599434788608480,8210317932788510744
C:\Users\luise\OneDrive\Documentos\DECAFIA_v2\01_dataset\decafia_clean\images\train\SANAS_SOCORRO_267.jpg,train,SANAS_SOCORRO_267,18319682243779789514,12351615268207940765,7052897587244954551
C:\Users\luise\OneDrive\Documentos\DECAFIA_v2\01_dataset\decafia_clean\images\train\SANAS_SOCORRO_268.jpg,train,SANAS_SOCORRO_268,13675413615608341903,16761695697851740378,415378181206017
C:\Users\luise\OneDrive\Documentos\DECAFIA_v2\01_dataset\decafia_clean\images\train\SANAS_SOCORRO_269.jpg,train,SANAS_SOCORRO_269,17207015754905522693,13519464119406741248,872638605466015768
C:\Users\luise\OneDrive\Documentos\DECAFIA_v2\01_dataset\decafia_clean\images\train\SANAS_SOCORRO_27.jpg,train,SANAS_SOCORRO_27,14380042233073224935,10575957627596216758,4404025929118693657
C:\Users\luise\OneDrive\Documentos\DECAFIA_v2\01_dataset\decafia_clean\images\train\SANAS_SOCORRO_270.jpg,train,SANAS_SOCORRO_270,16775211167727868178,13661899236584229991,2105548149465575664
C:\Users\luise\OneDrive\Documentos\DECAFIA_v2\01_dataset\decafia_clean\images\train\SANAS_SOCORRO_271.jpg,train,SANAS_SOCORRO_271,12373569920129377982,18078158216395514603,9206397281424653377
C:\Users\luise\OneDrive\Documentos\DECAFIA_v2\01_dataset\decafia_clean\images\train\SANAS_SOCORRO_273.jpg,train,SANAS_SOCORRO_273,18175566462864738185,12207499592519588572,15051299218670525827
C:\Users\luise\OneDrive\Documentos\DECAFIA_v2\01_dataset\decafia_clean\images\train\SANAS_SOCORRO_274.jpg,train,SANAS_SOCORRO_274,17695421156309768302,11585394166843280691,8062552675413719160
C:\Users\luise\OneDrive\Documentos\DECAFIA_v2\01_dataset\decafia_clean\images\train\SANAS_SOCORRO_275.jpg,train,SANAS_SOCORRO_275,18056555203140202582,12664355383037027595,9216601179002698798
C:\Users\luise\OneDrive\Documentos\DECAFIA_v2\01_dataset\decafia_clean\images\train\SANAS_SOCORRO_276.jpg,train,SANAS_SOCORRO_276,18347827874208441643,12391021506163978366,8014274971161479
C:\Users\luise\OneDrive\Documentos\DECAFIA_v2\01_dataset\decafia_clean\images\train\SANAS_SOCORRO_277.jpg,train,SANAS_SOCORRO_277,18017641404584374584,12636766509289989485,9075000497281233759
C:\Users\luise\OneDrive\Documentos\DECAFIA_v2\01_dataset\decafia_clean\images\train\SANAS_SOCORRO_278.jpg,train,SANAS_SOCORRO_278,12285984295182690711,18434852623714696386,13634978213326944
C:\Users\luise\OneDrive\Documentos\DECAFIA_v2\01_dataset\decafia_clean\images\train\SANAS_SOCORRO_279.jpg,train,SANAS_SOCORRO_279,11881862040859394716,16334995410773480393,3488276164791812284
C:\Users\luise\OneDrive\Documentos\DECAFIA_v2\01_dataset\decafia_clean\images\train\SANAS_SOCORRO_28.jpg,train,SANAS_SOCORRO_28,13851838116788424551,10767904630046626359,7984810943710051341
C:\Users\luise\OneDrive\Documentos\DECAFIA_v2\01_dataset\decafia_clean\images\train\SANAS_SOCORRO_280.jpg,train,SANAS_SOCORRO_280,16923002005813007284,13803463574781167329,439728196212783159
C:\Users\luise\OneDrive\Documentos\DECAFIA_v2\01_dataset\decafia_clean\images\train\SANAS_SOCORRO_281.jpg,train,SANAS_SOCORRO_281,16336698575827766425,13250374715925420172,8354728108145278538
C:\Users\luise\OneDrive\Documentos\DECAFIA_v2\01_dataset\decafia_clean\images\train\SANAS_SOCORRO_285.jpg,train,SANAS_SOCORRO_285,12588916268893346763,18149935241781971102,3524304858330492974
C:\Users\luise\OneDrive\Documentos\DECAFIA_v2\01_dataset\decafia_clean\images\train\SANAS_SOCORRO_287.jpg,train,SANAS_SOCORRO_287,12496311064826451598,17887881974874801115,8714703378137505799
C:\Users\luise\OneDrive\Documentos\DECAFIA_v2\01_dataset\decafia_clean\images\train\SANAS_SOCORRO_288.jpg,train,SANAS_SOCORRO_288,16916243196210371440,13804030776694115877,1745418397691727970
C:\Users\luise\OneDrive\Documentos\DECAFIA_v2\01_dataset\decafia_clean\images\train\SANAS_SOCORRO_289.jpg,train,SANAS_SOCORRO_289,13792485024305401432,16867552187239832333,3346439251714695655
C:\Users\luise\OneDrive\Documentos\DECAFIA_v2\01_dataset\decafia_clean\images\train\SANAS_SOCORRO_29.jpg,train,SANAS_SOCORRO_29,10942702572111123680,14018895671318978997,14647891280481723603
C:\Users\luise\OneDrive\Documentos\DECAFIA_v2\01_dataset\decafia_clean\images\train\SANAS_SOCORRO_290.jpg,train,SANAS_SOCORRO_290,11835339328866167838,17395935573735274827,4891173975099977744
C:\Users\luise\OneDrive\Documentos\DECAFIA_v2\01_dataset\decafia_clean\images\train\SANAS_SOCORRO_291.jpg,train,SANAS_SOCORRO_291,12568073831242847260,18030040002100560201,4067015242957752515
C:\Users\luise\OneDrive\Documentos\DECAFIA_v2\01_dataset\decafia_clean\images\train\SANAS_SOCORRO_292.jpg,train,SANAS_SOCORRO_292,16573877429539431004,10617069410589537561,3725389719274097016
C:\Users\luise\OneDrive\Documentos\DECAFIA_v2\01_dataset\decafia_clean\images\train\SANAS_SOCORRO_293.jpg,train,SANAS_SOCORRO_293,15777776892360724492,10349475525463526907,6192241347731561518
C:\Users\luise\OneDrive\Documentos\DECAFIA_v2\01_dataset\decafia_clean\images\train\SANAS_SOCORRO_294.jpg,train,SANAS_SOCORRO_294,14051084354858549819,10928025801407453038,8921259485582060138
C:\Users\luise\OneDrive\Documentos\DECAFIA_v2\01_dataset\decafia_clean\images\train\SANAS_SOCORRO_296.jpg,train,SANAS_SOCORRO_296,9976361116528237001,16079665693917318557,2388706655304817680
C:\Users\luise\OneDrive\Documentos\DECAFIA_v2\01_dataset\decafia_clean\images\train\SANAS_SOCORRO_297.jpg,train,SANAS_SOCORRO_297,9532333093090651059,15068185792457949158,3681719424632509330
C:\Users\luise\OneDrive\Documentos\DECAFIA_v2\01_dataset\decafia_clean\images\train\SANAS_SOCORRO_299.jpg,train,SANAS_SOCORRO_299,14900348911119170220,11213074755642207480,4476452939177832666
C:\Users\luise\OneDrive\Documentos\DECAFIA_v2\01_dataset\decafia_clean\images\train\SANAS_SOCORRO_3.jpg,train,SANAS_SOCORRO_3,17560040749024031769,12025905488821707084,10601865662575146879
C:\Users\luise\OneDrive\Documentos\DECAFIA_v2\01_dataset\decafia_clean\images\train\SANAS_SOCORRO_300.jpg,train,SANAS_SOCORRO_300,17278250648231672100,13447176994417978416,2026159371439091793
C:\Users\luise\OneDrive\Documentos\DECAFIA_v2\01_dataset\decafia_clean\images\train\SANAS_SOCORRO_302.jpg,train,SANAS_SOCORRO_302,13993423857710210711,10765561953286245314,7088773811836763161
C:\Users\luise\OneDrive\Documentos\DECAFIA_v2\01_dataset\decafia_clean\images\train\SANAS_SOCORRO_303.jpg,train,SANAS_SOCORRO_303,11631777261872390234,17309878320473240591,10824737542645004129
C:\Users\luise\OneDrive\Documentos\DECAFIA_v2\01_dataset\decafia_clean\images\train\SANAS_SOCORRO_304.jpg,train,SANAS_SOCORRO_304,17292894840912086864,13451101349849944613,16850425525720086713
C:\Users\luise\OneDrive\Documentos\DECAFIA_v2\01_dataset\decafia_clean\images\train\SANAS_SOCORRO_305.jpg,train,SANAS_SOCORRO_305,17275868436542458372,13445324728133376848,4208746060477688313
C:\Users\luise\OneDrive\Documentos\DECAFIA_v2\01_dataset\decafia_clean\images\train\SANAS_SOCORRO_306.jpg,train,SANAS_SOCORRO_306,14116106949375312978,13160550735896740647,17524969811404498404
C:\Users\luise\OneDrive\Documentos\DECAFIA_v2\01_dataset\decafia_clean\images\train\SANAS_SOCORRO_307.jpg,train,SANAS_SOCORRO_307,14162954951700023530,10509616095812763071,17877065362954645624
C:\Users\luise\OneDrive\Documentos\DECAFIA_v2\01_dataset\decafia_clean\images\train\SANAS_SOCORRO_308.jpg,train,SANAS_SOCORRO_308,13748614899967516325,16904737533934537712,15699128848144724144
C:\Users\luise\OneDrive\Documentos\DECAFIA_v2\01_dataset\decafia_clean\images\train\SANAS_SOCORRO_309.jpg,train,SANAS_SOCORRO_309,16900247143375194547,13753122898017590502,9588777678463103148
C:\Users\luise\OneDrive\Documentos\DECAFIA_v2\01_dataset\decafia_clean\images\train\SANAS_SOCORRO_31.jpg,train,SANAS_SOCORRO_31,15269008315828876821,9706171438555358016,13321233899794632356
C:\Users\luise\OneDrive\Documentos\DECAFIA_v2\01_dataset\decafia_clean\images\train\SANAS_SOCORRO_310.jpg,train,SANAS_SOCORRO_310,13700447661179499617,16966346062123655604,13318516840591699161
C:\Users\luise\OneDrive\Documentos\DECAFIA_v2\01_dataset\decafia_clean\images\train\SANAS_SOCORRO_311.jpg,train,SANAS_SOCORRO_311,17085220191206579267,13281027800878172502,18021237500912169081
C:\Users\luise\OneDrive\Documentos\DECAFIA_v2\01_dataset\decafia_clean\images\train\SANAS_SOCORRO_312.jpg,train,SANAS_SOCORRO_312,17462819057423464274,12037295093421826839,9065397240485281107
C:\Users\luise\OneDrive\Documentos\DECAFIA_v2\01_dataset\decafia_clean\images\train\SANAS_SOCORRO_314.jpg,train,SANAS_SOCORRO_314,13834549285505796228,16909719261266599377,10511895007471083776
C:\Users\luise\OneDrive\Documentos\DECAFIA_v2\01_dataset\decafia_clean\images\train\SANAS_SOCORRO_317.jpg,train,SANAS_SOCORRO_317,11598166967526812086,17699324884423785699,8282506933574607392
C:\Users\luise\OneDrive\Documentos\DECAFIA_v2\01_dataset\decafia_clean\images\train\SANAS_SOCORRO_318.jpg,train,SANAS_SOCORRO_318,17630081073955776862,11672191141359254539,5222461204897425709
C:\Users\luise\OneDrive\Documentos\DECAFIA_v2\01_dataset\decafia_clean\images\train\SANAS_SOCORRO_319.jpg,train,SANAS_SOCORRO_319,15100933019320695983,9566806451704719706,2767043494193395548
C:\Users\luise\OneDrive\Documentos\DECAFIA_v2\01_dataset\decafia_clean\images\train\SANAS_SOCORRO_32.jpg,train,SANAS_SOCORRO_32,10925783668512299617,13904154727373164340,5767140804326269393
C:\Users\luise\OneDrive\Documentos\DECAFIA_v2\01_dataset\decafia_clean\images\train\SANAS_SOCORRO_320.jpg,train,SANAS_SOCORRO_320,16094496315627591050,12262869080905842911,17779806639807355433
C:\Users\luise\OneDrive\Documentos\DECAFIA_v2\01_dataset\decafia_clean\images\train\SANAS_SOCORRO_321.jpg,train,SANAS_SOCORRO_321,13041622745935452998,16260303213405818387,16305671410820061250
C:\Users\luise\OneDrive\Documentos\DECAFIA_v2\01_dataset\decafia_clean\images\train\SANAS_SOCORRO_322.jpg,train,SANAS_SOCORRO_322,9232831819475218129,15381145994656299844,9521867836277703462
C:\Users\luise\OneDrive\Documentos\DECAFIA_v2\01_dataset\decafia_clean\images\train\SANAS_SOCORRO_323.jpg,train,SANAS_SOCORRO_323,9421841984360561237,15534118293164879632,9738596674979789446
C:\Users\luise\OneDrive\Documentos\DECAFIA_v2\01_dataset\decafia_clean\images\train\SANAS_SOCORRO_325.jpg,train,SANAS_SOCORRO_325,10898173242140422338,14009364216862418335,14094431487209584515
C:\Users\luise\OneDrive\Documentos\DECAFIA_v2\01_dataset\decafia_clean\images\train\SANAS_SOCORRO_326.jpg,train,SANAS_SOCORRO_326,10579597106148208854,14305423454644708739,4010145845694730698
C:\Users\luise\OneDrive\Documentos\DECAFIA_v2\01_dataset\decafia_clean\images\train\SANAS_SOCORRO_328.jpg,train,SANAS_SOCORRO_328,11436953670204667039,14622182560448602570,4631251430811569127
C:\Users\luise\OneDrive\Documentos\DECAFIA_v2\01_dataset\decafia_clean\images\train\SANAS_SOCORRO_329.jpg,train,SANAS_SOCORRO_329,9559518381283792051,15129682440415413605,4980500809086115217
C:\Users\luise\OneDrive\Documentos\DECAFIA_v2\01_dataset\decafia_clean\images\train\SANAS_SOCORRO_33.jpg,train,SANAS_SOCORRO_33,10761958435203147621,13843923933817484856,9639681236926529857
C:\Users\luise\OneDrive\Documentos\DECAFIA_v2\01_dataset\decafia_clean\images\train\SANAS_SOCORRO_330.jpg,train,SANAS_SOCORRO_330,11902086146920966647,17328128531192298659,2389468772255281985
C:\Users\luise\OneDrive\Documentos\DECAFIA_v2\01_dataset\decafia_clean\images\train\SANAS_SOCORRO_331.jpg,train,SANAS_SOCORRO_331,11902050962557267446,17328093381188335779,2394007508875883329
C:\Users\luise\OneDrive\Documentos\DECAFIA_v2\01_dataset\decafia_clean\images\train\SANAS_SOCORRO_332.jpg,train,SANAS_SOCORRO_332,14524611446486388285,11296325781966396264,3262591250906848334
C:\Users\luise\OneDrive\Documentos\DECAFIA_v2\01_dataset\decafia_clean\images\train\SANAS_SOCORRO_333.jpg,train,SANAS_SOCORRO_333,18179859856942498727,12186330943357474546,14942449238295505107
C:\Users\luise\OneDrive\Documentos\DECAFIA_v2\01_dataset\decafia_clean\images\train\SANAS_SOCORRO_334.jpg,train,SANAS_SOCORRO_334,12287103302187585985,18433754508438062228,1015623822778702016
C:\Users\luise\OneDrive\Documentos\DECAFIA_v2\01_dataset\decafia_clean\images\train\SANAS_SOCORRO_336.jpg,train,SANAS_SOCORRO_336,14920280648532048898,11122247755084753234,15604567803731541963
C:\Users\luise\OneDrive\Documentos\DECAFIA_v2\01_dataset\decafia_clean\images\train\SANAS_SOCORRO_339.jpg,train,SANAS_SOCORRO_339,14936241437985784479,11105143472528136138,8242888105291858832
C:\Users\luise\OneDrive\Documentos\DECAFIA_v2\01_dataset\decafia_clean\images\train\SANAS_SOCORRO_34.jpg,train,SANAS_SOCORRO_34,10441080542688264887,14241083760991278562,17299261866262791270
C:\Users\luise\OneDrive\Documentos\DECAFIA_v2\01_dataset\decafia_clean\images\train\SANAS_SOCORRO_340.jpg,train,SANAS_SOCORRO_340,16475208561614686876,10517812442255445897,4194491767264500678
C:\Users\luise\OneDrive\Documentos\DECAFIA_v2\01_dataset\decafia_clean\images\train\SANAS_SOCORRO_341.jpg,train,SANAS_SOCORRO_341,9280151848991030815,15392434522961095498,7794813118109132753
C:\Users\luise\OneDrive\Documentos\DECAFIA_v2\01_dataset\decafia_clean\images\train\SANAS_SOCORRO_342.jpg,train,SANAS_SOCORRO_342,12213285608937836647,18243831247769175346,15964811408812883090
C:\Users\luise\OneDrive\Documentos\DECAFIA_v2\01_dataset\decafia_clean\images\train\SANAS_SOCORRO_343.jpg,train,SANAS_SOCORRO_343,16455232996948347812,12180528827477318320,12991576487228237908
C:\Users\luise\OneDrive\Documentos\DECAFIA_v2\01_dataset\decafia_clean\images\train\SANAS_SOCORRO_344.jpg,train,SANAS_SOCORRO_344,15393745287559064390,9364325664583876177,1540662688252386254
C:\Users\luise\OneDrive\Documentos\DECAFIA_v2\01_dataset\decafia_clean\images\train\SANAS_SOCORRO_346.jpg,train,SANAS_SOCORRO_346,17542062402282010379,11974148538794009178,16781807996336805018
C:\Users\luise\OneDrive\Documentos\DECAFIA_v2\01_dataset\decafia_clean\images\train\SANAS_SOCORRO_348.jpg,train,SANAS_SOCORRO_348,9484775139539672339,15489539286090549250,6933359918981293746
C:\Users\luise\OneDrive\Documentos\DECAFIA_v2\01_dataset\decafia_clean\images\train\SANAS_SOCORRO_349.jpg,train,SANAS_SOCORRO_349,14895860154058048291,11163839309806704242,17207285090300597683
C:\Users\luise\OneDrive\Documentos\DECAFIA_v2\01_dataset\decafia_clean\images\train\SANAS_SOCORRO_35.jpg,train,SANAS_SOCORRO_35,11230892601138064999,14882558404156128050,14827969314304722897
C:\Users\luise\OneDrive\Documentos\DECAFIA_v2\01_dataset\decafia_clean\images\train\SANAS_SOCORRO_350.jpg,train,SANAS_SOCORRO_350,9753428767789881959,15424396188381892466,2779847999756398634
C:\Users\luise\OneDrive\Documentos\DECAFIA_v2\01_dataset\decafia_clean\images\train\SANAS_SOCORRO_351.jpg,train,SANAS_SOCORRO_351,14143342748156068285,10453534643166106856,2998616125131910858
C:\Users\luise\OneDrive\Documentos\DECAFIA_v2\01_dataset\decafia_clean\images\train\SANAS_SOCORRO_352.jpg,train,SANAS_SOCORRO_352,10977846796064604757,14775589559271118609,14838347601321296952
C:\Users\luise\OneDrive\Documentos\DECAFIA_v2\01_dataset\decafia_clean\images\train\SANAS_SOCORRO_356.jpg,train,SANAS_SOCORRO_356,14980176632391148199,11164865557421717490,2060512053280871855
C:\Users\luise\OneDrive\Documentos\DECAFIA_v2\01_dataset\decafia_clean\images\train\SANAS_SOCORRO_357.jpg,train,SANAS_SOCORRO_357,10436105416788583986,14231704539536548711,18106497018041418638
C:\Users\luise\OneDrive\Documentos\DECAFIA_v2\01_dataset\decafia_clean\images\train\SANAS_SOCORRO_358.jpg,train,SANAS_SOCORRO_358,10559100725776714358,14256183641127835427,8216543807027012403
C:\Users\luise\OneDrive\Documentos\DECAFIA_v2\01_dataset\decafia_clean\images\train\SANAS_SOCORRO_359.jpg,train,SANAS_SOCORRO_359,11392832101042532623,14649696366978884689,12018852953694248547
C:\Users\luise\OneDrive\Documentos\DECAFIA_v2\01_dataset\decafia_clean\images\train\SANAS_SOCORRO_360.jpg,train,SANAS_SOCORRO_360,9361043629014967713,15329213819260711412,3252855115902191362
C:\Users\luise\OneDrive\Documentos\DECAFIA_v2\01_dataset\decafia_clean\images\train\SANAS_SOCORRO_362.jpg,train,SANAS_SOCORRO_362,17127538843790615344,13683176743342274149,15113375006249049336
C:\Users\luise\OneDrive\Documentos\DECAFIA_v2\01_dataset\decafia_clean\images\train\SANAS_SOCORRO_363.jpg,train,SANAS_SOCORRO_363,12793160348896666229,16201482897613157152,10981292546508187121
C:\Users\luise\OneDrive\Documentos\DECAFIA_v2\01_dataset\decafia_clean\images\train\SANAS_SOCORRO_364.jpg,train,SANAS_SOCORRO_364,16511738493097616242,12713714491949807111,8672028773953690358
C:\Users\luise\OneDrive\Documentos\DECAFIA_v2\01_dataset\decafia_clean\images\train\SANAS_SOCORRO_365.jpg,train,SANAS_SOCORRO_365,17788706353625469648,12360827894421841797,11213496076813234272
C:\Users\luise\OneDrive\Documentos\DECAFIA_v2\01_dataset\decafia_clean\images\train\SANAS_SOCORRO_367.jpg,train,SANAS_SOCORRO_367,12289042420934762118,16924008076184423105,10873541134038184954
C:\Users\luise\OneDrive\Documentos\DECAFIA_v2\01_dataset\decafia_clean\images\train\SANAS_SOCORRO_37.jpg,train,SANAS_SOCORRO_37,15097802976694482730,9570851265796170367,7146422504225992180
C:\Users\luise\OneDrive\Documentos\DECAFIA_v2\01_dataset\decafia_clean\images\train\SANAS_SOCORRO_370.jpg,train,SANAS_SOCORRO_370,16110559588859098384,9998380141843636839,14060025094430250481
C:\Users\luise\OneDrive\Documentos\DECAFIA_v2\01_dataset\decafia_clean\images\train\SANAS_SOCORRO_371.jpg,train,SANAS_SOCORRO_371,15384097178847173890,9235228850183440471,13288672835247086239
C:\Users\luise\OneDrive\Documentos\DECAFIA_v2\01_dataset\decafia_clean\images\train\SANAS_SOCORRO_372.jpg,train,SANAS_SOCORRO_372,13799462315603813959,16930680852212691794,16538610648859985864
C:\Users\luise\OneDrive\Documentos\DECAFIA_v2\01_dataset\decafia_clean\images\train\SANAS_SOCORRO_373.jpg,train,SANAS_SOCORRO_373,17138105889851661000,13295639661326503838,11406453134956705948
C:\Users\luise\OneDrive\Documentos\DECAFIA_v2\01_dataset\decafia_clean\images\train\SANAS_SOCORRO_376.jpg,train,SANAS_SOCORRO_376,12646847998015756099,13463494227325583886,12842036374097157481
C:\Users\luise\OneDrive\Documentos\DECAFIA_v2\01_dataset\decafia_clean\images\train\SANAS_SOCORRO_377.jpg,train,SANAS_SOCORRO_377,13811273934539538432,16933205993356137813,11727523541578523471
C:\Users\luise\OneDrive\Documentos\DECAFIA_v2\01_dataset\decafia_clean\images\train\SANAS_SOCORRO_378.jpg,train,SANAS_SOCORRO_378,10339888045498944040,15720936076964044157,10992302085286941732
C:\Users\luise\OneDrive\Documentos\DECAFIA_v2\01_dataset\decafia_clean\images\train\SANAS_SOCORRO_379.jpg,train,SANAS_SOCORRO_379,15374925544547196433,11532566941349047236,15545738986138593624
C:\Users\luise\OneDrive\Documentos\DECAFIA_v2\01_dataset\decafia_clean\images\train\SANAS_SOCORRO_38.jpg,train,SANAS_SOCORRO_38,13865012278565500311,10754523760196790722,17743178708919335253
C:\Users\luise\OneDrive\Documentos\DECAFIA_v2\01_dataset\decafia_clean\images\train\SANAS_SOCORRO_380.jpg,train,SANAS_SOCORRO_380,16776851233446936816,13656616227718075813,6804791331858729036
C:\Users\luise\OneDrive\Documentos\DECAFIA_v2\01_dataset\decafia_clean\images\train\SANAS_SOCORRO_381.jpg,train,SANAS_SOCORRO_381,16069001352113062036,9968113881218598275,10780656486001913786
C:\Users\luise\OneDrive\Documentos\DECAFIA_v2\01_dataset\decafia_clean\images\train\SANAS_SOCORRO_382.jpg,train,SANAS_SOCORRO_382,12275499538667252353,18306007270781812496,9693946186767701169
C:\Users\luise\OneDrive\Documentos\DECAFIA_v2\01_dataset\decafia_clean\images\train\SANAS_SOCORRO_384.jpg,train,SANAS_SOCORRO_384,14256437285920203037,10433819406411576409,4906457878765312454
C:\Users\luise\OneDrive\Documentos\DECAFIA_v2\01_dataset\decafia_clean\images\train\SANAS_SOCORRO_385.jpg,train,SANAS_SOCORRO_385,14186068730380362234,10775248089624900775,3322314268136509306
C:\Users\luise\OneDrive\Documentos\DECAFIA_v2\01_dataset\decafia_clean\images\train\SANAS_SOCORRO_386.jpg,train,SANAS_SOCORRO_386,15501967716956204961,9473138009389087444,14130671598113066383
C:\Users\luise\OneDrive\Documentos\DECAFIA_v2\01_dataset\decafia_clean\images\train\SANAS_SOCORRO_388.jpg,train,SANAS_SOCORRO_388,18329513047024815401,12324899544001681660,12093165337208058708
C:\Users\luise\OneDrive\Documentos\DECAFIA_v2\01_dataset\decafia_clean\images\train\SANAS_SOCORRO_39.jpg,train,SANAS_SOCORRO_39,16463872874949483100,12767195267709062921,13616068591642876283
C:\Users\luise\OneDrive\Documentos\DECAFIA_v2\01_dataset\decafia_clean\images\train\SANAS_SOCORRO_390.jpg,train,SANAS_SOCORRO_390,18195025706587541430,12237654782270315235,7181320987378901457
C:\Users\luise\OneDrive\Documentos\DECAFIA_v2\01_dataset\decafia_clean\images\train\SANAS_SOCORRO_392.jpg,train,SANAS_SOCORRO_392,13151891320986522688,16995373523455476501,10381451151947129010
C:\Users\luise\OneDrive\Documentos\DECAFIA_v2\01_dataset\decafia_clean\images\train\SANAS_SOCORRO_393.jpg,train,SANAS_SOCORRO_393,13211628642934650536,16288524819730441180,17331442915677028560
C:\Users\luise\OneDrive\Documentos\DECAFIA_v2\01_dataset\decafia_clean\images\train\SANAS_SOCORRO_394.jpg,train,SANAS_SOCORRO_394,12274191169655580864,18303731159605689221,11147038520217330924
C:\Users\luise\OneDrive\Documentos\DECAFIA_v2\01_dataset\decafia_clean\images\train\SANAS_SOCORRO_395.jpg,train,SANAS_SOCORRO_395,10881817665133591169,14003572326802571732,16641261322826918344
C:\Users\luise\OneDrive\Documentos\DECAFIA_v2\01_dataset\decafia_clean\images\train\SANAS_SOCORRO_396.jpg,train,SANAS_SOCORRO_396,10775465236769965494,13859671541830242531,5774355258520621521
C:\Users\luise\OneDrive\Documentos\DECAFIA_v2\01_dataset\decafia_clean\images\train\SANAS_SOCORRO_397.jpg,train,SANAS_SOCORRO_397,16549951536597651524,13112347318143780245,13945466028440869355
C:\Users\luise\OneDrive\Documentos\DECAFIA_v2\01_dataset\decafia_clean\images\train\SANAS_SOCORRO_398.jpg,train,SANAS_SOCORRO_398,12234845003615089434,17915233420064122382,8258632386584111569
C:\Users\luise\OneDrive\Documentos\DECAFIA_v2\01_dataset\decafia_clean\images\train\SANAS_SOCORRO_399.jpg,train,SANAS_SOCORRO_399,18344763163446241028,12376716007362212435,12810082989123328232
C:\Users\luise\OneDrive\Documentos\DECAFIA_v2\01_dataset\decafia_clean\images\train\SANAS_SOCORRO_4.jpg,train,SANAS_SOCORRO_4,18294238248070106293,12159549253098150368,6188185154588877637
C:\Users\luise\OneDrive\Documentos\DECAFIA_v2\01_dataset\decafia_clean\images\train\SANAS_SOCORRO_40.jpg,train,SANAS_SOCORRO_40,15616914857426514138,10227454883397117327,16489444232981360125
C:\Users\luise\OneDrive\Documentos\DECAFIA_v2\01_dataset\decafia_clean\images\train\SANAS_SOCORRO_400.jpg,train,SANAS_SOCORRO_400,14178507804656620269,10489297976659019192,6205183143111189545
C:\Users\luise\OneDrive\Documentos\DECAFIA_v2\01_dataset\decafia_clean\images\train\SANAS_SOCORRO_401.jpg,train,SANAS_SOCORRO_401,9989377931114274419,16137579681231932214,12831954090374179802
C:\Users\luise\OneDrive\Documentos\DECAFIA_v2\01_dataset\decafia_clean\images\train\SANAS_SOCORRO_402.jpg,train,SANAS_SOCORRO_402,10489299040999442360,14178506671609566957,7157705674162035251
C:\Users\luise\OneDrive\Documentos\DECAFIA_v2\01_dataset\decafia_clean\images\train\SANAS_SOCORRO_405.jpg,train,SANAS_SOCORRO_405,13851751147675769515,9613560204214374398,10820292155981116242
C:\Users\luise\OneDrive\Documentos\DECAFIA_v2\01_dataset\decafia_clean\images\train\SANAS_SOCORRO_407.jpg,train,SANAS_SOCORRO_407,15046291150552573163,9626566526230286526,10833195038582855510
C:\Users\luise\OneDrive\Documentos\DECAFIA_v2\01_dataset\decafia_clean\images\train\SANAS_SOCORRO_408.jpg,train,SANAS_SOCORRO_408,16907365257328605408,13183252478672334005,10680418983813626928
C:\Users\luise\OneDrive\Documentos\DECAFIA_v2\01_dataset\decafia_clean\images\train\SANAS_SOCORRO_41.jpg,train,SANAS_SOCORRO_41,13927582768710800677,10672941700282810480,9168835398808216179
C:\Users\luise\OneDrive\Documentos\DECAFIA_v2\01_dataset\decafia_clean\images\train\SANAS_SOCORRO_410.jpg,train,SANAS_SOCORRO_410,14296102580782405053,10608414718215438569,10772363168110829114
C:\Users\luise\OneDrive\Documentos\DECAFIA_v2\01_dataset\decafia_clean\images\train\SANAS_SOCORRO_411.jpg,train,SANAS_SOCORRO_411,17055198523562246963,13395229080562205222,16850425525080804824
C:\Users\luise\OneDrive\Documentos\DECAFIA_v2\01_dataset\decafia_clean\images\train\SANAS_SOCORRO_412.jpg,train,SANAS_SOCORRO_412,17251913907101775164,13420244337459683433,10132180763336826072
C:\Users\luise\OneDrive\Documentos\DECAFIA_v2\01_dataset\decafia_clean\images\train\SANAS_SOCORRO_416.jpg,train,SANAS_SOCORRO_416,15998964079827942901,10041593705812306144,9994213362946168793
C:\Users\luise\OneDrive\Documentos\DECAFIA_v2\01_dataset\decafia_clean\images\train\SANAS_SOCORRO_417.jpg,train,SANAS_SOCORRO_417,12545240002443235158,18108112092508920451,5279505888930790320
C:\Users\luise\OneDrive\Documentos\DECAFIA_v2\01_dataset\decafia_clean\images\train\SANAS_SOCORRO_420.jpg,train,SANAS_SOCORRO_420,18428871063767390819,12291965790432907071,10752606720265216720
C:\Users\luise\OneDrive\Documentos\DECAFIA_v2\01_dataset\decafia_clean\images\train\SANAS_SOCORRO_421.jpg,train,SANAS_SOCORRO_421,18057605564924071785,12667664520163674668,8244090806789496881
C:\Users\luise\OneDrive\Documentos\DECAFIA_v2\01_dataset\decafia_clean\images\train\SANAS_SOCORRO_424.jpg,train,SANAS_SOCORRO_424,17690354211505212986,11589334385828944749,3558232185177202995
C:\Users\luise\OneDrive\Documentos\DECAFIA_v2\01_dataset\decafia_clean\images\train\SANAS_SOCORRO_427.jpg,train,SANAS_SOCORRO_427,18068819852904194322,12650614356534637639,13732161792714509266
C:\Users\luise\OneDrive\Documentos\DECAFIA_v2\01_dataset\decafia_clean\images\train\SANAS_SOCORRO_428.jpg,train,SANAS_SOCORRO_428,11872282533249796402,17408531707625774179,1688974057580654947
C:\Users\luise\OneDrive\Documentos\DECAFIA_v2\01_dataset\decafia_clean\images\train\SANAS_SOCORRO_431.jpg,train,SANAS_SOCORRO_431,18155207218516929048,12585613255493975914,17683595763234510180
C:\Users\luise\OneDrive\Documentos\DECAFIA_v2\01_dataset\decafia_clean\images\train\SANAS_SOCORRO_432.jpg,train,SANAS_SOCORRO_432,12644087412883950977,18027212044392650896,17352538483186051568
C:\Users\luise\OneDrive\Documentos\DECAFIA_v2\01_dataset\decafia_clean\images\train\SANAS_SOCORRO_433.jpg,train,SANAS_SOCORRO_433,13780613300939481482,16891814272706818269,14034026748570530203
C:\Users\luise\OneDrive\Documentos\DECAFIA_v2\01_dataset\decafia_clean\images\train\SANAS_SOCORRO_434.jpg,train,SANAS_SOCORRO_434,16891814307066556629,13779487401036833162,13599859739713876322
C:\Users\luise\OneDrive\Documentos\DECAFIA_v2\01_dataset\decafia_clean\images\train\SANAS_SOCORRO_435.jpg,train,SANAS_SOCORRO_435,12987470533997306253,16242679516686087384,16267505335385732173
C:\Users\luise\OneDrive\Documentos\DECAFIA_v2\01_dataset\decafia_clean\images\train\SANAS_SOCORRO_436.jpg,train,SANAS_SOCORRO_436,12385063068222538002,18353787411666015303,14734785065394938245
C:\Users\luise\OneDrive\Documentos\DECAFIA_v2\01_dataset\decafia_clean\images\train\SANAS_SOCORRO_439.jpg,train,SANAS_SOCORRO_439,17179791001697750403,13420627046987520194,8711259913610359072
C:\Users\luise\OneDrive\Documentos\DECAFIA_v2\01_dataset\decafia_clean\images\train\SANAS_SOCORRO_44.jpg,train,SANAS_SOCORRO_44,9356886610985556836,15316464815224024629,11675338012255664177
C:\Users\luise\OneDrive\Documentos\DECAFIA_v2\01_dataset\decafia_clean\images\train\SANAS_SOCORRO_440.jpg,train,SANAS_SOCORRO_440,18128607370097243256,12592228453316157741,16780940822784173296
C:\Users\luise\OneDrive\Documentos\DECAFIA_v2\01_dataset\decafia_clean\images\train\SANAS_SOCORRO_441.jpg,train,SANAS_SOCORRO_441,12592228589643881266,18128607508580306021,5240194202277036130
C:\Users\luise\OneDrive\Documentos\DECAFIA_v2\01_dataset\decafia_clean\images\train\SANAS_SOCORRO_442.jpg,train,SANAS_SOCORRO_442,16939694040593501283,13709718881834408246,16474379387262528696
C:\Users\luise\OneDrive\Documentos\DECAFIA_v2\01_dataset\decafia_clean\images\train\SANAS_SOCORRO_444.jpg,train,SANAS_SOCORRO_444,12639516876680514585,18031780622406490444,17093637564794503555
C:\Users\luise\OneDrive\Documentos\DECAFIA_v2\01_dataset\decafia_clean\images\train\SANAS_SOCORRO_445.jpg,train,SANAS_SOCORRO_445,13061758000076334952,16145959097651425341,6233423146064797868
C:\Users\luise\OneDrive\Documentos\DECAFIA_v2\01_dataset\decafia_clean\images\train\SANAS_SOCORRO_446.jpg,train,SANAS_SOCORRO_446,13017841370928746399,16212387549023492810,12123833972639867733
C:\Users\luise\OneDrive\Documentos\DECAFIA_v2\01_dataset\decafia_clean\images\train\SANAS_SOCORRO_447.jpg,train,SANAS_SOCORRO_447,10931338532023203080,9432436670577057885,17776731399582338751
C:\Users\luise\OneDrive\Documentos\DECAFIA_v2\01_dataset\decafia_clean\images\train\SANAS_SOCORRO_449.jpg,train,SANAS_SOCORRO_449,10719264278335366614,13949670340971196547,2478689892306240449
C:\Users\luise\OneDrive\Documentos\DECAFIA_v2\01_dataset\decafia_clean\images\train\SANAS_SOCORRO_45.jpg,train,SANAS_SOCORRO_45,10501672395948398224,14188937466942211541,4318124133596872574
C:\Users\luise\OneDrive\Documentos\DECAFIA_v2\01_dataset\decafia_clean\images\train\SANAS_SOCORRO_451.jpg,train,SANAS_SOCORRO_451,14360060046253237692,10528408581498335465,6858531873475859370
C:\Users\luise\OneDrive\Documentos\DECAFIA_v2\01_dataset\decafia_clean\images\train\SANAS_SOCORRO_452.jpg,train,SANAS_SOCORRO_452,11462851286757455303,14934340805880176786,14217454022325343948
C:\Users\luise\OneDrive\Documentos\DECAFIA_v2\01_dataset\decafia_clean\images\train\SANAS_SOCORRO_453.jpg,train,SANAS_SOCORRO_453,10389642508759404453,14229749220129135344,9854879981128543583
C:\Users\luise\OneDrive\Documentos\DECAFIA_v2\01_dataset\decafia_clean\images\train\SANAS_SOCORRO_454.jpg,train,SANAS_SOCORRO_454,11343863260168372873,14427328535891122116,13316415608532651409
C:\Users\luise\OneDrive\Documentos\DECAFIA_v2\01_dataset\decafia_clean\images\train\SANAS_SOCORRO_455.jpg,train,SANAS_SOCORRO_455,13901532384669151161,10491556829590346444,5501916032734537249
C:\Users\luise\OneDrive\Documentos\DECAFIA_v2\01_dataset\decafia_clean\images\train\SANAS_SOCORRO_457.jpg,train,SANAS_SOCORRO_457,11820525400226612218,17316239876423161519,16346123913859557681
C:\Users\luise\OneDrive\Documentos\DECAFIA_v2\01_dataset\decafia_clean\images\train\SANAS_SOCORRO_458.jpg,train,SANAS_SOCORRO_458,17018931994668729398,13292991310011552098,17914505810179094617
C:\Users\luise\OneDrive\Documentos\DECAFIA_v2\01_dataset\decafia_clean\images\train\SANAS_SOCORRO_46.jpg,train,SANAS_SOCORRO_46,14045660141138770258,10934001222711340039,6997501037341221827
C:\Users\luise\OneDrive\Documentos\DECAFIA_v2\01_dataset\decafia_clean\images\train\SANAS_SOCORRO_460.jpg,train,SANAS_SOCORRO_460,16475427744543712501,12822081748182626464,15005740357149054717
C:\Users\luise\OneDrive\Documentos\DECAFIA_v2\01_dataset\decafia_clean\images\train\SANAS_SOCORRO_461.jpg,train,SANAS_SOCORRO_461,10838521956582450553,14069103494418862124,6197519624167457665
C:\Users\luise\OneDrive\Documentos\DECAFIA_v2\01_dataset\decafia_clean\images\train\SANAS_SOCORRO_463.jpg,train,SANAS_SOCORRO_463,9259729946479915240,15408360256470656317,3173146689420080792
C:\Users\luise\OneDrive\Documentos\DECAFIA_v2\01_dataset\decafia_clean\images\train\SANAS_SOCORRO_464.jpg,train,SANAS_SOCORRO_464,10692511597031618002,13940395608155431319,16720818007769207768
C:\Users\luise\OneDrive\Documentos\DECAFIA_v2\01_dataset\decafia_clean\images\train\SANAS_SOCORRO_465.jpg,train,SANAS_SOCORRO_465,14064598807949199301,10843378503687393968,12474470905666680442
C:\Users\luise\OneDrive\Documentos\DECAFIA_v2\01_dataset\decafia_clean\images\train\SANAS_SOCORRO_466.jpg,train,SANAS_SOCORRO_466,15191829467257811919,9764204473972156090,8516187132772365927
C:\Users\luise\OneDrive\Documentos\DECAFIA_v2\01_dataset\decafia_clean\images\train\SANAS_SOCORRO_467.jpg,train,SANAS_SOCORRO_467,10843097031939101337,14064528435989432261,14611844685418922897
C:\Users\luise\OneDrive\Documentos\DECAFIA_v2\01_dataset\decafia_clean\images\train\SANAS_SOCORRO_468.jpg,train,SANAS_SOCORRO_468,10914588898451285785,13991907319547016012,5921131400768195476
C:\Users\luise\OneDrive\Documentos\DECAFIA_v2\01_dataset\decafia_clean\images\train\SANAS_SOCORRO_471.jpg,train,SANAS_SOCORRO_471,13341041827769502282,17037453319356096351,6769411916084717076
C:\Users\luise\OneDrive\Documentos\DECAFIA_v2\01_dataset\decafia_clean\images\train\SANAS_SOCORRO_472.jpg,train,SANAS_SOCORRO_472,9371674989653435166,15515944988765705283,4255433954021230198
C:\Users\luise\OneDrive\Documentos\DECAFIA_v2\01_dataset\decafia_clean\images\train\SANAS_SOCORRO_473.jpg,train,SANAS_SOCORRO_473,16970207430924867240,13750084403674530813,3971082194359215148
C:\Users\luise\OneDrive\Documentos\DECAFIA_v2\01_dataset\decafia_clean\images\train\SANAS_SOCORRO_474.jpg,train,SANAS_SOCORRO_474,13629328822545460153,16748973905792071420,12311128023126953666
C:\Users\luise\OneDrive\Documentos\DECAFIA_v2\01_dataset\decafia_clean\images\train\SANAS_SOCORRO_475.jpg,train,SANAS_SOCORRO_475,10814694940147769609,14362215514425365589,264127271135760951
C:\Users\luise\OneDrive\Documentos\DECAFIA_v2\01_dataset\decafia_clean\images\train\SANAS_SOCORRO_476.jpg,train,SANAS_SOCORRO_476,13229323228984045568,16324046955028128452,12873967869577982161
C:\Users\luise\OneDrive\Documentos\DECAFIA_v2\01_dataset\decafia_clean\images\train\SANAS_SOCORRO_478.jpg,train,SANAS_SOCORRO_478,12258157963678618098,18320903773454975013,14455442986795070132
C:\Users\luise\OneDrive\Documentos\DECAFIA_v2\01_dataset\decafia_clean\images\train\SANAS_SOCORRO_479.jpg,train,SANAS_SOCORRO_479,18446380413320298496,12295917792258577749,15634660589250120864
C:\Users\luise\OneDrive\Documentos\DECAFIA_v2\01_dataset\decafia_clean\images\train\SANAS_SOCORRO_480.jpg,train,SANAS_SOCORRO_480,13683223775146039970,16767397101429264291,2006908792751030693
C:\Users\luise\OneDrive\Documentos\DECAFIA_v2\01_dataset\decafia_clean\images\train\SANAS_SOCORRO_481.jpg,train,SANAS_SOCORRO_481,14610292077982687920,10922771063344813381,7652809967034930876
C:\Users\luise\OneDrive\Documentos\DECAFIA_v2\01_dataset\decafia_clean\images\train\SANAS_SOCORRO_482.jpg,train,SANAS_SOCORRO_482,14643220839536231110,11412819174992549778,13589108978377178190
C:\Users\luise\OneDrive\Documentos\DECAFIA_v2\01_dataset\decafia_clean\images\train\SANAS_SOCORRO_484.jpg,train,SANAS_SOCORRO_484,12258293653333421026,18395904254072616471,7119784862566345776
C:\Users\luise\OneDrive\Documentos\DECAFIA_v2\01_dataset\decafia_clean\images\train\SANAS_SOCORRO_485.jpg,train,SANAS_SOCORRO_485,18324972285137010194,12329224522227903303,15036550223313330539
C:\Users\luise\OneDrive\Documentos\DECAFIA_v2\01_dataset\decafia_clean\images\train\SANAS_SOCORRO_486.jpg,train,SANAS_SOCORRO_486,18221962953124116109,12228466604117001176,3774951006078229720
C:\Users\luise\OneDrive\Documentos\DECAFIA_v2\01_dataset\decafia_clean\images\train\SANAS_SOCORRO_487.jpg,train,SANAS_SOCORRO_487,18158912558410137229,12201447205308926936,3774951006077705416
C:\Users\luise\OneDrive\Documentos\DECAFIA_v2\01_dataset\decafia_clean\images\train\SANAS_SOCORRO_488.jpg,train,SANAS_SOCORRO_488,14095491723011502248,10576820664656356856,11222826507011014387
C:\Users\luise\OneDrive\Documentos\DECAFIA_v2\01_dataset\decafia_clean\images\train\SANAS_SOCORRO_489.jpg,train,SANAS_SOCORRO_489,10576821704037721486,14383718860758135001,3189114799760048674
C:\Users\luise\OneDrive\Documentos\DECAFIA_v2\01_dataset\decafia_clean\images\train\SANAS_SOCORRO_49.jpg,train,SANAS_SOCORRO_49,15058886161414366254,9632843844235256170,18208025752709305949
C:\Users\luise\OneDrive\Documentos\DECAFIA_v2\01_dataset\decafia_clean\images\train\SANAS_SOCORRO_490.jpg,train,SANAS_SOCORRO_490,9669081637192708413,15238544865807156328,1196428119418291046
C:\Users\luise\OneDrive\Documentos\DECAFIA_v2\01_dataset\decafia_clean\images\train\SANAS_SOCORRO_491.jpg,train,SANAS_SOCORRO_491,14085920229339807789,10894058532519065465,8621682227678756217
C:\Users\luise\OneDrive\Documentos\DECAFIA_v2\01_dataset\decafia_clean\images\train\SANAS_SOCORRO_493.jpg,train,SANAS_SOCORRO_493,10627485818873091373,14279013427014516856,2793220517814276641
C:\Users\luise\OneDrive\Documentos\DECAFIA_v2\01_dataset\decafia_clean\images\train\SANAS_SOCORRO_494.jpg,train,SANAS_SOCORRO_494,15308842961962972171,9306331031980187998,12354474820006782680
C:\Users\luise\OneDrive\Documentos\DECAFIA_v2\01_dataset\decafia_clean\images\train\SANAS_SOCORRO_495.jpg,train,SANAS_SOCORRO_495,12296292184882324067,15560061234992117046,2524310362139281122
C:\Users\luise\OneDrive\Documentos\DECAFIA_v2\01_dataset\decafia_clean\images\train\SANAS_SOCORRO_497.jpg,train,SANAS_SOCORRO_497,11074325229193503680,14770321657275413141,9517268510556213076
C:\Users\luise\OneDrive\Documentos\DECAFIA_v2\01_dataset\decafia_clean\images\train\SANAS_SOCORRO_498.jpg,train,SANAS_SOCORRO_498,14061005770547650704,10553603443788919172,11690838288701695926
C:\Users\luise\OneDrive\Documentos\DECAFIA_v2\01_dataset\decafia_clean\images\train\SANAS_SOCORRO_499.jpg,train,SANAS_SOCORRO_499,10508186074279300616,14159834939956829021,11485102378874299701
C:\Users\luise\OneDrive\Documentos\DECAFIA_v2\01_dataset\decafia_clean\images\train\SANAS_SOCORRO_5.jpg,train,SANAS_SOCORRO_5,18294238248070106293,12159549253098150368,5899954778437165893
C:\Users\luise\OneDrive\Documentos\DECAFIA_v2\01_dataset\decafia_clean\images\train\SANAS_SOCORRO_50.jpg,train,SANAS_SOCORRO_50,14222222733327032501,10811501604573033973,17117687675554216312
C:\Users\luise\OneDrive\Documentos\DECAFIA_v2\01_dataset\decafia_clean\images\train\SANAS_SOCORRO_501.jpg,train,SANAS_SOCORRO_501,13817066094939369287,16912495708586719762,12259256684446796179
C:\Users\luise\OneDrive\Documentos\DECAFIA_v2\01_dataset\decafia_clean\images\train\SANAS_SOCORRO_503.jpg,train,SANAS_SOCORRO_503,13378470966816544841,17076723049472806160,17935660856203535897
C:\Users\luise\OneDrive\Documentos\DECAFIA_v2\01_dataset\decafia_clean\images\train\SANAS_SOCORRO_504.jpg,train,SANAS_SOCORRO_504,11464086993632590038,14577566181548371330,7243704657010864543
C:\Users\luise\OneDrive\Documentos\DECAFIA_v2\01_dataset\decafia_clean\images\train\SANAS_SOCORRO_505.jpg,train,SANAS_SOCORRO_505,9944646849071427226,14650819591618980751,10533990142359031532
C:\Users\luise\OneDrive\Documentos\DECAFIA_v2\01_dataset\decafia_clean\images\train\SANAS_SOCORRO_507.jpg,train,SANAS_SOCORRO_507,10476621305710522153,14138271221799547476,8999057797471766500
C:\Users\luise\OneDrive\Documentos\DECAFIA_v2\01_dataset\decafia_clean\images\train\SANAS_SOCORRO_508.jpg,train,SANAS_SOCORRO_508,15609317335178252358,10217042748812346641,17910260770816847096
C:\Users\luise\OneDrive\Documentos\DECAFIA_v2\01_dataset\decafia_clean\images\train\SANAS_SOCORRO_509.jpg,train,SANAS_SOCORRO_509,10931705885551710840,14115530005854160685,7165633841532732962
C:\Users\luise\OneDrive\Documentos\DECAFIA_v2\01_dataset\decafia_clean\images\train\SANAS_SOCORRO_51.jpg,train,SANAS_SOCORRO_51,14048687378439143767,10926757430456243206,8924796902323273015
C:\Users\luise\OneDrive\Documentos\DECAFIA_v2\01_dataset\decafia_clean\images\train\SANAS_SOCORRO_511.jpg,train,SANAS_SOCORRO_511,11452483919345756706,14680063549920198518,10997094051202897674
C:\Users\luise\OneDrive\Documentos\DECAFIA_v2\01_dataset\decafia_clean\images\train\SANAS_SOCORRO_512.jpg,train,SANAS_SOCORRO_512,11955766824866697870,17347372910167263195,13311569992431687970
C:\Users\luise\OneDrive\Documentos\DECAFIA_v2\01_dataset\decafia_clean\images\train\SANAS_SOCORRO_513.jpg,train,SANAS_SOCORRO_513,16034783324889227665,10003527416597996740,5952084209220185588
C:\Users\luise\OneDrive\Documentos\DECAFIA_v2\01_dataset\decafia_clean\images\train\SANAS_SOCORRO_514.jpg,train,SANAS_SOCORRO_514,11280652185358504607,14545421939739086794,10974153003189886439
C:\Users\luise\OneDrive\Documentos\DECAFIA_v2\01_dataset\decafia_clean\images\train\SANAS_SOCORRO_515.jpg,train,SANAS_SOCORRO_515,11217025358320574022,14771160640116640513,6945824431214651317
C:\Users\luise\OneDrive\Documentos\DECAFIA_v2\01_dataset\decafia_clean\images\train\SANAS_SOCORRO_517.jpg,train,SANAS_SOCORRO_517,17754004458515520834,11761064289560988215,13473348291513401763
C:\Users\luise\OneDrive\Documentos\DECAFIA_v2\01_dataset\decafia_clean\images\train\SANAS_SOCORRO_518.jpg,train,SANAS_SOCORRO_518,16197113866619769096,13083766620637725789,17378639139452436577
C:\Users\luise\OneDrive\Documentos\DECAFIA_v2\01_dataset\decafia_clean\images\train\SANAS_SOCORRO_52.jpg,train,SANAS_SOCORRO_52,12173074044843827467,18282968639636534358,8995967073520533826
C:\Users\luise\OneDrive\Documentos\DECAFIA_v2\01_dataset\decafia_clean\images\train\SANAS_SOCORRO_54.jpg,train,SANAS_SOCORRO_54,13871508375084868883,10796300430202597463,4340199539974307447
C:\Users\luise\OneDrive\Documentos\DECAFIA_v2\01_dataset\decafia_clean\images\train\SANAS_SOCORRO_55.jpg,train,SANAS_SOCORRO_55,15978553883996759094,10009935494752039267,14163989118238820308
C:\Users\luise\OneDrive\Documentos\DECAFIA_v2\01_dataset\decafia_clean\images\train\SANAS_SOCORRO_56.jpg,train,SANAS_SOCORRO_56,11482345787657499781,14559620821348671952,9909897231815835849
C:\Users\luise\OneDrive\Documentos\DECAFIA_v2\01_dataset\decafia_clean\images\train\SANAS_SOCORRO_57.jpg,train,SANAS_SOCORRO_57,13852630473344758524,10766764687407327145,15712539078394624814
C:\Users\luise\OneDrive\Documentos\DECAFIA_v2\01_dataset\decafia_clean\images\train\SANAS_SOCORRO_58.jpg,train,SANAS_SOCORRO_58,9337489162605014818,15042649195766151906,11890348545049652249
C:\Users\luise\OneDrive\Documentos\DECAFIA_v2\01_dataset\decafia_clean\images\train\SANAS_SOCORRO_61.jpg,train,SANAS_SOCORRO_61,9761093501438271643,15141959050386437518,260942701255429772
C:\Users\luise\OneDrive\Documentos\DECAFIA_v2\01_dataset\decafia_clean\images\train\SANAS_SOCORRO_63.jpg,train,SANAS_SOCORRO_63,15549593749346677811,9412026746240642022,13626932082091061151
C:\Users\luise\OneDrive\Documentos\DECAFIA_v2\01_dataset\decafia_clean\images\train\SANAS_SOCORRO_64.jpg,train,SANAS_SOCORRO_64,15026380234406554617,9654937362333416110,8307503272163929789
C:\Users\luise\OneDrive\Documentos\DECAFIA_v2\01_dataset\decafia_clean\images\train\SANAS_SOCORRO_65.jpg,train,SANAS_SOCORRO_65,13882942978296538981,10808439270106953266,6004486181584707439
C:\Users\luise\OneDrive\Documentos\DECAFIA_v2\01_dataset\decafia_clean\images\train\SANAS_SOCORRO_66.jpg,train,SANAS_SOCORRO_66,14477523879624069421,11366850259514623088,9119312392588070857
C:\Users\luise\OneDrive\Documentos\DECAFIA_v2\01_dataset\decafia_clean\images\train\SANAS_SOCORRO_67.jpg,train,SANAS_SOCORRO_67,13938761396798086799,10675001127881575386,8464831537279540749
C:\Users\luise\OneDrive\Documentos\DECAFIA_v2\01_dataset\decafia_clean\images\train\SANAS_SOCORRO_69.jpg,train,SANAS_SOCORRO_69,9763305713083154691,15216378381623645270,15101055367933541902
C:\Users\luise\OneDrive\Documentos\DECAFIA_v2\01_dataset\decafia_clean\images\train\SANAS_SOCORRO_7.jpg,train,SANAS_SOCORRO_7,16198873080610701874,13085473049315448679,16850634147888123952
C:\Users\luise\OneDrive\Documentos\DECAFIA_v2\01_dataset\decafia_clean\images\train\SANAS_SOCORRO_70.jpg,train,SANAS_SOCORRO_70,9359654196526565744,14173248812279307815,1809408017269494694
C:\Users\luise\OneDrive\Documentos\DECAFIA_v2\01_dataset\decafia_clean\images\train\SANAS_SOCORRO_71.jpg,train,SANAS_SOCORRO_71,10391827238542194615,14223065288695112418,9514708565081656592
C:\Users\luise\OneDrive\Documentos\DECAFIA_v2\01_dataset\decafia_clean\images\train\SANAS_SOCORRO_72.jpg,train,SANAS_SOCORRO_72,10164742399245902828,15584493266214729403,8939239554691865688
C:\Users\luise\OneDrive\Documentos\DECAFIA_v2\01_dataset\decafia_clean\images\train\SANAS_SOCORRO_75.jpg,train,SANAS_SOCORRO_75,13843205175353497485,10757328842426049244,7875771132789800049
C:\Users\luise\OneDrive\Documentos\DECAFIA_v2\01_dataset\decafia_clean\images\train\SANAS_SOCORRO_76.jpg,train,SANAS_SOCORRO_76,13093704790864238159,16204930535999293274,17357122979861095593
C:\Users\luise\OneDrive\Documentos\DECAFIA_v2\01_dataset\decafia_clean\images\train\SANAS_SOCORRO_77.jpg,train,SANAS_SOCORRO_77,15479639423385966357,9477802734873266752,9401881258932735429
C:\Users\luise\OneDrive\Documentos\DECAFIA_v2\01_dataset\decafia_clean\images\train\SANAS_SOCORRO_78.jpg,train,SANAS_SOCORRO_78,14098324155121943050,10867777756717324127,13159925356271208270
C:\Users\luise\OneDrive\Documentos\DECAFIA_v2\01_dataset\decafia_clean\images\train\SANAS_SOCORRO_79.jpg,train,SANAS_SOCORRO_79,11458594123954181506,14290026966396928215,10136572671851442838
C:\Users\luise\OneDrive\Documentos\DECAFIA_v2\01_dataset\decafia_clean\images\train\SANAS_SOCORRO_80.jpg,train,SANAS_SOCORRO_80,18054051395377033448,12599299630896424125,13842038368311426812
C:\Users\luise\OneDrive\Documentos\DECAFIA_v2\01_dataset\decafia_clean\images\train\SANAS_SOCORRO_81.jpg,train,SANAS_SOCORRO_81,12023965942523528597,17549648160016027841,6975398653460292385
C:\Users\luise\OneDrive\Documentos\DECAFIA_v2\01_dataset\decafia_clean\images\train\SANAS_SOCORRO_82.jpg,train,SANAS_SOCORRO_82,14810840101221946929,11015797870407484260,14883513032356520217
C:\Users\luise\OneDrive\Documentos\DECAFIA_v2\01_dataset\decafia_clean\images\train\SANAS_SOCORRO_83.jpg,train,SANAS_SOCORRO_83,13337825194040416905,17027173465336877020,14295557727328337136
C:\Users\luise\OneDrive\Documentos\DECAFIA_v2\01_dataset\decafia_clean\images\train\SANAS_SOCORRO_84.jpg,train,SANAS_SOCORRO_84,16121954505163361612,10010346802350537565,14683669511742074420
C:\Users\luise\OneDrive\Documentos\DECAFIA_v2\01_dataset\decafia_clean\images\train\SANAS_SOCORRO_85.jpg,train,SANAS_SOCORRO_85,13307230222059374973,17147897810631677992,7264813910361104863
C:\Users\luise\OneDrive\Documentos\DECAFIA_v2\01_dataset\decafia_clean\images\train\SANAS_SOCORRO_86.jpg,train,SANAS_SOCORRO_86,16728785252103055927,13654000206745714530,7846674072084609471
C:\Users\luise\OneDrive\Documentos\DECAFIA_v2\01_dataset\decafia_clean\images\train\SANAS_SOCORRO_87.jpg,train,SANAS_SOCORRO_87,14635204440463187868,11389574529745603273,13467599820512082402
C:\Users\luise\OneDrive\Documentos\DECAFIA_v2\01_dataset\decafia_clean\images\train\SANAS_SOCORRO_88.jpg,train,SANAS_SOCORRO_88,12948097175063710488,16637902937711713869,12710113411687789486
C:\Users\luise\OneDrive\Documentos\DECAFIA_v2\01_dataset\decafia_clean\images\train\SANAS_SOCORRO_89.jpg,train,SANAS_SOCORRO_89,17912398335379407944,12520229291373875613,11952926982942549226
C:\Users\luise\OneDrive\Documentos\DECAFIA_v2\01_dataset\decafia_clean\images\train\SANAS_SOCORRO_9.jpg,train,SANAS_SOCORRO_9,11305296118160567433,14461390175596460444,15335681505198198724
C:\Users\luise\OneDrive\Documentos\DECAFIA_v2\01_dataset\decafia_clean\images\train\SANAS_SOCORRO_91.jpg,train,SANAS_SOCORRO_91,17343015358319250975,11960313491708320714,8205832234526139771
C:\Users\luise\OneDrive\Documentos\DECAFIA_v2\01_dataset\decafia_clean\images\train\SANAS_SOCORRO_92.jpg,train,SANAS_SOCORRO_92,11955231755055807515,17346971473432439054,8174561578772930833
C:\Users\luise\OneDrive\Documentos\DECAFIA_v2\01_dataset\decafia_clean\images\train\SANAS_SOCORRO_94.jpg,train,SANAS_SOCORRO_94,15674540716992360464,10147299256695563629,9589329667992481287
C:\Users\luise\OneDrive\Documentos\DECAFIA_v2\01_dataset\decafia_clean\images\train\SANAS_SOCORRO_95.jpg,train,SANAS_SOCORRO_95,10291697015497466919,15674258147188519280,6667460056684464314
C:\Users\luise\OneDrive\Documentos\DECAFIA_v2\01_dataset\decafia_clean\images\train\SANAS_SOCORRO_96.jpg,train,SANAS_SOCORRO_96,12496069002955754800,17888193097945827428,14184351897248150273
C:\Users\luise\OneDrive\Documentos\DECAFIA_v2\01_dataset\decafia_clean\images\train\SANAS_SOCORRO_97.jpg,train,SANAS_SOCORRO_97,17394817881147295972,11833942385348353459,13509531589304345938
C:\Users\luise\OneDrive\Documentos\DECAFIA_v2\01_dataset\decafia_clean\images\train\SANAS_SOCORRO_98.jpg,train,SANAS_SOCORRO_98,17461022263343167725,12035683539092303032,12049195530907073969
C:\Users\luise\OneDrive\Documentos\DECAFIA_v2\01_dataset\decafia_clean\images\train\SANAS_SOCORRO_99.jpg,train,SANAS_SOCORRO_99,18225430842272317987,12158289202328523366,15622137168420376391
C:\Users\luise\OneDrive\Documentos\DECAFIA_v2\01_dataset\decafia_clean\images\val\COCO_M_A_10.jpg,val,COCO_M_A_10,17611258854091864264,11615512191201734037,17940362829077071870
C:\Users\luise\OneDrive\Documentos\DECAFIA_v2\01_dataset\decafia_clean\images\val\COCO_M_A_103.jpg,val,COCO_M_A_103,9865627415514030650,15977903449451050351,14450993746207018930
C:\Users\luise\OneDrive\Documentos\DECAFIA_v2\01_dataset\decafia_clean\images\val\COCO_M_A_13.jpg,val,COCO_M_A_13,14858634947462771287,11196276963627787010,6149693981994167902
C:\Users\luise\OneDrive\Documentos\DECAFIA_v2\01_dataset\decafia_clean\images\val\COCO_M_A_30.jpg,val,COCO_M_A_30,18230846371448333925,12129794111283721008,11593359882937954026
C:\Users\luise\OneDrive\Documentos\DECAFIA_v2\01_dataset\decafia_clean\images\val\COCO_M_A_5.jpg,val,COCO_M_A_5,11010296596758074288,14814937587292137189,15892722749842839749
C:\Users\luise\OneDrive\Documentos\DECAFIA_v2\01_dataset\decafia_clean\images\val\COCO_M_A_56.jpg,val,COCO_M_A_56,12271555148337031478,15210915672225348707,9373125554918687299
C:\Users\luise\OneDrive\Documentos\DECAFIA_v2\01_dataset\decafia_clean\images\val\COCO_M_A_64.jpg,val,COCO_M_A_64,17901973314052460362,12475182848078961311,8351299820144066431
C:\Users\luise\OneDrive\Documentos\DECAFIA_v2\01_dataset\decafia_clean\images\val\COCO_M_A_65.jpg,val,COCO_M_A_65,15998925935559721366,10039314166311228643,10924907283996140110
C:\Users\luise\OneDrive\Documentos\DECAFIA_v2\01_dataset\decafia_clean\images\val\COCO_M_A_7.jpg,val,COCO_M_A_7,15074822677332726851,9539171635127304478,14348822352063013941
C:\Users\luise\OneDrive\Documentos\DECAFIA_v2\01_dataset\decafia_clean\images\val\COCO_M_A_84.jpg,val,COCO_M_A_84,12069879828810272089,17500292801197758476,1694361233051398869
C:\Users\luise\OneDrive\Documentos\DECAFIA_v2\01_dataset\decafia_clean\images\val\COCO_M_A_9.jpg,val,COCO_M_A_9,11900809878024648578,17326894576154387031,3491689292097488864
C:\Users\luise\OneDrive\Documentos\DECAFIA_v2\01_dataset\decafia_clean\images\val\COCO_M_A_91.jpg,val,COCO_M_A_91,16149609260843806656,13063716957073799829,14485279652921897833
C:\Users\luise\OneDrive\Documentos\DECAFIA_v2\01_dataset\decafia_clean\images\val\COCO_Muy_A_10.jpg,val,COCO_Muy_A_10,12280707475206449237,17237671818886540544,16209097639641252418
C:\Users\luise\OneDrive\Documentos\DECAFIA_v2\01_dataset\decafia_clean\images\val\COCO_Muy_A_103.jpg,val,COCO_Muy_A_103,17168496452684462217,12328487272520933848,4069838926596114657
C:\Users\luise\OneDrive\Documentos\DECAFIA_v2\01_dataset\decafia_clean\images\val\COCO_Muy_A_104.jpg,val,COCO_Muy_A_104,10094646865944011486,15660764686550251403,2815057653267944540
C:\Users\luise\OneDrive\Documentos\DECAFIA_v2\01_dataset\decafia_clean\images\val\COCO_Muy_A_112.jpg,val,COCO_Muy_A_112,16921405565776979169,12358369856660255156,6167185469233750264
C:\Users\luise\OneDrive\Documentos\DECAFIA_v2\01_dataset\decafia_clean\images\val\COCO_Muy_A_14.jpg,val,COCO_Muy_A_14,10959771493851608804,17027190221477716897,14289054958906502363
C:\Users\luise\OneDrive\Documentos\DECAFIA_v2\01_dataset\decafia_clean\images\val\COCO_Muy_A_58.jpg,val,COCO_Muy_A_58,13810184536116469313,12317614351820638992,12817514828512126049
C:\Users\luise\OneDrive\Documentos\DECAFIA_v2\01_dataset\decafia_clean\images\val\COCO_Muy_A_59.jpg,val,COCO_Muy_A_59,9620245225442125813,15047845058851140256,13127770009295456246
C:\Users\luise\OneDrive\Documentos\DECAFIA_v2\01_dataset\decafia_clean\images\val\COCO_Muy_A_65.jpg,val,COCO_Muy_A_65,13214908701516359425,16298980495198057300,9266183276856485422
C:\Users\luise\OneDrive\Documentos\DECAFIA_v2\01_dataset\decafia_clean\images\val\COCO_Muy_A_76.jpg,val,COCO_Muy_A_76,16910332562047552593,13832951990283769862,17865912456113353013
C:\Users\luise\OneDrive\Documentos\DECAFIA_v2\01_dataset\decafia_clean\images\val\COCO_Muy_A_85.jpg,val,COCO_Muy_A_85,17676821388039672495,11531460458719512314,17429431144950905232
C:\Users\luise\OneDrive\Documentos\DECAFIA_v2\01_dataset\decafia_clean\images\val\COCO_Muy_A_94.jpg,val,COCO_Muy_A_94,17202767269681649214,13540587836058764139,607100408377210938
C:\Users\luise\OneDrive\Documentos\DECAFIA_v2\01_dataset\decafia_clean\images\val\COCO_Muy_A_98.jpg,val,COCO_Muy_A_98,14818222599967989384,11020787282601085917,4168235991486454301
C:\Users\luise\OneDrive\Documentos\DECAFIA_v2\01_dataset\decafia_clean\images\val\COCO_P_A_2.jpg,val,COCO_P_A_2,13648370419610819272,16734696445643280280,17363858096310510065
C:\Users\luise\OneDrive\Documentos\DECAFIA_v2\01_dataset\decafia_clean\images\val\COCO_P_A_23.jpg,val,COCO_P_A_23,14245240525726448844,10440495802668099865,5581615534909955606
C:\Users\luise\OneDrive\Documentos\DECAFIA_v2\01_dataset\decafia_clean\images\val\COCO_P_A_28.jpg,val,COCO_P_A_28,12123012669175588012,18260058679955960041,13898347011816699904
C:\Users\luise\OneDrive\Documentos\DECAFIA_v2\01_dataset\decafia_clean\images\val\COCO_P_A_29.jpg,val,COCO_P_A_29,13999561280844849527,10744809821560943926,4331934144464136177
C:\Users\luise\OneDrive\Documentos\DECAFIA_v2\01_dataset\decafia_clean\images\val\COCO_P_A_38.jpg,val,COCO_P_A_38,16470670550164609389,12810144223283760185,3995248092666984884
C:\Users\luise\OneDrive\Documentos\DECAFIA_v2\01_dataset\decafia_clean\images\val\COCO_P_A_4.jpg,val,COCO_P_A_4,11504339012520804458,14623973197296096303,11940045401864245199
C:\Users\luise\OneDrive\Documentos\DECAFIA_v2\01_dataset\decafia_clean\images\val\COCO_P_A_49.jpg,val,COCO_P_A_49,17106931061926505781,13275857983101530209,6659924203075080593
C:\Users\luise\OneDrive\Documentos\DECAFIA_v2\01_dataset\decafia_clean\images\val\COCO_P_A_5.jpg,val,COCO_P_A_5,9618429217098407521,15001159667146999860,10666605303019682073
C:\Users\luise\OneDrive\Documentos\DECAFIA_v2\01_dataset\decafia_clean\images\val\COCO_P_A_55.jpg,val,COCO_P_A_55,12279898592750250498,18104334025272720384,16343585106680684842
C:\Users\luise\OneDrive\Documentos\DECAFIA_v2\01_dataset\decafia_clean\images\val\COCO_P_A_77.jpg,val,COCO_P_A_77,13662443979040399031,16774665308365491170,13880270525334843408
C:\Users\luise\OneDrive\Documentos\DECAFIA_v2\01_dataset\decafia_clean\images\val\COCO_P_A_9.jpg,val,COCO_P_A_9,14740904060642562686,11080371795866666755,6561478635915221302
C:\Users\luise\OneDrive\Documentos\DECAFIA_v2\01_dataset\decafia_clean\images\val\COCO_RECORTE_10.jpg,val,COCO_RECORTE_10,10982139412471327991,14789311592565500074,14421834590132584736
C:\Users\luise\OneDrive\Documentos\DECAFIA_v2\01_dataset\decafia_clean\images\val\COCO_RECORTE_101.jpg,val,COCO_RECORTE_101,14437197405132153754,11388033188321474255,11299029775816773489
C:\Users\luise\OneDrive\Documentos\DECAFIA_v2\01_dataset\decafia_clean\images\val\COCO_RECORTE_102.jpg,val,COCO_RECORTE_102,11863461810533729882,17434048767506748175,3467792711322963229
C:\Users\luise\OneDrive\Documentos\DECAFIA_v2\01_dataset\decafia_clean\images\val\COCO_RECORTE_105.jpg,val,COCO_RECORTE_105,17102068411692618553,13259606488463926892,15814869010099231852
C:\Users\luise\OneDrive\Documentos\DECAFIA_v2\01_dataset\decafia_clean\images\val\COCO_RECORTE_11.jpg,val,COCO_RECORTE_11,16289125350044191783,13140321078832568674,12007425750852003117
C:\Users\luise\OneDrive\Documentos\DECAFIA_v2\01_dataset\decafia_clean\images\val\COCO_RECORTE_12.jpg,val,COCO_RECORTE_12,11954129656654362889,17345839120203459932,12227546187706680489
C:\Users\luise\OneDrive\Documentos\DECAFIA_v2\01_dataset\decafia_clean\images\val\COCO_RECORTE_127.jpg,val,COCO_RECORTE_127,9380245585668961558,15526167365836153923,1809629134116623927
C:\Users\luise\OneDrive\Documentos\DECAFIA_v2\01_dataset\decafia_clean\images\val\COCO_RECORTE_133.jpg,val,COCO_RECORTE_133,14080574003162559819,10825925771035402270,8010829614481348405
C:\Users\luise\OneDrive\Documentos\DECAFIA_v2\01_dataset\decafia_clean\images\val\COCO_RECORTE_134.jpg,val,COCO_RECORTE_134,16208805222460066182,13016645549937118922,13862117384760641174
C:\Users\luise\OneDrive\Documentos\DECAFIA_v2\01_dataset\decafia_clean\images\val\COCO_RECORTE_138.jpg,val,COCO_RECORTE_138,16621321510194002980,10664416770206025984,6788772207676694447
C:\Users\luise\OneDrive\Documentos\DECAFIA_v2\01_dataset\decafia_clean\images\val\COCO_RECORTE_149.jpg,val,COCO_RECORTE_149,13169515449282090445,16399559816633057432,3834170176456196680
C:\Users\luise\OneDrive\Documentos\DECAFIA_v2\01_dataset\decafia_clean\images\val\COCO_RECORTE_153.jpg,val,COCO_RECORTE_153,14865671550294265956,11175731739462894899,13753669822391449178
C:\Users\luise\OneDrive\Documentos\DECAFIA_v2\01_dataset\decafia_clean\images\val\COCO_RECORTE_155.jpg,val,COCO_RECORTE_155,16353661795850776108,12728498099800684665,8246632592304274584
C:\Users\luise\OneDrive\Documentos\DECAFIA_v2\01_dataset\decafia_clean\images\val\COCO_RECORTE_20.jpg,val,COCO_RECORTE_20,10127887693697489364,15697342026892102785,5262892762298805243
C:\Users\luise\OneDrive\Documentos\DECAFIA_v2\01_dataset\decafia_clean\images\val\COCO_RECORTE_32.jpg,val,COCO_RECORTE_32,13140990690454089889,16360302278507120112,14455062437534195760
C:\Users\luise\OneDrive\Documentos\DECAFIA_v2\01_dataset\decafia_clean\images\val\COCO_RECORTE_38.jpg,val,COCO_RECORTE_38,11839351463944538698,17370531340499226399,15069467222110388481
C:\Users\luise\OneDrive\Documentos\DECAFIA_v2\01_dataset\decafia_clean\images\val\COCO_RECORTE_39.jpg,val,COCO_RECORTE_39,13098999898065135689,16329395102363008284,15894112657681390041
C:\Users\luise\OneDrive\Documentos\DECAFIA_v2\01_dataset\decafia_clean\images\val\COCO_RECORTE_42.jpg,val,COCO_RECORTE_42,13823755386789500928,16898223908584296327,14322541603683082304
C:\Users\luise\OneDrive\Documentos\DECAFIA_v2\01_dataset\decafia_clean\images\val\COCO_RECORTE_63.jpg,val,COCO_RECORTE_63,15889577412169199554,9824122294174169751,16702606639171750547
C:\Users\luise\OneDrive\Documentos\DECAFIA_v2\01_dataset\decafia_clean\images\val\COCO_RECORTE_66.jpg,val,COCO_RECORTE_66,16511764767938566604,12714162883015773401,1689937542374199063
C:\Users\luise\OneDrive\Documentos\DECAFIA_v2\01_dataset\decafia_clean\images\val\COCO_RECORTE_79.jpg,val,COCO_RECORTE_79,17872261308530273701,12489136720600823856,7370855113798077187
C:\Users\luise\OneDrive\Documentos\DECAFIA_v2\01_dataset\decafia_clean\images\val\COCO_RECORTE_82.jpg,val,COCO_RECORTE_82,11565458916103351661,17714087587611785272,295629072882823928
C:\Users\luise\OneDrive\Documentos\DECAFIA_v2\01_dataset\decafia_clean\images\val\COCO_RECORTE_84.jpg,val,COCO_RECORTE_84,10516992065187379208,14242240035440373085,5742492116461768538
C:\Users\luise\OneDrive\Documentos\DECAFIA_v2\01_dataset\decafia_clean\images\val\COCO_RECORTE_87.jpg,val,COCO_RECORTE_87,17335787731555991068,12520079818507512683,15687564074889179003
C:\Users\luise\OneDrive\Documentos\DECAFIA_v2\01_dataset\decafia_clean\images\val\COCO_RECORTE_88.jpg,val,COCO_RECORTE_88,12454354220642387609,17979377381205578700,1729404042063411312
C:\Users\luise\OneDrive\Documentos\DECAFIA_v2\01_dataset\decafia_clean\images\val\COCO_RECORTE_91.jpg,val,COCO_RECORTE_91,15241280402044829241,9716149626147859244,4552901384610740199
C:\Users\luise\OneDrive\Documentos\DECAFIA_v2\01_dataset\decafia_clean\images\val\COCO_RECORTE_97.jpg,val,COCO_RECORTE_97,13698737195786340173,14649898648797958168,3667767993113260352
C:\Users\luise\OneDrive\Documentos\DECAFIA_v2\01_dataset\decafia_clean\images\val\COCO_RECORTE_99.jpg,val,COCO_RECORTE_99,16959644872365011585,11387798574172612564,1606778576229934261
C:\Users\luise\OneDrive\Documentos\DECAFIA_v2\01_dataset\decafia_clean\images\val\MINADO_RECORTES_10.jpg,val,MINADO_RECORTES_10,10651643398511545697,14305517542204979380,14099410569979732401
C:\Users\luise\OneDrive\Documentos\DECAFIA_v2\01_dataset\decafia_clean\images\val\MINADO_RECORTES_103.jpg,val,MINADO_RECORTES_103,14240155588274175164,10434391023381998057,11787408127087442291
C:\Users\luise\OneDrive\Documentos\DECAFIA_v2\01_dataset\decafia_clean\images\val\MINADO_RECORTES_109.jpg,val,MINADO_RECORTES_109,11590539251039398313,17693670259127073980,10175721666235093707
C:\Users\luise\OneDrive\Documentos\DECAFIA_v2\01_dataset\decafia_clean\images\val\MINADO_RECORTES_11.jpg,val,MINADO_RECORTES_11,12561011406438896937,18087854716154200188,1160952907864644632
C:\Users\luise\OneDrive\Documentos\DECAFIA_v2\01_dataset\decafia_clean\images\val\MINADO_RECORTES_129.jpg,val,MINADO_RECORTES_129,14132700072654930041,10609419191639871278,18028513410070317364
C:\Users\luise\OneDrive\Documentos\DECAFIA_v2\01_dataset\decafia_clean\images\val\MINADO_RECORTES_132.jpg,val,MINADO_RECORTES_132,9582105510703213332,15109347384759582273,13997771608324053004
C:\Users\luise\OneDrive\Documentos\DECAFIA_v2\01_dataset\decafia_clean\images\val\MINADO_RECORTES_16.jpg,val,MINADO_RECORTES_16,10647605261556308585,14305316718521651000,17548073117258334669
C:\Users\luise\OneDrive\Documentos\DECAFIA_v2\01_dataset\decafia_clean\images\val\MINADO_RECORTES_2.jpg,val,MINADO_RECORTES_2,13195687107559899797,16317995931519293376,16276558680041950673
C:\Users\luise\OneDrive\Documentos\DECAFIA_v2\01_dataset\decafia_clean\images\val\MINADO_RECORTES_29.jpg,val,MINADO_RECORTES_29,12204092117321638923,17584850428016505182,5271847147191706672
C:\Users\luise\OneDrive\Documentos\DECAFIA_v2\01_dataset\decafia_clean\images\val\MINADO_RECORTES_32.jpg,val,MINADO_RECORTES_32,13571358189442192687,16790117652061163646,11601667842819050568
C:\Users\luise\OneDrive\Documentos\DECAFIA_v2\01_dataset\decafia_clean\images\val\MINADO_RECORTES_35.jpg,val,MINADO_RECORTES_35,15052488028039356339,9561277563384285926,15661678257618282222
C:\Users\luise\OneDrive\Documentos\DECAFIA_v2\01_dataset\decafia_clean\images\val\MINADO_RECORTES_4.jpg,val,MINADO_RECORTES_4,18375213149910907218,12273587019444381703,6680986029385358046
C:\Users\luise\OneDrive\Documentos\DECAFIA_v2\01_dataset\decafia_clean\images\val\MINADO_RECORTES_43.jpg,val,MINADO_RECORTES_43,15344774447157244824,10061827008424945388,12957950529343541039
C:\Users\luise\OneDrive\Documentos\DECAFIA_v2\01_dataset\decafia_clean\images\val\MINADO_RECORTES_46.jpg,val,MINADO_RECORTES_46,16456446325287286573,12768865939715433048,17898475318595000664
C:\Users\luise\OneDrive\Documentos\DECAFIA_v2\01_dataset\decafia_clean\images\val\MINADO_RECORTES_49.jpg,val,MINADO_RECORTES_49,18374823743180659460,12273762036242386520,12765564064162575056
C:\Users\luise\OneDrive\Documentos\DECAFIA_v2\01_dataset\decafia_clean\images\val\MINADO_RECORTES_51.jpg,val,MINADO_RECORTES_51,10506441167312987538,14166976178055704775,2834736164471392065
C:\Users\luise\OneDrive\Documentos\DECAFIA_v2\01_dataset\decafia_clean\images\val\MINADO_RECORTES_57.jpg,val,MINADO_RECORTES_57,11085160036077188174,14736678512486900091,794338933039105612
C:\Users\luise\OneDrive\Documentos\DECAFIA_v2\01_dataset\decafia_clean\images\val\MINADO_RECORTES_63.jpg,val,MINADO_RECORTES_63,13937571833229197624,10698695543716615277,4123973640451983158
C:\Users\luise\OneDrive\Documentos\DECAFIA_v2\01_dataset\decafia_clean\images\val\MINADO_RECORTES_72.jpg,val,MINADO_RECORTES_72,13043826453761581375,16344036231339586666,261724815806268902
C:\Users\luise\OneDrive\Documentos\DECAFIA_v2\01_dataset\decafia_clean\images\val\MINADO_RECORTES_8.jpg,val,MINADO_RECORTES_8,11755149484238286247,16318504601870590144,15019988161811517766
C:\Users\luise\OneDrive\Documentos\DECAFIA_v2\01_dataset\decafia_clean\images\val\MINADO_RECORTES_81.jpg,val,MINADO_RECORTES_81,10727622483704569446,13958201822492560179,3445363009231752103
C:\Users\luise\OneDrive\Documentos\DECAFIA_v2\01_dataset\decafia_clean\images\val\MINADO_RECORTES_85.jpg,val,MINADO_RECORTES_85,12872654176419653786,16713015998041307343,6999651969931649986
C:\Users\luise\OneDrive\Documentos\DECAFIA_v2\01_dataset\decafia_clean\images\val\MINADO_RECORTES_86.jpg,val,MINADO_RECORTES_86,13781155121450061605,12255748984102713960,8237851738130197392
C:\Users\luise\OneDrive\Documentos\DECAFIA_v2\01_dataset\decafia_clean\images\val\MINADO_RECORTES_88.jpg,val,MINADO_RECORTES_88,11918454580170534129,17308334052815944612,3688854060386608433
C:\Users\luise\OneDrive\Documentos\DECAFIA_v2\01_dataset\decafia_clean\images\val\MINADO_RECORTES_98.jpg,val,MINADO_RECORTES_98,10660618097515054153,14314492381203345692,11971451211898652423
C:\Users\luise\OneDrive\Documentos\DECAFIA_v2\01_dataset\decafia_clean\images\val\MINADOR_12.jpg,val,MINADOR_12,10032674619089762012,16007602030884512649,7243063321808374789
C:\Users\luise\OneDrive\Documentos\DECAFIA_v2\01_dataset\decafia_clean\images\val\MINADOR_13.jpg,val,MINADOR_13,12613967614827335579,18039315515679557838,10425978877155274864
C:\Users\luise\OneDrive\Documentos\DECAFIA_v2\01_dataset\decafia_clean\images\val\MINADOR_18.jpg,val,MINADOR_18,18312341565743675598,12283450013158271257,12750520516828528575
C:\Users\luise\OneDrive\Documentos\DECAFIA_v2\01_dataset\decafia_clean\images\val\MINADOR_32.jpg,val,MINADOR_32,18335215668276124292,12332703855960362963,17437087657703962873
C:\Users\luise\OneDrive\Documentos\DECAFIA_v2\01_dataset\decafia_clean\images\val\MINADOR_56.jpg,val,MINADOR_56,18412053433069218829,12308782940380936472,11525249978075768831
C:\Users\luise\OneDrive\Documentos\DECAFIA_v2\01_dataset\decafia_clean\images\val\MINADOR_61.jpg,val,MINADOR_61,12631704210423861048,18021577601395169901,4103008597978964209
C:\Users\luise\OneDrive\Documentos\DECAFIA_v2\01_dataset\decafia_clean\images\val\MINADOR_64.jpg,val,MINADOR_64,17235720460940073863,13431635305873968850,8208070581755640024
C:\Users\luise\OneDrive\Documentos\DECAFIA_v2\01_dataset\decafia_clean\images\val\MINADOR_66.jpg,val,MINADOR_66,16898774344225234556,13817554847307844393,4100767836332680313
C:\Users\luise\OneDrive\Documentos\DECAFIA_v2\01_dataset\decafia_clean\images\val\MINADOR_72.jpg,val,MINADOR_72,17167323076015985481,13505099240645969436,16201973407476627481
C:\Users\luise\OneDrive\Documentos\DECAFIA_v2\01_dataset\decafia_clean\images\val\MINADOR_9.jpg,val,MINADOR_9,16890650771065379505,13776775364171976416,17361628175565256816
C:\Users\luise\OneDrive\Documentos\DECAFIA_v2\01_dataset\decafia_clean\images\val\MINEIRO_108.jpg,val,MINEIRO_108,18333456196200093702,12337839962876906835,17941435770898801136
C:\Users\luise\OneDrive\Documentos\DECAFIA_v2\01_dataset\decafia_clean\images\val\MINEIRO_114.jpg,val,MINEIRO_114,12261548566029639270,18409747850460187443,3522026851328391410
C:\Users\luise\OneDrive\Documentos\DECAFIA_v2\01_dataset\decafia_clean\images\val\MINEIRO_116.jpg,val,MINEIRO_116,16055734281994249062,10055473739028231731,6867362998178864856
C:\Users\luise\OneDrive\Documentos\DECAFIA_v2\01_dataset\decafia_clean\images\val\MINEIRO_141.jpg,val,MINEIRO_141,12309166579422972736,18349816200202721793,7269059021451878624
C:\Users\luise\OneDrive\Documentos\DECAFIA_v2\01_dataset\decafia_clean\images\val\MINEIRO_145.jpg,val,MINEIRO_145,17235487286435942042,13431023862189054926,17429199632333602297
C:\Users\luise\OneDrive\Documentos\DECAFIA_v2\01_dataset\decafia_clean\images\val\MINEIRO_156.jpg,val,MINEIRO_156,18389780676281601354,12277082251624110111,17363888899918325472
C:\Users\luise\OneDrive\Documentos\DECAFIA_v2\01_dataset\decafia_clean\images\val\MINEIRO_17.jpg,val,MINEIRO_17,18428875393009094512,12291961461177834021,4141320367477946593
C:\Users\luise\OneDrive\Documentos\DECAFIA_v2\01_dataset\decafia_clean\images\val\MINEIRO_171.jpg,val,MINEIRO_171,18354298685691333766,12385677694092204434,3450831343396745283
C:\Users\luise\OneDrive\Documentos\DECAFIA_v2\01_dataset\decafia_clean\images\val\MINEIRO_172.jpg,val,MINEIRO_172,16948439786975359878,13430193572247906011,17424625680240671997
C:\Users\luise\OneDrive\Documentos\DECAFIA_v2\01_dataset\decafia_clean\images\val\MINEIRO_187.jpg,val,MINEIRO_187,18095077239028041307,12559402146053784334,8782272920767489136
C:\Users\luise\OneDrive\Documentos\DECAFIA_v2\01_dataset\decafia_clean\images\val\MINEIRO_21.jpg,val,MINEIRO_21,18391786225214410689,12279492521794902678,17566515637641601150
C:\Users\luise\OneDrive\Documentos\DECAFIA_v2\01_dataset\decafia_clean\images\val\MINEIRO_3.jpg,val,MINEIRO_3,18061053307236572737,12389565421847546676,17902077765211582704
C:\Users\luise\OneDrive\Documentos\DECAFIA_v2\01_dataset\decafia_clean\images\val\MINEIRO_44.jpg,val,MINEIRO_44,18344710298797723469,12376055121507687096,16411637011193459760
C:\Users\luise\OneDrive\Documentos\DECAFIA_v2\01_dataset\decafia_clean\images\val\MINEIRO_50.jpg,val,MINEIRO_50,16775211301971073234,13661898827514105222,1871514908967629041
C:\Users\luise\OneDrive\Documentos\DECAFIA_v2\01_dataset\decafia_clean\images\val\MINEIRO_52.jpg,val,MINEIRO_52,16908137600952998243,13749648566680276020,5744891969162083964
C:\Users\luise\OneDrive\Documentos\DECAFIA_v2\01_dataset\decafia_clean\images\val\MINEIRO_61.jpg,val,MINEIRO_61,18406370220463344610,12260985529168731830,17580356042212306992
C:\Users\luise\OneDrive\Documentos\DECAFIA_v2\01_dataset\decafia_clean\images\val\MINEIRO_72.jpg,val,MINEIRO_72,16902471276261252685,13530204453858102040,3744976903730035737
C:\Users\luise\OneDrive\Documentos\DECAFIA_v2\01_dataset\decafia_clean\images\val\MINEIRO_73.jpg,val,MINEIRO_73,12675544496400548664,18067740055594173989,17940345270577711344
C:\Users\luise\OneDrive\Documentos\DECAFIA_v2\01_dataset\decafia_clean\images\val\MINEIRO_77.jpg,val,MINEIRO_77,13771392693185842983,16881890158097848946,16204172017407123568
C:\Users\luise\OneDrive\Documentos\DECAFIA_v2\01_dataset\decafia_clean\images\val\MINEIRO_78.jpg,val,MINEIRO_78,18352350467117991881,12386571154265965208,8210326909097925881
C:\Users\luise\OneDrive\Documentos\DECAFIA_v2\01_dataset\decafia_clean\images\val\MINEIRO_80.jpg,val,MINEIRO_80,16753889378014108217,13660702770264133420,8680803562386159864
C:\Users\luise\OneDrive\Documentos\DECAFIA_v2\01_dataset\decafia_clean\images\val\MINEIRO_88.jpg,val,MINEIRO_88,18359720191585572984,12294687795151310381,10045781011014412785
C:\Users\luise\OneDrive\Documentos\DECAFIA_v2\01_dataset\decafia_clean\images\val\MINEIRO_89.jpg,val,MINEIRO_89,16896244819330243094,13775614542935740227,18012398381211613208
C:\Users\luise\OneDrive\Documentos\DECAFIA_v2\01_dataset\decafia_clean\images\val\MINEIRO_92.jpg,val,MINEIRO_92,18332676500720073882,12267405647427103119,18012404815339546895
C:\Users\luise\OneDrive\Documentos\DECAFIA_v2\01_dataset\decafia_clean\images\val\MINEIRO_95.jpg,val,MINEIRO_95,12321249986783969541,18422126834580640848,12513863065807164622
C:\Users\luise\OneDrive\Documentos\DECAFIA_v2\01_dataset\decafia_clean\images\val\MINEIRO_96.jpg,val,MINEIRO_96,12614464877429312449,18035440608805494422,16199641996349993200
C:\Users\luise\OneDrive\Documentos\DECAFIA_v2\01_dataset\decafia_clean\images\val\ROYA_FONDO_17.jpg,val,ROYA_FONDO_17,16911445146683275292,13683273326034299977,1257037476983011569
C:\Users\luise\OneDrive\Documentos\DECAFIA_v2\01_dataset\decafia_clean\images\val\ROYA_FONDO_27.jpg,val,ROYA_FONDO_27,12304841943895820644,18417119762512972849,2839784276588292177
C:\Users\luise\OneDrive\Documentos\DECAFIA_v2\01_dataset\decafia_clean\images\val\ROYA_FONDO_35.jpg,val,ROYA_FONDO_35,13641350721492389577,16733834019766524558,17361654537302171937
C:\Users\luise\OneDrive\Documentos\DECAFIA_v2\01_dataset\decafia_clean\images\val\ROYA_FONDO_39.jpg,val,ROYA_FONDO_39,12135390743545146601,18175618527669991852,2333133956806369585
C:\Users\luise\OneDrive\Documentos\DECAFIA_v2\01_dataset\decafia_clean\images\val\ROYA_FONDO_4.jpg,val,ROYA_FONDO_4,13361782778980633755,12410728567644867014,8212538652071879009
C:\Users\luise\OneDrive\Documentos\DECAFIA_v2\01_dataset\decafia_clean\images\val\ROYA_FONDO_40.jpg,val,ROYA_FONDO_40,16955988505711908915,13698420511699488102,3528848385380212784
C:\Users\luise\OneDrive\Documentos\DECAFIA_v2\01_dataset\decafia_clean\images\val\ROYA_FONDO_43.jpg,val,ROYA_FONDO_43,16550898812656036969,12746541074770131244,13218471145708286453
C:\Users\luise\OneDrive\Documentos\DECAFIA_v2\01_dataset\decafia_clean\images\val\ROYA_FONDO_48.jpg,val,ROYA_FONDO_48,17900901991305091226,12482169271977692618,8212561176960184500
C:\Users\luise\OneDrive\Documentos\DECAFIA_v2\01_dataset\decafia_clean\images\val\ROYA_FONDO_5.jpg,val,ROYA_FONDO_5,13443404981857012588,17277150186914225849,7161225372741460081
C:\Users\luise\OneDrive\Documentos\DECAFIA_v2\01_dataset\decafia_clean\images\val\ROYA_FONDO_69.jpg,val,ROYA_FONDO_69,16834041305056633306,13604180563831436431,15336138752634417320
C:\Users\luise\OneDrive\Documentos\DECAFIA_v2\01_dataset\decafia_clean\images\val\ROYA_FONDO_70.jpg,val,ROYA_FONDO_70,13002107143431218892,16223539097239303065,7125804914740094562
C:\Users\luise\OneDrive\Documentos\DECAFIA_v2\01_dataset\decafia_clean\images\val\ROYA_FONDO_81.jpg,val,ROYA_FONDO_81,18039978272892225383,12614500907092333104,8704020668654089457
C:\Users\luise\OneDrive\Documentos\DECAFIA_v2\01_dataset\decafia_clean\images\val\ROYA_FONDO_87.jpg,val,ROYA_FONDO_87,17922221925351018185,12532902756993108748,17573578901344810233
C:\Users\luise\OneDrive\Documentos\DECAFIA_v2\01_dataset\decafia_clean\images\val\ROYA_FONDO_89.jpg,val,ROYA_FONDO_89,16830661514832459783,13602788623915707730,2122445487153674523
C:\Users\luise\OneDrive\Documentos\DECAFIA_v2\01_dataset\decafia_clean\images\val\ROYA_MA_11.jpg,val,ROYA_MA_11,10055813581430125403,16057646567521363462,904246089441218063
C:\Users\luise\OneDrive\Documentos\DECAFIA_v2\01_dataset\decafia_clean\images\val\ROYA_MA_15.jpg,val,ROYA_MA_15,12503882978919406217,17929923063111880512,10617544071692288213
C:\Users\luise\OneDrive\Documentos\DECAFIA_v2\01_dataset\decafia_clean\images\val\ROYA_MA_37.jpg,val,ROYA_MA_37,14990082496092770365,9606791393758172536,5701064536260304122
C:\Users\luise\OneDrive\Documentos\DECAFIA_v2\01_dataset\decafia_clean\images\val\ROYA_MA_38.jpg,val,ROYA_MA_38,13664023069433443834,16786333921314308271,5377440241451911881
C:\Users\luise\OneDrive\Documentos\DECAFIA_v2\01_dataset\decafia_clean\images\val\ROYA_MA_40.jpg,val,ROYA_MA_40,9481335444056273902,15474417864074208955,234478728147012664
C:\Users\luise\OneDrive\Documentos\DECAFIA_v2\01_dataset\decafia_clean\images\val\ROYA_MA_46.jpg,val,ROYA_MA_46,12647266457891508311,18074432808839009667,1808257616807243916
C:\Users\luise\OneDrive\Documentos\DECAFIA_v2\01_dataset\decafia_clean\images\val\ROYA_MA_59.jpg,val,ROYA_MA_59,16086645390300266540,9973902615174617961,14593788214142443221
C:\Users\luise\OneDrive\Documentos\DECAFIA_v2\01_dataset\decafia_clean\images\val\ROYA_MA_6.jpg,val,ROYA_MA_6,15505659987675467972,9403092497107191185,11859862604111918805
C:\Users\luise\OneDrive\Documentos\DECAFIA_v2\01_dataset\decafia_clean\images\val\ROYA_Muy_A_19.jpg,val,ROYA_Muy_A_19,16916294804213698393,13805667193932797964,7673074338290267500
C:\Users\luise\OneDrive\Documentos\DECAFIA_v2\01_dataset\decafia_clean\images\val\ROYA_Muy_A_4.jpg,val,ROYA_Muy_A_4,12301088264649558553,17789897541378383180,15038486971574281820
C:\Users\luise\OneDrive\Documentos\DECAFIA_v2\01_dataset\decafia_clean\images\val\ROYA_Muy_A_8.jpg,val,ROYA_Muy_A_8,15306725620430769125,9311542489094872752,4922057676898577683
C:\Users\luise\OneDrive\Documentos\DECAFIA_v2\01_dataset\decafia_clean\images\val\ROYA_P_A_1.jpg,val,ROYA_P_A_1,10048808832268090443,16007445852296634646,6491384183196755092
C:\Users\luise\OneDrive\Documentos\DECAFIA_v2\01_dataset\decafia_clean\images\val\ROYA_P_A_12.jpg,val,ROYA_P_A_12,13971045117549514865,10715834648122610988,12159014754508574605
C:\Users\luise\OneDrive\Documentos\DECAFIA_v2\01_dataset\decafia_clean\images\val\ROYA_P_A_22.jpg,val,ROYA_P_A_22,9902429024395270209,15868763063916054812,14580734803621324507
C:\Users\luise\OneDrive\Documentos\DECAFIA_v2\01_dataset\decafia_clean\images\val\ROYA_P_A_25.jpg,val,ROYA_P_A_25,11872101096912472788,17408515213346676609,9948860129478220248
C:\Users\luise\OneDrive\Documentos\DECAFIA_v2\01_dataset\decafia_clean\images\val\ROYA_P_A_3.jpg,val,ROYA_P_A_3,10626592075665336166,14140291715308090935,16703063896814195667
C:\Users\luise\OneDrive\Documentos\DECAFIA_v2\01_dataset\decafia_clean\images\val\ROYA_P_A_32.jpg,val,ROYA_P_A_32,14398633151575311815,10630586139378585746,6221511359140450748
C:\Users\luise\OneDrive\Documentos\DECAFIA_v2\01_dataset\decafia_clean\images\val\ROYA_P_A_37.jpg,val,ROYA_P_A_37,18285392229587276836,12294710501378195825,13543663202069635573
C:\Users\luise\OneDrive\Documentos\DECAFIA_v2\01_dataset\decafia_clean\images\val\ROYA_P_A_38.jpg,val,ROYA_P_A_38,11325749479820939858,14445419432920450951,13333195613934411062
C:\Users\luise\OneDrive\Documentos\DECAFIA_v2\01_dataset\decafia_clean\images\val\ROYA_P_A_42.jpg,val,ROYA_P_A_42,12146126711351018078,18292179888666400259,4069169785785315680
C:\Users\luise\OneDrive\Documentos\DECAFIA_v2\01_dataset\decafia_clean\images\val\ROYA_P_A_61.jpg,val,ROYA_P_A_61,14087673795778230760,10868923037573753004,8447121497282853966
C:\Users\luise\OneDrive\Documentos\DECAFIA_v2\01_dataset\decafia_clean\images\val\ROYA_P_A_9.jpg,val,ROYA_P_A_9,10560146442967865013,14400392198625510373,14484704651473536366
C:\Users\luise\OneDrive\Documentos\DECAFIA_v2\01_dataset\decafia_clean\images\val\ROYA_RECORTES_1.jpg,val,ROYA_RECORTES_1,17333911743072768795,11951209470551803470,14616475363831804779
C:\Users\luise\OneDrive\Documentos\DECAFIA_v2\01_dataset\decafia_clean\images\val\ROYA_RECORTES_105.jpg,val,ROYA_RECORTES_105,15326081365996864761,9359738521821073836,1263755858951264089
C:\Users\luise\OneDrive\Documentos\DECAFIA_v2\01_dataset\decafia_clean\images\val\ROYA_RECORTES_22.jpg,val,ROYA_RECORTES_22,9546562883337450039,15071693195252639594,9926816592028705089
C:\Users\luise\OneDrive\Documentos\DECAFIA_v2\01_dataset\decafia_clean\images\val\ROYA_RECORTES_28.jpg,val,ROYA_RECORTES_28,11721368630169611659,16626445332686860352,7234507377102365474
C:\Users\luise\OneDrive\Documentos\DECAFIA_v2\01_dataset\decafia_clean\images\val\ROYA_RECORTES_30.jpg,val,ROYA_RECORTES_30,9629403641438915530,15057737811031792287,1170975905697041708
C:\Users\luise\OneDrive\Documentos\DECAFIA_v2\01_dataset\decafia_clean\images\val\ROYA_RECORTES_32.jpg,val,ROYA_RECORTES_32,9471868474123408228,15431465256711194225,2536426146147336192
C:\Users\luise\OneDrive\Documentos\DECAFIA_v2\01_dataset\decafia_clean\images\val\ROYA_RECORTES_36.jpg,val,ROYA_RECORTES_36,14803696790598285574,11034978631111110227,6858040859826134686
C:\Users\luise\OneDrive\Documentos\DECAFIA_v2\01_dataset\decafia_clean\images\val\ROYA_RECORTES_38.jpg,val,ROYA_RECORTES_38,9232236234953226441,15369141370303622556,5081615309894282604
C:\Users\luise\OneDrive\Documentos\DECAFIA_v2\01_dataset\decafia_clean\images\val\ROYA_RECORTES_4.jpg,val,ROYA_RECORTES_4,15362178105324562379,9251588586417058463,7336282340203671033
C:\Users\luise\OneDrive\Documentos\DECAFIA_v2\01_dataset\decafia_clean\images\val\ROYA_RECORTES_40.jpg,val,ROYA_RECORTES_40,15371465761600420901,9225412723860367857,3757694812230065524
C:\Users\luise\OneDrive\Documentos\DECAFIA_v2\01_dataset\decafia_clean\images\val\ROYA_RECORTES_43.jpg,val,ROYA_RECORTES_43,10447615073859804453,15395616697460934769,6783347952993393666
C:\Users\luise\OneDrive\Documentos\DECAFIA_v2\01_dataset\decafia_clean\images\val\ROYA_RECORTES_47.jpg,val,ROYA_RECORTES_47,15796427953186945428,10262976578448747715,461168639007495047
C:\Users\luise\OneDrive\Documentos\DECAFIA_v2\01_dataset\decafia_clean\images\val\ROYA_RECORTES_56.jpg,val,ROYA_RECORTES_56,13921258314283046669,10693634555729810009,6008777334884932873
C:\Users\luise\OneDrive\Documentos\DECAFIA_v2\01_dataset\decafia_clean\images\val\ROYA_RECORTES_61.jpg,val,ROYA_RECORTES_61,10801079492332112839,13884722786370527126,15094159041402229577
C:\Users\luise\OneDrive\Documentos\DECAFIA_v2\01_dataset\decafia_clean\images\val\ROYA_RECORTES_63.jpg,val,ROYA_RECORTES_63,10849935999698920324,14107490765346420417,253102195330571169
C:\Users\luise\OneDrive\Documentos\DECAFIA_v2\01_dataset\decafia_clean\images\val\ROYA_RECORTES_70.jpg,val,ROYA_RECORTES_70,13352997141198549263,17085026901245256794,15910316766788612209
C:\Users\luise\OneDrive\Documentos\DECAFIA_v2\01_dataset\decafia_clean\images\val\ROYA_RECORTES_84.jpg,val,ROYA_RECORTES_84,12261665296639134509,18265890637824414784,6372699491220578672
C:\Users\luise\OneDrive\Documentos\DECAFIA_v2\01_dataset\decafia_clean\images\val\ROYA_RECORTES_94.jpg,val,ROYA_RECORTES_94,14538875847866785294,11281837956132653914,1107424144238849647
C:\Users\luise\OneDrive\Documentos\DECAFIA_v2\01_dataset\decafia_clean\images\val\SANAS_NUEVAS_114.jpg,val,SANAS_NUEVAS_114,9639227540485945757,15028581456736025800,4330647560738857382
C:\Users\luise\OneDrive\Documentos\DECAFIA_v2\01_dataset\decafia_clean\images\val\SANAS_NUEVAS_118.jpg,val,SANAS_NUEVAS_118,16036639376404245509,10077019513096288600,11499935020765595378
C:\Users\luise\OneDrive\Documentos\DECAFIA_v2\01_dataset\decafia_clean\images\val\SANAS_NUEVAS_121.jpg,val,SANAS_NUEVAS_121,14426781611195337580,11341027193728455225,6973717505094082212
C:\Users\luise\OneDrive\Documentos\DECAFIA_v2\01_dataset\decafia_clean\images\val\SANAS_NUEVAS_135.jpg,val,SANAS_NUEVAS_135,18009233697843495060,12445965802784527809,18009868274202207826
C:\Users\luise\OneDrive\Documentos\DECAFIA_v2\01_dataset\decafia_clean\images\val\SANAS_NUEVAS_139.jpg,val,SANAS_NUEVAS_139,16052024404098732624,10067069575106758461,15117835589941974156
C:\Users\luise\OneDrive\Documentos\DECAFIA_v2\01_dataset\decafia_clean\images\val\SANAS_NUEVAS_141.jpg,val,SANAS_NUEVAS_141,18213546086762613053,12220186626346998888,5526727923707470211
C:\Users\luise\OneDrive\Documentos\DECAFIA_v2\01_dataset\decafia_clean\images\val\SANAS_NUEVAS_144.jpg,val,SANAS_NUEVAS_144,15449916531694491996,9457124288628427789,8951475471855621033
C:\Users\luise\OneDrive\Documentos\DECAFIA_v2\01_dataset\decafia_clean\images\val\SANAS_NUEVAS_149.jpg,val,SANAS_NUEVAS_149,9311114280310542294,10692368286453029539,12908776786986034765
C:\Users\luise\OneDrive\Documentos\DECAFIA_v2\01_dataset\decafia_clean\images\val\SANAS_NUEVAS_159.jpg,val,SANAS_NUEVAS_159,12440176028598603803,18010231887395963978,4055563776803251426
C:\Users\luise\OneDrive\Documentos\DECAFIA_v2\01_dataset\decafia_clean\images\val\SANAS_NUEVAS_167.jpg,val,SANAS_NUEVAS_167,10671104414348455083,13925752062693538302,16916508691658257224
C:\Users\luise\OneDrive\Documentos\DECAFIA_v2\01_dataset\decafia_clean\images\val\SANAS_NUEVAS_172.jpg,val,SANAS_NUEVAS_172,9621356046810258316,15055737017352228490,2682178493404219728
C:\Users\luise\OneDrive\Documentos\DECAFIA_v2\01_dataset\decafia_clean\images\val\SANAS_NUEVAS_18.jpg,val,SANAS_NUEVAS_18,9868914933826943556,16113941921496838099,14812365567587388442
C:\Users\luise\OneDrive\Documentos\DECAFIA_v2\01_dataset\decafia_clean\images\val\SANAS_NUEVAS_186.jpg,val,SANAS_NUEVAS_186,14870650110113592065,11171878345025906262,14744432236708961682
C:\Users\luise\OneDrive\Documentos\DECAFIA_v2\01_dataset\decafia_clean\images\val\SANAS_NUEVAS_188.jpg,val,SANAS_NUEVAS_188,15844842453442899572,10282119366907231009,5568083623855181358
C:\Users\luise\OneDrive\Documentos\DECAFIA_v2\01_dataset\decafia_clean\images\val\SANAS_NUEVAS_200.jpg,val,SANAS_NUEVAS_200,16546698443536357398,12746572079544634691,15094233052768540314
C:\Users\luise\OneDrive\Documentos\DECAFIA_v2\01_dataset\decafia_clean\images\val\SANAS_NUEVAS_203.jpg,val,SANAS_NUEVAS_203,15887625052812526592,9884692660519293269,15902016559997994524
C:\Users\luise\OneDrive\Documentos\DECAFIA_v2\01_dataset\decafia_clean\images\val\SANAS_NUEVAS_21.jpg,val,SANAS_NUEVAS_21,9823313464852758092,15926486236128045849,17033817100080532584
C:\Users\luise\OneDrive\Documentos\DECAFIA_v2\01_dataset\decafia_clean\images\val\SANAS_NUEVAS_213.jpg,val,SANAS_NUEVAS_213,16283295557622272053,13023766204443051362,3264680691619344762
C:\Users\luise\OneDrive\Documentos\DECAFIA_v2\01_dataset\decafia_clean\images\val\SANAS_NUEVAS_215.jpg,val,SANAS_NUEVAS_215,11615802581091826628,17610987360766020753,13002280459884854095
C:\Users\luise\OneDrive\Documentos\DECAFIA_v2\01_dataset\decafia_clean\images\val\SANAS_NUEVAS_220.jpg,val,SANAS_NUEVAS_220,11100649314866976266,14940754339890922335,9927067191377856003
C:\Users\luise\OneDrive\Documentos\DECAFIA_v2\01_dataset\decafia_clean\images\val\SANAS_NUEVAS_223.jpg,val,SANAS_NUEVAS_223,16547805325392052586,12749911897719624767,12732152202701436900
C:\Users\luise\OneDrive\Documentos\DECAFIA_v2\01_dataset\decafia_clean\images\val\SANAS_NUEVAS_249.jpg,val,SANAS_NUEVAS_249,14509900046723735957,11252475541085861601,12470041164763634222
C:\Users\luise\OneDrive\Documentos\DECAFIA_v2\01_dataset\decafia_clean\images\val\SANAS_NUEVAS_250.jpg,val,SANAS_NUEVAS_250,9812270404135775560,15958640127396427801,9929957956225804168
C:\Users\luise\OneDrive\Documentos\DECAFIA_v2\01_dataset\decafia_clean\images\val\SANAS_NUEVAS_255.jpg,val,SANAS_NUEVAS_255,16753317786761136675,13054360908559932758,4668501624842247496
C:\Users\luise\OneDrive\Documentos\DECAFIA_v2\01_dataset\decafia_clean\images\val\SANAS_NUEVAS_257.jpg,val,SANAS_NUEVAS_257,9554156237896379362,15114778741826401974,11748507310902368880
C:\Users\luise\OneDrive\Documentos\DECAFIA_v2\01_dataset\decafia_clean\images\val\SANAS_NUEVAS_263.jpg,val,SANAS_NUEVAS_263,10777616156770032329,13890681934077267869,5747509159495077001
C:\Users\luise\OneDrive\Documentos\DECAFIA_v2\01_dataset\decafia_clean\images\val\SANAS_NUEVAS_264.jpg,val,SANAS_NUEVAS_264,14475252416546028142,11507603253399547706,13284649334123470292
C:\Users\luise\OneDrive\Documentos\DECAFIA_v2\01_dataset\decafia_clean\images\val\SANAS_NUEVAS_266.jpg,val,SANAS_NUEVAS_266,10734373844253879959,13955948492056328578,7081844198655361986
C:\Users\luise\OneDrive\Documentos\DECAFIA_v2\01_dataset\decafia_clean\images\val\SANAS_NUEVAS_278.jpg,val,SANAS_NUEVAS_278,10442017280276916270,14176252118007168379,17107854648222094083
C:\Users\luise\OneDrive\Documentos\DECAFIA_v2\01_dataset\decafia_clean\images\val\SANAS_NUEVAS_279.jpg,val,SANAS_NUEVAS_279,14559620821348671952,11482345787657499781,7934813812010466924
C:\Users\luise\OneDrive\Documentos\DECAFIA_v2\01_dataset\decafia_clean\images\val\SANAS_NUEVAS_283.jpg,val,SANAS_NUEVAS_283,9683641478323784305,15218896565624053540,10622711795155174217
C:\Users\luise\OneDrive\Documentos\DECAFIA_v2\01_dataset\decafia_clean\images\val\SANAS_NUEVAS_285.jpg,val,SANAS_NUEVAS_285,15942789863214044303,14417570229284966866,7786195781996613249
C:\Users\luise\OneDrive\Documentos\DECAFIA_v2\01_dataset\decafia_clean\images\val\SANAS_NUEVAS_286.jpg,val,SANAS_NUEVAS_286,15005847393185021729,9612985934049372212,16307284719199790719
C:\Users\luise\OneDrive\Documentos\DECAFIA_v2\01_dataset\decafia_clean\images\val\SANAS_NUEVAS_29.jpg,val,SANAS_NUEVAS_29,15923950122917282713,9919293705128310478,14541154591983750380
C:\Users\luise\OneDrive\Documentos\DECAFIA_v2\01_dataset\decafia_clean\images\val\SANAS_NUEVAS_296.jpg,val,SANAS_NUEVAS_296,10010346802350537565,16121954505163361612,3214448660108970707
C:\Users\luise\OneDrive\Documentos\DECAFIA_v2\01_dataset\decafia_clean\images\val\SANAS_NUEVAS_311.jpg,val,SANAS_NUEVAS_311,11907666122863676792,17317981496411774253,4138886092578484529
C:\Users\luise\OneDrive\Documentos\DECAFIA_v2\01_dataset\decafia_clean\images\val\SANAS_NUEVAS_312.jpg,val,SANAS_NUEVAS_312,14234058108652392646,10438461278240097667,11253497085352196163
C:\Users\luise\OneDrive\Documentos\DECAFIA_v2\01_dataset\decafia_clean\images\val\SANAS_NUEVAS_315.jpg,val,SANAS_NUEVAS_315,15843218393612350033,10271354387404662532,8254128390721103540
C:\Users\luise\OneDrive\Documentos\DECAFIA_v2\01_dataset\decafia_clean\images\val\SANAS_NUEVAS_321.jpg,val,SANAS_NUEVAS_321,13852579190905489583,10766534630916398522,10215233159054636622
C:\Users\luise\OneDrive\Documentos\DECAFIA_v2\01_dataset\decafia_clean\images\val\SANAS_NUEVAS_322.jpg,val,SANAS_NUEVAS_322,15186753898680908721,9770389381397491428,8248974501371658706
C:\Users\luise\OneDrive\Documentos\DECAFIA_v2\01_dataset\decafia_clean\images\val\SANAS_NUEVAS_332.jpg,val,SANAS_NUEVAS_332,9831024202407426523,15941481788074257550,6654213679602992678
C:\Users\luise\OneDrive\Documentos\DECAFIA_v2\01_dataset\decafia_clean\images\val\SANAS_NUEVAS_34.jpg,val,SANAS_NUEVAS_34,14749351192927105256,11017332540161795261,16954662329274834269
C:\Users\luise\OneDrive\Documentos\DECAFIA_v2\01_dataset\decafia_clean\images\val\SANAS_NUEVAS_342.jpg,val,SANAS_NUEVAS_342,13122858678806040451,16377506232563768022,7476119974761820308
C:\Users\luise\OneDrive\Documentos\DECAFIA_v2\01_dataset\decafia_clean\images\val\SANAS_NUEVAS_365.jpg,val,SANAS_NUEVAS_365,16136178901502171139,9996421493571439942,16257218535419258702
C:\Users\luise\OneDrive\Documentos\DECAFIA_v2\01_dataset\decafia_clean\images\val\SANAS_NUEVAS_368.jpg,val,SANAS_NUEVAS_368,12284289789597424965,13416157524805863440,16623522470852066313
C:\Users\luise\OneDrive\Documentos\DECAFIA_v2\01_dataset\decafia_clean\images\val\SANAS_NUEVAS_37.jpg,val,SANAS_NUEVAS_37,14269034318490254174,10617410161858145803,12263673916758399670
C:\Users\luise\OneDrive\Documentos\DECAFIA_v2\01_dataset\decafia_clean\images\val\SANAS_NUEVAS_370.jpg,val,SANAS_NUEVAS_370,13270072628253588674,17110461318695299462,5845778697310761267
C:\Users\luise\OneDrive\Documentos\DECAFIA_v2\01_dataset\decafia_clean\images\val\SANAS_NUEVAS_375.jpg,val,SANAS_NUEVAS_375,11560696364938271330,17670591395722481461,6517399807749853248
C:\Users\luise\OneDrive\Documentos\DECAFIA_v2\01_dataset\decafia_clean\images\val\SANAS_NUEVAS_377.jpg,val,SANAS_NUEVAS_377,17655103825545882119,11695516412487941978,12732482934464379370
C:\Users\luise\OneDrive\Documentos\DECAFIA_v2\01_dataset\decafia_clean\images\val\SANAS_NUEVAS_397.jpg,val,SANAS_NUEVAS_397,11058286317997843674,14853901319299117966,16775260046898400972
C:\Users\luise\OneDrive\Documentos\DECAFIA_v2\01_dataset\decafia_clean\images\val\SANAS_NUEVAS_40.jpg,val,SANAS_NUEVAS_40,10930073312232104089,14049606378386830796,9839246996488259398
C:\Users\luise\OneDrive\Documentos\DECAFIA_v2\01_dataset\decafia_clean\images\val\SANAS_NUEVAS_413.jpg,val,SANAS_NUEVAS_413,16247516545627871532,12983758301144222841,17722215324284203289
C:\Users\luise\OneDrive\Documentos\DECAFIA_v2\01_dataset\decafia_clean\images\val\SANAS_NUEVAS_417.jpg,val,SANAS_NUEVAS_417,17607600637196966008,11929919057313418541,16677640386487873905
C:\Users\luise\OneDrive\Documentos\DECAFIA_v2\01_dataset\decafia_clean\images\val\SANAS_NUEVAS_42.jpg,val,SANAS_NUEVAS_42,15516071196643461757,9944346957764860714,9505303567332707497
C:\Users\luise\OneDrive\Documentos\DECAFIA_v2\01_dataset\decafia_clean\images\val\SANAS_NUEVAS_421.jpg,val,SANAS_NUEVAS_421,18411771212304868498,12310190508061532614,13237189710902255929
C:\Users\luise\OneDrive\Documentos\DECAFIA_v2\01_dataset\decafia_clean\images\val\SANAS_NUEVAS_423.jpg,val,SANAS_NUEVAS_423,13519454996843843171,16918499488598104886,16420380319233925304
C:\Users\luise\OneDrive\Documentos\DECAFIA_v2\01_dataset\decafia_clean\images\val\SANAS_NUEVAS_425.jpg,val,SANAS_NUEVAS_425,16634212571039634540,12938223145737961785,8898823661993128177
C:\Users\luise\OneDrive\Documentos\DECAFIA_v2\01_dataset\decafia_clean\images\val\SANAS_NUEVAS_427.jpg,val,SANAS_NUEVAS_427,13515800369504554037,17205599434788608480,8210317932788510744
C:\Users\luise\OneDrive\Documentos\DECAFIA_v2\01_dataset\decafia_clean\images\val\SANAS_NUEVAS_43.jpg,val,SANAS_NUEVAS_43,13697354537085646218,16952554176213573855,1358542019166795504
C:\Users\luise\OneDrive\Documentos\DECAFIA_v2\01_dataset\decafia_clean\images\val\SANAS_NUEVAS_440.jpg,val,SANAS_NUEVAS_440,18260619373356370108,12123291930516822251,17936954347378400079
C:\Users\luise\OneDrive\Documentos\DECAFIA_v2\01_dataset\decafia_clean\images\val\SANAS_NUEVAS_445.jpg,val,SANAS_NUEVAS_445,18069432569368990258,12652529428824426341,3597503978908479713
C:\Users\luise\OneDrive\Documentos\DECAFIA_v2\01_dataset\decafia_clean\images\val\SANAS_NUEVAS_446.jpg,val,SANAS_NUEVAS_446,16916247688846253042,13517484947012667559,1763432795666440577
C:\Users\luise\OneDrive\Documentos\DECAFIA_v2\01_dataset\decafia_clean\images\val\SANAS_NUEVAS_447.jpg,val,SANAS_NUEVAS_447,12568073831242847260,18030040002100560201,4067015260137621955
C:\Users\luise\OneDrive\Documentos\DECAFIA_v2\01_dataset\decafia_clean\images\val\SANAS_NUEVAS_452.jpg,val,SANAS_NUEVAS_452,18249185250554901180,12107771576498923499,8823333215785490857
C:\Users\luise\OneDrive\Documentos\DECAFIA_v2\01_dataset\decafia_clean\images\val\SANAS_NUEVAS_457.jpg,val,SANAS_NUEVAS_457,14925104503566983413,11130024350842107296,16761902192045887388
C:\Users\luise\OneDrive\Documentos\DECAFIA_v2\01_dataset\decafia_clean\images\val\SANAS_NUEVAS_458.jpg,val,SANAS_NUEVAS_458,16487107012953541250,12797167648377380822,7820808720092393849
C:\Users\luise\OneDrive\Documentos\DECAFIA_v2\01_dataset\decafia_clean\images\val\SANAS_NUEVAS_469.jpg,val,SANAS_NUEVAS_469,16394777861373699477,13173212319184548002,13003297001426188016
C:\Users\luise\OneDrive\Documentos\DECAFIA_v2\01_dataset\decafia_clean\images\val\SANAS_NUEVAS_476.jpg,val,SANAS_NUEVAS_476,9960374244434028773,16098968779096456496,14304057465368885935
C:\Users\luise\OneDrive\Documentos\DECAFIA_v2\01_dataset\decafia_clean\images\val\SANAS_NUEVAS_491.jpg,val,SANAS_NUEVAS_491,13991428216193624255,10835340197488262314,447602897524987227
C:\Users\luise\OneDrive\Documentos\DECAFIA_v2\01_dataset\decafia_clean\images\val\SANAS_NUEVAS_494.jpg,val,SANAS_NUEVAS_494,11802012942056082146,17769085821140639665,17950281756756303952
C:\Users\luise\OneDrive\Documentos\DECAFIA_v2\01_dataset\decafia_clean\images\val\SANAS_NUEVAS_496.jpg,val,SANAS_NUEVAS_496,14143342748156068285,10453534643166106856,2998616125131910858
C:\Users\luise\OneDrive\Documentos\DECAFIA_v2\01_dataset\decafia_clean\images\val\SANAS_NUEVAS_50.jpg,val,SANAS_NUEVAS_50,15754308338866106468,10374005060635182081,184127309260238733
C:\Users\luise\OneDrive\Documentos\DECAFIA_v2\01_dataset\decafia_clean\images\val\SANAS_NUEVAS_513.jpg,val,SANAS_NUEVAS_513,16864525363556529069,13798617087499790072,14707819868538855000
C:\Users\luise\OneDrive\Documentos\DECAFIA_v2\01_dataset\decafia_clean\images\val\SANAS_NUEVAS_517.jpg,val,SANAS_NUEVAS_517,13351912621285149129,17014265814050987228,3211843626040568193
C:\Users\luise\OneDrive\Documentos\DECAFIA_v2\01_dataset\decafia_clean\images\val\SANAS_NUEVAS_525.jpg,val,SANAS_NUEVAS_525,13866951404938295028,10765322197955142561,15219741356932177756
C:\Users\luise\OneDrive\Documentos\DECAFIA_v2\01_dataset\decafia_clean\images\val\SANAS_NUEVAS_526.jpg,val,SANAS_NUEVAS_526,12318970242863143043,18347809465960648018,15290183755152372762
C:\Users\luise\OneDrive\Documentos\DECAFIA_v2\01_dataset\decafia_clean\images\val\SANAS_NUEVAS_528.jpg,val,SANAS_NUEVAS_528,16819169200053171101,13563966951327885260,7955833620704824930
C:\Users\luise\OneDrive\Documentos\DECAFIA_v2\01_dataset\decafia_clean\images\val\SANAS_NUEVAS_533.jpg,val,SANAS_NUEVAS_533,11012054714579178937,14738021252660527332,5516491057007083721
C:\Users\luise\OneDrive\Documentos\DECAFIA_v2\01_dataset\decafia_clean\images\val\SANAS_NUEVAS_542.jpg,val,SANAS_NUEVAS_542,17734021230894340740,12920529417320861649,7400199679571358073
C:\Users\luise\OneDrive\Documentos\DECAFIA_v2\01_dataset\decafia_clean\images\val\SANAS_NUEVAS_566.jpg,val,SANAS_NUEVAS_566,10389642508759404453,14229749220129135344,9854879981128543583
C:\Users\luise\OneDrive\Documentos\DECAFIA_v2\01_dataset\decafia_clean\images\val\SANAS_NUEVAS_571.jpg,val,SANAS_NUEVAS_571,16195071199921881807,13372636613915809690,17635845833736989171
C:\Users\luise\OneDrive\Documentos\DECAFIA_v2\01_dataset\decafia_clean\images\val\SANAS_NUEVAS_583.jpg,val,SANAS_NUEVAS_583,13629328822545460153,16748973905792071420,12311128023126953666
C:\Users\luise\OneDrive\Documentos\DECAFIA_v2\01_dataset\decafia_clean\images\val\SANAS_NUEVAS_59.jpg,val,SANAS_NUEVAS_59,14285187067798493954,10548125795844836951,10632179151123459789
C:\Users\luise\OneDrive\Documentos\DECAFIA_v2\01_dataset\decafia_clean\images\val\SANAS_NUEVAS_595.jpg,val,SANAS_NUEVAS_595,10438638321037533616,14233674358675256548,14745743271277109802
C:\Users\luise\OneDrive\Documentos\DECAFIA_v2\01_dataset\decafia_clean\images\val\SANAS_NUEVAS_598.jpg,val,SANAS_NUEVAS_598,9260926037963091302,15118652391167162419,14425602459077989254
C:\Users\luise\OneDrive\Documentos\DECAFIA_v2\01_dataset\decafia_clean\images\val\SANAS_NUEVAS_599.jpg,val,SANAS_NUEVAS_599,10627485818873091373,14279013427014516856,2793220517814276641
C:\Users\luise\OneDrive\Documentos\DECAFIA_v2\01_dataset\decafia_clean\images\val\SANAS_NUEVAS_604.jpg,val,SANAS_NUEVAS_604,10508186074279300616,14159834939956829021,11485102378874299701
C:\Users\luise\OneDrive\Documentos\DECAFIA_v2\01_dataset\decafia_clean\images\val\SANAS_NUEVAS_606.jpg,val,SANAS_NUEVAS_606,18158368291448706181,12585923323300021210,12530367499926584438
C:\Users\luise\OneDrive\Documentos\DECAFIA_v2\01_dataset\decafia_clean\images\val\SANAS_NUEVAS_608.jpg,val,SANAS_NUEVAS_608,14600892969256955228,11521789625845315592,460036362977713881
C:\Users\luise\OneDrive\Documentos\DECAFIA_v2\01_dataset\decafia_clean\images\val\SANAS_NUEVAS_61.jpg,val,SANAS_NUEVAS_61,12532838816351266694,17922287838708986449,6474373873281286786
C:\Users\luise\OneDrive\Documentos\DECAFIA_v2\01_dataset\decafia_clean\images\val\SANAS_NUEVAS_617.jpg,val,SANAS_NUEVAS_617,13075112810874833625,16150317861058895788,16281024490665787845
C:\Users\luise\OneDrive\Documentos\DECAFIA_v2\01_dataset\decafia_clean\images\val\SANAS_NUEVAS_620.jpg,val,SANAS_NUEVAS_620,13071104820902266530,16154607309666112503,8790248752360538992
C:\Users\luise\OneDrive\Documentos\DECAFIA_v2\01_dataset\decafia_clean\images\val\SANAS_NUEVAS_63.jpg,val,SANAS_NUEVAS_63,14119558486438614917,10567532654717289168,3649775209432127917
C:\Users\luise\OneDrive\Documentos\DECAFIA_v2\01_dataset\decafia_clean\images\val\SANAS_NUEVAS_67.jpg,val,SANAS_NUEVAS_67,14937635401583254181,11103749248015806448,11285349688097544336
C:\Users\luise\OneDrive\Documentos\DECAFIA_v2\01_dataset\decafia_clean\images\val\SANAS_NUEVAS_8.jpg,val,SANAS_NUEVAS_8,10000636282525010990,11501121294789515603,3329301445719312558
C:\Users\luise\OneDrive\Documentos\DECAFIA_v2\01_dataset\decafia_clean\images\val\SANAS_NUEVAS_80.jpg,val,SANAS_NUEVAS_80,14398912227121241208,10560496049943439661,13092746554540370200
C:\Users\luise\OneDrive\Documentos\DECAFIA_v2\01_dataset\decafia_clean\images\val\SANAS_NUEVAS_81.jpg,val,SANAS_NUEVAS_81,12867522592953584672,16629201646686738517,11773359886924017707
C:\Users\luise\OneDrive\Documentos\DECAFIA_v2\01_dataset\decafia_clean\images\val\SANAS_NUEVAS_90.jpg,val,SANAS_NUEVAS_90,13848968318379409214,10764797259942029899,3327387198539374366
C:\Users\luise\OneDrive\Documentos\DECAFIA_v2\01_dataset\decafia_clean\images\val\SANAS_NUEVAS_92.jpg,val,SANAS_NUEVAS_92,11143433599096934991,14984664000578916218,3017629742607599434
C:\Users\luise\OneDrive\Documentos\DECAFIA_v2\01_dataset\decafia_clean\images\val\SANAS_SOCORRO_105.jpg,val,SANAS_SOCORRO_105,11247787844793547738,14505388679737208460,9657413336912951448
C:\Users\luise\OneDrive\Documentos\DECAFIA_v2\01_dataset\decafia_clean\images\val\SANAS_SOCORRO_107.jpg,val,SANAS_SOCORRO_107,10043554488221921446,16011575189438080498,3651487051025255047
C:\Users\luise\OneDrive\Documentos\DECAFIA_v2\01_dataset\decafia_clean\images\val\SANAS_SOCORRO_11.jpg,val,SANAS_SOCORRO_11,13192393356804788586,16303486526632215583,5157047640555357316
C:\Users\luise\OneDrive\Documentos\DECAFIA_v2\01_dataset\decafia_clean\images\val\SANAS_SOCORRO_128.jpg,val,SANAS_SOCORRO_128,14237917332315733574,10431017564927372179,1487765810427276746
C:\Users\luise\OneDrive\Documentos\DECAFIA_v2\01_dataset\decafia_clean\images\val\SANAS_SOCORRO_133.jpg,val,SANAS_SOCORRO_133,9750413724653106947,15138068163622593110,12645635213361255573
C:\Users\luise\OneDrive\Documentos\DECAFIA_v2\01_dataset\decafia_clean\images\val\SANAS_SOCORRO_153.jpg,val,SANAS_SOCORRO_153,16145717226945378673,13061645166957227317,2543810818663677694
C:\Users\luise\OneDrive\Documentos\DECAFIA_v2\01_dataset\decafia_clean\images\val\SANAS_SOCORRO_158.jpg,val,SANAS_SOCORRO_158,13358386366056654440,17021021547419087676,11545101755570372901
C:\Users\luise\OneDrive\Documentos\DECAFIA_v2\01_dataset\decafia_clean\images\val\SANAS_SOCORRO_16.jpg,val,SANAS_SOCORRO_16,11325261798898750052,13870590763997071153,11881984012761419205
C:\Users\luise\OneDrive\Documentos\DECAFIA_v2\01_dataset\decafia_clean\images\val\SANAS_SOCORRO_167.jpg,val,SANAS_SOCORRO_167,12067274784429310403,17447726977126847894,17488798901513793577
C:\Users\luise\OneDrive\Documentos\DECAFIA_v2\01_dataset\decafia_clean\images\val\SANAS_SOCORRO_170.jpg,val,SANAS_SOCORRO_170,18124948838438347804,12599265970233176385,7795276791722374829
C:\Users\luise\OneDrive\Documentos\DECAFIA_v2\01_dataset\decafia_clean\images\val\SANAS_SOCORRO_171.jpg,val,SANAS_SOCORRO_171,16918501602738049974,13807977927956039395,10816622095849275826
C:\Users\luise\OneDrive\Documentos\DECAFIA_v2\01_dataset\decafia_clean\images\val\SANAS_SOCORRO_175.jpg,val,SANAS_SOCORRO_175,17223955462052918920,13425966509877191644,14752856250356100312
C:\Users\luise\OneDrive\Documentos\DECAFIA_v2\01_dataset\decafia_clean\images\val\SANAS_SOCORRO_186.jpg,val,SANAS_SOCORRO_186,17771719764071867714,11814210344758784277,4603630595266041811
C:\Users\luise\OneDrive\Documentos\DECAFIA_v2\01_dataset\decafia_clean\images\val\SANAS_SOCORRO_188.jpg,val,SANAS_SOCORRO_188,16720272351674301104,13645645500161044469,3185283400653924725
C:\Users\luise\OneDrive\Documentos\DECAFIA_v2\01_dataset\decafia_clean\images\val\SANAS_SOCORRO_19.jpg,val,SANAS_SOCORRO_19,14250008458565079981,11139485986375862008,3845545420902861232
C:\Users\luise\OneDrive\Documentos\DECAFIA_v2\01_dataset\decafia_clean\images\val\SANAS_SOCORRO_190.jpg,val,SANAS_SOCORRO_190,13319326395894762442,17042348439697087118,8638432687537547616
C:\Users\luise\OneDrive\Documentos\DECAFIA_v2\01_dataset\decafia_clean\images\val\SANAS_SOCORRO_193.jpg,val,SANAS_SOCORRO_193,16969707533077550443,13715101623885152318,3924987056605492968
C:\Users\luise\OneDrive\Documentos\DECAFIA_v2\01_dataset\decafia_clean\images\val\SANAS_SOCORRO_2.jpg,val,SANAS_SOCORRO_2,14393558279818384605,10580492279412183454,4518839131511174458
C:\Users\luise\OneDrive\Documentos\DECAFIA_v2\01_dataset\decafia_clean\images\val\SANAS_SOCORRO_203.jpg,val,SANAS_SOCORRO_203,17711407864480804384,11573858001540709365,5736873938907655121
C:\Users\luise\OneDrive\Documentos\DECAFIA_v2\01_dataset\decafia_clean\images\val\SANAS_SOCORRO_204.jpg,val,SANAS_SOCORRO_204,10213753072359442759,15045364550559290643,10269774474585578525
C:\Users\luise\OneDrive\Documentos\DECAFIA_v2\01_dataset\decafia_clean\images\val\SANAS_SOCORRO_207.jpg,val,SANAS_SOCORRO_207,16363901538491278609,13136178690686251109,5846353999319178801
C:\Users\luise\OneDrive\Documentos\DECAFIA_v2\01_dataset\decafia_clean\images\val\SANAS_SOCORRO_21.jpg,val,SANAS_SOCORRO_21,9628531559521290900,15044906933946605505,12865380278715710320
C:\Users\luise\OneDrive\Documentos\DECAFIA_v2\01_dataset\decafia_clean\images\val\SANAS_SOCORRO_22.jpg,val,SANAS_SOCORRO_22,15264769973377382413,9694858288560631128,16543910987035617639
C:\Users\luise\OneDrive\Documentos\DECAFIA_v2\01_dataset\decafia_clean\images\val\SANAS_SOCORRO_225.jpg,val,SANAS_SOCORRO_225,10053993897511105369,16056216108336505868,10383062189409619703
C:\Users\luise\OneDrive\Documentos\DECAFIA_v2\01_dataset\decafia_clean\images\val\SANAS_SOCORRO_230.jpg,val,SANAS_SOCORRO_230,11058286317997843674,14853901319299117966,16775260046898400972
C:\Users\luise\OneDrive\Documentos\DECAFIA_v2\01_dataset\decafia_clean\images\val\SANAS_SOCORRO_238.jpg,val,SANAS_SOCORRO_238,11900365323967740281,17398481109400710188,1222983383721734560
C:\Users\luise\OneDrive\Documentos\DECAFIA_v2\01_dataset\decafia_clean\images\val\SANAS_SOCORRO_252.jpg,val,SANAS_SOCORRO_252,12140245774476678297,18243946165983494604,3346991447137075484
C:\Users\luise\OneDrive\Documentos\DECAFIA_v2\01_dataset\decafia_clean\images\val\SANAS_SOCORRO_272.jpg,val,SANAS_SOCORRO_272,18285391380365730415,12148327786492540474,9781511458762901896
C:\Users\luise\OneDrive\Documentos\DECAFIA_v2\01_dataset\decafia_clean\images\val\SANAS_SOCORRO_282.jpg,val,SANAS_SOCORRO_282,16323188919439596329,13245869922331872816,8933163583231162600
C:\Users\luise\OneDrive\Documentos\DECAFIA_v2\01_dataset\decafia_clean\images\val\SANAS_SOCORRO_284.jpg,val,SANAS_SOCORRO_284,12313638112951560267,18425493583946920222,159984390222438592
C:\Users\luise\OneDrive\Documentos\DECAFIA_v2\01_dataset\decafia_clean\images\val\SANAS_SOCORRO_286.jpg,val,SANAS_SOCORRO_286,12520732778572816757,17912998568868279329,13635012904405216
C:\Users\luise\OneDrive\Documentos\DECAFIA_v2\01_dataset\decafia_clean\images\val\SANAS_SOCORRO_298.jpg,val,SANAS_SOCORRO_298,9596506119292481363,15022027508463647238,11615095749874364945
C:\Users\luise\OneDrive\Documentos\DECAFIA_v2\01_dataset\decafia_clean\images\val\SANAS_SOCORRO_301.jpg,val,SANAS_SOCORRO_301,13453857855848236566,17285625866167751435,15061047211158070506
C:\Users\luise\OneDrive\Documentos\DECAFIA_v2\01_dataset\decafia_clean\images\val\SANAS_SOCORRO_313.jpg,val,SANAS_SOCORRO_313,18112462186913911203,12540608721629709558,8921216238373140854
C:\Users\luise\OneDrive\Documentos\DECAFIA_v2\01_dataset\decafia_clean\images\val\SANAS_SOCORRO_316.jpg,val,SANAS_SOCORRO_316,18061019288934348116,12677901297571962897,8768752337497252467
C:\Users\luise\OneDrive\Documentos\DECAFIA_v2\01_dataset\decafia_clean\images\val\SANAS_SOCORRO_327.jpg,val,SANAS_SOCORRO_327,10134008903070702402,15705861906787503634,16328937391484950599
C:\Users\luise\OneDrive\Documentos\DECAFIA_v2\01_dataset\decafia_clean\images\val\SANAS_SOCORRO_335.jpg,val,SANAS_SOCORRO_335,11363202656885305010,14475520047046005735,9908368937472346601
C:\Users\luise\OneDrive\Documentos\DECAFIA_v2\01_dataset\decafia_clean\images\val\SANAS_SOCORRO_338.jpg,val,SANAS_SOCORRO_338,14381815074935505570,10574502268987823862,10070947201210508794
C:\Users\luise\OneDrive\Documentos\DECAFIA_v2\01_dataset\decafia_clean\images\val\SANAS_SOCORRO_345.jpg,val,SANAS_SOCORRO_345,13991428216193624255,10835340197488262314,447602897524989275
C:\Users\luise\OneDrive\Documentos\DECAFIA_v2\01_dataset\decafia_clean\images\val\SANAS_SOCORRO_347.jpg,val,SANAS_SOCORRO_347,17945573746873123016,12419284458436539801,14130094848189329769
C:\Users\luise\OneDrive\Documentos\DECAFIA_v2\01_dataset\decafia_clean\images\val\SANAS_SOCORRO_353.jpg,val,SANAS_SOCORRO_353,13929101141883397615,10671929013119217850,14307258972299687468
C:\Users\luise\OneDrive\Documentos\DECAFIA_v2\01_dataset\decafia_clean\images\val\SANAS_SOCORRO_361.jpg,val,SANAS_SOCORRO_361,16488306448737251757,12792314274816025848,15327571952893540848
C:\Users\luise\OneDrive\Documentos\DECAFIA_v2\01_dataset\decafia_clean\images\val\SANAS_SOCORRO_368.jpg,val,SANAS_SOCORRO_368,10292168046290856641,15240308766569119508,2207681461183730800
C:\Users\luise\OneDrive\Documentos\DECAFIA_v2\01_dataset\decafia_clean\images\val\SANAS_SOCORRO_369.jpg,val,SANAS_SOCORRO_369,17266991761260287196,13471932086277382537,2969138233482321628
C:\Users\luise\OneDrive\Documentos\DECAFIA_v2\01_dataset\decafia_clean\images\val\SANAS_SOCORRO_387.jpg,val,SANAS_SOCORRO_387,13866951404938295028,10765322197955142561,15219741356932177756
C:\Users\luise\OneDrive\Documentos\DECAFIA_v2\01_dataset\decafia_clean\images\val\SANAS_SOCORRO_391.jpg,val,SANAS_SOCORRO_391,17242265982698955914,13410735471051862478,4375313750049728305
C:\Users\luise\OneDrive\Documentos\DECAFIA_v2\01_dataset\decafia_clean\images\val\SANAS_SOCORRO_406.jpg,val,SANAS_SOCORRO_406,15714243201475980275,10323765174309707268,7668864090292252458
C:\Users\luise\OneDrive\Documentos\DECAFIA_v2\01_dataset\decafia_clean\images\val\SANAS_SOCORRO_409.jpg,val,SANAS_SOCORRO_409,17243728693848626572,13410394450989646041,11002465913780411633
C:\Users\luise\OneDrive\Documentos\DECAFIA_v2\01_dataset\decafia_clean\images\val\SANAS_SOCORRO_413.jpg,val,SANAS_SOCORRO_413,9310512555078901261,15303480588877409144,10606281027565784490
C:\Users\luise\OneDrive\Documentos\DECAFIA_v2\01_dataset\decafia_clean\images\val\SANAS_SOCORRO_418.jpg,val,SANAS_SOCORRO_418,17733950862150163077,12920529417320861649,7400199679571358073
C:\Users\luise\OneDrive\Documentos\DECAFIA_v2\01_dataset\decafia_clean\images\val\SANAS_SOCORRO_419.jpg,val,SANAS_SOCORRO_419,13675976898408925236,16762261278466546793,10516126015530265059
C:\Users\luise\OneDrive\Documentos\DECAFIA_v2\01_dataset\decafia_clean\images\val\SANAS_SOCORRO_42.jpg,val,SANAS_SOCORRO_42,13624778959610224332,16735839194456115865,14114707316709551272
C:\Users\luise\OneDrive\Documentos\DECAFIA_v2\01_dataset\decafia_clean\images\val\SANAS_SOCORRO_426.jpg,val,SANAS_SOCORRO_426,11582844562297425900,17702474308575075000,17109396984537316408
C:\Users\luise\OneDrive\Documentos\DECAFIA_v2\01_dataset\decafia_clean\images\val\SANAS_SOCORRO_448.jpg,val,SANAS_SOCORRO_448,13087252128229705877,16197784496031801280,10363776450930561817
C:\Users\luise\OneDrive\Documentos\DECAFIA_v2\01_dataset\decafia_clean\images\val\SANAS_SOCORRO_456.jpg,val,SANAS_SOCORRO_456,11341330075643634208,14425358194859915125,15676864728885251477
C:\Users\luise\OneDrive\Documentos\DECAFIA_v2\01_dataset\decafia_clean\images\val\SANAS_SOCORRO_459.jpg,val,SANAS_SOCORRO_459,14340790280598731718,10543468318187286163,11465987866660151270
C:\Users\luise\OneDrive\Documentos\DECAFIA_v2\01_dataset\decafia_clean\images\val\SANAS_SOCORRO_462.jpg,val,SANAS_SOCORRO_462,15408009555396665656,9259799249727224941,14514379628420777633
C:\Users\luise\OneDrive\Documentos\DECAFIA_v2\01_dataset\decafia_clean\images\val\SANAS_SOCORRO_470.jpg,val,SANAS_SOCORRO_470,18198663951925673475,12239641552525798230,14595757971702575225
C:\Users\luise\OneDrive\Documentos\DECAFIA_v2\01_dataset\decafia_clean\images\val\SANAS_SOCORRO_48.jpg,val,SANAS_SOCORRO_48,13906956668758993203,10784214816944053606,17626823989547384350
C:\Users\luise\OneDrive\Documentos\DECAFIA_v2\01_dataset\decafia_clean\images\val\SANAS_SOCORRO_492.jpg,val,SANAS_SOCORRO_492,14036101502539413905,10560776914264747200,15429085054558419885
C:\Users\luise\OneDrive\Documentos\DECAFIA_v2\01_dataset\decafia_clean\images\val\SANAS_SOCORRO_500.jpg,val,SANAS_SOCORRO_500,11381978227980821428,14457044849768247978,1859851419748568484
C:\Users\luise\OneDrive\Documentos\DECAFIA_v2\01_dataset\decafia_clean\images\val\SANAS_SOCORRO_510.jpg,val,SANAS_SOCORRO_510,10385432232394026356,14228316832082278433,8080154100714687295
C:\Users\luise\OneDrive\Documentos\DECAFIA_v2\01_dataset\decafia_clean\images\val\SANAS_SOCORRO_516.jpg,val,SANAS_SOCORRO_516,18069395247006255617,12652355627997044484,13615066664938828020
C:\Users\luise\OneDrive\Documentos\DECAFIA_v2\01_dataset\decafia_clean\images\val\SANAS_SOCORRO_53.jpg,val,SANAS_SOCORRO_53,13835441797471305679,10760236781250784186,7961341021805764207
C:\Users\luise\OneDrive\Documentos\DECAFIA_v2\01_dataset\decafia_clean\images\val\SANAS_SOCORRO_59.jpg,val,SANAS_SOCORRO_59,11357561808212178853,14468516525886317282,11281213085016598113
C:\Users\luise\OneDrive\Documentos\DECAFIA_v2\01_dataset\decafia_clean\images\val\SANAS_SOCORRO_6.jpg,val,SANAS_SOCORRO_6,15651456543752037190,10115209664592150039,12241177033439071956
C:\Users\luise\OneDrive\Documentos\DECAFIA_v2\01_dataset\decafia_clean\images\val\SANAS_SOCORRO_60.jpg,val,SANAS_SOCORRO_60,14285188906215941272,9469445808803754697,11498608486541923962
C:\Users\luise\OneDrive\Documentos\DECAFIA_v2\01_dataset\decafia_clean\images\val\SANAS_SOCORRO_62.jpg,val,SANAS_SOCORRO_62,15261117163726970843,9700529714934139550,7871788876855060790
C:\Users\luise\OneDrive\Documentos\DECAFIA_v2\01_dataset\decafia_clean\images\val\SANAS_SOCORRO_68.jpg,val,SANAS_SOCORRO_68,14120261094594797824,10853811382923720279,12383116903934989836
C:\Users\luise\OneDrive\Documentos\DECAFIA_v2\01_dataset\decafia_clean\images\val\SANAS_SOCORRO_73.jpg,val,SANAS_SOCORRO_73,14476044539500700016,11362696874330518693,18185357269835108070
C:\Users\luise\OneDrive\Documentos\DECAFIA_v2\01_dataset\decafia_clean\images\val\SANAS_SOCORRO_90.jpg,val,SANAS_SOCORRO_90,16382286707147738907,13118079321165027918,6730255936272462804
C:\Users\luise\OneDrive\Documentos\DECAFIA_v2\01_dataset\decafia_clean\images\test\COCO_M_A_16.jpg,test,COCO_M_A_16,16804790351008260786,13574357924260689377,7845535468639501358
C:\Users\luise\OneDrive\Documentos\DECAFIA_v2\01_dataset\decafia_clean\images\test\COCO_M_A_2.jpg,test,COCO_M_A_2,14666452057991807791,11447271904359174778,7912134304299019155
C:\Users\luise\OneDrive\Documentos\DECAFIA_v2\01_dataset\decafia_clean\images\test\COCO_M_A_25.jpg,test,COCO_M_A_25,10837045168547952260,13921117331611493201,8089523808824133527
C:\Users\luise\OneDrive\Documentos\DECAFIA_v2\01_dataset\decafia_clean\images\test\COCO_M_A_27.jpg,test,COCO_M_A_27,17985646738654240322,12451483404987419443,16603656826244741751
C:\Users\luise\OneDrive\Documentos\DECAFIA_v2\01_dataset\decafia_clean\images\test\COCO_M_A_3.jpg,test,COCO_M_A_3,16479822051180829481,12817741012736544380,15265364898750160352
C:\Users\luise\OneDrive\Documentos\DECAFIA_v2\01_dataset\decafia_clean\images\test\COCO_M_A_34.jpg,test,COCO_M_A_34,17216268158723580048,13526893502729954501,11014710199100679782
C:\Users\luise\OneDrive\Documentos\DECAFIA_v2\01_dataset\decafia_clean\images\test\COCO_M_A_35.jpg,test,COCO_M_A_35,10212937742699091669,15631696963594290048,9260952848443588081
C:\Users\luise\OneDrive\Documentos\DECAFIA_v2\01_dataset\decafia_clean\images\test\COCO_M_A_37.jpg,test,COCO_M_A_37,12153103469560160293,18301831062724162864,16162377026972594643
C:\Users\luise\OneDrive\Documentos\DECAFIA_v2\01_dataset\decafia_clean\images\test\COCO_M_A_39.jpg,test,COCO_M_A_39,15409605350216984364,9335327873226059889,14900134504020138930
C:\Users\luise\OneDrive\Documentos\DECAFIA_v2\01_dataset\decafia_clean\images\test\COCO_M_A_57.jpg,test,COCO_M_A_57,10418323728200492649,14249397391021880124,7431904126222495354
C:\Users\luise\OneDrive\Documentos\DECAFIA_v2\01_dataset\decafia_clean\images\test\COCO_M_A_66.jpg,test,COCO_M_A_66,18175576787818759266,12207512149203915063,16267549380670193151
C:\Users\luise\OneDrive\Documentos\DECAFIA_v2\01_dataset\decafia_clean\images\test\COCO_M_A_81.jpg,test,COCO_M_A_81,9865825990169649249,16122640524140131510,17910283677033270280
C:\Users\luise\OneDrive\Documentos\DECAFIA_v2\01_dataset\decafia_clean\images\test\COCO_M_A_89.jpg,test,COCO_M_A_89,15424195691832121215,9464513730304201275,4561561240868206202
C:\Users\luise\OneDrive\Documentos\DECAFIA_v2\01_dataset\decafia_clean\images\test\COCO_M_A_90.jpg,test,COCO_M_A_90,11342415071875810909,14500763136638096154,17927775966588929411
C:\Users\luise\OneDrive\Documentos\DECAFIA_v2\01_dataset\decafia_clean\images\test\COCO_M_A_96.jpg,test,COCO_M_A_96,15015990711671729155,9599095677838915926,12837285887420086159
C:\Users\luise\OneDrive\Documentos\DECAFIA_v2\01_dataset\decafia_clean\images\test\COCO_Muy_A_19.jpg,test,COCO_Muy_A_19,17368929779868791375,11988442339977668378,7205188727074782457
C:\Users\luise\OneDrive\Documentos\DECAFIA_v2\01_dataset\decafia_clean\images\test\COCO_Muy_A_28.jpg,test,COCO_Muy_A_28,13159270103878486799,16414012216716384090,9776078759453256409
C:\Users\luise\OneDrive\Documentos\DECAFIA_v2\01_dataset\decafia_clean\images\test\COCO_Muy_A_34.jpg,test,COCO_Muy_A_34,15370638369427362984,9230742603285152253,16113509657320039169
C:\Users\luise\OneDrive\Documentos\DECAFIA_v2\01_dataset\decafia_clean\images\test\COCO_Muy_A_39.jpg,test,COCO_Muy_A_39,10736988825117742713,13859026473994591085,1387963063946438555
C:\Users\luise\OneDrive\Documentos\DECAFIA_v2\01_dataset\decafia_clean\images\test\COCO_Muy_A_54.jpg,test,COCO_Muy_A_54,9722844088090494182,15256839266189181347,10990501803972339687
C:\Users\luise\OneDrive\Documentos\DECAFIA_v2\01_dataset\decafia_clean\images\test\COCO_Muy_A_55.jpg,test,COCO_Muy_A_55,10542620318091550260,14347267776857295457,2965201059643024040
C:\Users\luise\OneDrive\Documentos\DECAFIA_v2\01_dataset\decafia_clean\images\test\COCO_Muy_A_70.jpg,test,COCO_Muy_A_70,15241287514601415716,9427911347978940538,11141682446214618835
C:\Users\luise\OneDrive\Documentos\DECAFIA_v2\01_dataset\decafia_clean\images\test\COCO_Muy_A_80.jpg,test,COCO_Muy_A_80,12278175072126790580,18388481195311185633,5782749912788158694
C:\Users\luise\OneDrive\Documentos\DECAFIA_v2\01_dataset\decafia_clean\images\test\COCO_Muy_A_82.jpg,test,COCO_Muy_A_82,16888733054211605436,13778059848467354337,14874965288422394013
C:\Users\luise\OneDrive\Documentos\DECAFIA_v2\01_dataset\decafia_clean\images\test\COCO_Muy_A_95.jpg,test,COCO_Muy_A_95,17886755524176235406,12496873466128144081,6980793702150371580
C:\Users\luise\OneDrive\Documentos\DECAFIA_v2\01_dataset\decafia_clean\images\test\COCO_P_A_10.jpg,test,COCO_P_A_10,16810115783581644195,13699055513302950070,18229723537812276159
C:\Users\luise\OneDrive\Documentos\DECAFIA_v2\01_dataset\decafia_clean\images\test\COCO_P_A_11.jpg,test,COCO_P_A_11,12267683273849228739,16963588261279471766,16195147450377331463
C:\Users\luise\OneDrive\Documentos\DECAFIA_v2\01_dataset\decafia_clean\images\test\COCO_P_A_12.jpg,test,COCO_P_A_12,9642975546503975572,15026238709507851713,2314299461460296005
C:\Users\luise\OneDrive\Documentos\DECAFIA_v2\01_dataset\decafia_clean\images\test\COCO_P_A_13.jpg,test,COCO_P_A_13,16371877444761498674,13214056766019035495,17578659822255505279
C:\Users\luise\OneDrive\Documentos\DECAFIA_v2\01_dataset\decafia_clean\images\test\COCO_P_A_17.jpg,test,COCO_P_A_17,16738633198744041011,13627548741245838148,18373838726022881759
C:\Users\luise\OneDrive\Documentos\DECAFIA_v2\01_dataset\decafia_clean\images\test\COCO_P_A_19.jpg,test,COCO_P_A_19,11367476272111535875,14453782026437177982,2670510948519732883
C:\Users\luise\OneDrive\Documentos\DECAFIA_v2\01_dataset\decafia_clean\images\test\COCO_P_A_30.jpg,test,COCO_P_A_30,18420497174352140890,12319479961085398543,18154261493386895596
C:\Users\luise\OneDrive\Documentos\DECAFIA_v2\01_dataset\decafia_clean\images\test\COCO_P_A_33.jpg,test,COCO_P_A_33,18070285691558925671,12651693606766428275,18373827705103509664
C:\Users\luise\OneDrive\Documentos\DECAFIA_v2\01_dataset\decafia_clean\images\test\COCO_P_A_39.jpg,test,COCO_P_A_39,11728214313941254908,12940707132336739241,3527675522210388064
C:\Users\luise\OneDrive\Documentos\DECAFIA_v2\01_dataset\decafia_clean\images\test\COCO_P_A_48.jpg,test,COCO_P_A_48,14580275986413221844,13781822587611194017,9695908487610640904
C:\Users\luise\OneDrive\Documentos\DECAFIA_v2\01_dataset\decafia_clean\images\test\COCO_P_A_51.jpg,test,COCO_P_A_51,12125354214610692661,18235277471961497440,4357289820327811268
C:\Users\luise\OneDrive\Documentos\DECAFIA_v2\01_dataset\decafia_clean\images\test\COCO_P_A_52.jpg,test,COCO_P_A_52,18039942542377892246,12614464327814048962,17218080479705624821
C:\Users\luise\OneDrive\Documentos\DECAFIA_v2\01_dataset\decafia_clean\images\test\COCO_P_A_56.jpg,test,COCO_P_A_56,13060554253892796830,16146879866162844895,7590028965467750856
C:\Users\luise\OneDrive\Documentos\DECAFIA_v2\01_dataset\decafia_clean\images\test\COCO_P_A_67.jpg,test,COCO_P_A_67,12611482441375516525,18109441544763724408,7622510288076728520
C:\Users\luise\OneDrive\Documentos\DECAFIA_v2\01_dataset\decafia_clean\images\test\COCO_RECORTE_112.jpg,test,COCO_RECORTE_112,10596329601893039714,14148318763284892471,11530775404253099718
C:\Users\luise\OneDrive\Documentos\DECAFIA_v2\01_dataset\decafia_clean\images\test\COCO_RECORTE_118.jpg,test,COCO_RECORTE_118,14758889583729792553,11062897550837699452,6685131135648447692
C:\Users\luise\OneDrive\Documentos\DECAFIA_v2\01_dataset\decafia_clean\images\test\COCO_RECORTE_120.jpg,test,COCO_RECORTE_120,14007756547375753097,10895431569781469789,6492557278466165274
C:\Users\luise\OneDrive\Documentos\DECAFIA_v2\01_dataset\decafia_clean\images\test\COCO_RECORTE_121.jpg,test,COCO_RECORTE_121,10775930445970875828,13897720257520103649,978995545817347287
C:\Users\luise\OneDrive\Documentos\DECAFIA_v2\01_dataset\decafia_clean\images\test\COCO_RECORTE_122.jpg,test,COCO_RECORTE_122,10194128855115058339,15577536782070495478,15445702598159063583
C:\Users\luise\OneDrive\Documentos\DECAFIA_v2\01_dataset\decafia_clean\images\test\COCO_RECORTE_124.jpg,test,COCO_RECORTE_124,16561856740185149986,12718971984402204531,8016327816128469460
C:\Users\luise\OneDrive\Documentos\DECAFIA_v2\01_dataset\decafia_clean\images\test\COCO_RECORTE_13.jpg,test,COCO_RECORTE_13,11503290255766588529,14625071239656048932,12683688728880143677
C:\Users\luise\OneDrive\Documentos\DECAFIA_v2\01_dataset\decafia_clean\images\test\COCO_RECORTE_131.jpg,test,COCO_RECORTE_131,12815322698094987293,16468952784933674312,5297292428552717097
C:\Users\luise\OneDrive\Documentos\DECAFIA_v2\01_dataset\decafia_clean\images\test\COCO_RECORTE_137.jpg,test,COCO_RECORTE_137,13388311295244737667,17049365284596271570,6381051519374025474
C:\Users\luise\OneDrive\Documentos\DECAFIA_v2\01_dataset\decafia_clean\images\test\COCO_RECORTE_140.jpg,test,COCO_RECORTE_140,14737580498744343353,11084258307801919084,13482527540340667893
C:\Users\luise\OneDrive\Documentos\DECAFIA_v2\01_dataset\decafia_clean\images\test\COCO_RECORTE_144.jpg,test,COCO_RECORTE_144,14607625119366025928,11487804082156110729,2507746424349397527
C:\Users\luise\OneDrive\Documentos\DECAFIA_v2\01_dataset\decafia_clean\images\test\COCO_RECORTE_145.jpg,test,COCO_RECORTE_145,16597479785153695262,12935255913812286283,3725413044260262873
C:\Users\luise\OneDrive\Documentos\DECAFIA_v2\01_dataset\decafia_clean\images\test\COCO_RECORTE_154.jpg,test,COCO_RECORTE_154,14732456545057779915,11034776755915809182,16981771673465031916
C:\Users\luise\OneDrive\Documentos\DECAFIA_v2\01_dataset\decafia_clean\images\test\COCO_RECORTE_19.jpg,test,COCO_RECORTE_19,9740944026765518502,15166888444879577826,9259418990875707151
C:\Users\luise\OneDrive\Documentos\DECAFIA_v2\01_dataset\decafia_clean\images\test\COCO_RECORTE_21.jpg,test,COCO_RECORTE_21,12563800654914307342,18090610558505619547,14129505950146009496
C:\Users\luise\OneDrive\Documentos\DECAFIA_v2\01_dataset\decafia_clean\images\test\COCO_RECORTE_27.jpg,test,COCO_RECORTE_27,16476082024655934106,12822610276038051791,6456326685860977981
C:\Users\luise\OneDrive\Documentos\DECAFIA_v2\01_dataset\decafia_clean\images\test\COCO_RECORTE_37.jpg,test,COCO_RECORTE_37,9758257279621216469,15094129840051481988,2024765408843933474
C:\Users\luise\OneDrive\Documentos\DECAFIA_v2\01_dataset\decafia_clean\images\test\COCO_RECORTE_45.jpg,test,COCO_RECORTE_45,10542594923434734801,17166463030309724544,17587279579184179058
C:\Users\luise\OneDrive\Documentos\DECAFIA_v2\01_dataset\decafia_clean\images\test\COCO_RECORTE_56.jpg,test,COCO_RECORTE_56,13727110270607655533,16849421215374923544,13973504511203399920
C:\Users\luise\OneDrive\Documentos\DECAFIA_v2\01_dataset\decafia_clean\images\test\COCO_RECORTE_58.jpg,test,COCO_RECORTE_58,15939708164988997411,10984399680997513846,5029567754648966742
C:\Users\luise\OneDrive\Documentos\DECAFIA_v2\01_dataset\decafia_clean\images\test\COCO_RECORTE_8.jpg,test,COCO_RECORTE_8,12961202379037446544,16612132717851494095,14097295492483609702
C:\Users\luise\OneDrive\Documentos\DECAFIA_v2\01_dataset\decafia_clean\images\test\COCO_RECORTE_86.jpg,test,COCO_RECORTE_86,13038000510038661903,16259434155566304858,5933933978065244442
C:\Users\luise\OneDrive\Documentos\DECAFIA_v2\01_dataset\decafia_clean\images\test\COCO_RECORTE_9.jpg,test,COCO_RECORTE_9,16948089417396423241,13719900509864582680,11705528806115560527
C:\Users\luise\OneDrive\Documentos\DECAFIA_v2\01_dataset\decafia_clean\images\test\MINADO_RECORTES_111.jpg,test,MINADO_RECORTES_111,13585659157673886078,14545678276333409323,6020766304815006435
C:\Users\luise\OneDrive\Documentos\DECAFIA_v2\01_dataset\decafia_clean\images\test\MINADO_RECORTES_12.jpg,test,MINADO_RECORTES_12,15855472310564653944,9897963492536407661,5281154661851845627
C:\Users\luise\OneDrive\Documentos\DECAFIA_v2\01_dataset\decafia_clean\images\test\MINADO_RECORTES_126.jpg,test,MINADO_RECORTES_126,13170164433874740705,16397755310829416628,1388561837495362466
C:\Users\luise\OneDrive\Documentos\DECAFIA_v2\01_dataset\decafia_clean\images\test\MINADO_RECORTES_128.jpg,test,MINADO_RECORTES_128,13081259321287730412,16491105820584055225,6989693278662803777
C:\Users\luise\OneDrive\Documentos\DECAFIA_v2\01_dataset\decafia_clean\images\test\MINADO_RECORTES_131.jpg,test,MINADO_RECORTES_131,11038647232664974155,14728022547212625438,7867057815218277525
C:\Users\luise\OneDrive\Documentos\DECAFIA_v2\01_dataset\decafia_clean\images\test\MINADO_RECORTES_14.jpg,test,MINADO_RECORTES_14,17722930006948169728,11576973045085281749,17571720986479687139
C:\Users\luise\OneDrive\Documentos\DECAFIA_v2\01_dataset\decafia_clean\images\test\MINADO_RECORTES_22.jpg,test,MINADO_RECORTES_22,10158258834013428779,15612915357105940586,11976307558942708278
C:\Users\luise\OneDrive\Documentos\DECAFIA_v2\01_dataset\decafia_clean\images\test\MINADO_RECORTES_25.jpg,test,MINADO_RECORTES_25,14978933793641530400,9991987466341216373,14814511492531832285
C:\Users\luise\OneDrive\Documentos\DECAFIA_v2\01_dataset\decafia_clean\images\test\MINADO_RECORTES_3.jpg,test,MINADO_RECORTES_3,11771756664625345235,17728695929823031174,11935004836739822224
C:\Users\luise\OneDrive\Documentos\DECAFIA_v2\01_dataset\decafia_clean\images\test\MINADO_RECORTES_40.jpg,test,MINADO_RECORTES_40,10364430112636843600,15744829589031084805,1305209505161301128
C:\Users\luise\OneDrive\Documentos\DECAFIA_v2\01_dataset\decafia_clean\images\test\MINADO_RECORTES_48.jpg,test,MINADO_RECORTES_48,10139345918312146649,15701628788382905228,7190852270477085836
C:\Users\luise\OneDrive\Documentos\DECAFIA_v2\01_dataset\decafia_clean\images\test\MINADO_RECORTES_53.jpg,test,MINADO_RECORTES_53,11090303665081825963,14747522108060746486,14719210291074377347
C:\Users\luise\OneDrive\Documentos\DECAFIA_v2\01_dataset\decafia_clean\images\test\MINADO_RECORTES_61.jpg,test,MINADO_RECORTES_61,17222046175813107955,13407966759490299302,13298045689347482864
C:\Users\luise\OneDrive\Documentos\DECAFIA_v2\01_dataset\decafia_clean\images\test\MINADO_RECORTES_69.jpg,test,MINADO_RECORTES_69,12614651346294700397,18038442377329847352,4729801163156129992
C:\Users\luise\OneDrive\Documentos\DECAFIA_v2\01_dataset\decafia_clean\images\test\MINADO_RECORTES_90.jpg,test,MINADO_RECORTES_90,13957823759169320732,10727982873570059849,2409717370662423708
C:\Users\luise\OneDrive\Documentos\DECAFIA_v2\01_dataset\decafia_clean\images\test\MINADO_RECORTES_95.jpg,test,MINADO_RECORTES_95,10318986915642771080,15735914305470059484,1216968945120904988
C:\Users\luise\OneDrive\Documentos\DECAFIA_v2\01_dataset\decafia_clean\images\test\MINADO_RECORTES_96.jpg,test,MINADO_RECORTES_96,9672715402817400475,15233762449098554314,2308960137684858899
C:\Users\luise\OneDrive\Documentos\DECAFIA_v2\01_dataset\decafia_clean\images\test\MINADOR_11.jpg,test,MINADOR_11,18036499933761476246,12617943168498844611,17354837685837033584
C:\Users\luise\OneDrive\Documentos\DECAFIA_v2\01_dataset\decafia_clean\images\test\MINADOR_15.jpg,test,MINADOR_15,12665235148957846321,18055670974480244320,3518604990515040488
C:\Users\luise\OneDrive\Documentos\DECAFIA_v2\01_dataset\decafia_clean\images\test\MINADOR_16.jpg,test,MINADOR_16,18377735140116830594,12276673944943185047,14541796601875986895
C:\Users\luise\OneDrive\Documentos\DECAFIA_v2\01_dataset\decafia_clean\images\test\MINADOR_17.jpg,test,MINADOR_17,18098512479386603403,12573909836955474654,17363851422268453759
C:\Users\luise\OneDrive\Documentos\DECAFIA_v2\01_dataset\decafia_clean\images\test\MINADOR_19.jpg,test,MINADOR_19,18292711383284869159,12288512903495499122,16139186671607935224
C:\Users\luise\OneDrive\Documentos\DECAFIA_v2\01_dataset\decafia_clean\images\test\MINADOR_21.jpg,test,MINADOR_21,18421095244172856220,12299811703894886921,8716977554829666533
C:\Users\luise\OneDrive\Documentos\DECAFIA_v2\01_dataset\decafia_clean\images\test\MINADOR_29.jpg,test,MINADOR_29,13804043352663507812,16916792470764559921,6980773780911608048
C:\Users\luise\OneDrive\Documentos\DECAFIA_v2\01_dataset\decafia_clean\images\test\MINADOR_34.jpg,test,MINADOR_34,12651157238361197269,18069749228673228288,2369074379066761264
C:\Users\luise\OneDrive\Documentos\DECAFIA_v2\01_dataset\decafia_clean\images\test\MINADOR_42.jpg,test,MINADOR_42,12375280734274440133,18079842642404611728,5242344533878294528
C:\Users\luise\OneDrive\Documentos\DECAFIA_v2\01_dataset\decafia_clean\images\test\MINADOR_5.jpg,test,MINADOR_5,18069217064971983976,12652744864769804605,2267235749834586239
C:\Users\luise\OneDrive\Documentos\DECAFIA_v2\01_dataset\decafia_clean\images\test\MINADOR_52.jpg,test,MINADOR_52,17878313358017534567,12495749623427026738,17363888848747690210
C:\Users\luise\OneDrive\Documentos\DECAFIA_v2\01_dataset\decafia_clean\images\test\MINADOR_54.jpg,test,MINADOR_54,12567454901683275995,16950921109791283342,7050608180899410017
C:\Users\luise\OneDrive\Documentos\DECAFIA_v2\01_dataset\decafia_clean\images\test\MINADOR_57.jpg,test,MINADOR_57,17205598476012129816,13516011610013010765,4321442268324622528
C:\Users\luise\OneDrive\Documentos\DECAFIA_v2\01_dataset\decafia_clean\images\test\MINADOR_6.jpg,test,MINADOR_6,18412340163994347544,12308496690492419401,11525235719525429500
C:\Users\luise\OneDrive\Documentos\DECAFIA_v2\01_dataset\decafia_clean\images\test\MINADOR_62.jpg,test,MINADOR_62,18332113533455789774,12266842989130070938,8208048704300018439
C:\Users\luise\OneDrive\Documentos\DECAFIA_v2\01_dataset\decafia_clean\images\test\MINADOR_71.jpg,test,MINADOR_71,18116438005743983239,12551480711037897682,18154264010607094259
C:\Users\luise\OneDrive\Documentos\DECAFIA_v2\01_dataset\decafia_clean\images\test\MINADOR_77.jpg,test,MINADOR_77,18440200349845831049,12303132491066075290,15994794543638178287
C:\Users\luise\OneDrive\Documentos\DECAFIA_v2\01_dataset\decafia_clean\images\test\MINEIRO_1.jpg,test,MINEIRO_1,12370526651168509570,18354596357059288018,3488262780935757872
C:\Users\luise\OneDrive\Documentos\DECAFIA_v2\01_dataset\decafia_clean\images\test\MINEIRO_110.jpg,test,MINEIRO_110,18043849123985397556,12627517454033207905,8134863157059444849
C:\Users\luise\OneDrive\Documentos\DECAFIA_v2\01_dataset\decafia_clean\images\test\MINEIRO_111.jpg,test,MINEIRO_111,16876611995508642510,13790180821555398555,17936934396869540990
C:\Users\luise\OneDrive\Documentos\DECAFIA_v2\01_dataset\decafia_clean\images\test\MINEIRO_112.jpg,test,MINEIRO_112,16918761893772762160,13807703412076759397,4393532693631658105
C:\Users\luise\OneDrive\Documentos\DECAFIA_v2\01_dataset\decafia_clean\images\test\MINEIRO_120.jpg,test,MINEIRO_120,12481375565449892551,18042147604958331794,8277766218924981497
C:\Users\luise\OneDrive\Documentos\DECAFIA_v2\01_dataset\decafia_clean\images\test\MINEIRO_130.jpg,test,MINEIRO_130,18022774522876496487,12630508594611543858,18431488139001002175
C:\Users\luise\OneDrive\Documentos\DECAFIA_v2\01_dataset\decafia_clean\images\test\MINEIRO_140.jpg,test,MINEIRO_140,12253103238490267207,18400177748698188562,3522026851363254483
C:\Users\luise\OneDrive\Documentos\DECAFIA_v2\01_dataset\decafia_clean\images\test\MINEIRO_143.jpg,test,MINEIRO_143,13494140570438586224,17154639033326410277,16208728600657064160
C:\Users\luise\OneDrive\Documentos\DECAFIA_v2\01_dataset\decafia_clean\images\test\MINEIRO_147.jpg,test,MINEIRO_147,13776089205687177155,16896033700213856918,17359385231602802792
C:\Users\luise\OneDrive\Documentos\DECAFIA_v2\01_dataset\decafia_clean\images\test\MINEIRO_148.jpg,test,MINEIRO_148,18065241050417307139,12673679454097689430,8210298376896314608
C:\Users\luise\OneDrive\Documentos\DECAFIA_v2\01_dataset\decafia_clean\images\test\MINEIRO_154.jpg,test,MINEIRO_154,12366309053319268297,18359101202266821276,16199602464731486328
C:\Users\luise\OneDrive\Documentos\DECAFIA_v2\01_dataset\decafia_clean\images\test\MINEIRO_164.jpg,test,MINEIRO_164,13754174439095781916,16912688523109896009,17938093367182936304
C:\Users\luise\OneDrive\Documentos\DECAFIA_v2\01_dataset\decafia_clean\images\test\MINEIRO_169.jpg,test,MINEIRO_169,12326268882560274468,18328208373027278705,16786297677090187376
C:\Users\luise\OneDrive\Documentos\DECAFIA_v2\01_dataset\decafia_clean\images\test\MINEIRO_174.jpg,test,MINEIRO_174,17206148119771519608,13446853316603120901,1833243192986499313
C:\Users\luise\OneDrive\Documentos\DECAFIA_v2\01_dataset\decafia_clean\images\test\MINEIRO_176.jpg,test,MINEIRO_176,13444599874979597413,17275954473725512496,14979474308409785400
C:\Users\luise\OneDrive\Documentos\DECAFIA_v2\01_dataset\decafia_clean\images\test\MINEIRO_179.jpg,test,MINEIRO_179,18318040536231680617,12313849104342895422,17573292968088204401
C:\Users\luise\OneDrive\Documentos\DECAFIA_v2\01_dataset\decafia_clean\images\test\MINEIRO_191.jpg,test,MINEIRO_191,18042687979842477201,12624104648059242948,4429566012425696503
C:\Users\luise\OneDrive\Documentos\DECAFIA_v2\01_dataset\decafia_clean\images\test\MINEIRO_20.jpg,test,MINEIRO_20,12188195119746996814,17595702934916302106,3468243135151872198
C:\Users\luise\OneDrive\Documentos\DECAFIA_v2\01_dataset\decafia_clean\images\test\MINEIRO_32.jpg,test,MINEIRO_32,13476974042507430531,17170678544670760886,6971755320322322480
C:\Users\luise\OneDrive\Documentos\DECAFIA_v2\01_dataset\decafia_clean\images\test\MINEIRO_33.jpg,test,MINEIRO_33,16903563366985534817,13817272387708639294,5972020397007107260
C:\Users\luise\OneDrive\Documentos\DECAFIA_v2\01_dataset\decafia_clean\images\test\MINEIRO_42.jpg,test,MINEIRO_42,18339366384848128632,12381451502794415405,15274200960470935776
C:\Users\luise\OneDrive\Documentos\DECAFIA_v2\01_dataset\decafia_clean\images\test\MINEIRO_62.jpg,test,MINEIRO_62,12257590344578816706,18108587247572193174,16210940886637934824
C:\Users\luise\OneDrive\Documentos\DECAFIA_v2\01_dataset\decafia_clean\images\test\MINEIRO_63.jpg,test,MINEIRO_63,18060191680634997650,12318647836754549383,17358224155209953504
C:\Users\luise\OneDrive\Documentos\DECAFIA_v2\01_dataset\decafia_clean\images\test\MINEIRO_66.jpg,test,MINEIRO_66,12120529455805339932,18258103096235969609,1763243696502224908
C:\Users\luise\OneDrive\Documentos\DECAFIA_v2\01_dataset\decafia_clean\images\test\MINEIRO_69.jpg,test,MINEIRO_69,12624104343105145798,18042688207470648977,1184676053597345944
C:\Users\luise\OneDrive\Documentos\DECAFIA_v2\01_dataset\decafia_clean\images\test\MINEIRO_76.jpg,test,MINEIRO_76,12678465018284327821,18060175162486593224,8129156241269770352
C:\Users\luise\OneDrive\Documentos\DECAFIA_v2\01_dataset\decafia_clean\images\test\MINEIRO_8.jpg,test,MINEIRO_8,18032278632625836698,12639581833274738379,6622777409218739417
C:\Users\luise\OneDrive\Documentos\DECAFIA_v2\01_dataset\decafia_clean\images\test\MINEIRO_9.jpg,test,MINEIRO_9,18030378406118856858,12639511718100372879,15703142384490836220
C:\Users\luise\OneDrive\Documentos\DECAFIA_v2\01_dataset\decafia_clean\images\test\ROYA_FONDO_12.jpg,test,ROYA_FONDO_12,18323880441926769426,12328275762058661447,18299531281113348475
C:\Users\luise\OneDrive\Documentos\DECAFIA_v2\01_dataset\decafia_clean\images\test\ROYA_FONDO_14.jpg,test,ROYA_FONDO_14,13025486805345815604,16255327701814581601,2482021025547055137
C:\Users\luise\OneDrive\Documentos\DECAFIA_v2\01_dataset\decafia_clean\images\test\ROYA_FONDO_16.jpg,test,ROYA_FONDO_16,16270834960328517990,12725144385213578419,6195256476134601058
C:\Users\luise\OneDrive\Documentos\DECAFIA_v2\01_dataset\decafia_clean\images\test\ROYA_FONDO_21.jpg,test,ROYA_FONDO_21,13661882091135241971,16775227144932842406,7125504679464689696
C:\Users\luise\OneDrive\Documentos\DECAFIA_v2\01_dataset\decafia_clean\images\test\ROYA_FONDO_26.jpg,test,ROYA_FONDO_26,17887899427371093293,12496293335625595496,7624867882923518315
C:\Users\luise\OneDrive\Documentos\DECAFIA_v2\01_dataset\decafia_clean\images\test\ROYA_FONDO_32.jpg,test,ROYA_FONDO_32,12495747570428202891,17887318478621743758,8714686249206083923
C:\Users\luise\OneDrive\Documentos\DECAFIA_v2\01_dataset\decafia_clean\images\test\ROYA_FONDO_34.jpg,test,ROYA_FONDO_34,12614464588995414674,18021930063463025350,9913711959453229313
C:\Users\luise\OneDrive\Documentos\DECAFIA_v2\01_dataset\decafia_clean\images\test\ROYA_FONDO_52.jpg,test,ROYA_FONDO_52,13000136833626920988,16230012925066784009,10696306168561750897
C:\Users\luise\OneDrive\Documentos\DECAFIA_v2\01_dataset\decafia_clean\images\test\ROYA_FONDO_56.jpg,test,ROYA_FONDO_56,13035337750897241137,16191434393895336356,15272243915205435426
C:\Users\luise\OneDrive\Documentos\DECAFIA_v2\01_dataset\decafia_clean\images\test\ROYA_FONDO_61.jpg,test,ROYA_FONDO_61,16387919348659020647,13130456538431043122,6574464333226456335
C:\Users\luise\OneDrive\Documentos\DECAFIA_v2\01_dataset\decafia_clean\images\test\ROYA_FONDO_63.jpg,test,ROYA_FONDO_63,18056199514094124148,12664562642304396065,2261318152146942064
C:\Users\luise\OneDrive\Documentos\DECAFIA_v2\01_dataset\decafia_clean\images\test\ROYA_FONDO_73.jpg,test,ROYA_FONDO_73,12175414035434969313,17987543847603358900,1383133731130732546
C:\Users\luise\OneDrive\Documentos\DECAFIA_v2\01_dataset\decafia_clean\images\test\ROYA_FONDO_76.jpg,test,ROYA_FONDO_76,13535429431172566116,17186532292147600177,3887100025576153136
C:\Users\luise\OneDrive\Documentos\DECAFIA_v2\01_dataset\decafia_clean\images\test\ROYA_FONDO_78.jpg,test,ROYA_FONDO_78,18038465971285211169,12610312533236543344,18445887411595180079
C:\Users\luise\OneDrive\Documentos\DECAFIA_v2\01_dataset\decafia_clean\images\test\ROYA_FONDO_8.jpg,test,ROYA_FONDO_8,12262709288550440453,18406405353290517328,4136781153011001393
C:\Users\luise\OneDrive\Documentos\DECAFIA_v2\01_dataset\decafia_clean\images\test\ROYA_FONDO_85.jpg,test,ROYA_FONDO_85,17373923416204577894,11838210930304506227,7197844985699922085
C:\Users\luise\OneDrive\Documentos\DECAFIA_v2\01_dataset\decafia_clean\images\test\ROYA_FONDO_88.jpg,test,ROYA_FONDO_88,18285322709420771124,12148407538503504611,2240383536150935907
C:\Users\luise\OneDrive\Documentos\DECAFIA_v2\01_dataset\decafia_clean\images\test\ROYA_FONDO_91.jpg,test,ROYA_FONDO_91,18078785942880947856,12587719644035013572,4285417827041341759
C:\Users\luise\OneDrive\Documentos\DECAFIA_v2\01_dataset\decafia_clean\images\test\ROYA_FONDO_93.jpg,test,ROYA_FONDO_93,17434725301101538534,11853970221892204979,7417958417217712503
C:\Users\luise\OneDrive\Documentos\DECAFIA_v2\01_dataset\decafia_clean\images\test\ROYA_MA_1.jpg,test,ROYA_MA_1,14091309202322471079,10582111509977558226,13816559111909651823
C:\Users\luise\OneDrive\Documentos\DECAFIA_v2\01_dataset\decafia_clean\images\test\ROYA_MA_13.jpg,test,ROYA_MA_13,11696023240537073606,15349897547967181395,1017595247564724232
C:\Users\luise\OneDrive\Documentos\DECAFIA_v2\01_dataset\decafia_clean\images\test\ROYA_MA_14.jpg,test,ROYA_MA_14,15591436185253536599,12477994417919112706,14902109228276017514
C:\Users\luise\OneDrive\Documentos\DECAFIA_v2\01_dataset\decafia_clean\images\test\ROYA_MA_20.jpg,test,ROYA_MA_20,16605815329491081900,12909252062358409208,2607707570472392825
C:\Users\luise\OneDrive\Documentos\DECAFIA_v2\01_dataset\decafia_clean\images\test\ROYA_MA_33.jpg,test,ROYA_MA_33,13091059167774503571,16211161650416625606,15683909301576098212
C:\Users\luise\OneDrive\Documentos\DECAFIA_v2\01_dataset\decafia_clean\images\test\ROYA_MA_41.jpg,test,ROYA_MA_41,14042136522780692520,10919792659773293949,2251296498148667569
C:\Users\luise\OneDrive\Documentos\DECAFIA_v2\01_dataset\decafia_clean\images\test\ROYA_MA_44.jpg,test,ROYA_MA_44,17934052928268764131,12481675015711020178,8861534261907814349
C:\Users\luise\OneDrive\Documentos\DECAFIA_v2\01_dataset\decafia_clean\images\test\ROYA_MA_45.jpg,test,ROYA_MA_45,9644663540501650469,15027930583868524912,525242336318141833
C:\Users\luise\OneDrive\Documentos\DECAFIA_v2\01_dataset\decafia_clean\images\test\ROYA_MA_47.jpg,test,ROYA_MA_47,15297085801298820403,9302043646256036198,8795010121564406625
C:\Users\luise\OneDrive\Documentos\DECAFIA_v2\01_dataset\decafia_clean\images\test\ROYA_MA_51.jpg,test,ROYA_MA_51,14161337198631568937,10795823695862469500,11029059434550643912
C:\Users\luise\OneDrive\Documentos\DECAFIA_v2\01_dataset\decafia_clean\images\test\ROYA_MA_52.jpg,test,ROYA_MA_52,15232350506312043849,9669644298486667420,15789381863401277350
C:\Users\luise\OneDrive\Documentos\DECAFIA_v2\01_dataset\decafia_clean\images\test\ROYA_MA_56.jpg,test,ROYA_MA_56,18040728958993371584,12630589482038609045,17493896046191884870
C:\Users\luise\OneDrive\Documentos\DECAFIA_v2\01_dataset\decafia_clean\images\test\ROYA_MA_58.jpg,test,ROYA_MA_58,17456811526352409841,12048915462759336364,3689830124881171689
C:\Users\luise\OneDrive\Documentos\DECAFIA_v2\01_dataset\decafia_clean\images\test\ROYA_Muy_A_25.jpg,test,ROYA_Muy_A_25,12161996722193690971,18274836262395815246,5123636709063631520
C:\Users\luise\OneDrive\Documentos\DECAFIA_v2\01_dataset\decafia_clean\images\test\ROYA_Muy_A_30.jpg,test,ROYA_Muy_A_30,16729046063257221528,13077564454181415113,8969196808470878815
C:\Users\luise\OneDrive\Documentos\DECAFIA_v2\01_dataset\decafia_clean\images\test\ROYA_Muy_A_5.jpg,test,ROYA_Muy_A_5,15183319473345204050,9782286544723729159,14115252608264926174
C:\Users\luise\OneDrive\Documentos\DECAFIA_v2\01_dataset\decafia_clean\images\test\ROYA_P_A_26.jpg,test,ROYA_P_A_26,15914147897574629701,9912207719666972242,16631405965339735357
C:\Users\luise\OneDrive\Documentos\DECAFIA_v2\01_dataset\decafia_clean\images\test\ROYA_P_A_40.jpg,test,ROYA_P_A_40,10466275033520058911,14153398440922834442,9339769857285368611
C:\Users\luise\OneDrive\Documentos\DECAFIA_v2\01_dataset\decafia_clean\images\test\ROYA_P_A_44.jpg,test,ROYA_P_A_44,14813242727984342376,11296827318773837949,364490016928209141
C:\Users\luise\OneDrive\Documentos\DECAFIA_v2\01_dataset\decafia_clean\images\test\ROYA_P_A_47.jpg,test,ROYA_P_A_47,16657857166359249785,12860536163347109421,5537659769520230263
C:\Users\luise\OneDrive\Documentos\DECAFIA_v2\01_dataset\decafia_clean\images\test\ROYA_P_A_58.jpg,test,ROYA_P_A_58,14281332392719758161,10908911754784499412,7817746713518219166
C:\Users\luise\OneDrive\Documentos\DECAFIA_v2\01_dataset\decafia_clean\images\test\ROYA_RECORTES_100.jpg,test,ROYA_RECORTES_100,16042351417450641760,10084849066972572725,4062082550713432678
C:\Users\luise\OneDrive\Documentos\DECAFIA_v2\01_dataset\decafia_clean\images\test\ROYA_RECORTES_102.jpg,test,ROYA_RECORTES_102,14365578197678911712,10532121377763894709,1845166952485926588
C:\Users\luise\OneDrive\Documentos\DECAFIA_v2\01_dataset\decafia_clean\images\test\ROYA_RECORTES_11.jpg,test,ROYA_RECORTES_11,15525825022301189188,9377509060389069141,9483907310210227513
C:\Users\luise\OneDrive\Documentos\DECAFIA_v2\01_dataset\decafia_clean\images\test\ROYA_RECORTES_34.jpg,test,ROYA_RECORTES_34,12203546270585623981,18162562066607096040,7522529005549928448
C:\Users\luise\OneDrive\Documentos\DECAFIA_v2\01_dataset\decafia_clean\images\test\ROYA_RECORTES_37.jpg,test,ROYA_RECORTES_37,15234893318834260901,9671589692340690672,9147924434511144835
C:\Users\luise\OneDrive\Documentos\DECAFIA_v2\01_dataset\decafia_clean\images\test\ROYA_RECORTES_48.jpg,test,ROYA_RECORTES_48,10510116540978319490,14163321779886294999,2785326032841029105
C:\Users\luise\OneDrive\Documentos\DECAFIA_v2\01_dataset\decafia_clean\images\test\ROYA_RECORTES_5.jpg,test,ROYA_RECORTES_5,9579788692043271751,15035102817555470866,9467449647095453065
C:\Users\luise\OneDrive\Documentos\DECAFIA_v2\01_dataset\decafia_clean\images\test\ROYA_RECORTES_52.jpg,test,ROYA_RECORTES_52,9294338778961612503,15395918944194812802,5003267723719553586
C:\Users\luise\OneDrive\Documentos\DECAFIA_v2\01_dataset\decafia_clean\images\test\ROYA_RECORTES_55.jpg,test,ROYA_RECORTES_55,15175489368894766663,9642064384589376272,361979444976116529
C:\Users\luise\OneDrive\Documentos\DECAFIA_v2\01_dataset\decafia_clean\images\test\ROYA_RECORTES_66.jpg,test,ROYA_RECORTES_66,10996470555641504228,14829820173214201009,14902075602974133966
C:\Users\luise\OneDrive\Documentos\DECAFIA_v2\01_dataset\decafia_clean\images\test\ROYA_RECORTES_68.jpg,test,ROYA_RECORTES_68,9804165735171105693,15950115523869237896,1732914501471066728
C:\Users\luise\OneDrive\Documentos\DECAFIA_v2\01_dataset\decafia_clean\images\test\ROYA_RECORTES_75.jpg,test,ROYA_RECORTES_75,15145951312727957999,9756009746172195896,7396656034900399802
C:\Users\luise\OneDrive\Documentos\DECAFIA_v2\01_dataset\decafia_clean\images\test\ROYA_RECORTES_78.jpg,test,ROYA_RECORTES_78,13872031458310159619,10796832860894112086,1098382537666403198
C:\Users\luise\OneDrive\Documentos\DECAFIA_v2\01_dataset\decafia_clean\images\test\ROYA_RECORTES_79.jpg,test,ROYA_RECORTES_79,11169613848907823436,14868394238314966041,9701655852104402120
C:\Users\luise\OneDrive\Documentos\DECAFIA_v2\01_dataset\decafia_clean\images\test\ROYA_RECORTES_97.jpg,test,ROYA_RECORTES_97,14293992483932251172,10523543691324780913,11137126895841769585
C:\Users\luise\OneDrive\Documentos\DECAFIA_v2\01_dataset\decafia_clean\images\test\SANAS_NUEVAS_10.jpg,test,SANAS_NUEVAS_10,11965000000129005036,17463109212122489017,10094916501584842850
C:\Users\luise\OneDrive\Documentos\DECAFIA_v2\01_dataset\decafia_clean\images\test\SANAS_NUEVAS_101.jpg,test,SANAS_NUEVAS_101,11199370586587101507,14860046311321644054,12401977165515015879
C:\Users\luise\OneDrive\Documentos\DECAFIA_v2\01_dataset\decafia_clean\images\test\SANAS_NUEVAS_102.jpg,test,SANAS_NUEVAS_102,15313976234929723612,9354954351322712457,15804040929555729229
C:\Users\luise\OneDrive\Documentos\DECAFIA_v2\01_dataset\decafia_clean\images\test\SANAS_NUEVAS_103.jpg,test,SANAS_NUEVAS_103,17506099786043226806,12080756829109398433,8103931706927690068
C:\Users\luise\OneDrive\Documentos\DECAFIA_v2\01_dataset\decafia_clean\images\test\SANAS_NUEVAS_111.jpg,test,SANAS_NUEVAS_111,11935100119227189927,17362694899435511793,8183379314804437377
C:\Users\luise\OneDrive\Documentos\DECAFIA_v2\01_dataset\decafia_clean\images\test\SANAS_NUEVAS_112.jpg,test,SANAS_NUEVAS_112,14826173844767054758,10994539972183346739,1447922866846439833
C:\Users\luise\OneDrive\Documentos\DECAFIA_v2\01_dataset\decafia_clean\images\test\SANAS_NUEVAS_120.jpg,test,SANAS_NUEVAS_120,14270914689916368372,10618129044103472291,14778731064358245237
C:\Users\luise\OneDrive\Documentos\DECAFIA_v2\01_dataset\decafia_clean\images\test\SANAS_NUEVAS_122.jpg,test,SANAS_NUEVAS_122,11984344079885847693,17511584306962995545,8282709262377984240
C:\Users\luise\OneDrive\Documentos\DECAFIA_v2\01_dataset\decafia_clean\images\test\SANAS_NUEVAS_125.jpg,test,SANAS_NUEVAS_125,10199908211871859413,15625255603635951488,9515262693676696394
C:\Users\luise\OneDrive\Documentos\DECAFIA_v2\01_dataset\decafia_clean\images\test\SANAS_NUEVAS_128.jpg,test,SANAS_NUEVAS_128,14298566813341827424,10609288392711115829,1914775080166824867
C:\Users\luise\OneDrive\Documentos\DECAFIA_v2\01_dataset\decafia_clean\images\test\SANAS_NUEVAS_133.jpg,test,SANAS_NUEVAS_133,10589487573670352936,14384567041331596590,16299164224935111274
C:\Users\luise\OneDrive\Documentos\DECAFIA_v2\01_dataset\decafia_clean\images\test\SANAS_NUEVAS_145.jpg,test,SANAS_NUEVAS_145,10028246369612116546,16031171610641803031,6382750838761458185
C:\Users\luise\OneDrive\Documentos\DECAFIA_v2\01_dataset\decafia_clean\images\test\SANAS_NUEVAS_146.jpg,test,SANAS_NUEVAS_146,9630169995115370149,15057059414985917424,16378803757725762769
C:\Users\luise\OneDrive\Documentos\DECAFIA_v2\01_dataset\decafia_clean\images\test\SANAS_NUEVAS_157.jpg,test,SANAS_NUEVAS_157,14045651366574504839,10932902428301864592,10979246056817965203
C:\Users\luise\OneDrive\Documentos\DECAFIA_v2\01_dataset\decafia_clean\images\test\SANAS_NUEVAS_16.jpg,test,SANAS_NUEVAS_16,16440345460993464440,12858483109539073325,12806400298870111231
C:\Users\luise\OneDrive\Documentos\DECAFIA_v2\01_dataset\decafia_clean\images\test\SANAS_NUEVAS_160.jpg,test,SANAS_NUEVAS_160,9439252778590619471,15396581399629944660,3162379124553363621
C:\Users\luise\OneDrive\Documentos\DECAFIA_v2\01_dataset\decafia_clean\images\test\SANAS_NUEVAS_163.jpg,test,SANAS_NUEVAS_163,10034965171423987188,16002994761630847137,3789255136266995238
C:\Users\luise\OneDrive\Documentos\DECAFIA_v2\01_dataset\decafia_clean\images\test\SANAS_NUEVAS_169.jpg,test,SANAS_NUEVAS_169,9434045677709761345,15544494931617140244,11104297997885711186
C:\Users\luise\OneDrive\Documentos\DECAFIA_v2\01_dataset\decafia_clean\images\test\SANAS_NUEVAS_177.jpg,test,SANAS_NUEVAS_177,13699334535054888395,16953947548624969118,13961867757198271082
C:\Users\luise\OneDrive\Documentos\DECAFIA_v2\01_dataset\decafia_clean\images\test\SANAS_NUEVAS_194.jpg,test,SANAS_NUEVAS_194,15524587564623292823,9378534530774023618,8563532326436276111
C:\Users\luise\OneDrive\Documentos\DECAFIA_v2\01_dataset\decafia_clean\images\test\SANAS_NUEVAS_204.jpg,test,SANAS_NUEVAS_204,13085923803810581030,11587726150559870818,10835908581953485228
C:\Users\luise\OneDrive\Documentos\DECAFIA_v2\01_dataset\decafia_clean\images\test\SANAS_NUEVAS_208.jpg,test,SANAS_NUEVAS_208,15438741005069410681,9445804820762883116,12667402298272753614
C:\Users\luise\OneDrive\Documentos\DECAFIA_v2\01_dataset\decafia_clean\images\test\SANAS_NUEVAS_217.jpg,test,SANAS_NUEVAS_217,14966790069349537155,11232519611871855062,15807314307887045836
C:\Users\luise\OneDrive\Documentos\DECAFIA_v2\01_dataset\decafia_clean\images\test\SANAS_NUEVAS_235.jpg,test,SANAS_NUEVAS_235,17598461955886590301,11632550158890036232,17650683575113709845
C:\Users\luise\OneDrive\Documentos\DECAFIA_v2\01_dataset\decafia_clean\images\test\SANAS_NUEVAS_238.jpg,test,SANAS_NUEVAS_238,11452723688038648452,14674252405467224001,6117512302968933266
C:\Users\luise\OneDrive\Documentos\DECAFIA_v2\01_dataset\decafia_clean\images\test\SANAS_NUEVAS_241.jpg,test,SANAS_NUEVAS_241,17559971078100395254,12025975489278734497,16475755004555351767
C:\Users\luise\OneDrive\Documentos\DECAFIA_v2\01_dataset\decafia_clean\images\test\SANAS_NUEVAS_252.jpg,test,SANAS_NUEVAS_252,13192393356804788586,16303486526632215583,5157047640555357316
C:\Users\luise\OneDrive\Documentos\DECAFIA_v2\01_dataset\decafia_clean\images\test\SANAS_NUEVAS_261.jpg,test,SANAS_NUEVAS_261,15509378546700552467,9973560887253138502,17145658822573791165
C:\Users\luise\OneDrive\Documentos\DECAFIA_v2\01_dataset\decafia_clean\images\test\SANAS_NUEVAS_269.jpg,test,SANAS_NUEVAS_269,16466406927127255715,12813075796006981622,8870184962922313148
C:\Users\luise\OneDrive\Documentos\DECAFIA_v2\01_dataset\decafia_clean\images\test\SANAS_NUEVAS_273.jpg,test,SANAS_NUEVAS_273,14045660141138770258,10934001222711340039,6997501037341221827
C:\Users\luise\OneDrive\Documentos\DECAFIA_v2\01_dataset\decafia_clean\images\test\SANAS_NUEVAS_28.jpg,test,SANAS_NUEVAS_28,15478378502975166478,9483290438517771595,14020864779122570659
C:\Users\luise\OneDrive\Documentos\DECAFIA_v2\01_dataset\decafia_clean\images\test\SANAS_NUEVAS_284.jpg,test,SANAS_NUEVAS_284,9593294613015739991,15012588600756660992,4758161031514795297
C:\Users\luise\OneDrive\Documentos\DECAFIA_v2\01_dataset\decafia_clean\images\test\SANAS_NUEVAS_289.jpg,test,SANAS_NUEVAS_289,10342017902330332527,15695448401274736762,8236818940434547778
C:\Users\luise\OneDrive\Documentos\DECAFIA_v2\01_dataset\decafia_clean\images\test\SANAS_NUEVAS_292.jpg,test,SANAS_NUEVAS_292,10821511024877802976,9473580889331450551,14235058268873521794
C:\Users\luise\OneDrive\Documentos\DECAFIA_v2\01_dataset\decafia_clean\images\test\SANAS_NUEVAS_299.jpg,test,SANAS_NUEVAS_299,13558232710751440358,16822582354675929266,6404673703927935224
C:\Users\luise\OneDrive\Documentos\DECAFIA_v2\01_dataset\decafia_clean\images\test\SANAS_NUEVAS_300.jpg,test,SANAS_NUEVAS_300,10244689796732789979,15814713632421769613,13441213576888158044
C:\Users\luise\OneDrive\Documentos\DECAFIA_v2\01_dataset\decafia_clean\images\test\SANAS_NUEVAS_305.jpg,test,SANAS_NUEVAS_305,17634624730912288019,11740761735627126978,12308549854001982377
C:\Users\luise\OneDrive\Documentos\DECAFIA_v2\01_dataset\decafia_clean\images\test\SANAS_NUEVAS_308.jpg,test,SANAS_NUEVAS_308,10465920315374081549,14151221825547223901,17466933945808676465
C:\Users\luise\OneDrive\Documentos\DECAFIA_v2\01_dataset\decafia_clean\images\test\SANAS_NUEVAS_317.jpg,test,SANAS_NUEVAS_317,13923861623981721473,10695815148176315093,16636919550016712412
C:\Users\luise\OneDrive\Documentos\DECAFIA_v2\01_dataset\decafia_clean\images\test\SANAS_NUEVAS_331.jpg,test,SANAS_NUEVAS_331,11851105966942207757,17375946497511614808,6048889537779798793
C:\Users\luise\OneDrive\Documentos\DECAFIA_v2\01_dataset\decafia_clean\images\test\SANAS_NUEVAS_333.jpg,test,SANAS_NUEVAS_333,11867912785225526384,17430635461465372677,518442587284667261
C:\Users\luise\OneDrive\Documentos\DECAFIA_v2\01_dataset\decafia_clean\images\test\SANAS_NUEVAS_334.jpg,test,SANAS_NUEVAS_334,13245738966208369270,16341043226808362787,7045762426476228737
C:\Users\luise\OneDrive\Documentos\DECAFIA_v2\01_dataset\decafia_clean\images\test\SANAS_NUEVAS_344.jpg,test,SANAS_NUEVAS_344,13019837935725370288,16283490729786126053,3177484020758045667
C:\Users\luise\OneDrive\Documentos\DECAFIA_v2\01_dataset\decafia_clean\images\test\SANAS_NUEVAS_349.jpg,test,SANAS_NUEVAS_349,12520251699198633508,17914628552257599345,1250937401966182852
C:\Users\luise\OneDrive\Documentos\DECAFIA_v2\01_dataset\decafia_clean\images\test\SANAS_NUEVAS_350.jpg,test,SANAS_NUEVAS_350,17343536565591182476,11954184848330627545,16889451743416529498
C:\Users\luise\OneDrive\Documentos\DECAFIA_v2\01_dataset\decafia_clean\images\test\SANAS_NUEVAS_352.jpg,test,SANAS_NUEVAS_352,12290216271750033500,18436272051786588424,10852721260398921414
C:\Users\luise\OneDrive\Documentos\DECAFIA_v2\01_dataset\decafia_clean\images\test\SANAS_NUEVAS_355.jpg,test,SANAS_NUEVAS_355,13751368926195897762,16970663437461684470,13386646198356298977
C:\Users\luise\OneDrive\Documentos\DECAFIA_v2\01_dataset\decafia_clean\images\test\SANAS_NUEVAS_362.jpg,test,SANAS_NUEVAS_362,17771719764071867714,11814210344742023445,4603630595266041811
C:\Users\luise\OneDrive\Documentos\DECAFIA_v2\01_dataset\decafia_clean\images\test\SANAS_NUEVAS_363.jpg,test,SANAS_NUEVAS_363,16375899576527409643,12977039543008433588,9096332070629274021
C:\Users\luise\OneDrive\Documentos\DECAFIA_v2\01_dataset\decafia_clean\images\test\SANAS_NUEVAS_373.jpg,test,SANAS_NUEVAS_373,16923986050916511875,13730145886260831446,12002786656994800176
C:\Users\luise\OneDrive\Documentos\DECAFIA_v2\01_dataset\decafia_clean\images\test\SANAS_NUEVAS_374.jpg,test,SANAS_NUEVAS_374,12700949434794211858,16435749825234612039,17472249581711442376
C:\Users\luise\OneDrive\Documentos\DECAFIA_v2\01_dataset\decafia_clean\images\test\SANAS_NUEVAS_38.jpg,test,SANAS_NUEVAS_38,14010250682450298840,10897371418224923277,13357288054165818922
C:\Users\luise\OneDrive\Documentos\DECAFIA_v2\01_dataset\decafia_clean\images\test\SANAS_NUEVAS_385.jpg,test,SANAS_NUEVAS_385,11766433949207971497,17735052190419387388,3768495430491120820
C:\Users\luise\OneDrive\Documentos\DECAFIA_v2\01_dataset\decafia_clean\images\test\SANAS_NUEVAS_390.jpg,test,SANAS_NUEVAS_390,15560156968371546219,9414105448909355326,9187292186417545116
C:\Users\luise\OneDrive\Documentos\DECAFIA_v2\01_dataset\decafia_clean\images\test\SANAS_NUEVAS_404.jpg,test,SANAS_NUEVAS_404,11530859086802350247,17676777428286268786,1675182349708457550
C:\Users\luise\OneDrive\Documentos\DECAFIA_v2\01_dataset\decafia_clean\images\test\SANAS_NUEVAS_419.jpg,test,SANAS_NUEVAS_419,18063869707190468670,12391813389873206625,16484442204981620953
C:\Users\luise\OneDrive\Documentos\DECAFIA_v2\01_dataset\decafia_clean\images\test\SANAS_NUEVAS_422.jpg,test,SANAS_NUEVAS_422,13788562120364838195,16865845797803366566,16280737557915431335
C:\Users\luise\OneDrive\Documentos\DECAFIA_v2\01_dataset\decafia_clean\images\test\SANAS_NUEVAS_428.jpg,test,SANAS_NUEVAS_428,13805433200785020706,16916528518508642423,1166556293839255609
C:\Users\luise\OneDrive\Documentos\DECAFIA_v2\01_dataset\decafia_clean\images\test\SANAS_NUEVAS_434.jpg,test,SANAS_NUEVAS_434,18044452238706356393,12627971173171668220,4538756283782786943
C:\Users\luise\OneDrive\Documentos\DECAFIA_v2\01_dataset\decafia_clean\images\test\SANAS_NUEVAS_437.jpg,test,SANAS_NUEVAS_437,17433863820085991884,11863839950196952216,17578078094301917393
C:\Users\luise\OneDrive\Documentos\DECAFIA_v2\01_dataset\decafia_clean\images\test\SANAS_NUEVAS_451.jpg,test,SANAS_NUEVAS_451,15701709049140831565,10210496418779910492,5536760157700591215
C:\Users\luise\OneDrive\Documentos\DECAFIA_v2\01_dataset\decafia_clean\images\test\SANAS_NUEVAS_456.jpg,test,SANAS_NUEVAS_456,13993423857710210711,10765561953286245314,7088773811836763161
C:\Users\luise\OneDrive\Documentos\DECAFIA_v2\01_dataset\decafia_clean\images\test\SANAS_NUEVAS_465.jpg,test,SANAS_NUEVAS_465,15157120098983663673,9731642425558928748,5726299108524210197
C:\Users\luise\OneDrive\Documentos\DECAFIA_v2\01_dataset\decafia_clean\images\test\SANAS_NUEVAS_472.jpg,test,SANAS_NUEVAS_472,9286030319482531567,15387619279156689722,3946151747599737988
C:\Users\luise\OneDrive\Documentos\DECAFIA_v2\01_dataset\decafia_clean\images\test\SANAS_NUEVAS_480.jpg,test,SANAS_NUEVAS_480,13689614747257948068,16910485818703287025,15475974640662324132
C:\Users\luise\OneDrive\Documentos\DECAFIA_v2\01_dataset\decafia_clean\images\test\SANAS_NUEVAS_482.jpg,test,SANAS_NUEVAS_482,14419524587162057496,11333647539654323789,7524475240100298350
C:\Users\luise\OneDrive\Documentos\DECAFIA_v2\01_dataset\decafia_clean\images\test\SANAS_NUEVAS_484.jpg,test,SANAS_NUEVAS_484,10584274796914546470,14967626005259436658,10898309789629438385
C:\Users\luise\OneDrive\Documentos\DECAFIA_v2\01_dataset\decafia_clean\images\test\SANAS_NUEVAS_486.jpg,test,SANAS_NUEVAS_486,10365650499852409745,15748920086382563268,16276720008330548588
C:\Users\luise\OneDrive\Documentos\DECAFIA_v2\01_dataset\decafia_clean\images\test\SANAS_NUEVAS_489.jpg,test,SANAS_NUEVAS_489,16455232996948347812,12180528827477318320,12991576487228237908
C:\Users\luise\OneDrive\Documentos\DECAFIA_v2\01_dataset\decafia_clean\images\test\SANAS_NUEVAS_49.jpg,test,SANAS_NUEVAS_49,11607288551343965685,18321217663760446964,9340484320479945898
C:\Users\luise\OneDrive\Documentos\DECAFIA_v2\01_dataset\decafia_clean\images\test\SANAS_NUEVAS_510.jpg,test,SANAS_NUEVAS_510,10244036250465331774,15239465222098960194,8094114872578712350
C:\Users\luise\OneDrive\Documentos\DECAFIA_v2\01_dataset\decafia_clean\images\test\SANAS_NUEVAS_515.jpg,test,SANAS_NUEVAS_515,11675467422466419945,10903991604223463836,2176109537322874032
C:\Users\luise\OneDrive\Documentos\DECAFIA_v2\01_dataset\decafia_clean\images\test\SANAS_NUEVAS_527.jpg,test,SANAS_NUEVAS_527,11018551273311936254,14752815002691472299,3200030238147747970
C:\Users\luise\OneDrive\Documentos\DECAFIA_v2\01_dataset\decafia_clean\images\test\SANAS_NUEVAS_534.jpg,test,SANAS_NUEVAS_534,12234845003615089434,17915233420064122382,8258632386584111569
C:\Users\luise\OneDrive\Documentos\DECAFIA_v2\01_dataset\decafia_clean\images\test\SANAS_NUEVAS_535.jpg,test,SANAS_NUEVAS_535,11656410562493841935,17624475267111818842,4070284652538046560
C:\Users\luise\OneDrive\Documentos\DECAFIA_v2\01_dataset\decafia_clean\images\test\SANAS_NUEVAS_54.jpg,test,SANAS_NUEVAS_54,14838422440339604261,11004954444788242032,6469663639985408220
C:\Users\luise\OneDrive\Documentos\DECAFIA_v2\01_dataset\decafia_clean\images\test\SANAS_NUEVAS_546.jpg,test,SANAS_NUEVAS_546,15347878997005478246,9343504663567264803,5986255295135953715
C:\Users\luise\OneDrive\Documentos\DECAFIA_v2\01_dataset\decafia_clean\images\test\SANAS_NUEVAS_547.jpg,test,SANAS_NUEVAS_547,18417141696976224300,12160776306519758201,2013347511375558897
C:\Users\luise\OneDrive\Documentos\DECAFIA_v2\01_dataset\decafia_clean\images\test\SANAS_NUEVAS_548.jpg,test,SANAS_NUEVAS_548,9631431144692108025,15059125424968998792,1241156460071172401
C:\Users\luise\OneDrive\Documentos\DECAFIA_v2\01_dataset\decafia_clean\images\test\SANAS_NUEVAS_550.jpg,test,SANAS_NUEVAS_550,16891814272706818269,13780613300939481482,13600001026893050150
C:\Users\luise\OneDrive\Documentos\DECAFIA_v2\01_dataset\decafia_clean\images\test\SANAS_NUEVAS_552.jpg,test,SANAS_NUEVAS_552,12664285497795266578,18128626602863533383,9077272035515990208
C:\Users\luise\OneDrive\Documentos\DECAFIA_v2\01_dataset\decafia_clean\images\test\SANAS_NUEVAS_554.jpg,test,SANAS_NUEVAS_554,16909223664921320538,13833074539570317583,3561446628645728884
C:\Users\luise\OneDrive\Documentos\DECAFIA_v2\01_dataset\decafia_clean\images\test\SANAS_NUEVAS_555.jpg,test,SANAS_NUEVAS_555,18128607370097243256,12592228453316157741,16780940960223126768
C:\Users\luise\OneDrive\Documentos\DECAFIA_v2\01_dataset\decafia_clean\images\test\SANAS_NUEVAS_558.jpg,test,SANAS_NUEVAS_558,17263388330020085345,12305718116015196980,17359310368711175352
C:\Users\luise\OneDrive\Documentos\DECAFIA_v2\01_dataset\decafia_clean\images\test\SANAS_NUEVAS_569.jpg,test,SANAS_NUEVAS_569,14200756591827451305,10406252710846802620,10738440894146373196
C:\Users\luise\OneDrive\Documentos\DECAFIA_v2\01_dataset\decafia_clean\images\test\SANAS_NUEVAS_581.jpg,test,SANAS_NUEVAS_581,17045616037828894624,13392408060348811957,15499875711084949572
C:\Users\luise\OneDrive\Documentos\DECAFIA_v2\01_dataset\decafia_clean\images\test\SANAS_NUEVAS_582.jpg,test,SANAS_NUEVAS_582,13750084403674530813,16970207430924867240,1424130425905403979
C:\Users\luise\OneDrive\Documentos\DECAFIA_v2\01_dataset\decafia_clean\images\test\SANAS_NUEVAS_591.jpg,test,SANAS_NUEVAS_591,10476901837796998409,14136865077295818972,15107893823929796556
C:\Users\luise\OneDrive\Documentos\DECAFIA_v2\01_dataset\decafia_clean\images\test\SANAS_NUEVAS_592.jpg,test,SANAS_NUEVAS_592,9376413475966143391,15370472397508484674,812490817870778643
C:\Users\luise\OneDrive\Documentos\DECAFIA_v2\01_dataset\decafia_clean\images\test\SANAS_NUEVAS_593.jpg,test,SANAS_NUEVAS_593,15062817258969243302,9537699497336458227,16800229704604316499
C:\Users\luise\OneDrive\Documentos\DECAFIA_v2\01_dataset\decafia_clean\images\test\SANAS_NUEVAS_605.jpg,test,SANAS_NUEVAS_605,18123746309367662428,12596900673929695745,8262763340267964134
C:\Users\luise\OneDrive\Documentos\DECAFIA_v2\01_dataset\decafia_clean\images\test\SANAS_NUEVAS_616.jpg,test,SANAS_NUEVAS_616,11280652185358504607,14545421939739086794,10974153003189886439
C:\Users\luise\OneDrive\Documentos\DECAFIA_v2\01_dataset\decafia_clean\images\test\SANAS_NUEVAS_65.jpg,test,SANAS_NUEVAS_65,10999317179485868635,14839424440550687502,6938935999448139435
C:\Users\luise\OneDrive\Documentos\DECAFIA_v2\01_dataset\decafia_clean\images\test\SANAS_NUEVAS_72.jpg,test,SANAS_NUEVAS_72,10002546765930046972,15962298718804996265,938511666546252952
C:\Users\luise\OneDrive\Documentos\DECAFIA_v2\01_dataset\decafia_clean\images\test\SANAS_NUEVAS_73.jpg,test,SANAS_NUEVAS_73,10181882456474768202,15859997253602154015,10163512205111296295
C:\Users\luise\OneDrive\Documentos\DECAFIA_v2\01_dataset\decafia_clean\images\test\SANAS_NUEVAS_76.jpg,test,SANAS_NUEVAS_76,13852546305659977594,10766827074050484263,15342707433178234152
C:\Users\luise\OneDrive\Documentos\DECAFIA_v2\01_dataset\decafia_clean\images\test\SANAS_NUEVAS_77.jpg,test,SANAS_NUEVAS_77,14610355008224836442,11463417168268520973,6789328857232858636
C:\Users\luise\OneDrive\Documentos\DECAFIA_v2\01_dataset\decafia_clean\images\test\SANAS_NUEVAS_84.jpg,test,SANAS_NUEVAS_84,10248056141624820430,15811342883930997914,17927299180288515770
C:\Users\luise\OneDrive\Documentos\DECAFIA_v2\01_dataset\decafia_clean\images\test\SANAS_NUEVAS_86.jpg,test,SANAS_NUEVAS_86,9419310400162689098,15559173249538696474,11107620722128263688
C:\Users\luise\OneDrive\Documentos\DECAFIA_v2\01_dataset\decafia_clean\images\test\SANAS_NUEVAS_87.jpg,test,SANAS_NUEVAS_87,13275804244268188307,17089037198638896070,13854306945740973664
C:\Users\luise\OneDrive\Documentos\DECAFIA_v2\01_dataset\decafia_clean\images\test\SANAS_NUEVAS_94.jpg,test,SANAS_NUEVAS_94,14590041838541833020,11470501766723458665,14739311875806170773
C:\Users\luise\OneDrive\Documentos\DECAFIA_v2\01_dataset\decafia_clean\images\test\SANAS_NUEVAS_97.jpg,test,SANAS_NUEVAS_97,10305417595374614823,15731478009414708274,4688292352713217494
C:\Users\luise\OneDrive\Documentos\DECAFIA_v2\01_dataset\decafia_clean\images\test\SANAS_SOCORRO_102.jpg,test,SANAS_SOCORRO_102,12071785636600263141,17497553578408928432,259405829276788840
C:\Users\luise\OneDrive\Documentos\DECAFIA_v2\01_dataset\decafia_clean\images\test\SANAS_SOCORRO_109.jpg,test,SANAS_SOCORRO_109,13621894175915603381,16167858639719981280,4941258824805508581
C:\Users\luise\OneDrive\Documentos\DECAFIA_v2\01_dataset\decafia_clean\images\test\SANAS_SOCORRO_111.jpg,test,SANAS_SOCORRO_111,13535751401160195474,17189592689364003014,15124467310823514272
C:\Users\luise\OneDrive\Documentos\DECAFIA_v2\01_dataset\decafia_clean\images\test\SANAS_SOCORRO_122.jpg,test,SANAS_SOCORRO_122,11944410802835884971,17336121890045583102,13220783761709986162
C:\Users\luise\OneDrive\Documentos\DECAFIA_v2\01_dataset\decafia_clean\images\test\SANAS_SOCORRO_124.jpg,test,SANAS_SOCORRO_124,12159894526239070643,18272723200568134886,9113707077556085380
C:\Users\luise\OneDrive\Documentos\DECAFIA_v2\01_dataset\decafia_clean\images\test\SANAS_SOCORRO_13.jpg,test,SANAS_SOCORRO_13,18078628527377963178,12371498716996177406,7706166797657936482
C:\Users\luise\OneDrive\Documentos\DECAFIA_v2\01_dataset\decafia_clean\images\test\SANAS_SOCORRO_130.jpg,test,SANAS_SOCORRO_130,10643525213134313859,14330507475019467990,12155604361917906082
C:\Users\luise\OneDrive\Documentos\DECAFIA_v2\01_dataset\decafia_clean\images\test\SANAS_SOCORRO_138.jpg,test,SANAS_SOCORRO_138,9388435786966355577,15284999184422574888,6068106931634135512
C:\Users\luise\OneDrive\Documentos\DECAFIA_v2\01_dataset\decafia_clean\images\test\SANAS_SOCORRO_139.jpg,test,SANAS_SOCORRO_139,15198022287749072143,9779396625298723930,3771622003264557611
C:\Users\luise\OneDrive\Documentos\DECAFIA_v2\01_dataset\decafia_clean\images\test\SANAS_SOCORRO_141.jpg,test,SANAS_SOCORRO_141,18070061940747574905,12650775111037930280,6012552397841391665
C:\Users\luise\OneDrive\Documentos\DECAFIA_v2\01_dataset\decafia_clean\images\test\SANAS_SOCORRO_142.jpg,test,SANAS_SOCORRO_142,12153128142591132154,17059003102933520559,4681739095342903399
C:\Users\luise\OneDrive\Documentos\DECAFIA_v2\01_dataset\decafia_clean\images\test\SANAS_SOCORRO_156.jpg,test,SANAS_SOCORRO_156,12112580602001051080,18180418943625861277,2982171083919093904
C:\Users\luise\OneDrive\Documentos\DECAFIA_v2\01_dataset\decafia_clean\images\test\SANAS_SOCORRO_163.jpg,test,SANAS_SOCORRO_163,13735073573582906683,16990003255084249198,5964990089610258028
C:\Users\luise\OneDrive\Documentos\DECAFIA_v2\01_dataset\decafia_clean\images\test\SANAS_SOCORRO_164.jpg,test,SANAS_SOCORRO_164,13019837935725370288,16283490729786126053,3177484020758045667
C:\Users\luise\OneDrive\Documentos\DECAFIA_v2\01_dataset\decafia_clean\images\test\SANAS_SOCORRO_169.jpg,test,SANAS_SOCORRO_169,12520251699198633508,17914628552257599345,1250937401966182852
C:\Users\luise\OneDrive\Documentos\DECAFIA_v2\01_dataset\decafia_clean\images\test\SANAS_SOCORRO_174.jpg,test,SANAS_SOCORRO_174,12056940420939561220,17440064469852089424,15435543954081789973
C:\Users\luise\OneDrive\Documentos\DECAFIA_v2\01_dataset\decafia_clean\images\test\SANAS_SOCORRO_178.jpg,test,SANAS_SOCORRO_178,17403248975800646883,11876458315298007482,12910449184062879095
C:\Users\luise\OneDrive\Documentos\DECAFIA_v2\01_dataset\decafia_clean\images\test\SANAS_SOCORRO_181.jpg,test,SANAS_SOCORRO_181,16927329439558223191,13816103736293199894,7911870429017072275
C:\Users\luise\OneDrive\Documentos\DECAFIA_v2\01_dataset\decafia_clean\images\test\SANAS_SOCORRO_182.jpg,test,SANAS_SOCORRO_182,13640088345250128820,16725807447988582125,14811429623899965929
C:\Users\luise\OneDrive\Documentos\DECAFIA_v2\01_dataset\decafia_clean\images\test\SANAS_SOCORRO_210.jpg,test,SANAS_SOCORRO_210,13168197678316459365,16999825599998050864,9485305119218292215
C:\Users\luise\OneDrive\Documentos\DECAFIA_v2\01_dataset\decafia_clean\images\test\SANAS_SOCORRO_214.jpg,test,SANAS_SOCORRO_214,12501901324527716897,17882378297408135030,10203051067802600780
C:\Users\luise\OneDrive\Documentos\DECAFIA_v2\01_dataset\decafia_clean\images\test\SANAS_SOCORRO_218.jpg,test,SANAS_SOCORRO_218,9787924649925123335,15240714167335181651,248094983126344784
C:\Users\luise\OneDrive\Documentos\DECAFIA_v2\01_dataset\decafia_clean\images\test\SANAS_SOCORRO_222.jpg,test,SANAS_SOCORRO_222,13616829432116749831,16838294249604297274,16160314925710680499
C:\Users\luise\OneDrive\Documentos\DECAFIA_v2\01_dataset\decafia_clean\images\test\SANAS_SOCORRO_234.jpg,test,SANAS_SOCORRO_234,17924754705491166686,12507851013692414603,9181513049280369216
C:\Users\luise\OneDrive\Documentos\DECAFIA_v2\01_dataset\decafia_clean\images\test\SANAS_SOCORRO_240.jpg,test,SANAS_SOCORRO_240,16811310928308026151,13554026651236722290,18372699562451726355
C:\Users\luise\OneDrive\Documentos\DECAFIA_v2\01_dataset\decafia_clean\images\test\SANAS_SOCORRO_241.jpg,test,SANAS_SOCORRO_241,12136005438191612988,18248187599666192680,8969185353305948419
C:\Users\luise\OneDrive\Documentos\DECAFIA_v2\01_dataset\decafia_clean\images\test\SANAS_SOCORRO_243.jpg,test,SANAS_SOCORRO_243,17591488503874245180,11636405070917764969,1256925395868181251
C:\Users\luise\OneDrive\Documentos\DECAFIA_v2\01_dataset\decafia_clean\images\test\SANAS_SOCORRO_244.jpg,test,SANAS_SOCORRO_244,16756935151986948451,13680179646130383910,14490451426312745331
C:\Users\luise\OneDrive\Documentos\DECAFIA_v2\01_dataset\decafia_clean\images\test\SANAS_SOCORRO_247.jpg,test,SANAS_SOCORRO_247,16823976173555308622,13560215762663321371,17573574443134105884
C:\Users\luise\OneDrive\Documentos\DECAFIA_v2\01_dataset\decafia_clean\images\test\SANAS_SOCORRO_26.jpg,test,SANAS_SOCORRO_26,14840831420586383598,11142025158767971771,7903253425944474788
C:\Users\luise\OneDrive\Documentos\DECAFIA_v2\01_dataset\decafia_clean\images\test\SANAS_SOCORRO_283.jpg,test,SANAS_SOCORRO_283,12117992049891843710,18266200697752685099,3486015690218930181
C:\Users\luise\OneDrive\Documentos\DECAFIA_v2\01_dataset\decafia_clean\images\test\SANAS_SOCORRO_295.jpg,test,SANAS_SOCORRO_295,16444744968034927770,12781830571152642511,18291400230915657342
C:\Users\luise\OneDrive\Documentos\DECAFIA_v2\01_dataset\decafia_clean\images\test\SANAS_SOCORRO_30.jpg,test,SANAS_SOCORRO_30,14035819332849269201,10924723362301193356,5052260596032690834
C:\Users\luise\OneDrive\Documentos\DECAFIA_v2\01_dataset\decafia_clean\images\test\SANAS_SOCORRO_315.jpg,test,SANAS_SOCORRO_315,12498159024866791654,17881318756334059955,8115557450243182593
C:\Users\luise\OneDrive\Documentos\DECAFIA_v2\01_dataset\decafia_clean\images\test\SANAS_SOCORRO_324.jpg,test,SANAS_SOCORRO_324,12304136961464318325,18416440661412801826,3041077702845016710
C:\Users\luise\OneDrive\Documentos\DECAFIA_v2\01_dataset\decafia_clean\images\test\SANAS_SOCORRO_337.jpg,test,SANAS_SOCORRO_337,17910645712792113092,12671493505308007057,8690995989717145577
C:\Users\luise\OneDrive\Documentos\DECAFIA_v2\01_dataset\decafia_clean\images\test\SANAS_SOCORRO_354.jpg,test,SANAS_SOCORRO_354,12583538618905012643,18137368853085388006,15075999975841780361
C:\Users\luise\OneDrive\Documentos\DECAFIA_v2\01_dataset\decafia_clean\images\test\SANAS_SOCORRO_355.jpg,test,SANAS_SOCORRO_355,16265858304591562823,13037000251260591378,8281678215693089565
C:\Users\luise\OneDrive\Documentos\DECAFIA_v2\01_dataset\decafia_clean\images\test\SANAS_SOCORRO_36.jpg,test,SANAS_SOCORRO_36,14990301525272545784,9609954302656027837,7716931220183437280
C:\Users\luise\OneDrive\Documentos\DECAFIA_v2\01_dataset\decafia_clean\images\test\SANAS_SOCORRO_366.jpg,test,SANAS_SOCORRO_366,11139071591815726488,14681941266731041485,5262740951105225244
C:\Users\luise\OneDrive\Documentos\DECAFIA_v2\01_dataset\decafia_clean\images\test\SANAS_SOCORRO_374.jpg,test,SANAS_SOCORRO_374,17128557726332200397,13322082954539348120,16065106488336112888
C:\Users\luise\OneDrive\Documentos\DECAFIA_v2\01_dataset\decafia_clean\images\test\SANAS_SOCORRO_375.jpg,test,SANAS_SOCORRO_375,13790585966900410522,16913079878817983883,10732855007096506304
C:\Users\luise\OneDrive\Documentos\DECAFIA_v2\01_dataset\decafia_clean\images\test\SANAS_SOCORRO_383.jpg,test,SANAS_SOCORRO_383,9990915887325103082,16137391706445485631,9410889908794844846
C:\Users\luise\OneDrive\Documentos\DECAFIA_v2\01_dataset\decafia_clean\images\test\SANAS_SOCORRO_389.jpg,test,SANAS_SOCORRO_389,11031218736115801601,14790832365274254164,9376580252878923820
C:\Users\luise\OneDrive\Documentos\DECAFIA_v2\01_dataset\decafia_clean\images\test\SANAS_SOCORRO_403.jpg,test,SANAS_SOCORRO_403,11404935804574040831,14921320453599680426,5950018953232434374
C:\Users\luise\OneDrive\Documentos\DECAFIA_v2\01_dataset\decafia_clean\images\test\SANAS_SOCORRO_404.jpg,test,SANAS_SOCORRO_404,14322695518380448564,10633416419539160929,4277081751666698642
C:\Users\luise\OneDrive\Documentos\DECAFIA_v2\01_dataset\decafia_clean\images\test\SANAS_SOCORRO_414.jpg,test,SANAS_SOCORRO_414,11608508924257059575,18180152128924686258,13961475669617518834
C:\Users\luise\OneDrive\Documentos\DECAFIA_v2\01_dataset\decafia_clean\images\test\SANAS_SOCORRO_415.jpg,test,SANAS_SOCORRO_415,17931839765565526995,12433290813211838086,16630341856851160301
C:\Users\luise\OneDrive\Documentos\DECAFIA_v2\01_dataset\decafia_clean\images\test\SANAS_SOCORRO_422.jpg,test,SANAS_SOCORRO_422,12623256279676099787,18031152462035372442,15778564363043500038
C:\Users\luise\OneDrive\Documentos\DECAFIA_v2\01_dataset\decafia_clean\images\test\SANAS_SOCORRO_423.jpg,test,SANAS_SOCORRO_423,13437199366670997394,17235224046028718789,17425786929099843650
C:\Users\luise\OneDrive\Documentos\DECAFIA_v2\01_dataset\decafia_clean\images\test\SANAS_SOCORRO_425.jpg,test,SANAS_SOCORRO_425,18070065414356693221,12650771461604650424,4508922186545014978
C:\Users\luise\OneDrive\Documentos\DECAFIA_v2\01_dataset\decafia_clean\images\test\SANAS_SOCORRO_429.jpg,test,SANAS_SOCORRO_429,12122776922684380550,18404967255700046035,8133712998706507783
C:\Users\luise\OneDrive\Documentos\DECAFIA_v2\01_dataset\decafia_clean\images\test\SANAS_SOCORRO_43.jpg,test,SANAS_SOCORRO_43,17835099590059301502,9428098646742028075,3619199477034510286
C:\Users\luise\OneDrive\Documentos\DECAFIA_v2\01_dataset\decafia_clean\images\test\SANAS_SOCORRO_430.jpg,test,SANAS_SOCORRO_430,17357734832564693090,12084946190880489271,18418720148217694674
C:\Users\luise\OneDrive\Documentos\DECAFIA_v2\01_dataset\decafia_clean\images\test\SANAS_SOCORRO_437.jpg,test,SANAS_SOCORRO_437,12664285497795266578,18128626602863533383,9077272035515990208
C:\Users\luise\OneDrive\Documentos\DECAFIA_v2\01_dataset\decafia_clean\images\test\SANAS_SOCORRO_438.jpg,test,SANAS_SOCORRO_438,18039877005267999636,12613968873147450433,5547569291201138784
C:\Users\luise\OneDrive\Documentos\DECAFIA_v2\01_dataset\decafia_clean\images\test\SANAS_SOCORRO_443.jpg,test,SANAS_SOCORRO_443,17252411407224708764,12266030303223663561,13325245887390738672
C:\Users\luise\OneDrive\Documentos\DECAFIA_v2\01_dataset\decafia_clean\images\test\SANAS_SOCORRO_450.jpg,test,SANAS_SOCORRO_450,10438018244848366900,14235349691216609376,10263536319066213904
C:\Users\luise\OneDrive\Documentos\DECAFIA_v2\01_dataset\decafia_clean\images\test\SANAS_SOCORRO_469.jpg,test,SANAS_SOCORRO_469,13374411237067434708,17063615042968812417,12476842767943266657
C:\Users\luise\OneDrive\Documentos\DECAFIA_v2\01_dataset\decafia_clean\images\test\SANAS_SOCORRO_47.jpg,test,SANAS_SOCORRO_47,15337621956468221511,9263755713479467802,10308483667587841433
C:\Users\luise\OneDrive\Documentos\DECAFIA_v2\01_dataset\decafia_clean\images\test\SANAS_SOCORRO_477.jpg,test,SANAS_SOCORRO_477,16189853334990086343,13112437581362279826,8427607918516532828
C:\Users\luise\OneDrive\Documentos\DECAFIA_v2\01_dataset\decafia_clean\images\test\SANAS_SOCORRO_483.jpg,test,SANAS_SOCORRO_483,10922771080422962236,14105325969662566777,12795715034535401154
C:\Users\luise\OneDrive\Documentos\DECAFIA_v2\01_dataset\decafia_clean\images\test\SANAS_SOCORRO_496.jpg,test,SANAS_SOCORRO_496,16923975904183833138,13802142248972846884,16059330192861431825
C:\Users\luise\OneDrive\Documentos\DECAFIA_v2\01_dataset\decafia_clean\images\test\SANAS_SOCORRO_502.jpg,test,SANAS_SOCORRO_502,15351047223881821962,9249467062817764957,3281750398226123635
C:\Users\luise\OneDrive\Documentos\DECAFIA_v2\01_dataset\decafia_clean\images\test\SANAS_SOCORRO_506.jpg,test,SANAS_SOCORRO_506,17547232196586169585,12015638903114936484,16408710700575482612
C:\Users\luise\OneDrive\Documentos\DECAFIA_v2\01_dataset\decafia_clean\images\test\SANAS_SOCORRO_74.jpg,test,SANAS_SOCORRO_74,16638544687536587504,13236828520099452837,17561848565204572256
C:\Users\luise\OneDrive\Documentos\DECAFIA_v2\01_dataset\decafia_clean\images\test\SANAS_SOCORRO_8.jpg,test,SANAS_SOCORRO_8,9440440778849273705,15444665063305713204,5622505708371037556
C:\Users\luise\OneDrive\Documentos\DECAFIA_v2\01_dataset\decafia_clean\images\test\SANAS_SOCORRO_93.jpg,test,SANAS_SOCORRO_93,17170977182646032467,13483713069463047430,14644147484915980614
