stem,split,prefix,trailing_number,source,roya_count,coco_count,minador_count,total_annots,is_background
COCO_M_A_1,train,COCO_M_A,1,own_field,0,27,0,27,False
COCO_M_A_101,train,COCO_M_A,101,own_field,1,18,0,19,False
COCO_M_A_104,train,COCO_M_A,104,own_field,0,7,0,7,False
COCO_M_A_11,train,COCO_M_A,11,own_field,0,17,0,17,False
COCO_M_A_12,train,COCO_M_A,12,own_field,1,5,0,6,False
COCO_M_A_14,train,COCO_M_A,14,own_field,0,9,0,9,False
COCO_M_A_15,train,COCO_M_A,15,own_field,1,13,0,14,False
COCO_M_A_17,train,COCO_M_A,17,own_field,3,8,0,11,False
COCO_M_A_18,train,COCO_M_A,18,own_field,0,20,0,20,False
COCO_M_A_19,train,COCO_M_A,19,own_field,0,18,0,18,False
COCO_M_A_20,train,COCO_M_A,20,own_field,1,16,0,17,False
COCO_M_A_21,train,COCO_M_A,21,own_field,0,12,0,12,False
COCO_M_A_23,train,COCO_M_A,23,own_field,0,14,0,14,False
COCO_M_A_24,train,COCO_M_A,24,own_field,1,28,0,29,False
COCO_M_A_26,train,COCO_M_A,26,own_field,0,14,0,14,False
COCO_M_A_28,train,COCO_M_A,28,own_field,3,33,0,36,False
COCO_M_A_29,train,COCO_M_A,29,own_field,1,13,0,14,False
COCO_M_A_31,train,COCO_M_A,31,own_field,0,10,0,10,False
COCO_M_A_32,train,COCO_M_A,32,own_field,0,22,0,22,False
COCO_M_A_33,train,COCO_M_A,33,own_field,0,5,0,5,False
COCO_M_A_38,train,COCO_M_A,38,own_field,0,15,0,15,False
COCO_M_A_4,train,COCO_M_A,4,own_field,1,18,0,19,False
COCO_M_A_40,train,COCO_M_A,40,own_field,0,4,0,4,False
COCO_M_A_41,train,COCO_M_A,41,own_field,2,12,0,14,False
COCO_M_A_42,train,COCO_M_A,42,own_field,1,16,0,17,False
COCO_M_A_43,train,COCO_M_A,43,own_field,0,12,0,12,False
COCO_M_A_44,train,COCO_M_A,44,own_field,0,13,0,13,False
COCO_M_A_45,train,COCO_M_A,45,own_field,0,32,0,32,False
COCO_M_A_46,train,COCO_M_A,46,own_field,0,12,0,12,False
COCO_M_A_47,train,COCO_M_A,47,own_field,5,25,0,30,False
COCO_M_A_48,train,COCO_M_A,48,own_field,0,22,0,22,False
COCO_M_A_49,train,COCO_M_A,49,own_field,0,15,0,15,False
COCO_M_A_50,train,COCO_M_A,50,own_field,0,16,0,16,False
COCO_M_A_51,train,COCO_M_A,51,own_field,0,16,0,16,False
COCO_M_A_53,train,COCO_M_A,53,own_field,0,10,0,10,False
COCO_M_A_54,train,COCO_M_A,54,own_field,1,19,0,20,False
COCO_M_A_55,train,COCO_M_A,55,own_field,1,9,0,10,False
COCO_M_A_59,train,COCO_M_A,59,own_field,1,18,0,19,False
COCO_M_A_6,train,COCO_M_A,6,own_field,0,10,0,10,False
COCO_M_A_61,train,COCO_M_A,61,own_field,0,17,0,17,False
COCO_M_A_62,train,COCO_M_A,62,own_field,0,26,0,26,False
COCO_M_A_63,train,COCO_M_A,63,own_field,1,14,0,15,False
COCO_M_A_67,train,COCO_M_A,67,own_field,0,12,0,12,False
COCO_M_A_68,train,COCO_M_A,68,own_field,0,17,0,17,False
COCO_M_A_69,train,COCO_M_A,69,own_field,0,13,0,13,False
COCO_M_A_70,train,COCO_M_A,70,own_field,2,9,0,11,False
COCO_M_A_71,train,COCO_M_A,71,own_field,1,13,0,14,False
COCO_M_A_72,train,COCO_M_A,72,own_field,0,14,0,14,False
COCO_M_A_73,train,COCO_M_A,73,own_field,0,18,0,18,False
COCO_M_A_74,train,COCO_M_A,74,own_field,0,15,0,15,False
COCO_M_A_75,train,COCO_M_A,75,own_field,0,17,0,17,False
COCO_M_A_78,train,COCO_M_A,78,own_field,0,8,0,8,False
COCO_M_A_79,train,COCO_M_A,79,own_field,0,11,0,11,False
COCO_M_A_8,train,COCO_M_A,8,own_field,0,6,0,6,False
COCO_M_A_80,train,COCO_M_A,80,own_field,0,14,0,14,False
COCO_M_A_82,train,COCO_M_A,82,own_field,0,8,0,8,False
COCO_M_A_83,train,COCO_M_A,83,own_field,0,6,0,6,False
COCO_M_A_85,train,COCO_M_A,85,own_field,0,16,0,16,False
COCO_M_A_86,train,COCO_M_A,86,own_field,2,11,0,13,False
COCO_M_A_87,train,COCO_M_A,87,own_field,1,11,0,12,False
COCO_M_A_88,train,COCO_M_A,88,own_field,0,7,0,7,False
COCO_M_A_93,train,COCO_M_A,93,own_field,1,16,0,17,False
COCO_M_A_94,train,COCO_M_A,94,own_field,0,15,0,15,False
COCO_M_A_95,train,COCO_M_A,95,own_field,0,10,0,10,False
COCO_M_A_97,train,COCO_M_A,97,own_field,2,12,0,14,False
COCO_M_A_98,train,COCO_M_A,98,own_field,0,4,0,4,False
COCO_M_A_99,train,COCO_M_A,99,own_field,1,16,0,17,False
COCO_Muy_A_1,train,COCO_Muy_A,1,own_field,3,31,0,34,False
COCO_Muy_A_100,train,COCO_Muy_A,100,own_field,2,41,0,43,False
COCO_Muy_A_101,train,COCO_Muy_A,101,own_field,0,43,0,43,False
COCO_Muy_A_102,train,COCO_Muy_A,102,own_field,0,24,0,24,False
COCO_Muy_A_105,train,COCO_Muy_A,105,own_field,0,22,0,22,False
COCO_Muy_A_106,train,COCO_Muy_A,106,own_field,0,14,0,14,False
COCO_Muy_A_107,train,COCO_Muy_A,107,own_field,0,44,0,44,False
COCO_Muy_A_108,train,COCO_Muy_A,108,own_field,0,11,0,11,False
COCO_Muy_A_109,train,COCO_Muy_A,109,own_field,2,35,0,37,False
COCO_Muy_A_11,train,COCO_Muy_A,11,own_field,0,14,0,14,False
COCO_Muy_A_110,train,COCO_Muy_A,110,own_field,3,18,0,21,False
COCO_Muy_A_114,train,COCO_Muy_A,114,own_field,1,29,0,30,False
COCO_Muy_A_12,train,COCO_Muy_A,12,own_field,1,19,0,20,False
COCO_Muy_A_13,train,COCO_Muy_A,13,own_field,2,31,0,33,False
COCO_Muy_A_15,train,COCO_Muy_A,15,own_field,0,58,0,58,False
COCO_Muy_A_16,train,COCO_Muy_A,16,own_field,1,41,0,42,False
COCO_Muy_A_2,train,COCO_Muy_A,2,own_field,0,54,0,54,False
COCO_Muy_A_20,train,COCO_Muy_A,20,own_field,0,24,0,24,False
COCO_Muy_A_21,train,COCO_Muy_A,21,own_field,0,59,0,59,False
COCO_Muy_A_22,train,COCO_Muy_A,22,own_field,0,34,0,34,False
COCO_Muy_A_23,train,COCO_Muy_A,23,own_field,0,44,0,44,False
COCO_Muy_A_24,train,COCO_Muy_A,24,own_field,0,23,0,23,False
COCO_Muy_A_25,train,COCO_Muy_A,25,own_field,0,24,0,24,False
COCO_Muy_A_26,train,COCO_Muy_A,26,own_field,0,14,0,14,False
COCO_Muy_A_27,train,COCO_Muy_A,27,own_field,3,28,0,31,False
COCO_Muy_A_3,train,COCO_Muy_A,3,own_field,0,25,0,25,False
COCO_Muy_A_31,train,COCO_Muy_A,31,own_field,5,41,0,46,False
COCO_Muy_A_35,train,COCO_Muy_A,35,own_field,2,37,0,39,False
COCO_Muy_A_36,train,COCO_Muy_A,36,own_field,0,42,0,42,False
COCO_Muy_A_43,train,COCO_Muy_A,43,own_field,0,15,0,15,False
COCO_Muy_A_44,train,COCO_Muy_A,44,own_field,0,53,0,53,False
COCO_Muy_A_45,train,COCO_Muy_A,45,own_field,0,78,0,78,False
COCO_Muy_A_49,train,COCO_Muy_A,49,own_field,0,15,0,15,False
COCO_Muy_A_5,train,COCO_Muy_A,5,own_field,0,24,0,24,False
COCO_Muy_A_50,train,COCO_Muy_A,50,own_field,0,8,0,8,False
COCO_Muy_A_52,train,COCO_Muy_A,52,own_field,0,23,0,23,False
COCO_Muy_A_53,train,COCO_Muy_A,53,own_field,0,43,0,43,False
COCO_Muy_A_56,train,COCO_Muy_A,56,own_field,0,26,0,26,False
COCO_Muy_A_57,train,COCO_Muy_A,57,own_field,2,14,0,16,False
COCO_Muy_A_60,train,COCO_Muy_A,60,own_field,2,22,0,24,False
COCO_Muy_A_62,train,COCO_Muy_A,62,own_field,0,22,0,22,False
COCO_Muy_A_64,train,COCO_Muy_A,64,own_field,0,38,0,38,False
COCO_Muy_A_66,train,COCO_Muy_A,66,own_field,0,41,0,41,False
COCO_Muy_A_67,train,COCO_Muy_A,67,own_field,0,15,0,15,False
COCO_Muy_A_68,train,COCO_Muy_A,68,own_field,0,22,0,22,False
COCO_Muy_A_69,train,COCO_Muy_A,69,own_field,1,30,0,31,False
COCO_Muy_A_71,train,COCO_Muy_A,71,own_field,0,15,0,15,False
COCO_Muy_A_72,train,COCO_Muy_A,72,own_field,0,18,0,18,False
COCO_Muy_A_73,train,COCO_Muy_A,73,own_field,0,26,0,26,False
COCO_Muy_A_74,train,COCO_Muy_A,74,own_field,0,35,0,35,False
COCO_Muy_A_75,train,COCO_Muy_A,75,own_field,3,45,0,48,False
COCO_Muy_A_77,train,COCO_Muy_A,77,own_field,0,27,0,27,False
COCO_Muy_A_78,train,COCO_Muy_A,78,own_field,0,19,0,19,False
COCO_Muy_A_8,train,COCO_Muy_A,8,own_field,0,14,0,14,False
COCO_Muy_A_81,train,COCO_Muy_A,81,own_field,1,33,0,34,False
COCO_Muy_A_83,train,COCO_Muy_A,83,own_field,0,26,0,26,False
COCO_Muy_A_86,train,COCO_Muy_A,86,own_field,0,21,0,21,False
COCO_Muy_A_87,train,COCO_Muy_A,87,own_field,3,31,0,34,False
COCO_Muy_A_88,train,COCO_Muy_A,88,own_field,0,41,0,41,False
COCO_Muy_A_89,train,COCO_Muy_A,89,own_field,0,28,0,28,False
COCO_Muy_A_9,train,COCO_Muy_A,9,own_field,0,20,0,20,False
COCO_Muy_A_91,train,COCO_Muy_A,91,own_field,0,13,0,13,False
COCO_Muy_A_92,train,COCO_Muy_A,92,own_field,0,28,0,28,False
COCO_Muy_A_93,train,COCO_Muy_A,93,own_field,0,32,0,32,False
COCO_Muy_A_96,train,COCO_Muy_A,96,own_field,0,19,0,19,False
COCO_Muy_A_99,train,COCO_Muy_A,99,own_field,0,36,0,36,False
COCO_P_A_1,train,COCO_P_A,1,own_field,0,12,0,12,False
COCO_P_A_14,train,COCO_P_A,14,own_field,0,10,0,10,False
COCO_P_A_15,train,COCO_P_A,15,own_field,0,5,0,5,False
COCO_P_A_16,train,COCO_P_A,16,own_field,0,10,0,10,False
COCO_P_A_18,train,COCO_P_A,18,own_field,0,3,0,3,False
COCO_P_A_20,train,COCO_P_A,20,own_field,1,13,0,14,False
COCO_P_A_21,train,COCO_P_A,21,own_field,0,5,0,5,False
COCO_P_A_22,train,COCO_P_A,22,own_field,0,5,0,5,False
COCO_P_A_24,train,COCO_P_A,24,own_field,0,2,0,2,False
COCO_P_A_25,train,COCO_P_A,25,own_field,0,4,0,4,False
COCO_P_A_26,train,COCO_P_A,26,own_field,1,15,0,16,False
COCO_P_A_27,train,COCO_P_A,27,own_field,1,13,0,14,False
COCO_P_A_3,train,COCO_P_A,3,own_field,0,5,0,5,False
COCO_P_A_31,train,COCO_P_A,31,own_field,0,11,0,11,False
COCO_P_A_32,train,COCO_P_A,32,own_field,0,6,0,6,False
COCO_P_A_34,train,COCO_P_A,34,own_field,0,5,0,5,False
COCO_P_A_35,train,COCO_P_A,35,own_field,0,6,0,6,False
COCO_P_A_36,train,COCO_P_A,36,own_field,0,2,0,2,False
COCO_P_A_37,train,COCO_P_A,37,own_field,0,9,0,9,False
COCO_P_A_40,train,COCO_P_A,40,own_field,0,9,0,9,False
COCO_P_A_41,train,COCO_P_A,41,own_field,1,12,0,13,False
COCO_P_A_42,train,COCO_P_A,42,own_field,0,5,0,5,False
COCO_P_A_43,train,COCO_P_A,43,own_field,1,23,0,24,False
COCO_P_A_44,train,COCO_P_A,44,own_field,0,9,0,9,False
COCO_P_A_45,train,COCO_P_A,45,own_field,0,4,0,4,False
COCO_P_A_46,train,COCO_P_A,46,own_field,0,3,0,3,False
COCO_P_A_47,train,COCO_P_A,47,own_field,0,10,0,10,False
COCO_P_A_50,train,COCO_P_A,50,own_field,0,5,0,5,False
COCO_P_A_53,train,COCO_P_A,53,own_field,1,13,0,14,False
COCO_P_A_54,train,COCO_P_A,54,own_field,0,4,0,4,False
COCO_P_A_57,train,COCO_P_A,57,own_field,0,6,0,6,False
COCO_P_A_58,train,COCO_P_A,58,own_field,0,9,0,9,False
COCO_P_A_59,train,COCO_P_A,59,own_field,0,9,0,9,False
COCO_P_A_6,train,COCO_P_A,6,own_field,0,6,0,6,False
COCO_P_A_60,train,COCO_P_A,60,own_field,0,12,0,12,False
COCO_P_A_61,train,COCO_P_A,61,own_field,0,13,0,13,False
COCO_P_A_62,train,COCO_P_A,62,own_field,0,7,0,7,False
COCO_P_A_63,train,COCO_P_A,63,own_field,0,9,0,9,False
COCO_P_A_64,train,COCO_P_A,64,own_field,0,8,0,8,False
COCO_P_A_65,train,COCO_P_A,65,own_field,0,10,0,10,False
COCO_P_A_66,train,COCO_P_A,66,own_field,0,4,0,4,False
COCO_P_A_68,train,COCO_P_A,68,own_field,0,8,0,8,False
COCO_P_A_69,train,COCO_P_A,69,own_field,0,9,0,9,False
COCO_P_A_7,train,COCO_P_A,7,own_field,2,5,0,7,False
COCO_P_A_70,train,COCO_P_A,70,own_field,0,5,0,5,False
COCO_P_A_71,train,COCO_P_A,71,own_field,0,4,0,4,False
COCO_P_A_72,train,COCO_P_A,72,own_field,0,3,0,3,False
COCO_P_A_73,train,COCO_P_A,73,own_field,2,4,0,6,False
COCO_P_A_74,train,COCO_P_A,74,own_field,1,8,0,9,False
COCO_P_A_75,train,COCO_P_A,75,own_field,1,9,0,10,False
COCO_P_A_76,train,COCO_P_A,76,own_field,0,4,0,4,False
COCO_P_A_8,train,COCO_P_A,8,own_field,0,10,0,10,False
COCO_RECORTE_1,train,COCO_RECORTE,1,own_field,0,2,0,2,False
COCO_RECORTE_100,train,COCO_RECORTE,100,own_field,1,6,0,7,False
COCO_RECORTE_103,train,COCO_RECORTE,103,own_field,0,5,0,5,False
COCO_RECORTE_104,train,COCO_RECORTE,104,own_field,0,5,0,5,False
COCO_RECORTE_106,train,COCO_RECORTE,106,own_field,0,7,0,7,False
COCO_RECORTE_107,train,COCO_RECORTE,107,own_field,0,8,0,8,False
COCO_RECORTE_108,train,COCO_RECORTE,108,own_field,0,6,0,6,False
COCO_RECORTE_109,train,COCO_RECORTE,109,own_field,0,5,0,5,False
COCO_RECORTE_110,train,COCO_RECORTE,110,own_field,0,12,0,12,False
COCO_RECORTE_111,train,COCO_RECORTE,111,own_field,0,5,0,5,False
COCO_RECORTE_113,train,COCO_RECORTE,113,own_field,0,8,0,8,False
COCO_RECORTE_114,train,COCO_RECORTE,114,own_field,0,6,0,6,False
COCO_RECORTE_115,train,COCO_RECORTE,115,own_field,0,8,0,8,False
COCO_RECORTE_116,train,COCO_RECORTE,116,own_field,1,7,0,8,False
COCO_RECORTE_117,train,COCO_RECORTE,117,own_field,0,10,0,10,False
COCO_RECORTE_119,train,COCO_RECORTE,119,own_field,0,7,0,7,False
COCO_RECORTE_123,train,COCO_RECORTE,123,own_field,0,9,0,9,False
COCO_RECORTE_125,train,COCO_RECORTE,125,own_field,0,7,0,7,False
COCO_RECORTE_126,train,COCO_RECORTE,126,own_field,0,7,0,7,False
COCO_RECORTE_128,train,COCO_RECORTE,128,own_field,0,4,0,4,False
COCO_RECORTE_129,train,COCO_RECORTE,129,own_field,0,4,0,4,False
COCO_RECORTE_130,train,COCO_RECORTE,130,own_field,0,8,0,8,False
COCO_RECORTE_132,train,COCO_RECORTE,132,own_field,0,7,0,7,False
COCO_RECORTE_135,train,COCO_RECORTE,135,own_field,0,7,0,7,False
COCO_RECORTE_136,train,COCO_RECORTE,136,own_field,0,7,0,7,False
COCO_RECORTE_139,train,COCO_RECORTE,139,own_field,0,4,0,4,False
COCO_RECORTE_14,train,COCO_RECORTE,14,own_field,0,5,0,5,False
COCO_RECORTE_141,train,COCO_RECORTE,141,own_field,0,37,0,37,False
COCO_RECORTE_142,train,COCO_RECORTE,142,own_field,0,16,0,16,False
COCO_RECORTE_143,train,COCO_RECORTE,143,own_field,0,7,0,7,False
COCO_RECORTE_146,train,COCO_RECORTE,146,own_field,0,6,0,6,False
COCO_RECORTE_147,train,COCO_RECORTE,147,own_field,0,8,0,8,False
COCO_RECORTE_148,train,COCO_RECORTE,148,own_field,0,5,0,5,False
COCO_RECORTE_15,train,COCO_RECORTE,15,own_field,0,2,0,2,False
COCO_RECORTE_150,train,COCO_RECORTE,150,own_field,0,4,0,4,False
COCO_RECORTE_151,train,COCO_RECORTE,151,own_field,0,6,0,6,False
COCO_RECORTE_152,train,COCO_RECORTE,152,own_field,0,4,0,4,False
COCO_RECORTE_156,train,COCO_RECORTE,156,own_field,0,7,0,7,False
COCO_RECORTE_16,train,COCO_RECORTE,16,own_field,0,4,0,4,False
COCO_RECORTE_17,train,COCO_RECORTE,17,own_field,0,4,0,4,False
COCO_RECORTE_18,train,COCO_RECORTE,18,own_field,0,10,0,10,False
COCO_RECORTE_2,train,COCO_RECORTE,2,own_field,0,1,0,1,False
COCO_RECORTE_22,train,COCO_RECORTE,22,own_field,0,6,0,6,False
COCO_RECORTE_23,train,COCO_RECORTE,23,own_field,0,4,0,4,False
COCO_RECORTE_24,train,COCO_RECORTE,24,own_field,0,5,0,5,False
COCO_RECORTE_25,train,COCO_RECORTE,25,own_field,0,5,0,5,False
COCO_RECORTE_26,train,COCO_RECORTE,26,own_field,0,4,0,4,False
COCO_RECORTE_28,train,COCO_RECORTE,28,own_field,0,5,0,5,False
COCO_RECORTE_29,train,COCO_RECORTE,29,own_field,0,4,0,4,False
COCO_RECORTE_3,train,COCO_RECORTE,3,own_field,0,3,0,3,False
COCO_RECORTE_30,train,COCO_RECORTE,30,own_field,0,6,0,6,False
COCO_RECORTE_31,train,COCO_RECORTE,31,own_field,0,5,0,5,False
COCO_RECORTE_33,train,COCO_RECORTE,33,own_field,0,5,0,5,False
COCO_RECORTE_34,train,COCO_RECORTE,34,own_field,0,3,0,3,False
COCO_RECORTE_35,train,COCO_RECORTE,35,own_field,0,2,0,2,False
COCO_RECORTE_36,train,COCO_RECORTE,36,own_field,0,5,0,5,False
COCO_RECORTE_4,train,COCO_RECORTE,4,own_field,0,5,0,5,False
COCO_RECORTE_40,train,COCO_RECORTE,40,own_field,0,5,0,5,False
COCO_RECORTE_41,train,COCO_RECORTE,41,own_field,0,3,0,3,False
COCO_RECORTE_43,train,COCO_RECORTE,43,own_field,0,3,0,3,False
COCO_RECORTE_44,train,COCO_RECORTE,44,own_field,0,4,0,4,False
COCO_RECORTE_46,train,COCO_RECORTE,46,own_field,0,7,0,7,False
COCO_RECORTE_47,train,COCO_RECORTE,47,own_field,0,2,0,2,False
COCO_RECORTE_48,train,COCO_RECORTE,48,own_field,0,3,0,3,False
COCO_RECORTE_49,train,COCO_RECORTE,49,own_field,0,5,0,5,False
COCO_RECORTE_5,train,COCO_RECORTE,5,own_field,0,3,0,3,False
COCO_RECORTE_50,train,COCO_RECORTE,50,own_field,0,4,0,4,False
COCO_RECORTE_51,train,COCO_RECORTE,51,own_field,0,3,0,3,False
COCO_RECORTE_52,train,COCO_RECORTE,52,own_field,0,5,0,5,False
COCO_RECORTE_53,train,COCO_RECORTE,53,own_field,0,4,0,4,False
COCO_RECORTE_54,train,COCO_RECORTE,54,own_field,0,2,0,2,False
COCO_RECORTE_55,train,COCO_RECORTE,55,own_field,0,2,0,2,False
COCO_RECORTE_57,train,COCO_RECORTE,57,own_field,0,4,0,4,False
COCO_RECORTE_59,train,COCO_RECORTE,59,own_field,0,5,0,5,False
COCO_RECORTE_6,train,COCO_RECORTE,6,own_field,0,2,0,2,False
COCO_RECORTE_60,train,COCO_RECORTE,60,own_field,0,6,0,6,False
COCO_RECORTE_61,train,COCO_RECORTE,61,own_field,0,4,0,4,False
COCO_RECORTE_62,train,COCO_RECORTE,62,own_field,0,4,0,4,False
COCO_RECORTE_64,train,COCO_RECORTE,64,own_field,0,2,0,2,False
COCO_RECORTE_65,train,COCO_RECORTE,65,own_field,0,2,0,2,False
COCO_RECORTE_67,train,COCO_RECORTE,67,own_field,0,3,0,3,False
COCO_RECORTE_68,train,COCO_RECORTE,68,own_field,0,3,0,3,False
COCO_RECORTE_69,train,COCO_RECORTE,69,own_field,0,5,0,5,False
COCO_RECORTE_7,train,COCO_RECORTE,7,own_field,0,7,0,7,False
COCO_RECORTE_70,train,COCO_RECORTE,70,own_field,0,2,0,2,False
COCO_RECORTE_71,train,COCO_RECORTE,71,own_field,0,2,0,2,False
COCO_RECORTE_72,train,COCO_RECORTE,72,own_field,0,3,0,3,False
COCO_RECORTE_73,train,COCO_RECORTE,73,own_field,0,5,0,5,False
COCO_RECORTE_74,train,COCO_RECORTE,74,own_field,0,5,0,5,False
COCO_RECORTE_75,train,COCO_RECORTE,75,own_field,0,8,0,8,False
COCO_RECORTE_76,train,COCO_RECORTE,76,own_field,0,2,0,2,False
COCO_RECORTE_77,train,COCO_RECORTE,77,own_field,0,4,0,4,False
COCO_RECORTE_78,train,COCO_RECORTE,78,own_field,0,3,0,3,False
COCO_RECORTE_80,train,COCO_RECORTE,80,own_field,0,4,0,4,False
COCO_RECORTE_81,train,COCO_RECORTE,81,own_field,0,5,0,5,False
COCO_RECORTE_83,train,COCO_RECORTE,83,own_field,0,3,0,3,False
COCO_RECORTE_85,train,COCO_RECORTE,85,own_field,1,4,0,5,False
COCO_RECORTE_89,train,COCO_RECORTE,89,own_field,0,8,0,8,False
COCO_RECORTE_90,train,COCO_RECORTE,90,own_field,0,2,0,2,False
COCO_RECORTE_92,train,COCO_RECORTE,92,own_field,0,7,0,7,False
COCO_RECORTE_93,train,COCO_RECORTE,93,own_field,0,4,0,4,False
COCO_RECORTE_94,train,COCO_RECORTE,94,own_field,0,4,0,4,False
COCO_RECORTE_95,train,COCO_RECORTE,95,own_field,0,8,0,8,False
COCO_RECORTE_96,train,COCO_RECORTE,96,own_field,0,11,0,11,False
COCO_RECORTE_98,train,COCO_RECORTE,98,own_field,0,3,0,3,False
MINADOR_1,train,MINADOR,1,rust_and_leaf_miner,0,0,8,8,False
MINADOR_10,train,MINADOR,10,rust_and_leaf_miner,0,0,4,4,False
MINADOR_14,train,MINADOR,14,rust_and_leaf_miner,0,0,2,2,False
MINADOR_2,train,MINADOR,2,rust_and_leaf_miner,0,0,7,7,False
MINADOR_20,train,MINADOR,20,rust_and_leaf_miner,0,0,4,4,False
MINADOR_22,train,MINADOR,22,rust_and_leaf_miner,0,0,3,3,False
MINADOR_23,train,MINADOR,23,rust_and_leaf_miner,0,0,6,6,False
MINADOR_24,train,MINADOR,24,rust_and_leaf_miner,0,0,2,2,False
MINADOR_25,train,MINADOR,25,rust_and_leaf_miner,1,0,6,7,False
MINADOR_26,train,MINADOR,26,rust_and_leaf_miner,0,0,4,4,False
MINADOR_27,train,MINADOR,27,rust_and_leaf_miner,0,0,10,10,False
MINADOR_28,train,MINADOR,28,rust_and_leaf_miner,0,0,8,8,False
MINADOR_3,train,MINADOR,3,rust_and_leaf_miner,0,0,3,3,False
MINADOR_30,train,MINADOR,30,rust_and_leaf_miner,0,0,9,9,False
MINADOR_31,train,MINADOR,31,rust_and_leaf_miner,0,0,9,9,False
MINADOR_33,train,MINADOR,33,rust_and_leaf_miner,0,0,4,4,False
MINADOR_35,train,MINADOR,35,rust_and_leaf_miner,0,0,6,6,False
MINADOR_36,train,MINADOR,36,rust_and_leaf_miner,0,0,5,5,False
MINADOR_37,train,MINADOR,37,rust_and_leaf_miner,0,0,7,7,False
MINADOR_38,train,MINADOR,38,rust_and_leaf_miner,0,0,3,3,False
MINADOR_39,train,MINADOR,39,rust_and_leaf_miner,1,0,11,12,False
MINADOR_4,train,MINADOR,4,rust_and_leaf_miner,0,0,2,2,False
MINADOR_40,train,MINADOR,40,rust_and_leaf_miner,0,0,10,10,False
MINADOR_41,train,MINADOR,41,rust_and_leaf_miner,0,0,3,3,False
MINADOR_43,train,MINADOR,43,rust_and_leaf_miner,0,0,7,7,False
MINADOR_44,train,MINADOR,44,rust_and_leaf_miner,0,0,3,3,False
MINADOR_45,train,MINADOR,45,rust_and_leaf_miner,0,0,4,4,False
MINADOR_46,train,MINADOR,46,rust_and_leaf_miner,0,0,5,5,False
MINADOR_47,train,MINADOR,47,rust_and_leaf_miner,0,0,8,8,False
MINADOR_48,train,MINADOR,48,rust_and_leaf_miner,0,0,14,14,False
MINADOR_49,train,MINADOR,49,rust_and_leaf_miner,0,0,7,7,False
MINADOR_50,train,MINADOR,50,rust_and_leaf_miner,0,0,7,7,False
MINADOR_51,train,MINADOR,51,rust_and_leaf_miner,0,0,7,7,False
MINADOR_53,train,MINADOR,53,rust_and_leaf_miner,0,0,7,7,False
MINADOR_55,train,MINADOR,55,rust_and_leaf_miner,0,0,8,8,False
MINADOR_58,train,MINADOR,58,rust_and_leaf_miner,0,0,9,9,False
MINADOR_59,train,MINADOR,59,rust_and_leaf_miner,0,0,5,5,False
MINADOR_60,train,MINADOR,60,rust_and_leaf_miner,0,0,3,3,False
MINADOR_63,train,MINADOR,63,rust_and_leaf_miner,0,0,18,18,False
MINADOR_65,train,MINADOR,65,rust_and_leaf_miner,0,0,6,6,False
MINADOR_67,train,MINADOR,67,rust_and_leaf_miner,0,0,7,7,False
MINADOR_68,train,MINADOR,68,rust_and_leaf_miner,2,0,7,9,False
MINADOR_69,train,MINADOR,69,rust_and_leaf_miner,0,0,4,4,False
MINADOR_7,train,MINADOR,7,rust_and_leaf_miner,0,0,7,7,False
MINADOR_70,train,MINADOR,70,rust_and_leaf_miner,0,0,4,4,False
MINADOR_73,train,MINADOR,73,rust_and_leaf_miner,0,0,9,9,False
MINADOR_74,train,MINADOR,74,rust_and_leaf_miner,0,0,3,3,False
MINADOR_75,train,MINADOR,75,rust_and_leaf_miner,0,0,9,9,False
MINADOR_76,train,MINADOR,76,rust_and_leaf_miner,0,0,9,9,False
MINADOR_78,train,MINADOR,78,rust_and_leaf_miner,0,0,3,3,False
MINADOR_79,train,MINADOR,79,rust_and_leaf_miner,0,0,7,7,False
MINADOR_8,train,MINADOR,8,rust_and_leaf_miner,0,0,3,3,False
MINADOR_80,train,MINADOR,80,rust_and_leaf_miner,0,0,7,7,False
MINADOR_81,train,MINADOR,81,rust_and_leaf_miner,0,0,5,5,False
MINADOR_82,train,MINADOR,82,rust_and_leaf_miner,0,0,8,8,False
MINADOR_83,train,MINADOR,83,rust_and_leaf_miner,0,0,9,9,False
MINADO_RECORTES_1,train,MINADO_RECORTES,1,rust_and_leaf_miner,0,0,4,4,False
MINADO_RECORTES_100,train,MINADO_RECORTES,100,rust_and_leaf_miner,0,0,3,3,False
MINADO_RECORTES_101,train,MINADO_RECORTES,101,rust_and_leaf_miner,0,0,4,4,False
MINADO_RECORTES_102,train,MINADO_RECORTES,102,rust_and_leaf_miner,0,0,4,4,False
MINADO_RECORTES_104,train,MINADO_RECORTES,104,rust_and_leaf_miner,0,0,5,5,False
MINADO_RECORTES_105,train,MINADO_RECORTES,105,rust_and_leaf_miner,0,0,3,3,False
MINADO_RECORTES_106,train,MINADO_RECORTES,106,rust_and_leaf_miner,0,0,3,3,False
MINADO_RECORTES_107,train,MINADO_RECORTES,107,rust_and_leaf_miner,0,0,7,7,False
MINADO_RECORTES_108,train,MINADO_RECORTES,108,rust_and_leaf_miner,0,0,7,7,False
MINADO_RECORTES_110,train,MINADO_RECORTES,110,rust_and_leaf_miner,0,0,8,8,False
MINADO_RECORTES_112,train,MINADO_RECORTES,112,rust_and_leaf_miner,0,0,7,7,False
MINADO_RECORTES_113,train,MINADO_RECORTES,113,rust_and_leaf_miner,0,0,8,8,False
MINADO_RECORTES_114,train,MINADO_RECORTES,114,rust_and_leaf_miner,0,0,8,8,False
MINADO_RECORTES_115,train,MINADO_RECORTES,115,rust_and_leaf_miner,0,0,6,6,False
MINADO_RECORTES_116,train,MINADO_RECORTES,116,rust_and_leaf_miner,0,0,6,6,False
MINADO_RECORTES_117,train,MINADO_RECORTES,117,rust_and_leaf_miner,0,0,4,4,False
MINADO_RECORTES_118,train,MINADO_RECORTES,118,rust_and_leaf_miner,0,0,4,4,False
MINADO_RECORTES_119,train,MINADO_RECORTES,119,rust_and_leaf_miner,0,0,5,5,False
MINADO_RECORTES_120,train,MINADO_RECORTES,120,rust_and_leaf_miner,0,0,5,5,False
MINADO_RECORTES_121,train,MINADO_RECORTES,121,rust_and_leaf_miner,0,0,3,3,False
MINADO_RECORTES_122,train,MINADO_RECORTES,122,rust_and_leaf_miner,0,0,3,3,False
MINADO_RECORTES_123,train,MINADO_RECORTES,123,rust_and_leaf_miner,0,0,7,7,False
MINADO_RECORTES_124,train,MINADO_RECORTES,124,rust_and_leaf_miner,0,0,7,7,False
MINADO_RECORTES_125,train,MINADO_RECORTES,125,rust_and_leaf_miner,0,0,9,9,False
MINADO_RECORTES_127,train,MINADO_RECORTES,127,rust_and_leaf_miner,0,0,7,7,False
MINADO_RECORTES_13,train,MINADO_RECORTES,13,rust_and_leaf_miner,0,0,5,5,False
MINADO_RECORTES_130,train,MINADO_RECORTES,130,rust_and_leaf_miner,0,0,8,8,False
MINADO_RECORTES_15,train,MINADO_RECORTES,15,rust_and_leaf_miner,0,0,3,3,False
MINADO_RECORTES_17,train,MINADO_RECORTES,17,rust_and_leaf_miner,0,0,5,5,False
MINADO_RECORTES_18,train,MINADO_RECORTES,18,rust_and_leaf_miner,0,0,3,3,False
MINADO_RECORTES_19,train,MINADO_RECORTES,19,rust_and_leaf_miner,0,0,3,3,False
MINADO_RECORTES_20,train,MINADO_RECORTES,20,rust_and_leaf_miner,0,0,4,4,False
MINADO_RECORTES_21,train,MINADO_RECORTES,21,rust_and_leaf_miner,0,0,4,4,False
MINADO_RECORTES_23,train,MINADO_RECORTES,23,rust_and_leaf_miner,0,0,3,3,False
MINADO_RECORTES_24,train,MINADO_RECORTES,24,rust_and_leaf_miner,0,0,4,4,False
MINADO_RECORTES_26,train,MINADO_RECORTES,26,rust_and_leaf_miner,0,0,5,5,False
MINADO_RECORTES_27,train,MINADO_RECORTES,27,rust_and_leaf_miner,0,0,3,3,False
MINADO_RECORTES_28,train,MINADO_RECORTES,28,rust_and_leaf_miner,0,0,3,3,False
MINADO_RECORTES_30,train,MINADO_RECORTES,30,rust_and_leaf_miner,0,0,2,2,False
MINADO_RECORTES_31,train,MINADO_RECORTES,31,rust_and_leaf_miner,0,0,3,3,False
MINADO_RECORTES_33,train,MINADO_RECORTES,33,rust_and_leaf_miner,0,0,3,3,False
MINADO_RECORTES_34,train,MINADO_RECORTES,34,rust_and_leaf_miner,0,0,3,3,False
MINADO_RECORTES_36,train,MINADO_RECORTES,36,rust_and_leaf_miner,0,0,4,4,False
MINADO_RECORTES_37,train,MINADO_RECORTES,37,rust_and_leaf_miner,0,0,2,2,False
MINADO_RECORTES_38,train,MINADO_RECORTES,38,rust_and_leaf_miner,0,0,2,2,False
MINADO_RECORTES_39,train,MINADO_RECORTES,39,rust_and_leaf_miner,0,0,4,4,False
MINADO_RECORTES_41,train,MINADO_RECORTES,41,rust_and_leaf_miner,0,0,3,3,False
MINADO_RECORTES_42,train,MINADO_RECORTES,42,rust_and_leaf_miner,0,0,2,2,False
MINADO_RECORTES_44,train,MINADO_RECORTES,44,rust_and_leaf_miner,0,0,3,3,False
MINADO_RECORTES_45,train,MINADO_RECORTES,45,rust_and_leaf_miner,0,0,2,2,False
MINADO_RECORTES_47,train,MINADO_RECORTES,47,rust_and_leaf_miner,0,0,2,2,False
MINADO_RECORTES_5,train,MINADO_RECORTES,5,rust_and_leaf_miner,0,0,3,3,False
MINADO_RECORTES_50,train,MINADO_RECORTES,50,rust_and_leaf_miner,0,0,5,5,False
MINADO_RECORTES_52,train,MINADO_RECORTES,52,rust_and_leaf_miner,0,0,5,5,False
MINADO_RECORTES_54,train,MINADO_RECORTES,54,rust_and_leaf_miner,0,0,2,2,False
MINADO_RECORTES_55,train,MINADO_RECORTES,55,rust_and_leaf_miner,0,0,3,3,False
MINADO_RECORTES_56,train,MINADO_RECORTES,56,rust_and_leaf_miner,0,0,3,3,False
MINADO_RECORTES_58,train,MINADO_RECORTES,58,rust_and_leaf_miner,0,0,3,3,False
MINADO_RECORTES_59,train,MINADO_RECORTES,59,rust_and_leaf_miner,0,0,2,2,False
MINADO_RECORTES_6,train,MINADO_RECORTES,6,rust_and_leaf_miner,0,0,2,2,False
MINADO_RECORTES_60,train,MINADO_RECORTES,60,rust_and_leaf_miner,0,0,3,3,False
MINADO_RECORTES_62,train,MINADO_RECORTES,62,rust_and_leaf_miner,0,0,4,4,False
MINADO_RECORTES_64,train,MINADO_RECORTES,64,rust_and_leaf_miner,0,0,2,2,False
MINADO_RECORTES_65,train,MINADO_RECORTES,65,rust_and_leaf_miner,0,0,3,3,False
MINADO_RECORTES_66,train,MINADO_RECORTES,66,rust_and_leaf_miner,0,0,5,5,False
MINADO_RECORTES_67,train,MINADO_RECORTES,67,rust_and_leaf_miner,0,0,3,3,False
MINADO_RECORTES_68,train,MINADO_RECORTES,68,rust_and_leaf_miner,0,0,3,3,False
MINADO_RECORTES_7,train,MINADO_RECORTES,7,rust_and_leaf_miner,0,0,4,4,False
MINADO_RECORTES_70,train,MINADO_RECORTES,70,rust_and_leaf_miner,0,0,3,3,False
MINADO_RECORTES_71,train,MINADO_RECORTES,71,rust_and_leaf_miner,0,0,5,5,False
MINADO_RECORTES_73,train,MINADO_RECORTES,73,rust_and_leaf_miner,0,0,2,2,False
MINADO_RECORTES_74,train,MINADO_RECORTES,74,rust_and_leaf_miner,0,0,3,3,False
MINADO_RECORTES_75,train,MINADO_RECORTES,75,rust_and_leaf_miner,0,0,2,2,False
MINADO_RECORTES_76,train,MINADO_RECORTES,76,rust_and_leaf_miner,0,0,2,2,False
MINADO_RECORTES_77,train,MINADO_RECORTES,77,rust_and_leaf_miner,0,0,3,3,False
MINADO_RECORTES_78,train,MINADO_RECORTES,78,rust_and_leaf_miner,0,0,3,3,False
MINADO_RECORTES_79,train,MINADO_RECORTES,79,rust_and_leaf_miner,0,0,3,3,False
MINADO_RECORTES_80,train,MINADO_RECORTES,80,rust_and_leaf_miner,0,0,2,2,False
MINADO_RECORTES_82,train,MINADO_RECORTES,82,rust_and_leaf_miner,0,0,1,1,False
MINADO_RECORTES_83,train,MINADO_RECORTES,83,rust_and_leaf_miner,0,0,3,3,False
MINADO_RECORTES_84,train,MINADO_RECORTES,84,rust_and_leaf_miner,0,0,3,3,False
MINADO_RECORTES_87,train,MINADO_RECORTES,87,rust_and_leaf_miner,0,0,4,4,False
MINADO_RECORTES_89,train,MINADO_RECORTES,89,rust_and_leaf_miner,0,0,2,2,False
MINADO_RECORTES_9,train,MINADO_RECORTES,9,rust_and_leaf_miner,0,0,4,4,False
MINADO_RECORTES_91,train,MINADO_RECORTES,91,rust_and_leaf_miner,0,0,3,3,False
MINADO_RECORTES_92,train,MINADO_RECORTES,92,rust_and_leaf_miner,0,0,1,1,False
MINADO_RECORTES_93,train,MINADO_RECORTES,93,rust_and_leaf_miner,0,0,3,3,False
MINADO_RECORTES_94,train,MINADO_RECORTES,94,rust_and_leaf_miner,0,0,3,3,False
MINADO_RECORTES_97,train,MINADO_RECORTES,97,rust_and_leaf_miner,0,0,3,3,False
MINADO_RECORTES_99,train,MINADO_RECORTES,99,rust_and_leaf_miner,0,0,5,5,False
MINEIRO_0,train,MINEIRO,0,rust_and_leaf_miner,0,0,8,8,False
MINEIRO_10,train,MINEIRO,10,rust_and_leaf_miner,0,0,2,2,False
MINEIRO_100,train,MINEIRO,100,rust_and_leaf_miner,0,0,6,6,False
MINEIRO_101,train,MINEIRO,101,rust_and_leaf_miner,0,0,1,1,False
MINEIRO_102,train,MINEIRO,102,rust_and_leaf_miner,0,0,1,1,False
MINEIRO_103,train,MINEIRO,103,rust_and_leaf_miner,0,0,9,9,False
MINEIRO_104,train,MINEIRO,104,rust_and_leaf_miner,0,0,12,12,False
MINEIRO_105,train,MINEIRO,105,rust_and_leaf_miner,0,0,10,10,False
MINEIRO_106,train,MINEIRO,106,rust_and_leaf_miner,0,0,7,7,False
MINEIRO_107,train,MINEIRO,107,rust_and_leaf_miner,0,0,6,6,False
MINEIRO_109,train,MINEIRO,109,rust_and_leaf_miner,0,0,7,7,False
MINEIRO_11,train,MINEIRO,11,rust_and_leaf_miner,0,0,2,2,False
MINEIRO_113,train,MINEIRO,113,rust_and_leaf_miner,0,0,11,11,False
MINEIRO_115,train,MINEIRO,115,rust_and_leaf_miner,0,0,9,9,False
MINEIRO_117,train,MINEIRO,117,rust_and_leaf_miner,0,0,6,6,False
MINEIRO_118,train,MINEIRO,118,rust_and_leaf_miner,0,0,3,3,False
MINEIRO_119,train,MINEIRO,119,rust_and_leaf_miner,0,0,7,7,False
MINEIRO_12,train,MINEIRO,12,rust_and_leaf_miner,0,0,9,9,False
MINEIRO_121,train,MINEIRO,121,rust_and_leaf_miner,0,0,9,9,False
MINEIRO_122,train,MINEIRO,122,rust_and_leaf_miner,0,0,10,10,False
MINEIRO_123,train,MINEIRO,123,rust_and_leaf_miner,0,0,6,6,False
MINEIRO_124,train,MINEIRO,124,rust_and_leaf_miner,0,0,3,3,False
MINEIRO_125,train,MINEIRO,125,rust_and_leaf_miner,1,0,8,9,False
MINEIRO_126,train,MINEIRO,126,rust_and_leaf_miner,0,0,5,5,False
MINEIRO_127,train,MINEIRO,127,rust_and_leaf_miner,0,0,11,11,False
MINEIRO_128,train,MINEIRO,128,rust_and_leaf_miner,0,0,10,10,False
MINEIRO_129,train,MINEIRO,129,rust_and_leaf_miner,0,0,11,11,False
MINEIRO_13,train,MINEIRO,13,rust_and_leaf_miner,0,0,2,2,False
MINEIRO_131,train,MINEIRO,131,rust_and_leaf_miner,0,0,8,8,False
MINEIRO_133,train,MINEIRO,133,rust_and_leaf_miner,0,0,6,6,False
MINEIRO_134,train,MINEIRO,134,rust_and_leaf_miner,0,0,6,6,False
MINEIRO_135,train,MINEIRO,135,rust_and_leaf_miner,0,0,4,4,False
MINEIRO_136,train,MINEIRO,136,rust_and_leaf_miner,0,0,6,6,False
MINEIRO_137,train,MINEIRO,137,rust_and_leaf_miner,0,0,3,3,False
MINEIRO_138,train,MINEIRO,138,rust_and_leaf_miner,0,0,10,10,False
MINEIRO_139,train,MINEIRO,139,rust_and_leaf_miner,0,0,9,9,False
MINEIRO_14,train,MINEIRO,14,rust_and_leaf_miner,2,0,1,3,False
MINEIRO_142,train,MINEIRO,142,rust_and_leaf_miner,0,0,5,5,False
MINEIRO_144,train,MINEIRO,144,rust_and_leaf_miner,0,0,6,6,False
MINEIRO_146,train,MINEIRO,146,rust_and_leaf_miner,0,0,9,9,False
MINEIRO_149,train,MINEIRO,149,rust_and_leaf_miner,0,0,10,10,False
MINEIRO_15,train,MINEIRO,15,rust_and_leaf_miner,0,0,9,9,False
MINEIRO_151,train,MINEIRO,151,rust_and_leaf_miner,0,0,2,2,False
MINEIRO_152,train,MINEIRO,152,rust_and_leaf_miner,2,0,1,3,False
MINEIRO_153,train,MINEIRO,153,rust_and_leaf_miner,0,0,7,7,False
MINEIRO_155,train,MINEIRO,155,rust_and_leaf_miner,0,0,9,9,False
MINEIRO_157,train,MINEIRO,157,rust_and_leaf_miner,0,0,5,5,False
MINEIRO_158,train,MINEIRO,158,rust_and_leaf_miner,0,0,3,3,False
MINEIRO_159,train,MINEIRO,159,rust_and_leaf_miner,2,0,1,3,False
MINEIRO_16,train,MINEIRO,16,rust_and_leaf_miner,0,0,3,3,False
MINEIRO_160,train,MINEIRO,160,rust_and_leaf_miner,0,0,8,8,False
MINEIRO_161,train,MINEIRO,161,rust_and_leaf_miner,0,0,8,8,False
MINEIRO_162,train,MINEIRO,162,rust_and_leaf_miner,0,0,15,15,False
MINEIRO_163,train,MINEIRO,163,rust_and_leaf_miner,0,0,5,5,False
MINEIRO_165,train,MINEIRO,165,rust_and_leaf_miner,0,0,4,4,False
MINEIRO_166,train,MINEIRO,166,rust_and_leaf_miner,0,0,11,11,False
MINEIRO_167,train,MINEIRO,167,rust_and_leaf_miner,0,0,9,9,False
MINEIRO_168,train,MINEIRO,168,rust_and_leaf_miner,0,0,14,14,False
MINEIRO_170,train,MINEIRO,170,rust_and_leaf_miner,0,0,1,1,False
MINEIRO_173,train,MINEIRO,173,rust_and_leaf_miner,0,0,3,3,False
MINEIRO_175,train,MINEIRO,175,rust_and_leaf_miner,0,0,12,12,False
MINEIRO_177,train,MINEIRO,177,rust_and_leaf_miner,0,0,9,9,False
MINEIRO_178,train,MINEIRO,178,rust_and_leaf_miner,0,0,8,8,False
MINEIRO_18,train,MINEIRO,18,rust_and_leaf_miner,0,0,7,7,False
MINEIRO_180,train,MINEIRO,180,rust_and_leaf_miner,0,0,9,9,False
MINEIRO_181,train,MINEIRO,181,rust_and_leaf_miner,0,0,9,9,False
MINEIRO_182,train,MINEIRO,182,rust_and_leaf_miner,0,0,8,8,False
MINEIRO_183,train,MINEIRO,183,rust_and_leaf_miner,0,0,9,9,False
MINEIRO_184,train,MINEIRO,184,rust_and_leaf_miner,0,0,3,3,False
MINEIRO_185,train,MINEIRO,185,rust_and_leaf_miner,0,0,14,14,False
MINEIRO_186,train,MINEIRO,186,rust_and_leaf_miner,0,0,3,3,False
MINEIRO_188,train,MINEIRO,188,rust_and_leaf_miner,0,0,7,7,False
MINEIRO_189,train,MINEIRO,189,rust_and_leaf_miner,0,0,5,5,False
MINEIRO_19,train,MINEIRO,19,rust_and_leaf_miner,0,0,12,12,False
MINEIRO_190,train,MINEIRO,190,rust_and_leaf_miner,0,0,3,3,False
MINEIRO_192,train,MINEIRO,192,rust_and_leaf_miner,0,0,10,10,False
MINEIRO_2,train,MINEIRO,2,rust_and_leaf_miner,0,0,9,9,False
MINEIRO_22,train,MINEIRO,22,rust_and_leaf_miner,0,0,7,7,False
MINEIRO_23,train,MINEIRO,23,rust_and_leaf_miner,0,0,9,9,False
MINEIRO_24,train,MINEIRO,24,rust_and_leaf_miner,0,0,4,4,False
MINEIRO_25,train,MINEIRO,25,rust_and_leaf_miner,0,0,5,5,False
MINEIRO_26,train,MINEIRO,26,rust_and_leaf_miner,0,0,11,11,False
MINEIRO_27,train,MINEIRO,27,rust_and_leaf_miner,0,0,9,9,False
MINEIRO_28,train,MINEIRO,28,rust_and_leaf_miner,0,0,7,7,False
MINEIRO_29,train,MINEIRO,29,rust_and_leaf_miner,0,0,5,5,False
MINEIRO_30,train,MINEIRO,30,rust_and_leaf_miner,0,0,5,5,False
MINEIRO_31,train,MINEIRO,31,rust_and_leaf_miner,0,0,5,5,False
MINEIRO_34,train,MINEIRO,34,rust_and_leaf_miner,0,0,3,3,False
MINEIRO_35,train,MINEIRO,35,rust_and_leaf_miner,0,0,4,4,False
MINEIRO_36,train,MINEIRO,36,rust_and_leaf_miner,0,0,5,5,False
MINEIRO_37,train,MINEIRO,37,rust_and_leaf_miner,0,0,14,14,False
MINEIRO_38,train,MINEIRO,38,rust_and_leaf_miner,0,0,5,5,False
MINEIRO_39,train,MINEIRO,39,rust_and_leaf_miner,0,0,6,6,False
MINEIRO_4,train,MINEIRO,4,rust_and_leaf_miner,0,0,2,2,False
MINEIRO_40,train,MINEIRO,40,rust_and_leaf_miner,0,0,4,4,False
MINEIRO_41,train,MINEIRO,41,rust_and_leaf_miner,0,0,8,8,False
MINEIRO_43,train,MINEIRO,43,rust_and_leaf_miner,0,0,4,4,False
MINEIRO_45,train,MINEIRO,45,rust_and_leaf_miner,0,0,5,5,False
MINEIRO_46,train,MINEIRO,46,rust_and_leaf_miner,0,0,5,5,False
MINEIRO_47,train,MINEIRO,47,rust_and_leaf_miner,0,0,6,6,False
MINEIRO_48,train,MINEIRO,48,rust_and_leaf_miner,0,0,8,8,False
MINEIRO_49,train,MINEIRO,49,rust_and_leaf_miner,0,0,5,5,False
MINEIRO_5,train,MINEIRO,5,rust_and_leaf_miner,0,0,2,2,False
MINEIRO_51,train,MINEIRO,51,rust_and_leaf_miner,0,0,11,11,False
MINEIRO_53,train,MINEIRO,53,rust_and_leaf_miner,0,0,6,6,False
MINEIRO_54,train,MINEIRO,54,rust_and_leaf_miner,0,0,8,8,False
MINEIRO_55,train,MINEIRO,55,rust_and_leaf_miner,0,0,2,2,False
MINEIRO_56,train,MINEIRO,56,rust_and_leaf_miner,0,0,16,16,False
MINEIRO_57,train,MINEIRO,57,rust_and_leaf_miner,0,0,13,13,False
MINEIRO_58,train,MINEIRO,58,rust_and_leaf_miner,1,0,5,6,False
MINEIRO_59,train,MINEIRO,59,rust_and_leaf_miner,0,0,7,7,False
MINEIRO_6,train,MINEIRO,6,rust_and_leaf_miner,0,0,8,8,False
MINEIRO_60,train,MINEIRO,60,rust_and_leaf_miner,0,0,3,3,False
MINEIRO_64,train,MINEIRO,64,rust_and_leaf_miner,0,0,9,9,False
MINEIRO_65,train,MINEIRO,65,rust_and_leaf_miner,0,0,5,5,False
MINEIRO_67,train,MINEIRO,67,rust_and_leaf_miner,0,0,5,5,False
MINEIRO_68,train,MINEIRO,68,rust_and_leaf_miner,2,0,1,3,False
MINEIRO_7,train,MINEIRO,7,rust_and_leaf_miner,0,0,7,7,False
MINEIRO_70,train,MINEIRO,70,rust_and_leaf_miner,0,0,9,9,False
MINEIRO_71,train,MINEIRO,71,rust_and_leaf_miner,0,0,10,10,False
MINEIRO_74,train,MINEIRO,74,rust_and_leaf_miner,0,0,16,16,False
MINEIRO_75,train,MINEIRO,75,rust_and_leaf_miner,0,0,5,5,False
MINEIRO_79,train,MINEIRO,79,rust_and_leaf_miner,0,0,5,5,False
MINEIRO_81,train,MINEIRO,81,rust_and_leaf_miner,0,0,7,7,False
MINEIRO_82,train,MINEIRO,82,rust_and_leaf_miner,0,0,5,5,False
MINEIRO_83,train,MINEIRO,83,rust_and_leaf_miner,0,0,9,9,False
MINEIRO_84,train,MINEIRO,84,rust_and_leaf_miner,0,0,2,2,False
MINEIRO_85,train,MINEIRO,85,rust_and_leaf_miner,0,0,4,4,False
MINEIRO_86,train,MINEIRO,86,rust_and_leaf_miner,0,0,13,13,False
MINEIRO_87,train,MINEIRO,87,rust_and_leaf_miner,0,0,4,4,False
MINEIRO_90,train,MINEIRO,90,rust_and_leaf_miner,0,0,7,7,False
MINEIRO_91,train,MINEIRO,91,rust_and_leaf_miner,0,0,11,11,False
MINEIRO_93,train,MINEIRO,93,rust_and_leaf_miner,0,0,7,7,False
MINEIRO_94,train,MINEIRO,94,rust_and_leaf_miner,0,0,3,3,False
MINEIRO_97,train,MINEIRO,97,rust_and_leaf_miner,0,0,6,6,False
MINEIRO_98,train,MINEIRO,98,rust_and_leaf_miner,0,0,15,15,False
MINEIRO_99,train,MINEIRO,99,rust_and_leaf_miner,0,0,7,7,False
ROYA_FONDO_1,train,ROYA_FONDO,1,rust_and_leaf_miner,8,0,0,8,False
ROYA_FONDO_10,train,ROYA_FONDO,10,rust_and_leaf_miner,30,0,0,30,False
ROYA_FONDO_11,train,ROYA_FONDO,11,rust_and_leaf_miner,3,0,0,3,False
ROYA_FONDO_13,train,ROYA_FONDO,13,rust_and_leaf_miner,1,0,0,1,False
ROYA_FONDO_15,train,ROYA_FONDO,15,rust_and_leaf_miner,14,0,0,14,False
ROYA_FONDO_18,train,ROYA_FONDO,18,rust_and_leaf_miner,15,0,0,15,False
ROYA_FONDO_19,train,ROYA_FONDO,19,rust_and_leaf_miner,2,0,0,2,False
ROYA_FONDO_2,train,ROYA_FONDO,2,rust_and_leaf_miner,18,0,0,18,False
ROYA_FONDO_20,train,ROYA_FONDO,20,rust_and_leaf_miner,15,0,0,15,False
ROYA_FONDO_22,train,ROYA_FONDO,22,rust_and_leaf_miner,3,0,0,3,False
ROYA_FONDO_23,train,ROYA_FONDO,23,rust_and_leaf_miner,9,0,0,9,False
ROYA_FONDO_24,train,ROYA_FONDO,24,rust_and_leaf_miner,10,0,0,10,False
ROYA_FONDO_25,train,ROYA_FONDO,25,rust_and_leaf_miner,16,0,0,16,False
ROYA_FONDO_28,train,ROYA_FONDO,28,rust_and_leaf_miner,28,0,0,28,False
ROYA_FONDO_29,train,ROYA_FONDO,29,rust_and_leaf_miner,5,0,0,5,False
ROYA_FONDO_3,train,ROYA_FONDO,3,rust_and_leaf_miner,13,0,0,13,False
ROYA_FONDO_30,train,ROYA_FONDO,30,rust_and_leaf_miner,11,0,0,11,False
ROYA_FONDO_31,train,ROYA_FONDO,31,rust_and_leaf_miner,13,0,0,13,False
ROYA_FONDO_33,train,ROYA_FONDO,33,rust_and_leaf_miner,17,0,0,17,False
ROYA_FONDO_36,train,ROYA_FONDO,36,rust_and_leaf_miner,9,0,0,9,False
ROYA_FONDO_37,train,ROYA_FONDO,37,rust_and_leaf_miner,23,0,0,23,False
ROYA_FONDO_38,train,ROYA_FONDO,38,rust_and_leaf_miner,2,0,0,2,False
ROYA_FONDO_41,train,ROYA_FONDO,41,rust_and_leaf_miner,18,0,0,18,False
ROYA_FONDO_42,train,ROYA_FONDO,42,rust_and_leaf_miner,27,0,0,27,False
ROYA_FONDO_44,train,ROYA_FONDO,44,rust_and_leaf_miner,11,0,0,11,False
ROYA_FONDO_45,train,ROYA_FONDO,45,rust_and_leaf_miner,12,0,0,12,False
ROYA_FONDO_46,train,ROYA_FONDO,46,rust_and_leaf_miner,1,0,0,1,False
ROYA_FONDO_47,train,ROYA_FONDO,47,rust_and_leaf_miner,8,0,0,8,False
ROYA_FONDO_49,train,ROYA_FONDO,49,rust_and_leaf_miner,1,0,0,1,False
ROYA_FONDO_50,train,ROYA_FONDO,50,rust_and_leaf_miner,11,0,0,11,False
ROYA_FONDO_51,train,ROYA_FONDO,51,rust_and_leaf_miner,36,0,0,36,False
ROYA_FONDO_53,train,ROYA_FONDO,53,rust_and_leaf_miner,14,0,0,14,False
ROYA_FONDO_54,train,ROYA_FONDO,54,rust_and_leaf_miner,32,0,0,32,False
ROYA_FONDO_55,train,ROYA_FONDO,55,rust_and_leaf_miner,23,0,0,23,False
ROYA_FONDO_57,train,ROYA_FONDO,57,rust_and_leaf_miner,9,0,0,9,False
ROYA_FONDO_58,train,ROYA_FONDO,58,rust_and_leaf_miner,16,0,1,17,False
ROYA_FONDO_59,train,ROYA_FONDO,59,rust_and_leaf_miner,23,0,0,23,False
ROYA_FONDO_6,train,ROYA_FONDO,6,rust_and_leaf_miner,5,0,0,5,False
ROYA_FONDO_60,train,ROYA_FONDO,60,rust_and_leaf_miner,24,0,0,24,False
ROYA_FONDO_62,train,ROYA_FONDO,62,rust_and_leaf_miner,5,0,0,5,False
ROYA_FONDO_64,train,ROYA_FONDO,64,rust_and_leaf_miner,5,0,0,5,False
ROYA_FONDO_65,train,ROYA_FONDO,65,rust_and_leaf_miner,15,0,0,15,False
ROYA_FONDO_66,train,ROYA_FONDO,66,rust_and_leaf_miner,6,0,0,6,False
ROYA_FONDO_67,train,ROYA_FONDO,67,rust_and_leaf_miner,7,0,0,7,False
ROYA_FONDO_68,train,ROYA_FONDO,68,rust_and_leaf_miner,16,0,0,16,False
ROYA_FONDO_7,train,ROYA_FONDO,7,rust_and_leaf_miner,10,0,0,10,False
ROYA_FONDO_71,train,ROYA_FONDO,71,rust_and_leaf_miner,5,0,0,5,False
ROYA_FONDO_72,train,ROYA_FONDO,72,rust_and_leaf_miner,13,0,0,13,False
ROYA_FONDO_74,train,ROYA_FONDO,74,rust_and_leaf_miner,7,0,0,7,False
ROYA_FONDO_75,train,ROYA_FONDO,75,rust_and_leaf_miner,27,0,1,28,False
ROYA_FONDO_77,train,ROYA_FONDO,77,rust_and_leaf_miner,13,0,0,13,False
ROYA_FONDO_79,train,ROYA_FONDO,79,rust_and_leaf_miner,13,0,0,13,False
ROYA_FONDO_80,train,ROYA_FONDO,80,rust_and_leaf_miner,2,0,0,2,False
ROYA_FONDO_82,train,ROYA_FONDO,82,rust_and_leaf_miner,4,0,0,4,False
ROYA_FONDO_83,train,ROYA_FONDO,83,rust_and_leaf_miner,11,0,0,11,False
ROYA_FONDO_84,train,ROYA_FONDO,84,rust_and_leaf_miner,27,0,0,27,False
ROYA_FONDO_86,train,ROYA_FONDO,86,rust_and_leaf_miner,9,0,0,9,False
ROYA_FONDO_9,train,ROYA_FONDO,9,rust_and_leaf_miner,4,0,0,4,False
ROYA_FONDO_90,train,ROYA_FONDO,90,rust_and_leaf_miner,17,0,0,17,False
ROYA_FONDO_92,train,ROYA_FONDO,92,rust_and_leaf_miner,18,0,0,18,False
ROYA_FONDO_94,train,ROYA_FONDO,94,rust_and_leaf_miner,14,0,0,14,False
ROYA_MA_10,train,ROYA_MA,10,own_field,25,0,0,25,False
ROYA_MA_12,train,ROYA_MA,12,own_field,11,0,0,11,False
ROYA_MA_16,train,ROYA_MA,16,own_field,5,0,0,5,False
ROYA_MA_17,train,ROYA_MA,17,own_field,21,0,0,21,False
ROYA_MA_18,train,ROYA_MA,18,own_field,25,0,0,25,False
ROYA_MA_19,train,ROYA_MA,19,own_field,26,0,0,26,False
ROYA_MA_2,train,ROYA_MA,2,own_field,19,0,0,19,False
ROYA_MA_21,train,ROYA_MA,21,own_field,7,0,0,7,False
ROYA_MA_22,train,ROYA_MA,22,own_field,8,0,0,8,False
ROYA_MA_23,train,ROYA_MA,23,own_field,5,0,0,5,False
ROYA_MA_24,train,ROYA_MA,24,own_field,9,0,0,9,False
ROYA_MA_25,train,ROYA_MA,25,own_field,29,2,0,31,False
ROYA_MA_26,train,ROYA_MA,26,own_field,31,1,0,32,False
ROYA_MA_27,train,ROYA_MA,27,own_field,23,0,0,23,False
ROYA_MA_28,train,ROYA_MA,28,own_field,10,0,0,10,False
ROYA_MA_29,train,ROYA_MA,29,own_field,27,0,0,27,False
ROYA_MA_3,train,ROYA_MA,3,own_field,21,0,0,21,False
ROYA_MA_30,train,ROYA_MA,30,own_field,44,0,0,44,False
ROYA_MA_31,train,ROYA_MA,31,own_field,9,0,0,9,False
ROYA_MA_32,train,ROYA_MA,32,own_field,21,0,0,21,False
ROYA_MA_34,train,ROYA_MA,34,own_field,13,0,0,13,False
ROYA_MA_35,train,ROYA_MA,35,own_field,24,0,0,24,False
ROYA_MA_36,train,ROYA_MA,36,own_field,50,5,0,55,False
ROYA_MA_39,train,ROYA_MA,39,own_field,25,0,0,25,False
ROYA_MA_4,train,ROYA_MA,4,own_field,20,0,0,20,False
ROYA_MA_42,train,ROYA_MA,42,own_field,41,0,0,41,False
ROYA_MA_43,train,ROYA_MA,43,own_field,6,0,0,6,False
ROYA_MA_48,train,ROYA_MA,48,own_field,21,0,0,21,False
ROYA_MA_49,train,ROYA_MA,49,own_field,44,0,0,44,False
ROYA_MA_5,train,ROYA_MA,5,own_field,23,0,0,23,False
ROYA_MA_50,train,ROYA_MA,50,own_field,21,0,0,21,False
ROYA_MA_53,train,ROYA_MA,53,own_field,28,0,0,28,False
ROYA_MA_54,train,ROYA_MA,54,own_field,37,0,0,37,False
ROYA_MA_55,train,ROYA_MA,55,own_field,20,0,0,20,False
ROYA_MA_57,train,ROYA_MA,57,own_field,31,0,0,31,False
ROYA_MA_60,train,ROYA_MA,60,own_field,9,0,0,9,False
ROYA_MA_7,train,ROYA_MA,7,own_field,18,0,0,18,False
ROYA_MA_8,train,ROYA_MA,8,own_field,32,0,0,32,False
ROYA_MA_9,train,ROYA_MA,9,own_field,24,0,0,24,False
ROYA_Muy_A_1,train,ROYA_Muy_A,1,own_field,74,0,0,74,False
ROYA_Muy_A_10,train,ROYA_Muy_A,10,own_field,5,0,0,5,False
ROYA_Muy_A_11,train,ROYA_Muy_A,11,own_field,10,0,0,10,False
ROYA_Muy_A_12,train,ROYA_Muy_A,12,own_field,42,0,0,42,False
ROYA_Muy_A_13,train,ROYA_Muy_A,13,own_field,14,0,0,14,False
ROYA_Muy_A_14,train,ROYA_Muy_A,14,own_field,65,0,0,65,False
ROYA_Muy_A_15,train,ROYA_Muy_A,15,own_field,73,0,0,73,False
ROYA_Muy_A_16,train,ROYA_Muy_A,16,own_field,38,0,0,38,False
ROYA_Muy_A_17,train,ROYA_Muy_A,17,own_field,41,0,0,41,False
ROYA_Muy_A_18,train,ROYA_Muy_A,18,own_field,70,0,0,70,False
ROYA_Muy_A_2,train,ROYA_Muy_A,2,own_field,24,0,0,24,False
ROYA_Muy_A_20,train,ROYA_Muy_A,20,own_field,14,0,0,14,False
ROYA_Muy_A_21,train,ROYA_Muy_A,21,own_field,16,0,0,16,False
ROYA_Muy_A_22,train,ROYA_Muy_A,22,own_field,31,0,0,31,False
ROYA_Muy_A_23,train,ROYA_Muy_A,23,own_field,22,0,0,22,False
ROYA_Muy_A_24,train,ROYA_Muy_A,24,own_field,25,0,0,25,False
ROYA_Muy_A_26,train,ROYA_Muy_A,26,own_field,18,0,0,18,False
ROYA_Muy_A_27,train,ROYA_Muy_A,27,own_field,27,0,0,27,False
ROYA_Muy_A_28,train,ROYA_Muy_A,28,own_field,41,0,0,41,False
ROYA_Muy_A_29,train,ROYA_Muy_A,29,own_field,16,0,0,16,False
ROYA_Muy_A_3,train,ROYA_Muy_A,3,own_field,27,0,0,27,False
ROYA_Muy_A_31,train,ROYA_Muy_A,31,own_field,31,0,0,31,False
ROYA_Muy_A_6,train,ROYA_Muy_A,6,own_field,11,0,0,11,False
ROYA_Muy_A_7,train,ROYA_Muy_A,7,own_field,28,0,0,28,False
ROYA_Muy_A_9,train,ROYA_Muy_A,9,own_field,44,0,0,44,False
ROYA_P_A_10,train,ROYA_P_A,10,own_field,8,0,0,8,False
ROYA_P_A_11,train,ROYA_P_A,11,own_field,2,0,0,2,False
ROYA_P_A_13,train,ROYA_P_A,13,own_field,3,0,0,3,False
ROYA_P_A_14,train,ROYA_P_A,14,own_field,5,2,0,7,False
ROYA_P_A_15,train,ROYA_P_A,15,own_field,16,0,0,16,False
ROYA_P_A_16,train,ROYA_P_A,16,own_field,18,0,0,18,False
ROYA_P_A_17,train,ROYA_P_A,17,own_field,4,0,0,4,False
ROYA_P_A_18,train,ROYA_P_A,18,own_field,16,0,0,16,False
ROYA_P_A_19,train,ROYA_P_A,19,own_field,3,0,0,3,False
ROYA_P_A_2,train,ROYA_P_A,2,own_field,5,0,0,5,False
ROYA_P_A_20,train,ROYA_P_A,20,own_field,4,0,0,4,False
ROYA_P_A_21,train,ROYA_P_A,21,own_field,6,0,0,6,False
ROYA_P_A_23,train,ROYA_P_A,23,own_field,16,0,0,16,False
ROYA_P_A_24,train,ROYA_P_A,24,own_field,4,0,0,4,False
ROYA_P_A_27,train,ROYA_P_A,27,own_field,10,0,0,10,False
ROYA_P_A_28,train,ROYA_P_A,28,own_field,4,0,0,4,False
ROYA_P_A_29,train,ROYA_P_A,29,own_field,3,0,0,3,False
ROYA_P_A_30,train,ROYA_P_A,30,own_field,5,0,0,5,False
ROYA_P_A_31,train,ROYA_P_A,31,own_field,3,0,0,3,False
ROYA_P_A_33,train,ROYA_P_A,33,own_field,3,0,0,3,False
ROYA_P_A_34,train,ROYA_P_A,34,own_field,4,0,0,4,False
ROYA_P_A_35,train,ROYA_P_A,35,own_field,4,0,0,4,False
ROYA_P_A_36,train,ROYA_P_A,36,own_field,13,0,0,13,False
ROYA_P_A_39,train,ROYA_P_A,39,own_field,9,0,0,9,False
ROYA_P_A_4,train,ROYA_P_A,4,own_field,5,0,0,5,False
ROYA_P_A_41,train,ROYA_P_A,41,own_field,8,0,0,8,False
ROYA_P_A_43,train,ROYA_P_A,43,own_field,21,0,0,21,False
ROYA_P_A_45,train,ROYA_P_A,45,own_field,10,0,0,10,False
ROYA_P_A_46,train,ROYA_P_A,46,own_field,13,0,0,13,False
ROYA_P_A_48,train,ROYA_P_A,48,own_field,6,0,0,6,False
ROYA_P_A_49,train,ROYA_P_A,49,own_field,19,0,0,19,False
ROYA_P_A_5,train,ROYA_P_A,5,own_field,17,0,0,17,False
ROYA_P_A_50,train,ROYA_P_A,50,own_field,16,0,0,16,False
ROYA_P_A_51,train,ROYA_P_A,51,own_field,11,1,0,12,False
ROYA_P_A_52,train,ROYA_P_A,52,own_field,2,0,0,2,False
ROYA_P_A_53,train,ROYA_P_A,53,own_field,1,0,0,1,False
ROYA_P_A_54,train,ROYA_P_A,54,own_field,2,0,0,2,False
ROYA_P_A_55,train,ROYA_P_A,55,own_field,1,0,0,1,False
ROYA_P_A_56,train,ROYA_P_A,56,own_field,8,0,0,8,False
ROYA_P_A_57,train,ROYA_P_A,57,own_field,2,0,0,2,False
ROYA_P_A_59,train,ROYA_P_A,59,own_field,10,0,0,10,False
ROYA_P_A_6,train,ROYA_P_A,6,own_field,7,1,0,8,False
ROYA_P_A_60,train,ROYA_P_A,60,own_field,11,0,0,11,False
ROYA_P_A_7,train,ROYA_P_A,7,own_field,6,0,0,6,False
ROYA_P_A_8,train,ROYA_P_A,8,own_field,11,0,0,11,False
ROYA_RECORTES_10,train,ROYA_RECORTES,10,rust_and_leaf_miner,4,0,0,4,False
ROYA_RECORTES_101,train,ROYA_RECORTES,101,rust_and_leaf_miner,12,0,0,12,False
ROYA_RECORTES_103,train,ROYA_RECORTES,103,rust_and_leaf_miner,7,0,0,7,False
ROYA_RECORTES_104,train,ROYA_RECORTES,104,rust_and_leaf_miner,9,0,0,9,False
ROYA_RECORTES_106,train,ROYA_RECORTES,106,rust_and_leaf_miner,2,0,0,2,False
ROYA_RECORTES_107,train,ROYA_RECORTES,107,rust_and_leaf_miner,4,0,0,4,False
ROYA_RECORTES_108,train,ROYA_RECORTES,108,rust_and_leaf_miner,9,0,0,9,False
ROYA_RECORTES_109,train,ROYA_RECORTES,109,rust_and_leaf_miner,6,0,0,6,False
ROYA_RECORTES_110,train,ROYA_RECORTES,110,rust_and_leaf_miner,5,0,0,5,False
ROYA_RECORTES_12,train,ROYA_RECORTES,12,rust_and_leaf_miner,5,0,0,5,False
ROYA_RECORTES_13,train,ROYA_RECORTES,13,rust_and_leaf_miner,5,0,0,5,False
ROYA_RECORTES_14,train,ROYA_RECORTES,14,rust_and_leaf_miner,12,0,0,12,False
ROYA_RECORTES_15,train,ROYA_RECORTES,15,rust_and_leaf_miner,10,0,0,10,False
ROYA_RECORTES_16,train,ROYA_RECORTES,16,rust_and_leaf_miner,2,0,0,2,False
ROYA_RECORTES_17,train,ROYA_RECORTES,17,rust_and_leaf_miner,13,0,0,13,False
ROYA_RECORTES_18,train,ROYA_RECORTES,18,rust_and_leaf_miner,20,0,0,20,False
ROYA_RECORTES_19,train,ROYA_RECORTES,19,rust_and_leaf_miner,13,0,0,13,False
ROYA_RECORTES_2,train,ROYA_RECORTES,2,rust_and_leaf_miner,18,0,0,18,False
ROYA_RECORTES_20,train,ROYA_RECORTES,20,rust_and_leaf_miner,13,0,0,13,False
ROYA_RECORTES_21,train,ROYA_RECORTES,21,rust_and_leaf_miner,5,0,0,5,False
ROYA_RECORTES_23,train,ROYA_RECORTES,23,rust_and_leaf_miner,12,0,0,12,False
ROYA_RECORTES_24,train,ROYA_RECORTES,24,rust_and_leaf_miner,7,0,0,7,False
ROYA_RECORTES_25,train,ROYA_RECORTES,25,rust_and_leaf_miner,4,0,0,4,False
ROYA_RECORTES_26,train,ROYA_RECORTES,26,rust_and_leaf_miner,4,0,1,5,False
ROYA_RECORTES_27,train,ROYA_RECORTES,27,rust_and_leaf_miner,3,0,0,3,False
ROYA_RECORTES_29,train,ROYA_RECORTES,29,rust_and_leaf_miner,5,0,0,5,False
ROYA_RECORTES_3,train,ROYA_RECORTES,3,rust_and_leaf_miner,5,0,0,5,False
ROYA_RECORTES_31,train,ROYA_RECORTES,31,rust_and_leaf_miner,3,0,0,3,False
ROYA_RECORTES_33,train,ROYA_RECORTES,33,rust_and_leaf_miner,2,0,0,2,False
ROYA_RECORTES_35,train,ROYA_RECORTES,35,rust_and_leaf_miner,2,0,0,2,False
ROYA_RECORTES_39,train,ROYA_RECORTES,39,rust_and_leaf_miner,6,0,0,6,False
ROYA_RECORTES_41,train,ROYA_RECORTES,41,rust_and_leaf_miner,6,0,0,6,False
ROYA_RECORTES_42,train,ROYA_RECORTES,42,rust_and_leaf_miner,8,0,0,8,False
ROYA_RECORTES_44,train,ROYA_RECORTES,44,rust_and_leaf_miner,14,0,0,14,False
ROYA_RECORTES_45,train,ROYA_RECORTES,45,rust_and_leaf_miner,6,0,0,6,False
ROYA_RECORTES_46,train,ROYA_RECORTES,46,rust_and_leaf_miner,8,0,0,8,False
ROYA_RECORTES_49,train,ROYA_RECORTES,49,rust_and_leaf_miner,9,0,0,9,False
ROYA_RECORTES_50,train,ROYA_RECORTES,50,rust_and_leaf_miner,4,0,0,4,False
ROYA_RECORTES_51,train,ROYA_RECORTES,51,rust_and_leaf_miner,2,0,0,2,False
ROYA_RECORTES_53,train,ROYA_RECORTES,53,rust_and_leaf_miner,3,0,0,3,False
ROYA_RECORTES_54,train,ROYA_RECORTES,54,rust_and_leaf_miner,4,0,0,4,False
ROYA_RECORTES_57,train,ROYA_RECORTES,57,rust_and_leaf_miner,3,0,0,3,False
ROYA_RECORTES_58,train,ROYA_RECORTES,58,rust_and_leaf_miner,2,0,0,2,False
ROYA_RECORTES_59,train,ROYA_RECORTES,59,rust_and_leaf_miner,1,0,0,1,False
ROYA_RECORTES_6,train,ROYA_RECORTES,6,rust_and_leaf_miner,6,0,0,6,False
ROYA_RECORTES_60,train,ROYA_RECORTES,60,rust_and_leaf_miner,3,0,0,3,False
ROYA_RECORTES_62,train,ROYA_RECORTES,62,rust_and_leaf_miner,4,0,0,4,False
ROYA_RECORTES_64,train,ROYA_RECORTES,64,rust_and_leaf_miner,8,0,0,8,False
ROYA_RECORTES_65,train,ROYA_RECORTES,65,rust_and_leaf_miner,2,0,0,2,False
ROYA_RECORTES_67,train,ROYA_RECORTES,67,rust_and_leaf_miner,7,0,0,7,False
ROYA_RECORTES_69,train,ROYA_RECORTES,69,rust_and_leaf_miner,13,0,0,13,False
ROYA_RECORTES_7,train,ROYA_RECORTES,7,rust_and_leaf_miner,14,0,0,14,False
ROYA_RECORTES_71,train,ROYA_RECORTES,71,rust_and_leaf_miner,7,0,0,7,False
ROYA_RECORTES_72,train,ROYA_RECORTES,72,rust_and_leaf_miner,5,0,0,5,False
ROYA_RECORTES_73,train,ROYA_RECORTES,73,rust_and_leaf_miner,7,0,0,7,False
ROYA_RECORTES_74,train,ROYA_RECORTES,74,rust_and_leaf_miner,5,0,0,5,False
ROYA_RECORTES_76,train,ROYA_RECORTES,76,rust_and_leaf_miner,5,0,0,5,False
ROYA_RECORTES_77,train,ROYA_RECORTES,77,rust_and_leaf_miner,4,0,0,4,False
ROYA_RECORTES_8,train,ROYA_RECORTES,8,rust_and_leaf_miner,13,0,0,13,False
ROYA_RECORTES_80,train,ROYA_RECORTES,80,rust_and_leaf_miner,4,0,0,4,False
ROYA_RECORTES_81,train,ROYA_RECORTES,81,rust_and_leaf_miner,2,0,0,2,False
ROYA_RECORTES_82,train,ROYA_RECORTES,82,rust_and_leaf_miner,5,0,0,5,False
ROYA_RECORTES_83,train,ROYA_RECORTES,83,rust_and_leaf_miner,4,0,0,4,False
ROYA_RECORTES_85,train,ROYA_RECORTES,85,rust_and_leaf_miner,7,0,0,7,False
ROYA_RECORTES_86,train,ROYA_RECORTES,86,rust_and_leaf_miner,4,0,0,4,False
ROYA_RECORTES_87,train,ROYA_RECORTES,87,rust_and_leaf_miner,5,0,0,5,False
ROYA_RECORTES_88,train,ROYA_RECORTES,88,rust_and_leaf_miner,5,0,0,5,False
ROYA_RECORTES_89,train,ROYA_RECORTES,89,rust_and_leaf_miner,8,0,0,8,False
ROYA_RECORTES_9,train,ROYA_RECORTES,9,rust_and_leaf_miner,5,0,0,5,False
ROYA_RECORTES_90,train,ROYA_RECORTES,90,rust_and_leaf_miner,6,0,0,6,False
ROYA_RECORTES_91,train,ROYA_RECORTES,91,rust_and_leaf_miner,4,0,0,4,False
ROYA_RECORTES_92,train,ROYA_RECORTES,92,rust_and_leaf_miner,9,0,0,9,False
ROYA_RECORTES_93,train,ROYA_RECORTES,93,rust_and_leaf_miner,9,0,0,9,False
ROYA_RECORTES_95,train,ROYA_RECORTES,95,rust_and_leaf_miner,14,0,0,14,False
ROYA_RECORTES_96,train,ROYA_RECORTES,96,rust_and_leaf_miner,5,0,0,5,False
ROYA_RECORTES_98,train,ROYA_RECORTES,98,rust_and_leaf_miner,5,0,0,5,False
ROYA_RECORTES_99,train,ROYA_RECORTES,99,rust_and_leaf_miner,3,0,0,3,False
SANAS_NUEVAS_1,train,SANAS_NUEVAS,1,own_field,0,0,0,0,True
SANAS_NUEVAS_100,train,SANAS_NUEVAS,100,own_field,0,0,0,0,True
SANAS_NUEVAS_104,train,SANAS_NUEVAS,104,own_field,0,0,0,0,True
SANAS_NUEVAS_105,train,SANAS_NUEVAS,105,own_field,0,0,0,0,True
SANAS_NUEVAS_106,train,SANAS_NUEVAS,106,own_field,0,0,0,0,True
SANAS_NUEVAS_107,train,SANAS_NUEVAS,107,own_field,0,0,0,0,True
SANAS_NUEVAS_108,train,SANAS_NUEVAS,108,own_field,0,0,0,0,True
SANAS_NUEVAS_109,train,SANAS_NUEVAS,109,own_field,0,0,0,0,True
SANAS_NUEVAS_11,train,SANAS_NUEVAS,11,own_field,0,0,0,0,True
SANAS_NUEVAS_110,train,SANAS_NUEVAS,110,own_field,0,0,0,0,True
SANAS_NUEVAS_113,train,SANAS_NUEVAS,113,own_field,0,0,0,0,True
SANAS_NUEVAS_115,train,SANAS_NUEVAS,115,own_field,0,0,0,0,True
SANAS_NUEVAS_116,train,SANAS_NUEVAS,116,own_field,0,0,0,0,True
SANAS_NUEVAS_117,train,SANAS_NUEVAS,117,own_field,0,0,0,0,True
SANAS_NUEVAS_119,train,SANAS_NUEVAS,119,own_field,0,0,0,0,True
SANAS_NUEVAS_12,train,SANAS_NUEVAS,12,own_field,0,0,0,0,True
SANAS_NUEVAS_123,train,SANAS_NUEVAS,123,own_field,0,0,0,0,True
SANAS_NUEVAS_124,train,SANAS_NUEVAS,124,own_field,0,0,0,0,True
SANAS_NUEVAS_126,train,SANAS_NUEVAS,126,own_field,0,0,0,0,True
SANAS_NUEVAS_127,train,SANAS_NUEVAS,127,own_field,0,0,0,0,True
SANAS_NUEVAS_129,train,SANAS_NUEVAS,129,own_field,0,0,0,0,True
SANAS_NUEVAS_13,train,SANAS_NUEVAS,13,own_field,0,0,0,0,True
SANAS_NUEVAS_130,train,SANAS_NUEVAS,130,own_field,0,0,0,0,True
SANAS_NUEVAS_131,train,SANAS_NUEVAS,131,own_field,0,0,0,0,True
SANAS_NUEVAS_132,train,SANAS_NUEVAS,132,own_field,0,0,0,0,True
SANAS_NUEVAS_134,train,SANAS_NUEVAS,134,own_field,0,0,0,0,True
SANAS_NUEVAS_136,train,SANAS_NUEVAS,136,own_field,0,0,0,0,True
SANAS_NUEVAS_137,train,SANAS_NUEVAS,137,own_field,0,0,0,0,True
SANAS_NUEVAS_138,train,SANAS_NUEVAS,138,own_field,0,0,0,0,True
SANAS_NUEVAS_14,train,SANAS_NUEVAS,14,own_field,0,0,0,0,True
SANAS_NUEVAS_140,train,SANAS_NUEVAS,140,own_field,0,0,0,0,True
SANAS_NUEVAS_142,train,SANAS_NUEVAS,142,own_field,0,0,0,0,True
SANAS_NUEVAS_143,train,SANAS_NUEVAS,143,own_field,0,0,0,0,True
SANAS_NUEVAS_147,train,SANAS_NUEVAS,147,own_field,0,0,0,0,True
SANAS_NUEVAS_148,train,SANAS_NUEVAS,148,own_field,0,0,0,0,True
SANAS_NUEVAS_15,train,SANAS_NUEVAS,15,own_field,0,0,0,0,True
SANAS_NUEVAS_150,train,SANAS_NUEVAS,150,own_field,0,0,0,0,True
SANAS_NUEVAS_151,train,SANAS_NUEVAS,151,own_field,0,0,0,0,True
SANAS_NUEVAS_152,train,SANAS_NUEVAS,152,own_field,0,0,0,0,True
SANAS_NUEVAS_153,train,SANAS_NUEVAS,153,own_field,0,0,0,0,True
SANAS_NUEVAS_154,train,SANAS_NUEVAS,154,own_field,0,0,0,0,True
SANAS_NUEVAS_155,train,SANAS_NUEVAS,155,own_field,0,0,0,0,True
SANAS_NUEVAS_156,train,SANAS_NUEVAS,156,own_field,0,0,0,0,True
SANAS_NUEVAS_158,train,SANAS_NUEVAS,158,own_field,0,0,0,0,True
SANAS_NUEVAS_161,train,SANAS_NUEVAS,161,own_field,0,0,0,0,True
SANAS_NUEVAS_162,train,SANAS_NUEVAS,162,own_field,0,0,0,0,True
SANAS_NUEVAS_164,train,SANAS_NUEVAS,164,own_field,0,0,0,0,True
SANAS_NUEVAS_165,train,SANAS_NUEVAS,165,own_field,0,0,0,0,True
SANAS_NUEVAS_166,train,SANAS_NUEVAS,166,own_field,0,0,0,0,True
SANAS_NUEVAS_168,train,SANAS_NUEVAS,168,own_field,0,0,0,0,True
SANAS_NUEVAS_17,train,SANAS_NUEVAS,17,own_field,0,0,0,0,True
SANAS_NUEVAS_170,train,SANAS_NUEVAS,170,own_field,0,0,0,0,True
SANAS_NUEVAS_171,train,SANAS_NUEVAS,171,own_field,0,0,0,0,True
SANAS_NUEVAS_173,train,SANAS_NUEVAS,173,own_field,0,0,0,0,True
SANAS_NUEVAS_174,train,SANAS_NUEVAS,174,own_field,0,0,0,0,True
SANAS_NUEVAS_175,train,SANAS_NUEVAS,175,own_field,0,0,0,0,True
SANAS_NUEVAS_176,train,SANAS_NUEVAS,176,own_field,0,0,0,0,True
SANAS_NUEVAS_178,train,SANAS_NUEVAS,178,own_field,1,0,0,1,False
SANAS_NUEVAS_179,train,SANAS_NUEVAS,179,own_field,0,0,0,0,True
SANAS_NUEVAS_180,train,SANAS_NUEVAS,180,own_field,0,0,0,0,True
SANAS_NUEVAS_181,train,SANAS_NUEVAS,181,own_field,2,0,0,2,False
SANAS_NUEVAS_182,train,SANAS_NUEVAS,182,own_field,0,0,0,0,True
SANAS_NUEVAS_183,train,SANAS_NUEVAS,183,own_field,0,0,0,0,True
SANAS_NUEVAS_184,train,SANAS_NUEVAS,184,own_field,2,0,0,2,False
SANAS_NUEVAS_185,train,SANAS_NUEVAS,185,own_field,0,0,0,0,True
SANAS_NUEVAS_187,train,SANAS_NUEVAS,187,own_field,0,0,0,0,True
SANAS_NUEVAS_189,train,SANAS_NUEVAS,189,own_field,0,0,0,0,True
SANAS_NUEVAS_19,train,SANAS_NUEVAS,19,own_field,0,0,0,0,True
SANAS_NUEVAS_190,train,SANAS_NUEVAS,190,own_field,0,0,0,0,True
SANAS_NUEVAS_191,train,SANAS_NUEVAS,191,own_field,0,0,0,0,True
SANAS_NUEVAS_192,train,SANAS_NUEVAS,192,own_field,0,0,0,0,True
SANAS_NUEVAS_193,train,SANAS_NUEVAS,193,own_field,0,0,0,0,True
SANAS_NUEVAS_195,train,SANAS_NUEVAS,195,own_field,0,0,0,0,True
SANAS_NUEVAS_196,train,SANAS_NUEVAS,196,own_field,0,0,0,0,True
SANAS_NUEVAS_197,train,SANAS_NUEVAS,197,own_field,0,0,0,0,True
SANAS_NUEVAS_198,train,SANAS_NUEVAS,198,own_field,0,0,0,0,True
SANAS_NUEVAS_199,train,SANAS_NUEVAS,199,own_field,0,0,0,0,True
SANAS_NUEVAS_2,train,SANAS_NUEVAS,2,own_field,0,0,0,0,True
SANAS_NUEVAS_20,train,SANAS_NUEVAS,20,own_field,0,0,0,0,True
SANAS_NUEVAS_201,train,SANAS_NUEVAS,201,own_field,0,0,0,0,True
SANAS_NUEVAS_202,train,SANAS_NUEVAS,202,own_field,0,0,0,0,True
SANAS_NUEVAS_205,train,SANAS_NUEVAS,205,own_field,0,0,0,0,True
SANAS_NUEVAS_206,train,SANAS_NUEVAS,206,own_field,0,0,0,0,True
SANAS_NUEVAS_207,train,SANAS_NUEVAS,207,own_field,0,0,0,0,True
SANAS_NUEVAS_209,train,SANAS_NUEVAS,209,own_field,0,0,0,0,True
SANAS_NUEVAS_210,train,SANAS_NUEVAS,210,own_field,0,0,0,0,True
SANAS_NUEVAS_211,train,SANAS_NUEVAS,211,own_field,0,0,0,0,True
SANAS_NUEVAS_212,train,SANAS_NUEVAS,212,own_field,0,0,0,0,True
SANAS_NUEVAS_214,train,SANAS_NUEVAS,214,own_field,0,0,0,0,True
SANAS_NUEVAS_216,train,SANAS_NUEVAS,216,own_field,0,0,0,0,True
SANAS_NUEVAS_218,train,SANAS_NUEVAS,218,own_field,0,0,0,0,True
SANAS_NUEVAS_219,train,SANAS_NUEVAS,219,own_field,0,0,0,0,True
SANAS_NUEVAS_22,train,SANAS_NUEVAS,22,own_field,0,0,0,0,True
SANAS_NUEVAS_221,train,SANAS_NUEVAS,221,own_field,0,0,0,0,True
SANAS_NUEVAS_222,train,SANAS_NUEVAS,222,own_field,0,0,0,0,True
SANAS_NUEVAS_224,train,SANAS_NUEVAS,224,own_field,0,0,0,0,True
SANAS_NUEVAS_225,train,SANAS_NUEVAS,225,own_field,0,0,0,0,True
SANAS_NUEVAS_226,train,SANAS_NUEVAS,226,own_field,0,0,0,0,True
SANAS_NUEVAS_227,train,SANAS_NUEVAS,227,own_field,0,0,0,0,True
SANAS_NUEVAS_228,train,SANAS_NUEVAS,228,own_field,0,0,0,0,True
SANAS_NUEVAS_229,train,SANAS_NUEVAS,229,own_field,0,0,0,0,True
SANAS_NUEVAS_23,train,SANAS_NUEVAS,23,own_field,0,0,0,0,True
SANAS_NUEVAS_230,train,SANAS_NUEVAS,230,own_field,0,0,0,0,True
SANAS_NUEVAS_231,train,SANAS_NUEVAS,231,own_field,0,0,0,0,True
SANAS_NUEVAS_232,train,SANAS_NUEVAS,232,own_field,0,0,0,0,True
SANAS_NUEVAS_233,train,SANAS_NUEVAS,233,own_field,0,0,0,0,True
SANAS_NUEVAS_234,train,SANAS_NUEVAS,234,own_field,0,0,0,0,True
SANAS_NUEVAS_236,train,SANAS_NUEVAS,236,own_field,0,0,0,0,True
SANAS_NUEVAS_237,train,SANAS_NUEVAS,237,own_field,0,0,0,0,True
SANAS_NUEVAS_239,train,SANAS_NUEVAS,239,own_field,2,0,0,2,False
SANAS_NUEVAS_24,train,SANAS_NUEVAS,24,own_field,0,0,0,0,True
SANAS_NUEVAS_240,train,SANAS_NUEVAS,240,own_field,0,0,0,0,True
SANAS_NUEVAS_242,train,SANAS_NUEVAS,242,own_field,0,0,0,0,True
SANAS_NUEVAS_243,train,SANAS_NUEVAS,243,own_field,0,0,0,0,True
SANAS_NUEVAS_244,train,SANAS_NUEVAS,244,own_field,0,0,0,0,True
SANAS_NUEVAS_245,train,SANAS_NUEVAS,245,own_field,0,0,0,0,True
SANAS_NUEVAS_246,train,SANAS_NUEVAS,246,own_field,0,0,0,0,True
SANAS_NUEVAS_247,train,SANAS_NUEVAS,247,own_field,0,0,0,0,True
SANAS_NUEVAS_248,train,SANAS_NUEVAS,248,own_field,0,0,0,0,True
SANAS_NUEVAS_25,train,SANAS_NUEVAS,25,own_field,0,0,0,0,True
SANAS_NUEVAS_251,train,SANAS_NUEVAS,251,own_field,0,0,0,0,True
SANAS_NUEVAS_253,train,SANAS_NUEVAS,253,own_field,0,0,0,0,True
SANAS_NUEVAS_254,train,SANAS_NUEVAS,254,own_field,0,0,0,0,True
SANAS_NUEVAS_256,train,SANAS_NUEVAS,256,own_field,0,0,0,0,True
SANAS_NUEVAS_258,train,SANAS_NUEVAS,258,own_field,0,0,0,0,True
SANAS_NUEVAS_259,train,SANAS_NUEVAS,259,own_field,0,0,0,0,True
SANAS_NUEVAS_26,train,SANAS_NUEVAS,26,own_field,0,0,0,0,True
SANAS_NUEVAS_260,train,SANAS_NUEVAS,260,own_field,0,0,0,0,True
SANAS_NUEVAS_262,train,SANAS_NUEVAS,262,own_field,0,0,0,0,True
SANAS_NUEVAS_265,train,SANAS_NUEVAS,265,own_field,0,0,0,0,True
SANAS_NUEVAS_267,train,SANAS_NUEVAS,267,own_field,0,0,0,0,True
SANAS_NUEVAS_268,train,SANAS_NUEVAS,268,own_field,0,0,0,0,True
SANAS_NUEVAS_27,train,SANAS_NUEVAS,27,own_field,0,0,0,0,True
SANAS_NUEVAS_270,train,SANAS_NUEVAS,270,own_field,0,1,0,1,False
SANAS_NUEVAS_271,train,SANAS_NUEVAS,271,own_field,0,0,0,0,True
SANAS_NUEVAS_272,train,SANAS_NUEVAS,272,own_field,0,0,0,0,True
SANAS_NUEVAS_274,train,SANAS_NUEVAS,274,own_field,0,0,0,0,True
SANAS_NUEVAS_275,train,SANAS_NUEVAS,275,own_field,0,0,0,0,True
SANAS_NUEVAS_276,train,SANAS_NUEVAS,276,own_field,0,0,0,0,True
SANAS_NUEVAS_277,train,SANAS_NUEVAS,277,own_field,0,0,0,0,True
SANAS_NUEVAS_280,train,SANAS_NUEVAS,280,own_field,0,0,0,0,True
SANAS_NUEVAS_281,train,SANAS_NUEVAS,281,own_field,0,0,0,0,True
SANAS_NUEVAS_282,train,SANAS_NUEVAS,282,own_field,0,0,0,0,True
SANAS_NUEVAS_287,train,SANAS_NUEVAS,287,own_field,1,0,0,1,False
SANAS_NUEVAS_288,train,SANAS_NUEVAS,288,own_field,0,0,0,0,True
SANAS_NUEVAS_290,train,SANAS_NUEVAS,290,own_field,0,0,0,0,True
SANAS_NUEVAS_291,train,SANAS_NUEVAS,291,own_field,0,0,0,0,True
SANAS_NUEVAS_293,train,SANAS_NUEVAS,293,own_field,0,0,0,0,True
SANAS_NUEVAS_294,train,SANAS_NUEVAS,294,own_field,0,0,0,0,True
SANAS_NUEVAS_295,train,SANAS_NUEVAS,295,own_field,0,0,0,0,True
SANAS_NUEVAS_297,train,SANAS_NUEVAS,297,own_field,0,0,0,0,True
SANAS_NUEVAS_298,train,SANAS_NUEVAS,298,own_field,0,0,0,0,True
SANAS_NUEVAS_3,train,SANAS_NUEVAS,3,own_field,0,0,0,0,True
SANAS_NUEVAS_30,train,SANAS_NUEVAS,30,own_field,0,0,0,0,True
SANAS_NUEVAS_301,train,SANAS_NUEVAS,301,own_field,0,0,0,0,True
SANAS_NUEVAS_302,train,SANAS_NUEVAS,302,own_field,0,0,0,0,True
SANAS_NUEVAS_303,train,SANAS_NUEVAS,303,own_field,0,0,0,0,True
SANAS_NUEVAS_304,train,SANAS_NUEVAS,304,own_field,0,0,0,0,True
SANAS_NUEVAS_306,train,SANAS_NUEVAS,306,own_field,0,0,0,0,True
SANAS_NUEVAS_307,train,SANAS_NUEVAS,307,own_field,0,0,0,0,True
SANAS_NUEVAS_309,train,SANAS_NUEVAS,309,own_field,0,0,0,0,True
SANAS_NUEVAS_31,train,SANAS_NUEVAS,31,own_field,3,0,0,3,False
SANAS_NUEVAS_310,train,SANAS_NUEVAS,310,own_field,0,0,0,0,True
SANAS_NUEVAS_313,train,SANAS_NUEVAS,313,own_field,0,0,0,0,True
SANAS_NUEVAS_314,train,SANAS_NUEVAS,314,own_field,0,0,0,0,True
SANAS_NUEVAS_316,train,SANAS_NUEVAS,316,own_field,0,0,0,0,True
SANAS_NUEVAS_318,train,SANAS_NUEVAS,318,own_field,0,0,0,0,True
SANAS_NUEVAS_319,train,SANAS_NUEVAS,319,own_field,0,0,0,0,True
SANAS_NUEVAS_32,train,SANAS_NUEVAS,32,own_field,0,0,0,0,True
SANAS_NUEVAS_320,train,SANAS_NUEVAS,320,own_field,0,0,0,0,True
SANAS_NUEVAS_323,train,SANAS_NUEVAS,323,own_field,0,0,0,0,True
SANAS_NUEVAS_324,train,SANAS_NUEVAS,324,own_field,0,0,0,0,True
SANAS_NUEVAS_325,train,SANAS_NUEVAS,325,own_field,0,0,0,0,True
SANAS_NUEVAS_326,train,SANAS_NUEVAS,326,own_field,0,0,0,0,True
SANAS_NUEVAS_327,train,SANAS_NUEVAS,327,own_field,0,0,0,0,True
SANAS_NUEVAS_328,train,SANAS_NUEVAS,328,own_field,0,0,0,0,True
SANAS_NUEVAS_329,train,SANAS_NUEVAS,329,own_field,0,0,0,0,True
SANAS_NUEVAS_33,train,SANAS_NUEVAS,33,own_field,0,0,0,0,True
SANAS_NUEVAS_330,train,SANAS_NUEVAS,330,own_field,0,0,0,0,True
SANAS_NUEVAS_335,train,SANAS_NUEVAS,335,own_field,0,0,0,0,True
SANAS_NUEVAS_336,train,SANAS_NUEVAS,336,own_field,0,0,0,0,True
SANAS_NUEVAS_337,train,SANAS_NUEVAS,337,own_field,0,0,0,0,True
SANAS_NUEVAS_338,train,SANAS_NUEVAS,338,own_field,0,0,0,0,True
SANAS_NUEVAS_339,train,SANAS_NUEVAS,339,own_field,0,0,0,0,True
SANAS_NUEVAS_340,train,SANAS_NUEVAS,340,own_field,0,0,0,0,True
SANAS_NUEVAS_341,train,SANAS_NUEVAS,341,own_field,0,0,0,0,True
SANAS_NUEVAS_343,train,SANAS_NUEVAS,343,own_field,0,0,0,0,True
SANAS_NUEVAS_345,train,SANAS_NUEVAS,345,own_field,0,0,0,0,True
SANAS_NUEVAS_346,train,SANAS_NUEVAS,346,own_field,0,0,0,0,True
SANAS_NUEVAS_347,train,SANAS_NUEVAS,347,own_field,0,0,0,0,True
SANAS_NUEVAS_348,train,SANAS_NUEVAS,348,own_field,0,0,0,0,True
SANAS_NUEVAS_35,train,SANAS_NUEVAS,35,own_field,0,0,0,0,True
SANAS_NUEVAS_351,train,SANAS_NUEVAS,351,own_field,0,0,0,0,True
SANAS_NUEVAS_353,train,SANAS_NUEVAS,353,own_field,0,0,0,0,True
SANAS_NUEVAS_354,train,SANAS_NUEVAS,354,own_field,0,0,0,0,True
SANAS_NUEVAS_356,train,SANAS_NUEVAS,356,own_field,0,0,0,0,True
SANAS_NUEVAS_357,train,SANAS_NUEVAS,357,own_field,0,0,0,0,True
SANAS_NUEVAS_358,train,SANAS_NUEVAS,358,own_field,0,0,0,0,True
SANAS_NUEVAS_359,train,SANAS_NUEVAS,359,own_field,0,0,0,0,True
SANAS_NUEVAS_36,train,SANAS_NUEVAS,36,own_field,0,0,0,0,True
SANAS_NUEVAS_360,train,SANAS_NUEVAS,360,own_field,0,0,0,0,True
SANAS_NUEVAS_361,train,SANAS_NUEVAS,361,own_field,0,0,0,0,True
SANAS_NUEVAS_364,train,SANAS_NUEVAS,364,own_field,0,0,0,0,True
SANAS_NUEVAS_366,train,SANAS_NUEVAS,366,own_field,0,0,0,0,True
SANAS_NUEVAS_367,train,SANAS_NUEVAS,367,own_field,0,0,0,0,True
SANAS_NUEVAS_369,train,SANAS_NUEVAS,369,own_field,0,0,0,0,True
SANAS_NUEVAS_371,train,SANAS_NUEVAS,371,own_field,0,0,0,0,True
SANAS_NUEVAS_372,train,SANAS_NUEVAS,372,own_field,0,0,0,0,True
SANAS_NUEVAS_376,train,SANAS_NUEVAS,376,own_field,0,0,0,0,True
SANAS_NUEVAS_378,train,SANAS_NUEVAS,378,own_field,0,0,0,0,True
SANAS_NUEVAS_379,train,SANAS_NUEVAS,379,own_field,0,0,0,0,True
SANAS_NUEVAS_380,train,SANAS_NUEVAS,380,own_field,0,0,0,0,True
SANAS_NUEVAS_381,train,SANAS_NUEVAS,381,own_field,0,0,0,0,True
SANAS_NUEVAS_382,train,SANAS_NUEVAS,382,own_field,0,0,0,0,True
SANAS_NUEVAS_383,train,SANAS_NUEVAS,383,own_field,0,0,0,0,True
SANAS_NUEVAS_384,train,SANAS_NUEVAS,384,own_field,0,0,0,0,True
SANAS_NUEVAS_386,train,SANAS_NUEVAS,386,own_field,0,0,0,0,True
SANAS_NUEVAS_387,train,SANAS_NUEVAS,387,own_field,0,0,0,0,True
SANAS_NUEVAS_388,train,SANAS_NUEVAS,388,own_field,0,0,0,0,True
SANAS_NUEVAS_389,train,SANAS_NUEVAS,389,own_field,0,0,0,0,True
SANAS_NUEVAS_39,train,SANAS_NUEVAS,39,own_field,0,0,0,0,True
SANAS_NUEVAS_391,train,SANAS_NUEVAS,391,own_field,0,0,0,0,True
SANAS_NUEVAS_392,train,SANAS_NUEVAS,392,own_field,0,0,0,0,True
SANAS_NUEVAS_393,train,SANAS_NUEVAS,393,own_field,0,0,0,0,True
SANAS_NUEVAS_394,train,SANAS_NUEVAS,394,own_field,0,0,0,0,True
SANAS_NUEVAS_395,train,SANAS_NUEVAS,395,own_field,0,0,0,0,True
SANAS_NUEVAS_396,train,SANAS_NUEVAS,396,own_field,0,0,0,0,True
SANAS_NUEVAS_398,train,SANAS_NUEVAS,398,own_field,0,0,0,0,True
SANAS_NUEVAS_399,train,SANAS_NUEVAS,399,own_field,0,0,0,0,True
SANAS_NUEVAS_4,train,SANAS_NUEVAS,4,own_field,0,0,0,0,True
SANAS_NUEVAS_400,train,SANAS_NUEVAS,400,own_field,0,0,0,0,True
SANAS_NUEVAS_401,train,SANAS_NUEVAS,401,own_field,0,0,0,0,True
SANAS_NUEVAS_402,train,SANAS_NUEVAS,402,own_field,0,0,0,0,True
SANAS_NUEVAS_403,train,SANAS_NUEVAS,403,own_field,0,0,0,0,True
SANAS_NUEVAS_405,train,SANAS_NUEVAS,405,own_field,0,0,0,0,True
SANAS_NUEVAS_406,train,SANAS_NUEVAS,406,own_field,0,0,0,0,True
SANAS_NUEVAS_407,train,SANAS_NUEVAS,407,own_field,0,0,0,0,True
SANAS_NUEVAS_408,train,SANAS_NUEVAS,408,own_field,0,0,0,0,True
SANAS_NUEVAS_409,train,SANAS_NUEVAS,409,own_field,0,0,0,0,True
SANAS_NUEVAS_41,train,SANAS_NUEVAS,41,own_field,0,0,0,0,True
SANAS_NUEVAS_410,train,SANAS_NUEVAS,410,own_field,0,0,0,0,True
SANAS_NUEVAS_411,train,SANAS_NUEVAS,411,own_field,0,0,0,0,True
SANAS_NUEVAS_412,train,SANAS_NUEVAS,412,own_field,1,0,0,1,False
SANAS_NUEVAS_414,train,SANAS_NUEVAS,414,own_field,0,0,0,0,True
SANAS_NUEVAS_415,train,SANAS_NUEVAS,415,own_field,0,0,0,0,True
SANAS_NUEVAS_416,train,SANAS_NUEVAS,416,own_field,0,0,0,0,True
SANAS_NUEVAS_418,train,SANAS_NUEVAS,418,own_field,0,0,0,0,True
SANAS_NUEVAS_420,train,SANAS_NUEVAS,420,own_field,0,0,0,0,True
SANAS_NUEVAS_424,train,SANAS_NUEVAS,424,own_field,0,0,0,0,True
SANAS_NUEVAS_426,train,SANAS_NUEVAS,426,own_field,0,0,0,0,True
SANAS_NUEVAS_429,train,SANAS_NUEVAS,429,own_field,0,0,0,0,True
SANAS_NUEVAS_430,train,SANAS_NUEVAS,430,own_field,0,0,0,0,True
SANAS_NUEVAS_431,train,SANAS_NUEVAS,431,own_field,0,0,0,0,True
SANAS_NUEVAS_432,train,SANAS_NUEVAS,432,own_field,0,0,0,0,True
SANAS_NUEVAS_433,train,SANAS_NUEVAS,433,own_field,0,0,0,0,True
SANAS_NUEVAS_435,train,SANAS_NUEVAS,435,own_field,0,0,0,0,True
SANAS_NUEVAS_436,train,SANAS_NUEVAS,436,own_field,0,0,0,0,True
SANAS_NUEVAS_438,train,SANAS_NUEVAS,438,own_field,0,0,0,0,True
SANAS_NUEVAS_439,train,SANAS_NUEVAS,439,own_field,0,0,0,0,True
SANAS_NUEVAS_44,train,SANAS_NUEVAS,44,own_field,0,0,0,0,True
SANAS_NUEVAS_441,train,SANAS_NUEVAS,441,own_field,0,0,0,0,True
SANAS_NUEVAS_442,train,SANAS_NUEVAS,442,own_field,0,0,0,0,True
SANAS_NUEVAS_443,train,SANAS_NUEVAS,443,own_field,0,0,0,0,True
SANAS_NUEVAS_444,train,SANAS_NUEVAS,444,own_field,0,0,0,0,True
SANAS_NUEVAS_448,train,SANAS_NUEVAS,448,own_field,0,0,0,0,True
SANAS_NUEVAS_449,train,SANAS_NUEVAS,449,own_field,0,0,0,0,True
SANAS_NUEVAS_45,train,SANAS_NUEVAS,45,own_field,0,0,0,0,True
SANAS_NUEVAS_450,train,SANAS_NUEVAS,450,own_field,0,0,0,0,True
SANAS_NUEVAS_453,train,SANAS_NUEVAS,453,own_field,0,0,0,0,True
SANAS_NUEVAS_454,train,SANAS_NUEVAS,454,own_field,0,0,0,0,True
SANAS_NUEVAS_455,train,SANAS_NUEVAS,455,own_field,0,0,0,0,True
SANAS_NUEVAS_459,train,SANAS_NUEVAS,459,own_field,0,0,0,0,True
SANAS_NUEVAS_46,train,SANAS_NUEVAS,46,own_field,0,0,0,0,True
SANAS_NUEVAS_460,train,SANAS_NUEVAS,460,own_field,0,0,0,0,True
SANAS_NUEVAS_461,train,SANAS_NUEVAS,461,own_field,0,0,0,0,True
SANAS_NUEVAS_462,train,SANAS_NUEVAS,462,own_field,0,0,0,0,True
SANAS_NUEVAS_463,train,SANAS_NUEVAS,463,own_field,0,0,0,0,True
SANAS_NUEVAS_464,train,SANAS_NUEVAS,464,own_field,0,0,0,0,True
SANAS_NUEVAS_466,train,SANAS_NUEVAS,466,own_field,0,0,0,0,True
SANAS_NUEVAS_467,train,SANAS_NUEVAS,467,own_field,0,0,0,0,True
SANAS_NUEVAS_468,train,SANAS_NUEVAS,468,own_field,0,0,0,0,True
SANAS_NUEVAS_47,train,SANAS_NUEVAS,47,own_field,0,0,0,0,True
SANAS_NUEVAS_470,train,SANAS_NUEVAS,470,own_field,0,0,0,0,True
SANAS_NUEVAS_471,train,SANAS_NUEVAS,471,own_field,0,0,0,0,True
SANAS_NUEVAS_473,train,SANAS_NUEVAS,473,own_field,0,0,0,0,True
SANAS_NUEVAS_474,train,SANAS_NUEVAS,474,own_field,0,0,0,0,True
SANAS_NUEVAS_475,train,SANAS_NUEVAS,475,own_field,0,0,0,0,True
SANAS_NUEVAS_477,train,SANAS_NUEVAS,477,own_field,0,0,0,0,True
SANAS_NUEVAS_478,train,SANAS_NUEVAS,478,own_field,0,0,0,0,True
SANAS_NUEVAS_479,train,SANAS_NUEVAS,479,own_field,0,0,0,0,True
SANAS_NUEVAS_48,train,SANAS_NUEVAS,48,own_field,0,0,0,0,True
SANAS_NUEVAS_481,train,SANAS_NUEVAS,481,own_field,0,0,0,0,True
SANAS_NUEVAS_483,train,SANAS_NUEVAS,483,own_field,0,0,0,0,True
SANAS_NUEVAS_485,train,SANAS_NUEVAS,485,own_field,0,0,0,0,True
SANAS_NUEVAS_487,train,SANAS_NUEVAS,487,own_field,0,0,0,0,True
SANAS_NUEVAS_488,train,SANAS_NUEVAS,488,own_field,0,0,0,0,True
SANAS_NUEVAS_490,train,SANAS_NUEVAS,490,own_field,0,0,0,0,True
SANAS_NUEVAS_492,train,SANAS_NUEVAS,492,own_field,0,0,0,0,True
SANAS_NUEVAS_493,train,SANAS_NUEVAS,493,own_field,0,0,0,0,True
SANAS_NUEVAS_495,train,SANAS_NUEVAS,495,own_field,0,0,0,0,True
SANAS_NUEVAS_497,train,SANAS_NUEVAS,497,own_field,0,0,0,0,True
SANAS_NUEVAS_498,train,SANAS_NUEVAS,498,own_field,0,0,0,0,True
SANAS_NUEVAS_499,train,SANAS_NUEVAS,499,own_field,0,0,0,0,True
SANAS_NUEVAS_5,train,SANAS_NUEVAS,5,own_field,0,0,0,0,True
SANAS_NUEVAS_500,train,SANAS_NUEVAS,500,own_field,0,0,0,0,True
SANAS_NUEVAS_501,train,SANAS_NUEVAS,501,own_field,0,0,0,0,True
SANAS_NUEVAS_502,train,SANAS_NUEVAS,502,own_field,0,0,0,0,True
SANAS_NUEVAS_503,train,SANAS_NUEVAS,503,own_field,0,0,0,0,True
SANAS_NUEVAS_504,train,SANAS_NUEVAS,504,own_field,0,0,0,0,True
SANAS_NUEVAS_505,train,SANAS_NUEVAS,505,own_field,0,0,0,0,True
SANAS_NUEVAS_506,train,SANAS_NUEVAS,506,own_field,0,0,0,0,True
SANAS_NUEVAS_507,train,SANAS_NUEVAS,507,own_field,0,0,0,0,True
SANAS_NUEVAS_508,train,SANAS_NUEVAS,508,own_field,0,0,0,0,True
SANAS_NUEVAS_509,train,SANAS_NUEVAS,509,own_field,0,0,0,0,True
SANAS_NUEVAS_51,train,SANAS_NUEVAS,51,own_field,1,0,0,1,False
SANAS_NUEVAS_511,train,SANAS_NUEVAS,511,own_field,0,0,0,0,True
SANAS_NUEVAS_512,train,SANAS_NUEVAS,512,own_field,0,0,0,0,True
SANAS_NUEVAS_514,train,SANAS_NUEVAS,514,own_field,0,0,0,0,True
SANAS_NUEVAS_516,train,SANAS_NUEVAS,516,own_field,0,0,0,0,True
SANAS_NUEVAS_518,train,SANAS_NUEVAS,518,own_field,0,0,0,0,True
SANAS_NUEVAS_519,train,SANAS_NUEVAS,519,own_field,0,0,0,0,True
SANAS_NUEVAS_52,train,SANAS_NUEVAS,52,own_field,0,0,0,0,True
SANAS_NUEVAS_520,train,SANAS_NUEVAS,520,own_field,0,0,0,0,True
SANAS_NUEVAS_521,train,SANAS_NUEVAS,521,own_field,0,0,0,0,True
SANAS_NUEVAS_522,train,SANAS_NUEVAS,522,own_field,0,0,0,0,True
SANAS_NUEVAS_523,train,SANAS_NUEVAS,523,own_field,0,0,0,0,True
SANAS_NUEVAS_524,train,SANAS_NUEVAS,524,own_field,0,0,0,0,True
SANAS_NUEVAS_529,train,SANAS_NUEVAS,529,own_field,0,0,0,0,True
SANAS_NUEVAS_53,train,SANAS_NUEVAS,53,own_field,4,0,0,4,False
SANAS_NUEVAS_530,train,SANAS_NUEVAS,530,own_field,0,0,0,0,True
SANAS_NUEVAS_531,train,SANAS_NUEVAS,531,own_field,0,0,0,0,True
SANAS_NUEVAS_532,train,SANAS_NUEVAS,532,own_field,0,0,0,0,True
SANAS_NUEVAS_536,train,SANAS_NUEVAS,536,own_field,0,0,0,0,True
SANAS_NUEVAS_537,train,SANAS_NUEVAS,537,own_field,0,0,0,0,True
SANAS_NUEVAS_538,train,SANAS_NUEVAS,538,own_field,0,0,0,0,True
SANAS_NUEVAS_539,train,SANAS_NUEVAS,539,own_field,0,0,0,0,True
SANAS_NUEVAS_540,train,SANAS_NUEVAS,540,own_field,0,0,0,0,True
SANAS_NUEVAS_541,train,SANAS_NUEVAS,541,own_field,0,0,0,0,True
SANAS_NUEVAS_543,train,SANAS_NUEVAS,543,own_field,0,0,0,0,True
SANAS_NUEVAS_544,train,SANAS_NUEVAS,544,own_field,0,0,0,0,True
SANAS_NUEVAS_545,train,SANAS_NUEVAS,545,own_field,0,0,0,0,True
SANAS_NUEVAS_549,train,SANAS_NUEVAS,549,own_field,0,0,0,0,True
SANAS_NUEVAS_55,train,SANAS_NUEVAS,55,own_field,0,0,0,0,True
SANAS_NUEVAS_551,train,SANAS_NUEVAS,551,own_field,0,0,0,0,True
SANAS_NUEVAS_553,train,SANAS_NUEVAS,553,own_field,0,0,0,0,True
SANAS_NUEVAS_556,train,SANAS_NUEVAS,556,own_field,0,0,0,0,True
SANAS_NUEVAS_557,train,SANAS_NUEVAS,557,own_field,0,0,0,0,True
SANAS_NUEVAS_559,train,SANAS_NUEVAS,559,own_field,0,0,0,0,True
SANAS_NUEVAS_56,train,SANAS_NUEVAS,56,own_field,0,0,0,0,True
SANAS_NUEVAS_560,train,SANAS_NUEVAS,560,own_field,0,0,0,0,True
SANAS_NUEVAS_561,train,SANAS_NUEVAS,561,own_field,0,0,0,0,True
SANAS_NUEVAS_562,train,SANAS_NUEVAS,562,own_field,0,0,0,0,True
SANAS_NUEVAS_563,train,SANAS_NUEVAS,563,own_field,0,0,0,0,True
SANAS_NUEVAS_564,train,SANAS_NUEVAS,564,own_field,0,0,0,0,True
SANAS_NUEVAS_565,train,SANAS_NUEVAS,565,own_field,0,0,0,0,True
SANAS_NUEVAS_567,train,SANAS_NUEVAS,567,own_field,0,0,0,0,True
SANAS_NUEVAS_568,train,SANAS_NUEVAS,568,own_field,0,0,0,0,True
SANAS_NUEVAS_57,train,SANAS_NUEVAS,57,own_field,0,0,0,0,True
SANAS_NUEVAS_570,train,SANAS_NUEVAS,570,own_field,0,0,0,0,True
SANAS_NUEVAS_572,train,SANAS_NUEVAS,572,own_field,0,0,0,0,True
SANAS_NUEVAS_573,train,SANAS_NUEVAS,573,own_field,0,0,0,0,True
SANAS_NUEVAS_574,train,SANAS_NUEVAS,574,own_field,0,0,0,0,True
SANAS_NUEVAS_575,train,SANAS_NUEVAS,575,own_field,0,0,0,0,True
SANAS_NUEVAS_576,train,SANAS_NUEVAS,576,own_field,0,0,0,0,True
SANAS_NUEVAS_577,train,SANAS_NUEVAS,577,own_field,0,0,0,0,True
SANAS_NUEVAS_578,train,SANAS_NUEVAS,578,own_field,0,0,0,0,True
SANAS_NUEVAS_579,train,SANAS_NUEVAS,579,own_field,0,0,0,0,True
SANAS_NUEVAS_58,train,SANAS_NUEVAS,58,own_field,0,0,0,0,True
SANAS_NUEVAS_580,train,SANAS_NUEVAS,580,own_field,0,0,0,0,True
SANAS_NUEVAS_584,train,SANAS_NUEVAS,584,own_field,0,0,0,0,True
SANAS_NUEVAS_585,train,SANAS_NUEVAS,585,own_field,0,0,0,0,True
SANAS_NUEVAS_586,train,SANAS_NUEVAS,586,own_field,0,0,0,0,True
SANAS_NUEVAS_587,train,SANAS_NUEVAS,587,own_field,0,0,0,0,True
SANAS_NUEVAS_588,train,SANAS_NUEVAS,588,own_field,0,0,0,0,True
SANAS_NUEVAS_589,train,SANAS_NUEVAS,589,own_field,0,0,0,0,True
SANAS_NUEVAS_590,train,SANAS_NUEVAS,590,own_field,0,0,0,0,True
SANAS_NUEVAS_594,train,SANAS_NUEVAS,594,own_field,0,0,0,0,True
SANAS_NUEVAS_596,train,SANAS_NUEVAS,596,own_field,0,0,0,0,True
SANAS_NUEVAS_597,train,SANAS_NUEVAS,597,own_field,0,0,0,0,True
SANAS_NUEVAS_6,train,SANAS_NUEVAS,6,own_field,0,0,0,0,True
SANAS_NUEVAS_60,train,SANAS_NUEVAS,60,own_field,0,0,0,0,True
SANAS_NUEVAS_600,train,SANAS_NUEVAS,600,own_field,0,0,0,0,True
SANAS_NUEVAS_601,train,SANAS_NUEVAS,601,own_field,0,0,0,0,True
SANAS_NUEVAS_602,train,SANAS_NUEVAS,602,own_field,0,0,0,0,True
SANAS_NUEVAS_603,train,SANAS_NUEVAS,603,own_field,0,0,0,0,True
SANAS_NUEVAS_607,train,SANAS_NUEVAS,607,own_field,0,0,0,0,True
SANAS_NUEVAS_609,train,SANAS_NUEVAS,609,own_field,0,0,0,0,True
SANAS_NUEVAS_610,train,SANAS_NUEVAS,610,own_field,0,0,0,0,True
SANAS_NUEVAS_611,train,SANAS_NUEVAS,611,own_field,0,0,0,0,True
SANAS_NUEVAS_612,train,SANAS_NUEVAS,612,own_field,0,0,0,0,True
SANAS_NUEVAS_613,train,SANAS_NUEVAS,613,own_field,0,0,0,0,True
SANAS_NUEVAS_614,train,SANAS_NUEVAS,614,own_field,0,0,0,0,True
SANAS_NUEVAS_615,train,SANAS_NUEVAS,615,own_field,0,0,0,0,True
SANAS_NUEVAS_618,train,SANAS_NUEVAS,618,own_field,0,0,0,0,True
SANAS_NUEVAS_619,train,SANAS_NUEVAS,619,own_field,0,0,0,0,True
SANAS_NUEVAS_62,train,SANAS_NUEVAS,62,own_field,0,0,0,0,True
SANAS_NUEVAS_64,train,SANAS_NUEVAS,64,own_field,0,0,0,0,True
SANAS_NUEVAS_66,train,SANAS_NUEVAS,66,own_field,0,0,0,0,True
SANAS_NUEVAS_68,train,SANAS_NUEVAS,68,own_field,0,0,0,0,True
SANAS_NUEVAS_69,train,SANAS_NUEVAS,69,own_field,0,0,0,0,True
SANAS_NUEVAS_7,train,SANAS_NUEVAS,7,own_field,0,0,0,0,True
SANAS_NUEVAS_70,train,SANAS_NUEVAS,70,own_field,0,0,0,0,True
SANAS_NUEVAS_71,train,SANAS_NUEVAS,71,own_field,0,0,0,0,True
SANAS_NUEVAS_74,train,SANAS_NUEVAS,74,own_field,0,0,0,0,True
SANAS_NUEVAS_75,train,SANAS_NUEVAS,75,own_field,0,0,0,0,True
SANAS_NUEVAS_78,train,SANAS_NUEVAS,78,own_field,0,0,0,0,True
SANAS_NUEVAS_79,train,SANAS_NUEVAS,79,own_field,0,0,0,0,True
SANAS_NUEVAS_82,train,SANAS_NUEVAS,82,own_field,0,0,0,0,True
SANAS_NUEVAS_83,train,SANAS_NUEVAS,83,own_field,0,0,0,0,True
SANAS_NUEVAS_85,train,SANAS_NUEVAS,85,own_field,0,0,0,0,True
SANAS_NUEVAS_88,train,SANAS_NUEVAS,88,own_field,0,0,0,0,True
SANAS_NUEVAS_89,train,SANAS_NUEVAS,89,own_field,0,0,0,0,True
SANAS_NUEVAS_9,train,SANAS_NUEVAS,9,own_field,0,0,0,0,True
SANAS_NUEVAS_91,train,SANAS_NUEVAS,91,own_field,0,0,0,0,True
SANAS_NUEVAS_93,train,SANAS_NUEVAS,93,own_field,0,0,0,0,True
SANAS_NUEVAS_95,train,SANAS_NUEVAS,95,own_field,0,0,0,0,True
SANAS_NUEVAS_96,train,SANAS_NUEVAS,96,own_field,0,0,0,0,True
SANAS_NUEVAS_98,train,SANAS_NUEVAS,98,own_field,0,0,0,0,True
SANAS_NUEVAS_99,train,SANAS_NUEVAS,99,own_field,0,0,0,0,True
SANAS_SOCORRO_1,train,SANAS_SOCORRO,1,own_field,0,0,0,0,True
SANAS_SOCORRO_10,train,SANAS_SOCORRO,10,own_field,0,0,0,0,True
SANAS_SOCORRO_100,train,SANAS_SOCORRO,100,own_field,0,0,0,0,True
SANAS_SOCORRO_101,train,SANAS_SOCORRO,101,own_field,0,0,0,0,True
SANAS_SOCORRO_103,train,SANAS_SOCORRO,103,own_field,0,0,0,0,True
SANAS_SOCORRO_104,train,SANAS_SOCORRO,104,own_field,0,0,0,0,True
SANAS_SOCORRO_106,train,SANAS_SOCORRO,106,own_field,0,0,0,0,True
SANAS_SOCORRO_108,train,SANAS_SOCORRO,108,own_field,0,0,0,0,True
SANAS_SOCORRO_110,train,SANAS_SOCORRO,110,own_field,0,0,0,0,True
SANAS_SOCORRO_112,train,SANAS_SOCORRO,112,own_field,0,0,0,0,True
SANAS_SOCORRO_113,train,SANAS_SOCORRO,113,own_field,0,0,0,0,True
SANAS_SOCORRO_114,train,SANAS_SOCORRO,114,own_field,0,0,0,0,True
SANAS_SOCORRO_115,train,SANAS_SOCORRO,115,own_field,0,0,0,0,True
SANAS_SOCORRO_116,train,SANAS_SOCORRO,116,own_field,0,0,0,0,True
SANAS_SOCORRO_117,train,SANAS_SOCORRO,117,own_field,0,0,0,0,True
SANAS_SOCORRO_118,train,SANAS_SOCORRO,118,own_field,0,0,0,0,True
SANAS_SOCORRO_119,train,SANAS_SOCORRO,119,own_field,0,0,0,0,True
SANAS_SOCORRO_12,train,SANAS_SOCORRO,12,own_field,0,0,0,0,True
SANAS_SOCORRO_120,train,SANAS_SOCORRO,120,own_field,0,0,0,0,True
SANAS_SOCORRO_121,train,SANAS_SOCORRO,121,own_field,0,0,0,0,True
SANAS_SOCORRO_123,train,SANAS_SOCORRO,123,own_field,0,0,0,0,True
SANAS_SOCORRO_125,train,SANAS_SOCORRO,125,own_field,0,0,0,0,True
SANAS_SOCORRO_126,train,SANAS_SOCORRO,126,own_field,0,0,0,0,True
SANAS_SOCORRO_127,train,SANAS_SOCORRO,127,own_field,0,0,0,0,True
SANAS_SOCORRO_129,train,SANAS_SOCORRO,129,own_field,0,0,0,0,True
SANAS_SOCORRO_131,train,SANAS_SOCORRO,131,own_field,0,0,0,0,True
SANAS_SOCORRO_132,train,SANAS_SOCORRO,132,own_field,0,0,0,0,True
SANAS_SOCORRO_134,train,SANAS_SOCORRO,134,own_field,0,0,0,0,True
SANAS_SOCORRO_135,train,SANAS_SOCORRO,135,own_field,0,0,0,0,True
SANAS_SOCORRO_136,train,SANAS_SOCORRO,136,own_field,0,0,0,0,True
SANAS_SOCORRO_137,train,SANAS_SOCORRO,137,own_field,0,0,0,0,True
SANAS_SOCORRO_14,train,SANAS_SOCORRO,14,own_field,0,0,0,0,True
SANAS_SOCORRO_140,train,SANAS_SOCORRO,140,own_field,0,0,0,0,True
SANAS_SOCORRO_143,train,SANAS_SOCORRO,143,own_field,0,0,0,0,True
SANAS_SOCORRO_144,train,SANAS_SOCORRO,144,own_field,0,0,0,0,True
SANAS_SOCORRO_145,train,SANAS_SOCORRO,145,own_field,0,0,0,0,True
SANAS_SOCORRO_146,train,SANAS_SOCORRO,146,own_field,0,0,0,0,True
SANAS_SOCORRO_147,train,SANAS_SOCORRO,147,own_field,0,0,0,0,True
SANAS_SOCORRO_148,train,SANAS_SOCORRO,148,own_field,0,0,0,0,True
SANAS_SOCORRO_149,train,SANAS_SOCORRO,149,own_field,0,0,0,0,True
SANAS_SOCORRO_15,train,SANAS_SOCORRO,15,own_field,0,0,0,0,True
SANAS_SOCORRO_150,train,SANAS_SOCORRO,150,own_field,0,0,0,0,True
SANAS_SOCORRO_151,train,SANAS_SOCORRO,151,own_field,0,0,0,0,True
SANAS_SOCORRO_152,train,SANAS_SOCORRO,152,own_field,0,0,0,0,True
SANAS_SOCORRO_154,train,SANAS_SOCORRO,154,own_field,0,0,0,0,True
SANAS_SOCORRO_155,train,SANAS_SOCORRO,155,own_field,0,0,0,0,True
SANAS_SOCORRO_157,train,SANAS_SOCORRO,157,own_field,0,0,0,0,True
SANAS_SOCORRO_159,train,SANAS_SOCORRO,159,own_field,0,0,0,0,True
SANAS_SOCORRO_160,train,SANAS_SOCORRO,160,own_field,0,0,0,0,True
SANAS_SOCORRO_161,train,SANAS_SOCORRO,161,own_field,0,0,0,0,True
SANAS_SOCORRO_162,train,SANAS_SOCORRO,162,own_field,0,0,0,0,True
SANAS_SOCORRO_165,train,SANAS_SOCORRO,165,own_field,0,0,0,0,True
SANAS_SOCORRO_166,train,SANAS_SOCORRO,166,own_field,0,0,0,0,True
SANAS_SOCORRO_168,train,SANAS_SOCORRO,168,own_field,0,0,0,0,True
SANAS_SOCORRO_17,train,SANAS_SOCORRO,17,own_field,0,0,0,0,True
SANAS_SOCORRO_172,train,SANAS_SOCORRO,172,own_field,0,0,0,0,True
SANAS_SOCORRO_173,train,SANAS_SOCORRO,173,own_field,0,0,0,0,True
SANAS_SOCORRO_176,train,SANAS_SOCORRO,176,own_field,0,0,0,0,True
SANAS_SOCORRO_177,train,SANAS_SOCORRO,177,own_field,0,0,0,0,True
SANAS_SOCORRO_179,train,SANAS_SOCORRO,179,own_field,0,0,0,0,True
SANAS_SOCORRO_18,train,SANAS_SOCORRO,18,own_field,0,0,0,0,True
SANAS_SOCORRO_180,train,SANAS_SOCORRO,180,own_field,0,0,0,0,True
SANAS_SOCORRO_183,train,SANAS_SOCORRO,183,own_field,0,0,0,0,True
SANAS_SOCORRO_184,train,SANAS_SOCORRO,184,own_field,0,0,0,0,True
SANAS_SOCORRO_185,train,SANAS_SOCORRO,185,own_field,0,0,0,0,True
SANAS_SOCORRO_187,train,SANAS_SOCORRO,187,own_field,0,0,0,0,True
SANAS_SOCORRO_189,train,SANAS_SOCORRO,189,own_field,0,0,0,0,True
SANAS_SOCORRO_191,train,SANAS_SOCORRO,191,own_field,0,0,0,0,True
SANAS_SOCORRO_192,train,SANAS_SOCORRO,192,own_field,0,0,0,0,True
SANAS_SOCORRO_194,train,SANAS_SOCORRO,194,own_field,0,0,0,0,True
SANAS_SOCORRO_195,train,SANAS_SOCORRO,195,own_field,0,0,0,0,True
SANAS_SOCORRO_196,train,SANAS_SOCORRO,196,own_field,0,0,0,0,True
SANAS_SOCORRO_197,train,SANAS_SOCORRO,197,own_field,0,0,0,0,True
SANAS_SOCORRO_198,train,SANAS_SOCORRO,198,own_field,0,0,0,0,True
SANAS_SOCORRO_199,train,SANAS_SOCORRO,199,own_field,0,0,0,0,True
SANAS_SOCORRO_20,train,SANAS_SOCORRO,20,own_field,0,0,0,0,True
SANAS_SOCORRO_200,train,SANAS_SOCORRO,200,own_field,0,0,0,0,True
SANAS_SOCORRO_201,train,SANAS_SOCORRO,201,own_field,0,0,0,0,True
SANAS_SOCORRO_202,train,SANAS_SOCORRO,202,own_field,0,0,0,0,True
SANAS_SOCORRO_205,train,SANAS_SOCORRO,205,own_field,0,0,0,0,True
SANAS_SOCORRO_206,train,SANAS_SOCORRO,206,own_field,0,0,0,0,True
SANAS_SOCORRO_208,train,SANAS_SOCORRO,208,own_field,0,0,0,0,True
SANAS_SOCORRO_209,train,SANAS_SOCORRO,209,own_field,0,0,0,0,True
SANAS_SOCORRO_211,train,SANAS_SOCORRO,211,own_field,0,0,0,0,True
SANAS_SOCORRO_212,train,SANAS_SOCORRO,212,own_field,0,0,0,0,True
SANAS_SOCORRO_213,train,SANAS_SOCORRO,213,own_field,0,0,0,0,True
SANAS_SOCORRO_215,train,SANAS_SOCORRO,215,own_field,0,0,0,0,True
SANAS_SOCORRO_216,train,SANAS_SOCORRO,216,own_field,0,0,0,0,True
SANAS_SOCORRO_217,train,SANAS_SOCORRO,217,own_field,0,0,0,0,True
SANAS_SOCORRO_219,train,SANAS_SOCORRO,219,own_field,0,0,0,0,True
SANAS_SOCORRO_220,train,SANAS_SOCORRO,220,own_field,0,0,0,0,True
SANAS_SOCORRO_221,train,SANAS_SOCORRO,221,own_field,0,0,0,0,True
SANAS_SOCORRO_223,train,SANAS_SOCORRO,223,own_field,0,0,0,0,True
SANAS_SOCORRO_224,train,SANAS_SOCORRO,224,own_field,0,0,0,0,True
SANAS_SOCORRO_226,train,SANAS_SOCORRO,226,own_field,0,0,0,0,True
SANAS_SOCORRO_227,train,SANAS_SOCORRO,227,own_field,0,0,0,0,True
SANAS_SOCORRO_228,train,SANAS_SOCORRO,228,own_field,0,0,0,0,True
SANAS_SOCORRO_229,train,SANAS_SOCORRO,229,own_field,0,0,0,0,True
SANAS_SOCORRO_23,train,SANAS_SOCORRO,23,own_field,0,0,0,0,True
SANAS_SOCORRO_231,train,SANAS_SOCORRO,231,own_field,0,0,0,0,True
SANAS_SOCORRO_232,train,SANAS_SOCORRO,232,own_field,0,0,0,0,True
SANAS_SOCORRO_233,train,SANAS_SOCORRO,233,own_field,0,0,0,0,True
SANAS_SOCORRO_235,train,SANAS_SOCORRO,235,own_field,0,0,0,0,True
SANAS_SOCORRO_236,train,SANAS_SOCORRO,236,own_field,0,0,0,0,True
SANAS_SOCORRO_237,train,SANAS_SOCORRO,237,own_field,0,0,0,0,True
SANAS_SOCORRO_239,train,SANAS_SOCORRO,239,own_field,0,0,0,0,True
SANAS_SOCORRO_24,train,SANAS_SOCORRO,24,own_field,0,0,0,0,True
SANAS_SOCORRO_242,train,SANAS_SOCORRO,242,own_field,0,0,0,0,True
SANAS_SOCORRO_245,train,SANAS_SOCORRO,245,own_field,0,0,0,0,True
SANAS_SOCORRO_246,train,SANAS_SOCORRO,246,own_field,0,0,0,0,True
SANAS_SOCORRO_248,train,SANAS_SOCORRO,248,own_field,0,0,0,0,True
SANAS_SOCORRO_249,train,SANAS_SOCORRO,249,own_field,0,0,0,0,True
SANAS_SOCORRO_25,train,SANAS_SOCORRO,25,own_field,0,0,0,0,True
SANAS_SOCORRO_250,train,SANAS_SOCORRO,250,own_field,0,0,0,0,True
SANAS_SOCORRO_251,train,SANAS_SOCORRO,251,own_field,0,0,0,0,True
SANAS_SOCORRO_253,train,SANAS_SOCORRO,253,own_field,0,0,0,0,True
SANAS_SOCORRO_254,train,SANAS_SOCORRO,254,own_field,0,1,0,1,False
SANAS_SOCORRO_255,train,SANAS_SOCORRO,255,own_field,0,1,0,1,False
SANAS_SOCORRO_256,train,SANAS_SOCORRO,256,own_field,0,0,0,0,True
SANAS_SOCORRO_257,train,SANAS_SOCORRO,257,own_field,0,0,0,0,True
SANAS_SOCORRO_258,train,SANAS_SOCORRO,258,own_field,0,0,0,0,True
SANAS_SOCORRO_259,train,SANAS_SOCORRO,259,own_field,0,0,0,0,True
SANAS_SOCORRO_260,train,SANAS_SOCORRO,260,own_field,0,0,0,0,True
SANAS_SOCORRO_261,train,SANAS_SOCORRO,261,own_field,0,0,0,0,True
SANAS_SOCORRO_262,train,SANAS_SOCORRO,262,own_field,0,0,0,0,True
SANAS_SOCORRO_263,train,SANAS_SOCORRO,263,own_field,0,0,0,0,True
SANAS_SOCORRO_264,train,SANAS_SOCORRO,264,own_field,0,0,0,0,True
SANAS_SOCORRO_265,train,SANAS_SOCORRO,265,own_field,0,0,0,0,True
SANAS_SOCORRO_266,train,SANAS_SOCORRO,266,own_field,0,0,0,0,True
SANAS_SOCORRO_267,train,SANAS_SOCORRO,267,own_field,0,0,0,0,True
SANAS_SOCORRO_268,train,SANAS_SOCORRO,268,own_field,0,0,0,0,True
SANAS_SOCORRO_269,train,SANAS_SOCORRO,269,own_field,0,0,0,0,True
SANAS_SOCORRO_27,train,SANAS_SOCORRO,27,own_field,0,0,0,0,True
SANAS_SOCORRO_270,train,SANAS_SOCORRO,270,own_field,0,0,0,0,True
SANAS_SOCORRO_271,train,SANAS_SOCORRO,271,own_field,0,0,0,0,True
SANAS_SOCORRO_273,train,SANAS_SOCORRO,273,own_field,0,0,0,0,True
SANAS_SOCORRO_274,train,SANAS_SOCORRO,274,own_field,0,0,0,0,True
SANAS_SOCORRO_275,train,SANAS_SOCORRO,275,own_field,0,0,0,0,True
SANAS_SOCORRO_276,train,SANAS_SOCORRO,276,own_field,0,0,0,0,True
SANAS_SOCORRO_277,train,SANAS_SOCORRO,277,own_field,0,0,0,0,True
SANAS_SOCORRO_278,train,SANAS_SOCORRO,278,own_field,0,0,0,0,True
SANAS_SOCORRO_279,train,SANAS_SOCORRO,279,own_field,0,0,0,0,True
SANAS_SOCORRO_28,train,SANAS_SOCORRO,28,own_field,0,0,0,0,True
SANAS_SOCORRO_280,train,SANAS_SOCORRO,280,own_field,0,0,0,0,True
SANAS_SOCORRO_281,train,SANAS_SOCORRO,281,own_field,0,0,0,0,True
SANAS_SOCORRO_285,train,SANAS_SOCORRO,285,own_field,0,0,0,0,True
SANAS_SOCORRO_287,train,SANAS_SOCORRO,287,own_field,0,0,0,0,True
SANAS_SOCORRO_288,train,SANAS_SOCORRO,288,own_field,0,0,0,0,True
SANAS_SOCORRO_289,train,SANAS_SOCORRO,289,own_field,0,0,0,0,True
SANAS_SOCORRO_29,train,SANAS_SOCORRO,29,own_field,0,0,0,0,True
SANAS_SOCORRO_290,train,SANAS_SOCORRO,290,own_field,0,0,0,0,True
SANAS_SOCORRO_291,train,SANAS_SOCORRO,291,own_field,0,0,0,0,True
SANAS_SOCORRO_292,train,SANAS_SOCORRO,292,own_field,0,0,0,0,True
SANAS_SOCORRO_293,train,SANAS_SOCORRO,293,own_field,0,0,0,0,True
SANAS_SOCORRO_294,train,SANAS_SOCORRO,294,own_field,0,0,0,0,True
SANAS_SOCORRO_296,train,SANAS_SOCORRO,296,own_field,0,0,0,0,True
SANAS_SOCORRO_297,train,SANAS_SOCORRO,297,own_field,0,0,0,0,True
SANAS_SOCORRO_299,train,SANAS_SOCORRO,299,own_field,0,0,0,0,True
SANAS_SOCORRO_3,train,SANAS_SOCORRO,3,own_field,0,0,0,0,True
SANAS_SOCORRO_300,train,SANAS_SOCORRO,300,own_field,0,0,0,0,True
SANAS_SOCORRO_302,train,SANAS_SOCORRO,302,own_field,0,0,0,0,True
SANAS_SOCORRO_303,train,SANAS_SOCORRO,303,own_field,0,0,0,0,True
SANAS_SOCORRO_304,train,SANAS_SOCORRO,304,own_field,0,0,0,0,True
SANAS_SOCORRO_305,train,SANAS_SOCORRO,305,own_field,0,0,0,0,True
SANAS_SOCORRO_306,train,SANAS_SOCORRO,306,own_field,0,0,0,0,True
SANAS_SOCORRO_307,train,SANAS_SOCORRO,307,own_field,0,0,0,0,True
SANAS_SOCORRO_308,train,SANAS_SOCORRO,308,own_field,0,0,0,0,True
SANAS_SOCORRO_309,train,SANAS_SOCORRO,309,own_field,0,0,0,0,True
SANAS_SOCORRO_31,train,SANAS_SOCORRO,31,own_field,0,0,0,0,True
SANAS_SOCORRO_310,train,SANAS_SOCORRO,310,own_field,0,0,0,0,True
SANAS_SOCORRO_311,train,SANAS_SOCORRO,311,own_field,0,0,0,0,True
SANAS_SOCORRO_312,train,SANAS_SOCORRO,312,own_field,0,0,0,0,True
SANAS_SOCORRO_314,train,SANAS_SOCORRO,314,own_field,0,0,0,0,True
SANAS_SOCORRO_317,train,SANAS_SOCORRO,317,own_field,0,0,0,0,True
SANAS_SOCORRO_318,train,SANAS_SOCORRO,318,own_field,0,0,0,0,True
SANAS_SOCORRO_319,train,SANAS_SOCORRO,319,own_field,0,0,0,0,True
SANAS_SOCORRO_32,train,SANAS_SOCORRO,32,own_field,0,0,0,0,True
SANAS_SOCORRO_320,train,SANAS_SOCORRO,320,own_field,0,0,0,0,True
SANAS_SOCORRO_321,train,SANAS_SOCORRO,321,own_field,0,0,0,0,True
SANAS_SOCORRO_322,train,SANAS_SOCORRO,322,own_field,0,0,0,0,True
SANAS_SOCORRO_323,train,SANAS_SOCORRO,323,own_field,0,0,0,0,True
SANAS_SOCORRO_325,train,SANAS_SOCORRO,325,own_field,0,0,0,0,True
SANAS_SOCORRO_326,train,SANAS_SOCORRO,326,own_field,0,0,0,0,True
SANAS_SOCORRO_328,train,SANAS_SOCORRO,328,own_field,0,0,0,0,True
SANAS_SOCORRO_329,train,SANAS_SOCORRO,329,own_field,0,0,0,0,True
SANAS_SOCORRO_33,train,SANAS_SOCORRO,33,own_field,0,0,0,0,True
SANAS_SOCORRO_330,train,SANAS_SOCORRO,330,own_field,0,0,0,0,True
SANAS_SOCORRO_331,train,SANAS_SOCORRO,331,own_field,0,0,0,0,True
SANAS_SOCORRO_332,train,SANAS_SOCORRO,332,own_field,0,0,0,0,True
SANAS_SOCORRO_333,train,SANAS_SOCORRO,333,own_field,0,0,0,0,True
SANAS_SOCORRO_334,train,SANAS_SOCORRO,334,own_field,0,0,0,0,True
SANAS_SOCORRO_336,train,SANAS_SOCORRO,336,own_field,0,0,0,0,True
SANAS_SOCORRO_339,train,SANAS_SOCORRO,339,own_field,0,0,0,0,True
SANAS_SOCORRO_34,train,SANAS_SOCORRO,34,own_field,0,0,0,0,True
SANAS_SOCORRO_340,train,SANAS_SOCORRO,340,own_field,0,0,0,0,True
SANAS_SOCORRO_341,train,SANAS_SOCORRO,341,own_field,0,0,0,0,True
SANAS_SOCORRO_342,train,SANAS_SOCORRO,342,own_field,0,0,0,0,True
SANAS_SOCORRO_343,train,SANAS_SOCORRO,343,own_field,0,0,0,0,True
SANAS_SOCORRO_344,train,SANAS_SOCORRO,344,own_field,0,0,0,0,True
SANAS_SOCORRO_346,train,SANAS_SOCORRO,346,own_field,0,0,0,0,True
SANAS_SOCORRO_348,train,SANAS_SOCORRO,348,own_field,0,0,0,0,True
SANAS_SOCORRO_349,train,SANAS_SOCORRO,349,own_field,0,0,0,0,True
SANAS_SOCORRO_35,train,SANAS_SOCORRO,35,own_field,0,0,0,0,True
SANAS_SOCORRO_350,train,SANAS_SOCORRO,350,own_field,0,0,0,0,True
SANAS_SOCORRO_351,train,SANAS_SOCORRO,351,own_field,0,1,0,1,False
SANAS_SOCORRO_352,train,SANAS_SOCORRO,352,own_field,0,1,0,1,False
SANAS_SOCORRO_356,train,SANAS_SOCORRO,356,own_field,0,0,0,0,True
SANAS_SOCORRO_357,train,SANAS_SOCORRO,357,own_field,0,0,0,0,True
SANAS_SOCORRO_358,train,SANAS_SOCORRO,358,own_field,0,0,0,0,True
SANAS_SOCORRO_359,train,SANAS_SOCORRO,359,own_field,0,0,0,0,True
SANAS_SOCORRO_360,train,SANAS_SOCORRO,360,own_field,0,0,0,0,True
SANAS_SOCORRO_362,train,SANAS_SOCORRO,362,own_field,0,0,0,0,True
SANAS_SOCORRO_363,train,SANAS_SOCORRO,363,own_field,0,0,0,0,True
SANAS_SOCORRO_364,train,SANAS_SOCORRO,364,own_field,0,0,0,0,True
SANAS_SOCORRO_365,train,SANAS_SOCORRO,365,own_field,0,0,0,0,True
SANAS_SOCORRO_367,train,SANAS_SOCORRO,367,own_field,0,0,0,0,True
SANAS_SOCORRO_37,train,SANAS_SOCORRO,37,own_field,0,0,0,0,True
SANAS_SOCORRO_370,train,SANAS_SOCORRO,370,own_field,0,0,0,0,True
SANAS_SOCORRO_371,train,SANAS_SOCORRO,371,own_field,0,0,0,0,True
SANAS_SOCORRO_372,train,SANAS_SOCORRO,372,own_field,0,0,0,0,True
SANAS_SOCORRO_373,train,SANAS_SOCORRO,373,own_field,0,0,0,0,True
SANAS_SOCORRO_376,train,SANAS_SOCORRO,376,own_field,0,0,0,0,True
SANAS_SOCORRO_377,train,SANAS_SOCORRO,377,own_field,0,0,0,0,True
SANAS_SOCORRO_378,train,SANAS_SOCORRO,378,own_field,0,0,0,0,True
SANAS_SOCORRO_379,train,SANAS_SOCORRO,379,own_field,0,0,0,0,True
SANAS_SOCORRO_38,train,SANAS_SOCORRO,38,own_field,0,0,0,0,True
SANAS_SOCORRO_380,train,SANAS_SOCORRO,380,own_field,0,0,0,0,True
SANAS_SOCORRO_381,train,SANAS_SOCORRO,381,own_field,0,0,0,0,True
SANAS_SOCORRO_382,train,SANAS_SOCORRO,382,own_field,0,0,0,0,True
SANAS_SOCORRO_384,train,SANAS_SOCORRO,384,own_field,0,0,0,0,True
SANAS_SOCORRO_385,train,SANAS_SOCORRO,385,own_field,0,0,0,0,True
SANAS_SOCORRO_386,train,SANAS_SOCORRO,386,own_field,0,0,0,0,True
SANAS_SOCORRO_388,train,SANAS_SOCORRO,388,own_field,0,0,0,0,True
SANAS_SOCORRO_39,train,SANAS_SOCORRO,39,own_field,0,1,0,1,False
SANAS_SOCORRO_390,train,SANAS_SOCORRO,390,own_field,0,0,0,0,True
SANAS_SOCORRO_392,train,SANAS_SOCORRO,392,own_field,0,0,0,0,True
SANAS_SOCORRO_393,train,SANAS_SOCORRO,393,own_field,0,0,0,0,True
SANAS_SOCORRO_394,train,SANAS_SOCORRO,394,own_field,0,0,0,0,True
SANAS_SOCORRO_395,train,SANAS_SOCORRO,395,own_field,0,0,0,0,True
SANAS_SOCORRO_396,train,SANAS_SOCORRO,396,own_field,0,0,0,0,True
SANAS_SOCORRO_397,train,SANAS_SOCORRO,397,own_field,0,0,0,0,True
SANAS_SOCORRO_398,train,SANAS_SOCORRO,398,own_field,0,0,0,0,True
SANAS_SOCORRO_399,train,SANAS_SOCORRO,399,own_field,0,0,0,0,True
SANAS_SOCORRO_4,train,SANAS_SOCORRO,4,own_field,0,0,0,0,True
SANAS_SOCORRO_40,train,SANAS_SOCORRO,40,own_field,0,0,0,0,True
SANAS_SOCORRO_400,train,SANAS_SOCORRO,400,own_field,0,0,0,0,True
SANAS_SOCORRO_401,train,SANAS_SOCORRO,401,own_field,0,0,0,0,True
SANAS_SOCORRO_402,train,SANAS_SOCORRO,402,own_field,0,0,0,0,True
SANAS_SOCORRO_405,train,SANAS_SOCORRO,405,own_field,0,0,0,0,True
SANAS_SOCORRO_407,train,SANAS_SOCORRO,407,own_field,0,0,0,0,True
SANAS_SOCORRO_408,train,SANAS_SOCORRO,408,own_field,0,0,0,0,True
SANAS_SOCORRO_41,train,SANAS_SOCORRO,41,own_field,0,0,0,0,True
SANAS_SOCORRO_410,train,SANAS_SOCORRO,410,own_field,0,0,0,0,True
SANAS_SOCORRO_411,train,SANAS_SOCORRO,411,own_field,0,0,0,0,True
SANAS_SOCORRO_412,train,SANAS_SOCORRO,412,own_field,0,0,0,0,True
SANAS_SOCORRO_416,train,SANAS_SOCORRO,416,own_field,0,0,0,0,True
SANAS_SOCORRO_417,train,SANAS_SOCORRO,417,own_field,0,0,0,0,True
SANAS_SOCORRO_420,train,SANAS_SOCORRO,420,own_field,0,0,0,0,True
SANAS_SOCORRO_421,train,SANAS_SOCORRO,421,own_field,0,0,0,0,True
SANAS_SOCORRO_424,train,SANAS_SOCORRO,424,own_field,0,0,0,0,True
SANAS_SOCORRO_427,train,SANAS_SOCORRO,427,own_field,0,0,0,0,True
SANAS_SOCORRO_428,train,SANAS_SOCORRO,428,own_field,0,0,0,0,True
SANAS_SOCORRO_431,train,SANAS_SOCORRO,431,own_field,0,0,0,0,True
SANAS_SOCORRO_432,train,SANAS_SOCORRO,432,own_field,0,0,0,0,True
SANAS_SOCORRO_433,train,SANAS_SOCORRO,433,own_field,0,0,0,0,True
SANAS_SOCORRO_434,train,SANAS_SOCORRO,434,own_field,0,0,0,0,True
SANAS_SOCORRO_435,train,SANAS_SOCORRO,435,own_field,0,0,0,0,True
SANAS_SOCORRO_436,train,SANAS_SOCORRO,436,own_field,0,0,0,0,True
SANAS_SOCORRO_439,train,SANAS_SOCORRO,439,own_field,0,0,0,0,True
SANAS_SOCORRO_44,train,SANAS_SOCORRO,44,own_field,0,0,0,0,True
SANAS_SOCORRO_440,train,SANAS_SOCORRO,440,own_field,0,0,0,0,True
SANAS_SOCORRO_441,train,SANAS_SOCORRO,441,own_field,0,0,0,0,True
SANAS_SOCORRO_442,train,SANAS_SOCORRO,442,own_field,0,0,0,0,True
SANAS_SOCORRO_444,train,SANAS_SOCORRO,444,own_field,0,0,0,0,True
SANAS_SOCORRO_445,train,SANAS_SOCORRO,445,own_field,0,0,0,0,True
SANAS_SOCORRO_446,train,SANAS_SOCORRO,446,own_field,0,0,0,0,True
SANAS_SOCORRO_447,train,SANAS_SOCORRO,447,own_field,0,0,0,0,True
SANAS_SOCORRO_449,train,SANAS_SOCORRO,449,own_field,0,0,0,0,True
SANAS_SOCORRO_45,train,SANAS_SOCORRO,45,own_field,0,0,0,0,True
SANAS_SOCORRO_451,train,SANAS_SOCORRO,451,own_field,0,0,0,0,True
SANAS_SOCORRO_452,train,SANAS_SOCORRO,452,own_field,0,0,0,0,True
SANAS_SOCORRO_453,train,SANAS_SOCORRO,453,own_field,0,0,0,0,True
SANAS_SOCORRO_454,train,SANAS_SOCORRO,454,own_field,0,0,0,0,True
SANAS_SOCORRO_455,train,SANAS_SOCORRO,455,own_field,0,0,0,0,True
SANAS_SOCORRO_457,train,SANAS_SOCORRO,457,own_field,0,0,0,0,True
SANAS_SOCORRO_458,train,SANAS_SOCORRO,458,own_field,0,0,0,0,True
SANAS_SOCORRO_46,train,SANAS_SOCORRO,46,own_field,0,0,0,0,True
SANAS_SOCORRO_460,train,SANAS_SOCORRO,460,own_field,0,2,0,2,False
SANAS_SOCORRO_461,train,SANAS_SOCORRO,461,own_field,0,0,0,0,True
SANAS_SOCORRO_463,train,SANAS_SOCORRO,463,own_field,0,0,0,0,True
SANAS_SOCORRO_464,train,SANAS_SOCORRO,464,own_field,0,0,0,0,True
SANAS_SOCORRO_465,train,SANAS_SOCORRO,465,own_field,0,0,0,0,True
SANAS_SOCORRO_466,train,SANAS_SOCORRO,466,own_field,0,0,0,0,True
SANAS_SOCORRO_467,train,SANAS_SOCORRO,467,own_field,0,0,0,0,True
SANAS_SOCORRO_468,train,SANAS_SOCORRO,468,own_field,0,0,0,0,True
SANAS_SOCORRO_471,train,SANAS_SOCORRO,471,own_field,0,0,0,0,True
SANAS_SOCORRO_472,train,SANAS_SOCORRO,472,own_field,0,0,0,0,True
SANAS_SOCORRO_473,train,SANAS_SOCORRO,473,own_field,0,0,0,0,True
SANAS_SOCORRO_474,train,SANAS_SOCORRO,474,own_field,0,0,0,0,True
SANAS_SOCORRO_475,train,SANAS_SOCORRO,475,own_field,0,0,0,0,True
SANAS_SOCORRO_476,train,SANAS_SOCORRO,476,own_field,0,0,0,0,True
SANAS_SOCORRO_478,train,SANAS_SOCORRO,478,own_field,0,0,0,0,True
SANAS_SOCORRO_479,train,SANAS_SOCORRO,479,own_field,0,0,0,0,True
SANAS_SOCORRO_480,train,SANAS_SOCORRO,480,own_field,0,0,0,0,True
SANAS_SOCORRO_481,train,SANAS_SOCORRO,481,own_field,0,0,0,0,True
SANAS_SOCORRO_482,train,SANAS_SOCORRO,482,own_field,0,0,0,0,True
SANAS_SOCORRO_484,train,SANAS_SOCORRO,484,own_field,0,0,0,0,True
SANAS_SOCORRO_485,train,SANAS_SOCORRO,485,own_field,0,0,0,0,True
SANAS_SOCORRO_486,train,SANAS_SOCORRO,486,own_field,0,0,0,0,True
SANAS_SOCORRO_487,train,SANAS_SOCORRO,487,own_field,0,0,0,0,True
SANAS_SOCORRO_488,train,SANAS_SOCORRO,488,own_field,0,0,0,0,True
SANAS_SOCORRO_489,train,SANAS_SOCORRO,489,own_field,0,0,0,0,True
SANAS_SOCORRO_49,train,SANAS_SOCORRO,49,own_field,0,0,0,0,True
SANAS_SOCORRO_490,train,SANAS_SOCORRO,490,own_field,0,0,0,0,True
SANAS_SOCORRO_491,train,SANAS_SOCORRO,491,own_field,0,0,0,0,True
SANAS_SOCORRO_493,train,SANAS_SOCORRO,493,own_field,0,0,0,0,True
SANAS_SOCORRO_494,train,SANAS_SOCORRO,494,own_field,0,0,0,0,True
SANAS_SOCORRO_495,train,SANAS_SOCORRO,495,own_field,0,0,0,0,True
SANAS_SOCORRO_497,train,SANAS_SOCORRO,497,own_field,0,0,0,0,True
SANAS_SOCORRO_498,train,SANAS_SOCORRO,498,own_field,0,0,0,0,True
SANAS_SOCORRO_499,train,SANAS_SOCORRO,499,own_field,0,0,0,0,True
SANAS_SOCORRO_5,train,SANAS_SOCORRO,5,own_field,0,0,0,0,True
SANAS_SOCORRO_50,train,SANAS_SOCORRO,50,own_field,0,0,0,0,True
SANAS_SOCORRO_501,train,SANAS_SOCORRO,501,own_field,0,0,0,0,True
SANAS_SOCORRO_503,train,SANAS_SOCORRO,503,own_field,0,0,0,0,True
SANAS_SOCORRO_504,train,SANAS_SOCORRO,504,own_field,0,0,0,0,True
SANAS_SOCORRO_505,train,SANAS_SOCORRO,505,own_field,0,0,0,0,True
SANAS_SOCORRO_507,train,SANAS_SOCORRO,507,own_field,0,0,0,0,True
SANAS_SOCORRO_508,train,SANAS_SOCORRO,508,own_field,0,0,0,0,True
SANAS_SOCORRO_509,train,SANAS_SOCORRO,509,own_field,0,0,0,0,True
SANAS_SOCORRO_51,train,SANAS_SOCORRO,51,own_field,0,0,0,0,True
SANAS_SOCORRO_511,train,SANAS_SOCORRO,511,own_field,0,0,0,0,True
SANAS_SOCORRO_512,train,SANAS_SOCORRO,512,own_field,0,0,0,0,True
SANAS_SOCORRO_513,train,SANAS_SOCORRO,513,own_field,0,0,0,0,True
SANAS_SOCORRO_514,train,SANAS_SOCORRO,514,own_field,0,0,0,0,True
SANAS_SOCORRO_515,train,SANAS_SOCORRO,515,own_field,0,0,0,0,True
SANAS_SOCORRO_517,train,SANAS_SOCORRO,517,own_field,0,0,0,0,True
SANAS_SOCORRO_518,train,SANAS_SOCORRO,518,own_field,0,0,0,0,True
SANAS_SOCORRO_52,train,SANAS_SOCORRO,52,own_field,0,0,0,0,True
SANAS_SOCORRO_54,train,SANAS_SOCORRO,54,own_field,0,0,0,0,True
SANAS_SOCORRO_55,train,SANAS_SOCORRO,55,own_field,0,0,0,0,True
SANAS_SOCORRO_56,train,SANAS_SOCORRO,56,own_field,0,0,0,0,True
SANAS_SOCORRO_57,train,SANAS_SOCORRO,57,own_field,0,0,0,0,True
SANAS_SOCORRO_58,train,SANAS_SOCORRO,58,own_field,0,0,0,0,True
SANAS_SOCORRO_61,train,SANAS_SOCORRO,61,own_field,0,0,0,0,True
SANAS_SOCORRO_63,train,SANAS_SOCORRO,63,own_field,0,0,0,0,True
SANAS_SOCORRO_64,train,SANAS_SOCORRO,64,own_field,0,1,0,1,False
SANAS_SOCORRO_65,train,SANAS_SOCORRO,65,own_field,0,0,0,0,True
SANAS_SOCORRO_66,train,SANAS_SOCORRO,66,own_field,0,0,0,0,True
SANAS_SOCORRO_67,train,SANAS_SOCORRO,67,own_field,0,0,0,0,True
SANAS_SOCORRO_69,train,SANAS_SOCORRO,69,own_field,1,0,0,1,False
SANAS_SOCORRO_7,train,SANAS_SOCORRO,7,own_field,0,0,0,0,True
SANAS_SOCORRO_70,train,SANAS_SOCORRO,70,own_field,1,0,0,1,False
SANAS_SOCORRO_71,train,SANAS_SOCORRO,71,own_field,0,0,0,0,True
SANAS_SOCORRO_72,train,SANAS_SOCORRO,72,own_field,0,0,0,0,True
SANAS_SOCORRO_75,train,SANAS_SOCORRO,75,own_field,0,0,0,0,True
SANAS_SOCORRO_76,train,SANAS_SOCORRO,76,own_field,0,0,0,0,True
SANAS_SOCORRO_77,train,SANAS_SOCORRO,77,own_field,0,0,0,0,True
SANAS_SOCORRO_78,train,SANAS_SOCORRO,78,own_field,0,0,0,0,True
SANAS_SOCORRO_79,train,SANAS_SOCORRO,79,own_field,0,0,0,0,True
SANAS_SOCORRO_80,train,SANAS_SOCORRO,80,own_field,0,0,0,0,True
SANAS_SOCORRO_81,train,SANAS_SOCORRO,81,own_field,0,0,0,0,True
SANAS_SOCORRO_82,train,SANAS_SOCORRO,82,own_field,0,0,0,0,True
SANAS_SOCORRO_83,train,SANAS_SOCORRO,83,own_field,0,0,0,0,True
SANAS_SOCORRO_84,train,SANAS_SOCORRO,84,own_field,0,0,0,0,True
SANAS_SOCORRO_85,train,SANAS_SOCORRO,85,own_field,0,0,0,0,True
SANAS_SOCORRO_86,train,SANAS_SOCORRO,86,own_field,0,0,0,0,True
SANAS_SOCORRO_87,train,SANAS_SOCORRO,87,own_field,0,0,0,0,True
SANAS_SOCORRO_88,train,SANAS_SOCORRO,88,own_field,0,0,0,0,True
SANAS_SOCORRO_89,train,SANAS_SOCORRO,89,own_field,0,0,0,0,True
SANAS_SOCORRO_9,train,SANAS_SOCORRO,9,own_field,0,0,0,0,True
SANAS_SOCORRO_91,train,SANAS_SOCORRO,91,own_field,0,0,0,0,True
SANAS_SOCORRO_92,train,SANAS_SOCORRO,92,own_field,0,0,0,0,True
SANAS_SOCORRO_94,train,SANAS_SOCORRO,94,own_field,0,0,0,0,True
SANAS_SOCORRO_95,train,SANAS_SOCORRO,95,own_field,0,0,0,0,True
SANAS_SOCORRO_96,train,SANAS_SOCORRO,96,own_field,0,0,0,0,True
SANAS_SOCORRO_97,train,SANAS_SOCORRO,97,own_field,0,0,0,0,True
SANAS_SOCORRO_98,train,SANAS_SOCORRO,98,own_field,0,0,0,0,True
SANAS_SOCORRO_99,train,SANAS_SOCORRO,99,own_field,0,0,0,0,True
COCO_M_A_10,val,COCO_M_A,10,own_field,0,9,0,9,False
COCO_M_A_103,val,COCO_M_A,103,own_field,3,14,0,17,False
COCO_M_A_13,val,COCO_M_A,13,own_field,0,17,0,17,False
COCO_M_A_30,val,COCO_M_A,30,own_field,2,10,0,12,False
COCO_M_A_5,val,COCO_M_A,5,own_field,1,16,0,17,False
COCO_M_A_56,val,COCO_M_A,56,own_field,0,13,0,13,False
COCO_M_A_64,val,COCO_M_A,64,own_field,0,20,0,20,False
COCO_M_A_65,val,COCO_M_A,65,own_field,1,15,0,16,False
COCO_M_A_7,val,COCO_M_A,7,own_field,0,10,0,10,False
COCO_M_A_84,val,COCO_M_A,84,own_field,0,19,0,19,False
COCO_M_A_9,val,COCO_M_A,9,own_field,0,13,0,13,False
COCO_M_A_91,val,COCO_M_A,91,own_field,0,10,0,10,False
COCO_Muy_A_10,val,COCO_Muy_A,10,own_field,0,17,0,17,False
COCO_Muy_A_103,val,COCO_Muy_A,103,own_field,0,23,0,23,False
COCO_Muy_A_104,val,COCO_Muy_A,104,own_field,0,40,0,40,False
COCO_Muy_A_112,val,COCO_Muy_A,112,own_field,3,29,0,32,False
COCO_Muy_A_14,val,COCO_Muy_A,14,own_field,0,23,0,23,False
COCO_Muy_A_58,val,COCO_Muy_A,58,own_field,0,31,0,31,False
COCO_Muy_A_59,val,COCO_Muy_A,59,own_field,0,26,0,26,False
COCO_Muy_A_65,val,COCO_Muy_A,65,own_field,1,25,0,26,False
COCO_Muy_A_76,val,COCO_Muy_A,76,own_field,1,24,0,25,False
COCO_Muy_A_85,val,COCO_Muy_A,85,own_field,2,70,0,72,False
COCO_Muy_A_94,val,COCO_Muy_A,94,own_field,1,42,0,43,False
COCO_Muy_A_98,val,COCO_Muy_A,98,own_field,0,50,0,50,False
COCO_P_A_2,val,COCO_P_A,2,own_field,0,6,0,6,False
COCO_P_A_23,val,COCO_P_A,23,own_field,0,24,0,24,False
COCO_P_A_28,val,COCO_P_A,28,own_field,0,2,0,2,False
COCO_P_A_29,val,COCO_P_A,29,own_field,0,12,0,12,False
COCO_P_A_38,val,COCO_P_A,38,own_field,0,6,0,6,False
COCO_P_A_4,val,COCO_P_A,4,own_field,1,5,0,6,False
COCO_P_A_49,val,COCO_P_A,49,own_field,0,9,0,9,False
COCO_P_A_5,val,COCO_P_A,5,own_field,0,4,0,4,False
COCO_P_A_55,val,COCO_P_A,55,own_field,1,8,0,9,False
COCO_P_A_77,val,COCO_P_A,77,own_field,0,3,0,3,False
COCO_P_A_9,val,COCO_P_A,9,own_field,0,4,0,4,False
COCO_RECORTE_10,val,COCO_RECORTE,10,own_field,0,3,0,3,False
COCO_RECORTE_101,val,COCO_RECORTE,101,own_field,0,2,0,2,False
COCO_RECORTE_102,val,COCO_RECORTE,102,own_field,0,7,0,7,False
COCO_RECORTE_105,val,COCO_RECORTE,105,own_field,0,5,0,5,False
COCO_RECORTE_11,val,COCO_RECORTE,11,own_field,0,4,0,4,False
COCO_RECORTE_12,val,COCO_RECORTE,12,own_field,0,1,0,1,False
COCO_RECORTE_127,val,COCO_RECORTE,127,own_field,0,7,0,7,False
COCO_RECORTE_133,val,COCO_RECORTE,133,own_field,0,9,0,9,False
COCO_RECORTE_134,val,COCO_RECORTE,134,own_field,0,5,0,5,False
COCO_RECORTE_138,val,COCO_RECORTE,138,own_field,0,3,0,3,False
COCO_RECORTE_149,val,COCO_RECORTE,149,own_field,0,11,0,11,False
COCO_RECORTE_153,val,COCO_RECORTE,153,own_field,0,22,0,22,False
COCO_RECORTE_155,val,COCO_RECORTE,155,own_field,0,12,0,12,False
COCO_RECORTE_20,val,COCO_RECORTE,20,own_field,0,4,0,4,False
COCO_RECORTE_32,val,COCO_RECORTE,32,own_field,0,4,0,4,False
COCO_RECORTE_38,val,COCO_RECORTE,38,own_field,0,4,0,4,False
COCO_RECORTE_39,val,COCO_RECORTE,39,own_field,0,5,0,5,False
COCO_RECORTE_42,val,COCO_RECORTE,42,own_field,0,2,0,2,False
COCO_RECORTE_63,val,COCO_RECORTE,63,own_field,0,2,0,2,False
COCO_RECORTE_66,val,COCO_RECORTE,66,own_field,0,2,0,2,False
COCO_RECORTE_79,val,COCO_RECORTE,79,own_field,0,6,0,6,False
COCO_RECORTE_82,val,COCO_RECORTE,82,own_field,0,4,0,4,False
COCO_RECORTE_84,val,COCO_RECORTE,84,own_field,0,2,0,2,False
COCO_RECORTE_87,val,COCO_RECORTE,87,own_field,0,6,0,6,False
COCO_RECORTE_88,val,COCO_RECORTE,88,own_field,0,10,0,10,False
COCO_RECORTE_91,val,COCO_RECORTE,91,own_field,0,3,0,3,False
COCO_RECORTE_97,val,COCO_RECORTE,97,own_field,0,5,0,5,False
COCO_RECORTE_99,val,COCO_RECORTE,99,own_field,0,6,0,6,False
MINADOR_12,val,MINADOR,12,rust_and_leaf_miner,3,0,2,5,False
MINADOR_13,val,MINADOR,13,rust_and_leaf_miner,0,0,4,4,False
MINADOR_18,val,MINADOR,18,rust_and_leaf_miner,0,0,5,5,False
MINADOR_32,val,MINADOR,32,rust_and_leaf_miner,0,0,6,6,False
MINADOR_56,val,MINADOR,56,rust_and_leaf_miner,0,0,7,7,False
MINADOR_61,val,MINADOR,61,rust_and_leaf_miner,0,0,4,4,False
MINADOR_64,val,MINADOR,64,rust_and_leaf_miner,0,0,7,7,False
MINADOR_66,val,MINADOR,66,rust_and_leaf_miner,0,0,12,12,False
MINADOR_72,val,MINADOR,72,rust_and_leaf_miner,0,0,8,8,False
MINADOR_9,val,MINADOR,9,rust_and_leaf_miner,0,0,6,6,False
MINADO_RECORTES_10,val,MINADO_RECORTES,10,rust_and_leaf_miner,0,0,3,3,False
MINADO_RECORTES_103,val,MINADO_RECORTES,103,rust_and_leaf_miner,0,0,5,5,False
MINADO_RECORTES_109,val,MINADO_RECORTES,109,rust_and_leaf_miner,0,0,9,9,False
MINADO_RECORTES_11,val,MINADO_RECORTES,11,rust_and_leaf_miner,0,0,3,3,False
MINADO_RECORTES_129,val,MINADO_RECORTES,129,rust_and_leaf_miner,0,0,8,8,False
MINADO_RECORTES_132,val,MINADO_RECORTES,132,rust_and_leaf_miner,0,0,6,6,False
MINADO_RECORTES_16,val,MINADO_RECORTES,16,rust_and_leaf_miner,1,0,3,4,False
MINADO_RECORTES_2,val,MINADO_RECORTES,2,rust_and_leaf_miner,0,0,4,4,False
MINADO_RECORTES_29,val,MINADO_RECORTES,29,rust_and_leaf_miner,0,0,2,2,False
MINADO_RECORTES_32,val,MINADO_RECORTES,32,rust_and_leaf_miner,0,0,5,5,False
MINADO_RECORTES_35,val,MINADO_RECORTES,35,rust_and_leaf_miner,0,0,2,2,False
MINADO_RECORTES_4,val,MINADO_RECORTES,4,rust_and_leaf_miner,0,0,6,6,False
MINADO_RECORTES_43,val,MINADO_RECORTES,43,rust_and_leaf_miner,0,0,4,4,False
MINADO_RECORTES_46,val,MINADO_RECORTES,46,rust_and_leaf_miner,0,0,3,3,False
MINADO_RECORTES_49,val,MINADO_RECORTES,49,rust_and_leaf_miner,0,0,3,3,False
MINADO_RECORTES_51,val,MINADO_RECORTES,51,rust_and_leaf_miner,0,0,2,2,False
MINADO_RECORTES_57,val,MINADO_RECORTES,57,rust_and_leaf_miner,0,0,3,3,False
MINADO_RECORTES_63,val,MINADO_RECORTES,63,rust_and_leaf_miner,0,0,3,3,False
MINADO_RECORTES_72,val,MINADO_RECORTES,72,rust_and_leaf_miner,0,0,4,4,False
MINADO_RECORTES_8,val,MINADO_RECORTES,8,rust_and_leaf_miner,0,0,6,6,False
MINADO_RECORTES_81,val,MINADO_RECORTES,81,rust_and_leaf_miner,0,0,3,3,False
MINADO_RECORTES_85,val,MINADO_RECORTES,85,rust_and_leaf_miner,0,0,7,7,False
MINADO_RECORTES_86,val,MINADO_RECORTES,86,rust_and_leaf_miner,0,0,2,2,False
MINADO_RECORTES_88,val,MINADO_RECORTES,88,rust_and_leaf_miner,0,0,2,2,False
MINADO_RECORTES_98,val,MINADO_RECORTES,98,rust_and_leaf_miner,0,0,3,3,False
MINEIRO_108,val,MINEIRO,108,rust_and_leaf_miner,0,0,7,7,False
MINEIRO_114,val,MINEIRO,114,rust_and_leaf_miner,0,0,6,6,False
MINEIRO_116,val,MINEIRO,116,rust_and_leaf_miner,0,0,2,2,False
MINEIRO_141,val,MINEIRO,141,rust_and_leaf_miner,0,0,12,12,False
MINEIRO_145,val,MINEIRO,145,rust_and_leaf_miner,0,0,5,5,False
MINEIRO_156,val,MINEIRO,156,rust_and_leaf_miner,0,0,10,10,False
MINEIRO_17,val,MINEIRO,17,rust_and_leaf_miner,0,0,12,12,False
MINEIRO_171,val,MINEIRO,171,rust_and_leaf_miner,0,0,9,9,False
MINEIRO_172,val,MINEIRO,172,rust_and_leaf_miner,0,0,8,8,False
MINEIRO_187,val,MINEIRO,187,rust_and_leaf_miner,0,0,6,6,False
MINEIRO_21,val,MINEIRO,21,rust_and_leaf_miner,0,0,5,5,False
MINEIRO_3,val,MINEIRO,3,rust_and_leaf_miner,0,0,5,5,False
MINEIRO_44,val,MINEIRO,44,rust_and_leaf_miner,0,0,10,10,False
MINEIRO_50,val,MINEIRO,50,rust_and_leaf_miner,0,0,8,8,False
MINEIRO_52,val,MINEIRO,52,rust_and_leaf_miner,0,0,7,7,False
MINEIRO_61,val,MINEIRO,61,rust_and_leaf_miner,0,0,5,5,False
MINEIRO_72,val,MINEIRO,72,rust_and_leaf_miner,0,0,11,11,False
MINEIRO_73,val,MINEIRO,73,rust_and_leaf_miner,0,0,9,9,False
MINEIRO_77,val,MINEIRO,77,rust_and_leaf_miner,0,0,11,11,False
MINEIRO_78,val,MINEIRO,78,rust_and_leaf_miner,0,0,4,4,False
MINEIRO_80,val,MINEIRO,80,rust_and_leaf_miner,0,0,7,7,False
MINEIRO_88,val,MINEIRO,88,rust_and_leaf_miner,0,0,7,7,False
MINEIRO_89,val,MINEIRO,89,rust_and_leaf_miner,0,0,14,14,False
MINEIRO_92,val,MINEIRO,92,rust_and_leaf_miner,0,0,13,13,False
MINEIRO_95,val,MINEIRO,95,rust_and_leaf_miner,0,0,2,2,False
MINEIRO_96,val,MINEIRO,96,rust_and_leaf_miner,0,0,8,8,False
ROYA_FONDO_17,val,ROYA_FONDO,17,rust_and_leaf_miner,11,0,0,11,False
ROYA_FONDO_27,val,ROYA_FONDO,27,rust_and_leaf_miner,6,0,0,6,False
ROYA_FONDO_35,val,ROYA_FONDO,35,rust_and_leaf_miner,16,0,0,16,False
ROYA_FONDO_39,val,ROYA_FONDO,39,rust_and_leaf_miner,5,0,0,5,False
ROYA_FONDO_4,val,ROYA_FONDO,4,rust_and_leaf_miner,2,0,0,2,False
ROYA_FONDO_40,val,ROYA_FONDO,40,rust_and_leaf_miner,21,0,0,21,False
ROYA_FONDO_43,val,ROYA_FONDO,43,rust_and_leaf_miner,9,0,0,9,False
ROYA_FONDO_48,val,ROYA_FONDO,48,rust_and_leaf_miner,11,0,0,11,False
ROYA_FONDO_5,val,ROYA_FONDO,5,rust_and_leaf_miner,16,0,0,16,False
ROYA_FONDO_69,val,ROYA_FONDO,69,rust_and_leaf_miner,7,0,0,7,False
ROYA_FONDO_70,val,ROYA_FONDO,70,rust_and_leaf_miner,9,0,1,10,False
ROYA_FONDO_81,val,ROYA_FONDO,81,rust_and_leaf_miner,18,0,0,18,False
ROYA_FONDO_87,val,ROYA_FONDO,87,rust_and_leaf_miner,8,0,0,8,False
ROYA_FONDO_89,val,ROYA_FONDO,89,rust_and_leaf_miner,15,0,0,15,False
ROYA_MA_11,val,ROYA_MA,11,own_field,44,0,0,44,False
ROYA_MA_15,val,ROYA_MA,15,own_field,18,0,0,18,False
ROYA_MA_37,val,ROYA_MA,37,own_field,22,0,0,22,False
ROYA_MA_38,val,ROYA_MA,38,own_field,24,0,0,24,False
ROYA_MA_40,val,ROYA_MA,40,own_field,36,0,0,36,False
ROYA_MA_46,val,ROYA_MA,46,own_field,17,0,0,17,False
ROYA_MA_59,val,ROYA_MA,59,own_field,8,0,0,8,False
ROYA_MA_6,val,ROYA_MA,6,own_field,17,0,0,17,False
ROYA_Muy_A_19,val,ROYA_Muy_A,19,own_field,63,0,0,63,False
ROYA_Muy_A_4,val,ROYA_Muy_A,4,own_field,44,0,0,44,False
ROYA_Muy_A_8,val,ROYA_Muy_A,8,own_field,43,0,0,43,False
ROYA_P_A_1,val,ROYA_P_A,1,own_field,18,0,0,18,False
ROYA_P_A_12,val,ROYA_P_A,12,own_field,8,0,0,8,False
ROYA_P_A_22,val,ROYA_P_A,22,own_field,1,0,0,1,False
ROYA_P_A_25,val,ROYA_P_A,25,own_field,16,1,0,17,False
ROYA_P_A_3,val,ROYA_P_A,3,own_field,6,0,0,6,False
ROYA_P_A_32,val,ROYA_P_A,32,own_field,12,0,0,12,False
ROYA_P_A_37,val,ROYA_P_A,37,own_field,15,0,0,15,False
ROYA_P_A_38,val,ROYA_P_A,38,own_field,8,0,0,8,False
ROYA_P_A_42,val,ROYA_P_A,42,own_field,11,0,0,11,False
ROYA_P_A_61,val,ROYA_P_A,61,own_field,1,0,0,1,False
ROYA_P_A_9,val,ROYA_P_A,9,own_field,8,0,0,8,False
ROYA_RECORTES_1,val,ROYA_RECORTES,1,rust_and_leaf_miner,6,0,0,6,False
ROYA_RECORTES_105,val,ROYA_RECORTES,105,rust_and_leaf_miner,5,0,0,5,False
ROYA_RECORTES_22,val,ROYA_RECORTES,22,rust_and_leaf_miner,12,0,0,12,False
ROYA_RECORTES_28,val,ROYA_RECORTES,28,rust_and_leaf_miner,4,0,0,4,False
ROYA_RECORTES_30,val,ROYA_RECORTES,30,rust_and_leaf_miner,3,0,0,3,False
ROYA_RECORTES_32,val,ROYA_RECORTES,32,rust_and_leaf_miner,3,0,0,3,False
ROYA_RECORTES_36,val,ROYA_RECORTES,36,rust_and_leaf_miner,5,0,0,5,False
ROYA_RECORTES_38,val,ROYA_RECORTES,38,rust_and_leaf_miner,7,0,0,7,False
ROYA_RECORTES_4,val,ROYA_RECORTES,4,rust_and_leaf_miner,10,0,0,10,False
ROYA_RECORTES_40,val,ROYA_RECORTES,40,rust_and_leaf_miner,9,0,0,9,False
ROYA_RECORTES_43,val,ROYA_RECORTES,43,rust_and_leaf_miner,6,0,0,6,False
ROYA_RECORTES_47,val,ROYA_RECORTES,47,rust_and_leaf_miner,6,0,0,6,False
ROYA_RECORTES_56,val,ROYA_RECORTES,56,rust_and_leaf_miner,4,0,0,4,False
ROYA_RECORTES_61,val,ROYA_RECORTES,61,rust_and_leaf_miner,7,0,0,7,False
ROYA_RECORTES_63,val,ROYA_RECORTES,63,rust_and_leaf_miner,5,0,0,5,False
ROYA_RECORTES_70,val,ROYA_RECORTES,70,rust_and_leaf_miner,5,0,0,5,False
ROYA_RECORTES_84,val,ROYA_RECORTES,84,rust_and_leaf_miner,3,0,0,3,False
ROYA_RECORTES_94,val,ROYA_RECORTES,94,rust_and_leaf_miner,6,0,0,6,False
SANAS_NUEVAS_114,val,SANAS_NUEVAS,114,own_field,0,0,0,0,True
SANAS_NUEVAS_118,val,SANAS_NUEVAS,118,own_field,0,0,0,0,True
SANAS_NUEVAS_121,val,SANAS_NUEVAS,121,own_field,0,0,0,0,True
SANAS_NUEVAS_135,val,SANAS_NUEVAS,135,own_field,0,0,0,0,True
SANAS_NUEVAS_139,val,SANAS_NUEVAS,139,own_field,0,0,0,0,True
SANAS_NUEVAS_141,val,SANAS_NUEVAS,141,own_field,0,0,0,0,True
SANAS_NUEVAS_144,val,SANAS_NUEVAS,144,own_field,0,0,0,0,True
SANAS_NUEVAS_149,val,SANAS_NUEVAS,149,own_field,0,0,0,0,True
SANAS_NUEVAS_159,val,SANAS_NUEVAS,159,own_field,0,0,0,0,True
SANAS_NUEVAS_167,val,SANAS_NUEVAS,167,own_field,0,0,0,0,True
SANAS_NUEVAS_172,val,SANAS_NUEVAS,172,own_field,0,0,0,0,True
SANAS_NUEVAS_18,val,SANAS_NUEVAS,18,own_field,0,0,0,0,True
SANAS_NUEVAS_186,val,SANAS_NUEVAS,186,own_field,0,0,0,0,True
SANAS_NUEVAS_188,val,SANAS_NUEVAS,188,own_field,0,0,0,0,True
SANAS_NUEVAS_200,val,SANAS_NUEVAS,200,own_field,0,0,0,0,True
SANAS_NUEVAS_203,val,SANAS_NUEVAS,203,own_field,0,0,0,0,True
SANAS_NUEVAS_21,val,SANAS_NUEVAS,21,own_field,0,0,0,0,True
SANAS_NUEVAS_213,val,SANAS_NUEVAS,213,own_field,0,0,0,0,True
SANAS_NUEVAS_215,val,SANAS_NUEVAS,215,own_field,0,0,0,0,True
SANAS_NUEVAS_220,val,SANAS_NUEVAS,220,own_field,0,0,0,0,True
SANAS_NUEVAS_223,val,SANAS_NUEVAS,223,own_field,0,0,0,0,True
SANAS_NUEVAS_249,val,SANAS_NUEVAS,249,own_field,0,0,0,0,True
SANAS_NUEVAS_250,val,SANAS_NUEVAS,250,own_field,0,0,0,0,True
SANAS_NUEVAS_255,val,SANAS_NUEVAS,255,own_field,0,0,0,0,True
SANAS_NUEVAS_257,val,SANAS_NUEVAS,257,own_field,0,0,0,0,True
SANAS_NUEVAS_263,val,SANAS_NUEVAS,263,own_field,0,0,0,0,True
SANAS_NUEVAS_264,val,SANAS_NUEVAS,264,own_field,0,0,0,0,True
SANAS_NUEVAS_266,val,SANAS_NUEVAS,266,own_field,0,0,0,0,True
SANAS_NUEVAS_278,val,SANAS_NUEVAS,278,own_field,0,0,0,0,True
SANAS_NUEVAS_279,val,SANAS_NUEVAS,279,own_field,0,0,0,0,True
SANAS_NUEVAS_283,val,SANAS_NUEVAS,283,own_field,0,0,0,0,True
SANAS_NUEVAS_285,val,SANAS_NUEVAS,285,own_field,0,0,0,0,True
SANAS_NUEVAS_286,val,SANAS_NUEVAS,286,own_field,1,0,0,1,False
SANAS_NUEVAS_29,val,SANAS_NUEVAS,29,own_field,0,0,0,0,True
SANAS_NUEVAS_296,val,SANAS_NUEVAS,296,own_field,0,0,0,0,True
SANAS_NUEVAS_311,val,SANAS_NUEVAS,311,own_field,0,0,0,0,True
SANAS_NUEVAS_312,val,SANAS_NUEVAS,312,own_field,0,0,0,0,True
SANAS_NUEVAS_315,val,SANAS_NUEVAS,315,own_field,0,0,0,0,True
SANAS_NUEVAS_321,val,SANAS_NUEVAS,321,own_field,0,0,0,0,True
SANAS_NUEVAS_322,val,SANAS_NUEVAS,322,own_field,0,0,0,0,True
SANAS_NUEVAS_332,val,SANAS_NUEVAS,332,own_field,0,0,0,0,True
SANAS_NUEVAS_34,val,SANAS_NUEVAS,34,own_field,0,0,0,0,True
SANAS_NUEVAS_342,val,SANAS_NUEVAS,342,own_field,0,0,0,0,True
SANAS_NUEVAS_365,val,SANAS_NUEVAS,365,own_field,0,0,0,0,True
SANAS_NUEVAS_368,val,SANAS_NUEVAS,368,own_field,0,0,0,0,True
SANAS_NUEVAS_37,val,SANAS_NUEVAS,37,own_field,0,0,0,0,True
SANAS_NUEVAS_370,val,SANAS_NUEVAS,370,own_field,0,0,0,0,True
SANAS_NUEVAS_375,val,SANAS_NUEVAS,375,own_field,0,0,0,0,True
SANAS_NUEVAS_377,val,SANAS_NUEVAS,377,own_field,0,0,0,0,True
SANAS_NUEVAS_397,val,SANAS_NUEVAS,397,own_field,0,0,0,0,True
SANAS_NUEVAS_40,val,SANAS_NUEVAS,40,own_field,0,0,0,0,True
SANAS_NUEVAS_413,val,SANAS_NUEVAS,413,own_field,0,0,0,0,True
SANAS_NUEVAS_417,val,SANAS_NUEVAS,417,own_field,0,0,0,0,True
SANAS_NUEVAS_42,val,SANAS_NUEVAS,42,own_field,0,0,0,0,True
SANAS_NUEVAS_421,val,SANAS_NUEVAS,421,own_field,0,0,0,0,True
SANAS_NUEVAS_423,val,SANAS_NUEVAS,423,own_field,0,0,0,0,True
SANAS_NUEVAS_425,val,SANAS_NUEVAS,425,own_field,0,0,0,0,True
SANAS_NUEVAS_427,val,SANAS_NUEVAS,427,own_field,0,0,0,0,True
SANAS_NUEVAS_43,val,SANAS_NUEVAS,43,own_field,0,0,0,0,True
SANAS_NUEVAS_440,val,SANAS_NUEVAS,440,own_field,0,0,0,0,True
SANAS_NUEVAS_445,val,SANAS_NUEVAS,445,own_field,0,0,0,0,True
SANAS_NUEVAS_446,val,SANAS_NUEVAS,446,own_field,0,0,0,0,True
SANAS_NUEVAS_447,val,SANAS_NUEVAS,447,own_field,0,0,0,0,True
SANAS_NUEVAS_452,val,SANAS_NUEVAS,452,own_field,0,0,0,0,True
SANAS_NUEVAS_457,val,SANAS_NUEVAS,457,own_field,0,0,0,0,True
SANAS_NUEVAS_458,val,SANAS_NUEVAS,458,own_field,0,0,0,0,True
SANAS_NUEVAS_469,val,SANAS_NUEVAS,469,own_field,0,0,0,0,True
SANAS_NUEVAS_476,val,SANAS_NUEVAS,476,own_field,0,0,0,0,True
SANAS_NUEVAS_491,val,SANAS_NUEVAS,491,own_field,0,0,0,0,True
SANAS_NUEVAS_494,val,SANAS_NUEVAS,494,own_field,0,0,0,0,True
SANAS_NUEVAS_496,val,SANAS_NUEVAS,496,own_field,0,0,0,0,True
SANAS_NUEVAS_50,val,SANAS_NUEVAS,50,own_field,0,0,0,0,True
SANAS_NUEVAS_513,val,SANAS_NUEVAS,513,own_field,0,0,0,0,True
SANAS_NUEVAS_517,val,SANAS_NUEVAS,517,own_field,0,0,0,0,True
SANAS_NUEVAS_525,val,SANAS_NUEVAS,525,own_field,0,0,0,0,True
SANAS_NUEVAS_526,val,SANAS_NUEVAS,526,own_field,0,0,0,0,True
SANAS_NUEVAS_528,val,SANAS_NUEVAS,528,own_field,0,0,0,0,True
SANAS_NUEVAS_533,val,SANAS_NUEVAS,533,own_field,0,0,0,0,True
SANAS_NUEVAS_542,val,SANAS_NUEVAS,542,own_field,0,0,0,0,True
SANAS_NUEVAS_566,val,SANAS_NUEVAS,566,own_field,0,0,0,0,True
SANAS_NUEVAS_571,val,SANAS_NUEVAS,571,own_field,0,0,0,0,True
SANAS_NUEVAS_583,val,SANAS_NUEVAS,583,own_field,0,0,0,0,True
SANAS_NUEVAS_59,val,SANAS_NUEVAS,59,own_field,0,0,0,0,True
SANAS_NUEVAS_595,val,SANAS_NUEVAS,595,own_field,0,0,0,0,True
SANAS_NUEVAS_598,val,SANAS_NUEVAS,598,own_field,0,0,0,0,True
SANAS_NUEVAS_599,val,SANAS_NUEVAS,599,own_field,0,0,0,0,True
SANAS_NUEVAS_604,val,SANAS_NUEVAS,604,own_field,0,0,0,0,True
SANAS_NUEVAS_606,val,SANAS_NUEVAS,606,own_field,0,0,0,0,True
SANAS_NUEVAS_608,val,SANAS_NUEVAS,608,own_field,0,0,0,0,True
SANAS_NUEVAS_61,val,SANAS_NUEVAS,61,own_field,0,0,0,0,True
SANAS_NUEVAS_617,val,SANAS_NUEVAS,617,own_field,0,0,0,0,True
SANAS_NUEVAS_620,val,SANAS_NUEVAS,620,own_field,0,0,0,0,True
SANAS_NUEVAS_63,val,SANAS_NUEVAS,63,own_field,0,0,0,0,True
SANAS_NUEVAS_67,val,SANAS_NUEVAS,67,own_field,0,0,0,0,True
SANAS_NUEVAS_8,val,SANAS_NUEVAS,8,own_field,0,0,0,0,True
SANAS_NUEVAS_80,val,SANAS_NUEVAS,80,own_field,0,0,0,0,True
SANAS_NUEVAS_81,val,SANAS_NUEVAS,81,own_field,0,0,0,0,True
SANAS_NUEVAS_90,val,SANAS_NUEVAS,90,own_field,0,0,0,0,True
SANAS_NUEVAS_92,val,SANAS_NUEVAS,92,own_field,0,0,0,0,True
SANAS_SOCORRO_105,val,SANAS_SOCORRO,105,own_field,0,0,0,0,True
SANAS_SOCORRO_107,val,SANAS_SOCORRO,107,own_field,0,0,0,0,True
SANAS_SOCORRO_11,val,SANAS_SOCORRO,11,own_field,0,0,0,0,True
SANAS_SOCORRO_128,val,SANAS_SOCORRO,128,own_field,0,0,0,0,True
SANAS_SOCORRO_133,val,SANAS_SOCORRO,133,own_field,0,0,0,0,True
SANAS_SOCORRO_153,val,SANAS_SOCORRO,153,own_field,0,0,0,0,True
SANAS_SOCORRO_158,val,SANAS_SOCORRO,158,own_field,0,0,0,0,True
SANAS_SOCORRO_16,val,SANAS_SOCORRO,16,own_field,0,0,0,0,True
SANAS_SOCORRO_167,val,SANAS_SOCORRO,167,own_field,0,0,0,0,True
SANAS_SOCORRO_170,val,SANAS_SOCORRO,170,own_field,0,0,0,0,True
SANAS_SOCORRO_171,val,SANAS_SOCORRO,171,own_field,0,0,0,0,True
SANAS_SOCORRO_175,val,SANAS_SOCORRO,175,own_field,0,0,0,0,True
SANAS_SOCORRO_186,val,SANAS_SOCORRO,186,own_field,0,0,0,0,True
SANAS_SOCORRO_188,val,SANAS_SOCORRO,188,own_field,0,0,0,0,True
SANAS_SOCORRO_19,val,SANAS_SOCORRO,19,own_field,0,0,0,0,True
SANAS_SOCORRO_190,val,SANAS_SOCORRO,190,own_field,0,0,0,0,True
SANAS_SOCORRO_193,val,SANAS_SOCORRO,193,own_field,0,0,0,0,True
SANAS_SOCORRO_2,val,SANAS_SOCORRO,2,own_field,0,0,0,0,True
SANAS_SOCORRO_203,val,SANAS_SOCORRO,203,own_field,0,0,0,0,True
SANAS_SOCORRO_204,val,SANAS_SOCORRO,204,own_field,0,0,0,0,True
SANAS_SOCORRO_207,val,SANAS_SOCORRO,207,own_field,0,0,0,0,True
SANAS_SOCORRO_21,val,SANAS_SOCORRO,21,own_field,0,0,0,0,True
SANAS_SOCORRO_22,val,SANAS_SOCORRO,22,own_field,0,0,0,0,True
SANAS_SOCORRO_225,val,SANAS_SOCORRO,225,own_field,0,0,0,0,True
SANAS_SOCORRO_230,val,SANAS_SOCORRO,230,own_field,0,0,0,0,True
SANAS_SOCORRO_238,val,SANAS_SOCORRO,238,own_field,0,0,0,0,True
SANAS_SOCORRO_252,val,SANAS_SOCORRO,252,own_field,0,0,0,0,True
SANAS_SOCORRO_272,val,SANAS_SOCORRO,272,own_field,0,0,0,0,True
SANAS_SOCORRO_282,val,SANAS_SOCORRO,282,own_field,0,0,0,0,True
SANAS_SOCORRO_284,val,SANAS_SOCORRO,284,own_field,0,0,0,0,True
SANAS_SOCORRO_286,val,SANAS_SOCORRO,286,own_field,0,0,0,0,True
SANAS_SOCORRO_298,val,SANAS_SOCORRO,298,own_field,0,0,0,0,True
SANAS_SOCORRO_301,val,SANAS_SOCORRO,301,own_field,0,0,0,0,True
SANAS_SOCORRO_313,val,SANAS_SOCORRO,313,own_field,0,0,0,0,True
SANAS_SOCORRO_316,val,SANAS_SOCORRO,316,own_field,0,0,0,0,True
SANAS_SOCORRO_327,val,SANAS_SOCORRO,327,own_field,0,0,0,0,True
SANAS_SOCORRO_335,val,SANAS_SOCORRO,335,own_field,0,0,0,0,True
SANAS_SOCORRO_338,val,SANAS_SOCORRO,338,own_field,0,0,0,0,True
SANAS_SOCORRO_345,val,SANAS_SOCORRO,345,own_field,0,0,0,0,True
SANAS_SOCORRO_347,val,SANAS_SOCORRO,347,own_field,0,0,0,0,True
SANAS_SOCORRO_353,val,SANAS_SOCORRO,353,own_field,0,0,0,0,True
SANAS_SOCORRO_361,val,SANAS_SOCORRO,361,own_field,0,0,0,0,True
SANAS_SOCORRO_368,val,SANAS_SOCORRO,368,own_field,0,0,0,0,True
SANAS_SOCORRO_369,val,SANAS_SOCORRO,369,own_field,0,0,0,0,True
SANAS_SOCORRO_387,val,SANAS_SOCORRO,387,own_field,0,0,0,0,True
SANAS_SOCORRO_391,val,SANAS_SOCORRO,391,own_field,0,0,0,0,True
SANAS_SOCORRO_406,val,SANAS_SOCORRO,406,own_field,0,0,0,0,True
SANAS_SOCORRO_409,val,SANAS_SOCORRO,409,own_field,0,0,0,0,True
SANAS_SOCORRO_413,val,SANAS_SOCORRO,413,own_field,0,0,0,0,True
SANAS_SOCORRO_418,val,SANAS_SOCORRO,418,own_field,0,0,0,0,True
SANAS_SOCORRO_419,val,SANAS_SOCORRO,419,own_field,0,0,0,0,True
SANAS_SOCORRO_42,val,SANAS_SOCORRO,42,own_field,0,1,0,1,False
SANAS_SOCORRO_426,val,SANAS_SOCORRO,426,own_field,0,0,0,0,True
SANAS_SOCORRO_448,val,SANAS_SOCORRO,448,own_field,0,0,0,0,True
SANAS_SOCORRO_456,val,SANAS_SOCORRO,456,own_field,0,0,0,0,True
SANAS_SOCORRO_459,val,SANAS_SOCORRO,459,own_field,0,0,0,0,True
SANAS_SOCORRO_462,val,SANAS_SOCORRO,462,own_field,0,0,0,0,True
SANAS_SOCORRO_470,val,SANAS_SOCORRO,470,own_field,0,0,0,0,True
SANAS_SOCORRO_48,val,SANAS_SOCORRO,48,own_field,0,0,0,0,True
SANAS_SOCORRO_492,val,SANAS_SOCORRO,492,own_field,0,0,0,0,True
SANAS_SOCORRO_500,val,SANAS_SOCORRO,500,own_field,0,0,0,0,True
SANAS_SOCORRO_510,val,SANAS_SOCORRO,510,own_field,0,0,0,0,True
SANAS_SOCORRO_516,val,SANAS_SOCORRO,516,own_field,0,0,0,0,True
SANAS_SOCORRO_53,val,SANAS_SOCORRO,53,own_field,0,0,0,0,True
SANAS_SOCORRO_59,val,SANAS_SOCORRO,59,own_field,0,0,0,0,True
SANAS_SOCORRO_6,val,SANAS_SOCORRO,6,own_field,0,0,0,0,True
SANAS_SOCORRO_60,val,SANAS_SOCORRO,60,own_field,0,0,0,0,True
SANAS_SOCORRO_62,val,SANAS_SOCORRO,62,own_field,0,0,0,0,True
SANAS_SOCORRO_68,val,SANAS_SOCORRO,68,own_field,1,0,0,1,False
SANAS_SOCORRO_73,val,SANAS_SOCORRO,73,own_field,0,0,0,0,True
SANAS_SOCORRO_90,val,SANAS_SOCORRO,90,own_field,0,0,0,0,True
COCO_M_A_16,test,COCO_M_A,16,own_field,0,6,0,6,False
COCO_M_A_2,test,COCO_M_A,2,own_field,0,3,0,3,False
COCO_M_A_25,test,COCO_M_A,25,own_field,0,7,0,7,False
COCO_M_A_27,test,COCO_M_A,27,own_field,0,8,0,8,False
COCO_M_A_3,test,COCO_M_A,3,own_field,0,16,0,16,False
COCO_M_A_34,test,COCO_M_A,34,own_field,0,12,0,12,False
COCO_M_A_35,test,COCO_M_A,35,own_field,0,29,0,29,False
COCO_M_A_37,test,COCO_M_A,37,own_field,1,6,0,7,False
COCO_M_A_39,test,COCO_M_A,39,own_field,0,11,0,11,False
COCO_M_A_57,test,COCO_M_A,57,own_field,1,30,0,31,False
COCO_M_A_66,test,COCO_M_A,66,own_field,0,2,0,2,False
COCO_M_A_81,test,COCO_M_A,81,own_field,0,16,0,16,False
COCO_M_A_89,test,COCO_M_A,89,own_field,1,16,0,17,False
COCO_M_A_90,test,COCO_M_A,90,own_field,0,16,0,16,False
COCO_M_A_96,test,COCO_M_A,96,own_field,0,13,0,13,False
COCO_Muy_A_19,test,COCO_Muy_A,19,own_field,0,16,0,16,False
COCO_Muy_A_28,test,COCO_Muy_A,28,own_field,0,38,0,38,False
COCO_Muy_A_34,test,COCO_Muy_A,34,own_field,1,18,0,19,False
COCO_Muy_A_39,test,COCO_Muy_A,39,own_field,0,57,0,57,False
COCO_Muy_A_54,test,COCO_Muy_A,54,own_field,3,19,0,22,False
COCO_Muy_A_55,test,COCO_Muy_A,55,own_field,2,16,0,18,False
COCO_Muy_A_70,test,COCO_Muy_A,70,own_field,2,31,0,33,False
COCO_Muy_A_80,test,COCO_Muy_A,80,own_field,0,15,0,15,False
COCO_Muy_A_82,test,COCO_Muy_A,82,own_field,3,31,0,34,False
COCO_Muy_A_95,test,COCO_Muy_A,95,own_field,0,18,0,18,False
COCO_P_A_10,test,COCO_P_A,10,own_field,0,9,0,9,False
COCO_P_A_11,test,COCO_P_A,11,own_field,0,6,0,6,False
COCO_P_A_12,test,COCO_P_A,12,own_field,0,10,0,10,False
COCO_P_A_13,test,COCO_P_A,13,own_field,0,3,0,3,False
COCO_P_A_17,test,COCO_P_A,17,own_field,0,2,0,2,False
COCO_P_A_19,test,COCO_P_A,19,own_field,0,3,0,3,False
COCO_P_A_30,test,COCO_P_A,30,own_field,0,2,0,2,False
COCO_P_A_33,test,COCO_P_A,33,own_field,0,7,0,7,False
COCO_P_A_39,test,COCO_P_A,39,own_field,1,8,0,9,False
COCO_P_A_48,test,COCO_P_A,48,own_field,2,7,0,9,False
COCO_P_A_51,test,COCO_P_A,51,own_field,1,9,0,10,False
COCO_P_A_52,test,COCO_P_A,52,own_field,0,2,0,2,False
COCO_P_A_56,test,COCO_P_A,56,own_field,0,12,0,12,False
COCO_P_A_67,test,COCO_P_A,67,own_field,0,9,0,9,False
COCO_RECORTE_112,test,COCO_RECORTE,112,own_field,0,7,0,7,False
COCO_RECORTE_118,test,COCO_RECORTE,118,own_field,0,7,0,7,False
COCO_RECORTE_120,test,COCO_RECORTE,120,own_field,0,11,0,11,False
COCO_RECORTE_121,test,COCO_RECORTE,121,own_field,0,6,0,6,False
COCO_RECORTE_122,test,COCO_RECORTE,122,own_field,0,16,0,16,False
COCO_RECORTE_124,test,COCO_RECORTE,124,own_field,0,5,0,5,False
COCO_RECORTE_13,test,COCO_RECORTE,13,own_field,0,3,0,3,False
COCO_RECORTE_131,test,COCO_RECORTE,131,own_field,0,7,0,7,False
COCO_RECORTE_137,test,COCO_RECORTE,137,own_field,0,6,0,6,False
COCO_RECORTE_140,test,COCO_RECORTE,140,own_field,0,8,0,8,False
COCO_RECORTE_144,test,COCO_RECORTE,144,own_field,0,5,0,5,False
COCO_RECORTE_145,test,COCO_RECORTE,145,own_field,0,5,0,5,False
COCO_RECORTE_154,test,COCO_RECORTE,154,own_field,0,22,0,22,False
COCO_RECORTE_19,test,COCO_RECORTE,19,own_field,0,7,0,7,False
COCO_RECORTE_21,test,COCO_RECORTE,21,own_field,0,5,0,5,False
COCO_RECORTE_27,test,COCO_RECORTE,27,own_field,0,6,0,6,False
COCO_RECORTE_37,test,COCO_RECORTE,37,own_field,0,3,0,3,False
COCO_RECORTE_45,test,COCO_RECORTE,45,own_field,0,3,0,3,False
COCO_RECORTE_56,test,COCO_RECORTE,56,own_field,0,2,0,2,False
COCO_RECORTE_58,test,COCO_RECORTE,58,own_field,0,4,0,4,False
COCO_RECORTE_8,test,COCO_RECORTE,8,own_field,0,6,0,6,False
COCO_RECORTE_86,test,COCO_RECORTE,86,own_field,0,5,0,5,False
COCO_RECORTE_9,test,COCO_RECORTE,9,own_field,0,4,0,4,False
MINADOR_11,test,MINADOR,11,rust_and_leaf_miner,0,0,8,8,False
MINADOR_15,test,MINADOR,15,rust_and_leaf_miner,0,0,11,11,False
MINADOR_16,test,MINADOR,16,rust_and_leaf_miner,0,0,13,13,False
MINADOR_17,test,MINADOR,17,rust_and_leaf_miner,0,0,7,7,False
MINADOR_19,test,MINADOR,19,rust_and_leaf_miner,0,0,4,4,False
MINADOR_21,test,MINADOR,21,rust_and_leaf_miner,0,0,5,5,False
MINADOR_29,test,MINADOR,29,rust_and_leaf_miner,0,0,5,5,False
MINADOR_34,test,MINADOR,34,rust_and_leaf_miner,0,0,6,6,False
MINADOR_42,test,MINADOR,42,rust_and_leaf_miner,0,0,11,11,False
MINADOR_5,test,MINADOR,5,rust_and_leaf_miner,0,0,3,3,False
MINADOR_52,test,MINADOR,52,rust_and_leaf_miner,0,0,8,8,False
MINADOR_54,test,MINADOR,54,rust_and_leaf_miner,4,0,5,9,False
MINADOR_57,test,MINADOR,57,rust_and_leaf_miner,0,0,6,6,False
MINADOR_6,test,MINADOR,6,rust_and_leaf_miner,1,0,2,3,False
MINADOR_62,test,MINADOR,62,rust_and_leaf_miner,0,0,3,3,False
MINADOR_71,test,MINADOR,71,rust_and_leaf_miner,0,0,8,8,False
MINADOR_77,test,MINADOR,77,rust_and_leaf_miner,0,0,5,5,False
MINADO_RECORTES_111,test,MINADO_RECORTES,111,rust_and_leaf_miner,0,0,7,7,False
MINADO_RECORTES_12,test,MINADO_RECORTES,12,rust_and_leaf_miner,0,0,5,5,False
MINADO_RECORTES_126,test,MINADO_RECORTES,126,rust_and_leaf_miner,0,0,9,9,False
MINADO_RECORTES_128,test,MINADO_RECORTES,128,rust_and_leaf_miner,0,0,7,7,False
MINADO_RECORTES_131,test,MINADO_RECORTES,131,rust_and_leaf_miner,0,0,6,6,False
MINADO_RECORTES_14,test,MINADO_RECORTES,14,rust_and_leaf_miner,0,0,4,4,False
MINADO_RECORTES_22,test,MINADO_RECORTES,22,rust_and_leaf_miner,0,0,4,4,False
MINADO_RECORTES_25,test,MINADO_RECORTES,25,rust_and_leaf_miner,0,0,2,2,False
MINADO_RECORTES_3,test,MINADO_RECORTES,3,rust_and_leaf_miner,0,0,4,4,False
MINADO_RECORTES_40,test,MINADO_RECORTES,40,rust_and_leaf_miner,0,0,6,6,False
MINADO_RECORTES_48,test,MINADO_RECORTES,48,rust_and_leaf_miner,0,0,4,4,False
MINADO_RECORTES_53,test,MINADO_RECORTES,53,rust_and_leaf_miner,0,0,6,6,False
MINADO_RECORTES_61,test,MINADO_RECORTES,61,rust_and_leaf_miner,0,0,2,2,False
MINADO_RECORTES_69,test,MINADO_RECORTES,69,rust_and_leaf_miner,0,0,2,2,False
MINADO_RECORTES_90,test,MINADO_RECORTES,90,rust_and_leaf_miner,0,0,1,1,False
MINADO_RECORTES_95,test,MINADO_RECORTES,95,rust_and_leaf_miner,0,0,4,4,False
MINADO_RECORTES_96,test,MINADO_RECORTES,96,rust_and_leaf_miner,0,0,2,2,False
MINEIRO_1,test,MINEIRO,1,rust_and_leaf_miner,0,0,14,14,False
MINEIRO_110,test,MINEIRO,110,rust_and_leaf_miner,0,0,3,3,False
MINEIRO_111,test,MINEIRO,111,rust_and_leaf_miner,0,0,8,8,False
MINEIRO_112,test,MINEIRO,112,rust_and_leaf_miner,0,0,14,14,False
MINEIRO_120,test,MINEIRO,120,rust_and_leaf_miner,0,0,5,5,False
MINEIRO_130,test,MINEIRO,130,rust_and_leaf_miner,0,0,7,7,False
MINEIRO_140,test,MINEIRO,140,rust_and_leaf_miner,0,0,10,10,False
MINEIRO_143,test,MINEIRO,143,rust_and_leaf_miner,0,0,7,7,False
MINEIRO_147,test,MINEIRO,147,rust_and_leaf_miner,0,0,4,4,False
MINEIRO_148,test,MINEIRO,148,rust_and_leaf_miner,0,0,6,6,False
MINEIRO_154,test,MINEIRO,154,rust_and_leaf_miner,0,0,8,8,False
MINEIRO_164,test,MINEIRO,164,rust_and_leaf_miner,0,0,10,10,False
MINEIRO_169,test,MINEIRO,169,rust_and_leaf_miner,0,0,8,8,False
MINEIRO_174,test,MINEIRO,174,rust_and_leaf_miner,0,0,7,7,False
MINEIRO_176,test,MINEIRO,176,rust_and_leaf_miner,0,0,5,5,False
MINEIRO_179,test,MINEIRO,179,rust_and_leaf_miner,0,0,7,7,False
MINEIRO_191,test,MINEIRO,191,rust_and_leaf_miner,0,0,5,5,False
MINEIRO_20,test,MINEIRO,20,rust_and_leaf_miner,0,0,1,1,False
MINEIRO_32,test,MINEIRO,32,rust_and_leaf_miner,0,0,4,4,False
MINEIRO_33,test,MINEIRO,33,rust_and_leaf_miner,0,0,4,4,False
MINEIRO_42,test,MINEIRO,42,rust_and_leaf_miner,0,0,4,4,False
MINEIRO_62,test,MINEIRO,62,rust_and_leaf_miner,0,0,6,6,False
MINEIRO_63,test,MINEIRO,63,rust_and_leaf_miner,0,0,12,12,False
MINEIRO_66,test,MINEIRO,66,rust_and_leaf_miner,0,0,4,4,False
MINEIRO_69,test,MINEIRO,69,rust_and_leaf_miner,0,0,8,8,False
MINEIRO_76,test,MINEIRO,76,rust_and_leaf_miner,0,0,12,12,False
MINEIRO_8,test,MINEIRO,8,rust_and_leaf_miner,0,0,13,13,False
MINEIRO_9,test,MINEIRO,9,rust_and_leaf_miner,0,0,3,3,False
ROYA_FONDO_12,test,ROYA_FONDO,12,rust_and_leaf_miner,6,0,0,6,False
ROYA_FONDO_14,test,ROYA_FONDO,14,rust_and_leaf_miner,11,0,1,12,False
ROYA_FONDO_16,test,ROYA_FONDO,16,rust_and_leaf_miner,12,0,0,12,False
ROYA_FONDO_21,test,ROYA_FONDO,21,rust_and_leaf_miner,24,0,0,24,False
ROYA_FONDO_26,test,ROYA_FONDO,26,rust_and_leaf_miner,24,0,0,24,False
ROYA_FONDO_32,test,ROYA_FONDO,32,rust_and_leaf_miner,21,0,0,21,False
ROYA_FONDO_34,test,ROYA_FONDO,34,rust_and_leaf_miner,36,0,0,36,False
ROYA_FONDO_52,test,ROYA_FONDO,52,rust_and_leaf_miner,6,0,0,6,False
ROYA_FONDO_56,test,ROYA_FONDO,56,rust_and_leaf_miner,9,0,0,9,False
ROYA_FONDO_61,test,ROYA_FONDO,61,rust_and_leaf_miner,25,0,0,25,False
ROYA_FONDO_63,test,ROYA_FONDO,63,rust_and_leaf_miner,21,0,0,21,False
ROYA_FONDO_73,test,ROYA_FONDO,73,rust_and_leaf_miner,6,0,0,6,False
ROYA_FONDO_76,test,ROYA_FONDO,76,rust_and_leaf_miner,13,0,0,13,False
ROYA_FONDO_78,test,ROYA_FONDO,78,rust_and_leaf_miner,5,0,0,5,False
ROYA_FONDO_8,test,ROYA_FONDO,8,rust_and_leaf_miner,10,0,0,10,False
ROYA_FONDO_85,test,ROYA_FONDO,85,rust_and_leaf_miner,51,0,0,51,False
ROYA_FONDO_88,test,ROYA_FONDO,88,rust_and_leaf_miner,17,0,0,17,False
ROYA_FONDO_91,test,ROYA_FONDO,91,rust_and_leaf_miner,26,0,0,26,False
ROYA_FONDO_93,test,ROYA_FONDO,93,rust_and_leaf_miner,3,0,0,3,False
ROYA_MA_1,test,ROYA_MA,1,own_field,9,0,0,9,False
ROYA_MA_13,test,ROYA_MA,13,own_field,25,0,0,25,False
ROYA_MA_14,test,ROYA_MA,14,own_field,30,0,0,30,False
ROYA_MA_20,test,ROYA_MA,20,own_field,20,0,0,20,False
ROYA_MA_33,test,ROYA_MA,33,own_field,33,0,0,33,False
ROYA_MA_41,test,ROYA_MA,41,own_field,39,5,0,44,False
ROYA_MA_44,test,ROYA_MA,44,own_field,21,0,0,21,False
ROYA_MA_45,test,ROYA_MA,45,own_field,16,0,0,16,False
ROYA_MA_47,test,ROYA_MA,47,own_field,17,0,0,17,False
ROYA_MA_51,test,ROYA_MA,51,own_field,27,0,0,27,False
ROYA_MA_52,test,ROYA_MA,52,own_field,9,0,0,9,False
ROYA_MA_56,test,ROYA_MA,56,own_field,25,0,0,25,False
ROYA_MA_58,test,ROYA_MA,58,own_field,37,0,0,37,False
ROYA_Muy_A_25,test,ROYA_Muy_A,25,own_field,25,0,0,25,False
ROYA_Muy_A_30,test,ROYA_Muy_A,30,own_field,9,0,0,9,False
ROYA_Muy_A_5,test,ROYA_Muy_A,5,own_field,16,0,0,16,False
ROYA_P_A_26,test,ROYA_P_A,26,own_field,12,0,0,12,False
ROYA_P_A_40,test,ROYA_P_A,40,own_field,9,0,0,9,False
ROYA_P_A_44,test,ROYA_P_A,44,own_field,13,0,0,13,False
ROYA_P_A_47,test,ROYA_P_A,47,own_field,11,0,0,11,False
ROYA_P_A_58,test,ROYA_P_A,58,own_field,1,0,0,1,False
ROYA_RECORTES_100,test,ROYA_RECORTES,100,rust_and_leaf_miner,4,0,0,4,False
ROYA_RECORTES_102,test,ROYA_RECORTES,102,rust_and_leaf_miner,9,0,0,9,False
ROYA_RECORTES_11,test,ROYA_RECORTES,11,rust_and_leaf_miner,5,0,0,5,False
ROYA_RECORTES_34,test,ROYA_RECORTES,34,rust_and_leaf_miner,4,0,0,4,False
ROYA_RECORTES_37,test,ROYA_RECORTES,37,rust_and_leaf_miner,5,0,0,5,False
ROYA_RECORTES_48,test,ROYA_RECORTES,48,rust_and_leaf_miner,8,0,0,8,False
ROYA_RECORTES_5,test,ROYA_RECORTES,5,rust_and_leaf_miner,12,0,0,12,False
ROYA_RECORTES_52,test,ROYA_RECORTES,52,rust_and_leaf_miner,10,0,0,10,False
ROYA_RECORTES_55,test,ROYA_RECORTES,55,rust_and_leaf_miner,4,0,0,4,False
ROYA_RECORTES_66,test,ROYA_RECORTES,66,rust_and_leaf_miner,4,0,0,4,False
ROYA_RECORTES_68,test,ROYA_RECORTES,68,rust_and_leaf_miner,7,0,0,7,False
ROYA_RECORTES_75,test,ROYA_RECORTES,75,rust_and_leaf_miner,7,0,0,7,False
ROYA_RECORTES_78,test,ROYA_RECORTES,78,rust_and_leaf_miner,17,0,0,17,False
ROYA_RECORTES_79,test,ROYA_RECORTES,79,rust_and_leaf_miner,4,0,0,4,False
ROYA_RECORTES_97,test,ROYA_RECORTES,97,rust_and_leaf_miner,10,0,0,10,False
SANAS_NUEVAS_10,test,SANAS_NUEVAS,10,own_field,0,0,0,0,True
SANAS_NUEVAS_101,test,SANAS_NUEVAS,101,own_field,0,0,0,0,True
SANAS_NUEVAS_102,test,SANAS_NUEVAS,102,own_field,0,0,0,0,True
SANAS_NUEVAS_103,test,SANAS_NUEVAS,103,own_field,0,0,0,0,True
SANAS_NUEVAS_111,test,SANAS_NUEVAS,111,own_field,0,0,0,0,True
SANAS_NUEVAS_112,test,SANAS_NUEVAS,112,own_field,0,0,0,0,True
SANAS_NUEVAS_120,test,SANAS_NUEVAS,120,own_field,0,0,0,0,True
SANAS_NUEVAS_122,test,SANAS_NUEVAS,122,own_field,0,0,0,0,True
SANAS_NUEVAS_125,test,SANAS_NUEVAS,125,own_field,0,0,0,0,True
SANAS_NUEVAS_128,test,SANAS_NUEVAS,128,own_field,0,0,0,0,True
SANAS_NUEVAS_133,test,SANAS_NUEVAS,133,own_field,0,0,0,0,True
SANAS_NUEVAS_145,test,SANAS_NUEVAS,145,own_field,0,0,0,0,True
SANAS_NUEVAS_146,test,SANAS_NUEVAS,146,own_field,0,0,0,0,True
SANAS_NUEVAS_157,test,SANAS_NUEVAS,157,own_field,0,0,0,0,True
SANAS_NUEVAS_16,test,SANAS_NUEVAS,16,own_field,0,0,0,0,True
SANAS_NUEVAS_160,test,SANAS_NUEVAS,160,own_field,0,0,0,0,True
SANAS_NUEVAS_163,test,SANAS_NUEVAS,163,own_field,0,0,0,0,True
SANAS_NUEVAS_169,test,SANAS_NUEVAS,169,own_field,0,0,0,0,True
SANAS_NUEVAS_177,test,SANAS_NUEVAS,177,own_field,0,0,0,0,True
SANAS_NUEVAS_194,test,SANAS_NUEVAS,194,own_field,0,0,0,0,True
SANAS_NUEVAS_204,test,SANAS_NUEVAS,204,own_field,0,0,0,0,True
SANAS_NUEVAS_208,test,SANAS_NUEVAS,208,own_field,0,0,0,0,True
SANAS_NUEVAS_217,test,SANAS_NUEVAS,217,own_field,0,0,0,0,True
SANAS_NUEVAS_235,test,SANAS_NUEVAS,235,own_field,0,0,0,0,True
SANAS_NUEVAS_238,test,SANAS_NUEVAS,238,own_field,0,0,0,0,True
SANAS_NUEVAS_241,test,SANAS_NUEVAS,241,own_field,0,0,0,0,True
SANAS_NUEVAS_252,test,SANAS_NUEVAS,252,own_field,0,0,0,0,True
SANAS_NUEVAS_261,test,SANAS_NUEVAS,261,own_field,0,0,0,0,True
SANAS_NUEVAS_269,test,SANAS_NUEVAS,269,own_field,0,1,0,1,False
SANAS_NUEVAS_273,test,SANAS_NUEVAS,273,own_field,0,0,0,0,True
SANAS_NUEVAS_28,test,SANAS_NUEVAS,28,own_field,0,0,0,0,True
SANAS_NUEVAS_284,test,SANAS_NUEVAS,284,own_field,0,0,0,0,True
SANAS_NUEVAS_289,test,SANAS_NUEVAS,289,own_field,1,0,0,1,False
SANAS_NUEVAS_292,test,SANAS_NUEVAS,292,own_field,0,0,0,0,True
SANAS_NUEVAS_299,test,SANAS_NUEVAS,299,own_field,0,0,0,0,True
SANAS_NUEVAS_300,test,SANAS_NUEVAS,300,own_field,0,0,0,0,True
SANAS_NUEVAS_305,test,SANAS_NUEVAS,305,own_field,0,0,0,0,True
SANAS_NUEVAS_308,test,SANAS_NUEVAS,308,own_field,0,0,0,0,True
SANAS_NUEVAS_317,test,SANAS_NUEVAS,317,own_field,0,0,0,0,True
SANAS_NUEVAS_331,test,SANAS_NUEVAS,331,own_field,0,0,0,0,True
SANAS_NUEVAS_333,test,SANAS_NUEVAS,333,own_field,0,0,0,0,True
SANAS_NUEVAS_334,test,SANAS_NUEVAS,334,own_field,0,0,0,0,True
SANAS_NUEVAS_344,test,SANAS_NUEVAS,344,own_field,0,0,0,0,True
SANAS_NUEVAS_349,test,SANAS_NUEVAS,349,own_field,0,0,0,0,True
SANAS_NUEVAS_350,test,SANAS_NUEVAS,350,own_field,0,0,0,0,True
SANAS_NUEVAS_352,test,SANAS_NUEVAS,352,own_field,0,0,0,0,True
SANAS_NUEVAS_355,test,SANAS_NUEVAS,355,own_field,0,0,0,0,True
SANAS_NUEVAS_362,test,SANAS_NUEVAS,362,own_field,0,0,0,0,True
SANAS_NUEVAS_363,test,SANAS_NUEVAS,363,own_field,0,0,0,0,True
SANAS_NUEVAS_373,test,SANAS_NUEVAS,373,own_field,0,0,0,0,True
SANAS_NUEVAS_374,test,SANAS_NUEVAS,374,own_field,0,0,0,0,True
SANAS_NUEVAS_38,test,SANAS_NUEVAS,38,own_field,0,0,0,0,True
SANAS_NUEVAS_385,test,SANAS_NUEVAS,385,own_field,0,0,0,0,True
SANAS_NUEVAS_390,test,SANAS_NUEVAS,390,own_field,0,0,0,0,True
SANAS_NUEVAS_404,test,SANAS_NUEVAS,404,own_field,0,0,0,0,True
SANAS_NUEVAS_419,test,SANAS_NUEVAS,419,own_field,0,0,0,0,True
SANAS_NUEVAS_422,test,SANAS_NUEVAS,422,own_field,0,0,0,0,True
SANAS_NUEVAS_428,test,SANAS_NUEVAS,428,own_field,0,0,0,0,True
SANAS_NUEVAS_434,test,SANAS_NUEVAS,434,own_field,0,0,0,0,True
SANAS_NUEVAS_437,test,SANAS_NUEVAS,437,own_field,0,0,0,0,True
SANAS_NUEVAS_451,test,SANAS_NUEVAS,451,own_field,0,0,0,0,True
SANAS_NUEVAS_456,test,SANAS_NUEVAS,456,own_field,0,0,0,0,True
SANAS_NUEVAS_465,test,SANAS_NUEVAS,465,own_field,0,0,0,0,True
SANAS_NUEVAS_472,test,SANAS_NUEVAS,472,own_field,0,0,0,0,True
SANAS_NUEVAS_480,test,SANAS_NUEVAS,480,own_field,0,0,0,0,True
SANAS_NUEVAS_482,test,SANAS_NUEVAS,482,own_field,0,0,0,0,True
SANAS_NUEVAS_484,test,SANAS_NUEVAS,484,own_field,0,0,0,0,True
SANAS_NUEVAS_486,test,SANAS_NUEVAS,486,own_field,0,0,0,0,True
SANAS_NUEVAS_489,test,SANAS_NUEVAS,489,own_field,0,0,0,0,True
SANAS_NUEVAS_49,test,SANAS_NUEVAS,49,own_field,0,0,0,0,True
SANAS_NUEVAS_510,test,SANAS_NUEVAS,510,own_field,0,0,0,0,True
SANAS_NUEVAS_515,test,SANAS_NUEVAS,515,own_field,0,0,0,0,True
SANAS_NUEVAS_527,test,SANAS_NUEVAS,527,own_field,0,0,0,0,True
SANAS_NUEVAS_534,test,SANAS_NUEVAS,534,own_field,0,0,0,0,True
SANAS_NUEVAS_535,test,SANAS_NUEVAS,535,own_field,0,0,0,0,True
SANAS_NUEVAS_54,test,SANAS_NUEVAS,54,own_field,0,0,0,0,True
SANAS_NUEVAS_546,test,SANAS_NUEVAS,546,own_field,0,0,0,0,True
SANAS_NUEVAS_547,test,SANAS_NUEVAS,547,own_field,0,0,0,0,True
SANAS_NUEVAS_548,test,SANAS_NUEVAS,548,own_field,0,0,0,0,True
SANAS_NUEVAS_550,test,SANAS_NUEVAS,550,own_field,0,0,0,0,True
SANAS_NUEVAS_552,test,SANAS_NUEVAS,552,own_field,0,0,0,0,True
SANAS_NUEVAS_554,test,SANAS_NUEVAS,554,own_field,0,0,0,0,True
SANAS_NUEVAS_555,test,SANAS_NUEVAS,555,own_field,0,0,0,0,True
SANAS_NUEVAS_558,test,SANAS_NUEVAS,558,own_field,0,0,0,0,True
SANAS_NUEVAS_569,test,SANAS_NUEVAS,569,own_field,0,0,0,0,True
SANAS_NUEVAS_581,test,SANAS_NUEVAS,581,own_field,0,0,0,0,True
SANAS_NUEVAS_582,test,SANAS_NUEVAS,582,own_field,0,0,0,0,True
SANAS_NUEVAS_591,test,SANAS_NUEVAS,591,own_field,0,0,0,0,True
SANAS_NUEVAS_592,test,SANAS_NUEVAS,592,own_field,0,0,0,0,True
SANAS_NUEVAS_593,test,SANAS_NUEVAS,593,own_field,0,0,0,0,True
SANAS_NUEVAS_605,test,SANAS_NUEVAS,605,own_field,0,0,0,0,True
SANAS_NUEVAS_616,test,SANAS_NUEVAS,616,own_field,0,0,0,0,True
SANAS_NUEVAS_65,test,SANAS_NUEVAS,65,own_field,0,0,0,0,True
SANAS_NUEVAS_72,test,SANAS_NUEVAS,72,own_field,0,0,0,0,True
SANAS_NUEVAS_73,test,SANAS_NUEVAS,73,own_field,0,0,0,0,True
SANAS_NUEVAS_76,test,SANAS_NUEVAS,76,own_field,0,0,0,0,True
SANAS_NUEVAS_77,test,SANAS_NUEVAS,77,own_field,0,0,0,0,True
SANAS_NUEVAS_84,test,SANAS_NUEVAS,84,own_field,0,0,0,0,True
SANAS_NUEVAS_86,test,SANAS_NUEVAS,86,own_field,0,0,0,0,True
SANAS_NUEVAS_87,test,SANAS_NUEVAS,87,own_field,0,0,0,0,True
SANAS_NUEVAS_94,test,SANAS_NUEVAS,94,own_field,0,0,0,0,True
SANAS_NUEVAS_97,test,SANAS_NUEVAS,97,own_field,0,0,0,0,True
SANAS_SOCORRO_102,test,SANAS_SOCORRO,102,own_field,0,0,0,0,True
SANAS_SOCORRO_109,test,SANAS_SOCORRO,109,own_field,0,0,0,0,True
SANAS_SOCORRO_111,test,SANAS_SOCORRO,111,own_field,0,0,0,0,True
SANAS_SOCORRO_122,test,SANAS_SOCORRO,122,own_field,0,0,0,0,True
SANAS_SOCORRO_124,test,SANAS_SOCORRO,124,own_field,0,0,0,0,True
SANAS_SOCORRO_13,test,SANAS_SOCORRO,13,own_field,0,0,0,0,True
SANAS_SOCORRO_130,test,SANAS_SOCORRO,130,own_field,0,0,0,0,True
SANAS_SOCORRO_138,test,SANAS_SOCORRO,138,own_field,0,0,0,0,True
SANAS_SOCORRO_139,test,SANAS_SOCORRO,139,own_field,0,0,0,0,True
SANAS_SOCORRO_141,test,SANAS_SOCORRO,141,own_field,0,0,0,0,True
SANAS_SOCORRO_142,test,SANAS_SOCORRO,142,own_field,0,0,0,0,True
SANAS_SOCORRO_156,test,SANAS_SOCORRO,156,own_field,0,0,0,0,True
SANAS_SOCORRO_163,test,SANAS_SOCORRO,163,own_field,0,0,0,0,True
SANAS_SOCORRO_164,test,SANAS_SOCORRO,164,own_field,0,0,0,0,True
SANAS_SOCORRO_169,test,SANAS_SOCORRO,169,own_field,0,0,0,0,True
SANAS_SOCORRO_174,test,SANAS_SOCORRO,174,own_field,0,0,0,0,True
SANAS_SOCORRO_178,test,SANAS_SOCORRO,178,own_field,0,0,0,0,True
SANAS_SOCORRO_181,test,SANAS_SOCORRO,181,own_field,0,0,0,0,True
SANAS_SOCORRO_182,test,SANAS_SOCORRO,182,own_field,0,0,0,0,True
SANAS_SOCORRO_210,test,SANAS_SOCORRO,210,own_field,0,0,0,0,True
SANAS_SOCORRO_214,test,SANAS_SOCORRO,214,own_field,0,0,0,0,True
SANAS_SOCORRO_218,test,SANAS_SOCORRO,218,own_field,0,0,0,0,True
SANAS_SOCORRO_222,test,SANAS_SOCORRO,222,own_field,0,0,0,0,True
SANAS_SOCORRO_234,test,SANAS_SOCORRO,234,own_field,0,0,0,0,True
SANAS_SOCORRO_240,test,SANAS_SOCORRO,240,own_field,0,0,0,0,True
SANAS_SOCORRO_241,test,SANAS_SOCORRO,241,own_field,0,0,0,0,True
SANAS_SOCORRO_243,test,SANAS_SOCORRO,243,own_field,0,0,0,0,True
SANAS_SOCORRO_244,test,SANAS_SOCORRO,244,own_field,0,0,0,0,True
SANAS_SOCORRO_247,test,SANAS_SOCORRO,247,own_field,0,0,0,0,True
SANAS_SOCORRO_26,test,SANAS_SOCORRO,26,own_field,0,0,0,0,True
SANAS_SOCORRO_283,test,SANAS_SOCORRO,283,own_field,0,0,0,0,True
SANAS_SOCORRO_295,test,SANAS_SOCORRO,295,own_field,0,0,0,0,True
SANAS_SOCORRO_30,test,SANAS_SOCORRO,30,own_field,0,0,0,0,True
SANAS_SOCORRO_315,test,SANAS_SOCORRO,315,own_field,0,0,0,0,True
SANAS_SOCORRO_324,test,SANAS_SOCORRO,324,own_field,0,0,0,0,True
SANAS_SOCORRO_337,test,SANAS_SOCORRO,337,own_field,0,0,0,0,True
SANAS_SOCORRO_354,test,SANAS_SOCORRO,354,own_field,0,0,0,0,True
SANAS_SOCORRO_355,test,SANAS_SOCORRO,355,own_field,0,0,0,0,True
SANAS_SOCORRO_36,test,SANAS_SOCORRO,36,own_field,0,0,0,0,True
SANAS_SOCORRO_366,test,SANAS_SOCORRO,366,own_field,0,0,0,0,True
SANAS_SOCORRO_374,test,SANAS_SOCORRO,374,own_field,0,0,0,0,True
SANAS_SOCORRO_375,test,SANAS_SOCORRO,375,own_field,0,0,0,0,True
SANAS_SOCORRO_383,test,SANAS_SOCORRO,383,own_field,0,0,0,0,True
SANAS_SOCORRO_389,test,SANAS_SOCORRO,389,own_field,0,0,0,0,True
SANAS_SOCORRO_403,test,SANAS_SOCORRO,403,own_field,0,0,0,0,True
SANAS_SOCORRO_404,test,SANAS_SOCORRO,404,own_field,0,0,0,0,True
SANAS_SOCORRO_414,test,SANAS_SOCORRO,414,own_field,0,0,0,0,True
SANAS_SOCORRO_415,test,SANAS_SOCORRO,415,own_field,0,0,0,0,True
SANAS_SOCORRO_422,test,SANAS_SOCORRO,422,own_field,0,0,0,0,True
SANAS_SOCORRO_423,test,SANAS_SOCORRO,423,own_field,0,0,0,0,True
SANAS_SOCORRO_425,test,SANAS_SOCORRO,425,own_field,0,0,0,0,True
SANAS_SOCORRO_429,test,SANAS_SOCORRO,429,own_field,0,0,0,0,True
SANAS_SOCORRO_43,test,SANAS_SOCORRO,43,own_field,0,0,0,0,True
SANAS_SOCORRO_430,test,SANAS_SOCORRO,430,own_field,0,0,0,0,True
SANAS_SOCORRO_437,test,SANAS_SOCORRO,437,own_field,0,0,0,0,True
SANAS_SOCORRO_438,test,SANAS_SOCORRO,438,own_field,0,0,0,0,True
SANAS_SOCORRO_443,test,SANAS_SOCORRO,443,own_field,0,0,0,0,True
SANAS_SOCORRO_450,test,SANAS_SOCORRO,450,own_field,0,0,0,0,True
SANAS_SOCORRO_469,test,SANAS_SOCORRO,469,own_field,0,0,0,0,True
SANAS_SOCORRO_47,test,SANAS_SOCORRO,47,own_field,0,0,0,0,True
SANAS_SOCORRO_477,test,SANAS_SOCORRO,477,own_field,0,1,0,1,False
SANAS_SOCORRO_483,test,SANAS_SOCORRO,483,own_field,0,0,0,0,True
SANAS_SOCORRO_496,test,SANAS_SOCORRO,496,own_field,0,0,0,0,True
SANAS_SOCORRO_502,test,SANAS_SOCORRO,502,own_field,0,0,0,0,True
SANAS_SOCORRO_506,test,SANAS_SOCORRO,506,own_field,0,0,0,0,True
SANAS_SOCORRO_74,test,SANAS_SOCORRO,74,own_field,0,0,0,0,True
SANAS_SOCORRO_8,test,SANAS_SOCORRO,8,own_field,0,0,0,0,True
SANAS_SOCORRO_93,test,SANAS_SOCORRO,93,own_field,0,0,0,0,True
