path_a,split_a,stem_a,path_b,split_b,stem_b,min_phash_dist,dhash_dist
C:\Users\luise\OneDrive\Documentos\DECAFIA_v2\01_dataset\decafia_clean\images\train\COCO_M_A_23.jpg,train,COCO_M_A_23,C:\Users\luise\OneDrive\Documentos\DECAFIA_v2\01_dataset\decafia_clean\images\val\MINEIRO_73.jpg,val,MINEIRO_73,20,12
C:\Users\luise\OneDrive\Documentos\DECAFIA_v2\01_dataset\decafia_clean\images\train\COCO_M_A_23.jpg,train,COCO_M_A_23,C:\Users\luise\OneDrive\Documentos\DECAFIA_v2\01_dataset\decafia_clean\images\val\MINEIRO_80.jpg,val,MINEIRO_80,10,16
C:\Users\luise\OneDrive\Documentos\DECAFIA_v2\01_dataset\decafia_clean\images\train\COCO_M_A_23.jpg,train,COCO_M_A_23,C:\Users\luise\OneDrive\Documentos\DECAFIA_v2\01_dataset\decafia_clean\images\val\MINEIRO_89.jpg,val,MINEIRO_89,24,12
C:\Users\luise\OneDrive\Documentos\DECAFIA_v2\01_dataset\decafia_clean\images\train\COCO_M_A_23.jpg,train,COCO_M_A_23,C:\Users\luise\OneDrive\Documentos\DECAFIA_v2\01_dataset\decafia_clean\images\val\SANAS_NUEVAS_445.jpg,val,SANAS_NUEVAS_445,12,18
C:\Users\luise\OneDrive\Documentos\DECAFIA_v2\01_dataset\decafia_clean\images\train\COCO_M_A_26.jpg,train,COCO_M_A_26,C:\Users\luise\OneDrive\Documentos\DECAFIA_v2\01_dataset\decafia_clean\images\val\COCO_P_A_2.jpg,val,COCO_P_A_2,28,12
C:\Users\luise\OneDrive\Documentos\DECAFIA_v2\01_dataset\decafia_clean\images\train\COCO_M_A_26.jpg,train,COCO_M_A_26,C:\Users\luise\OneDrive\Documentos\DECAFIA_v2\01_dataset\decafia_clean\images\val\ROYA_FONDO_40.jpg,val,ROYA_FONDO_40,12,23
C:\Users\luise\OneDrive\Documentos\DECAFIA_v2\01_dataset\decafia_clean\images\train\COCO_M_A_8.jpg,train,COCO_M_A_8,C:\Users\luise\OneDrive\Documentos\DECAFIA_v2\01_dataset\decafia_clean\images\val\SANAS_SOCORRO_516.jpg,val,SANAS_SOCORRO_516,24,12
C:\Users\luise\OneDrive\Documentos\DECAFIA_v2\01_dataset\decafia_clean\images\train\COCO_M_A_88.jpg,train,COCO_M_A_88,C:\Users\luise\OneDrive\Documentos\DECAFIA_v2\01_dataset\decafia_clean\images\val\COCO_M_A_64.jpg,val,COCO_M_A_64,30,12
C:\Users\luise\OneDrive\Documentos\DECAFIA_v2\01_dataset\decafia_clean\images\train\COCO_Muy_A_102.jpg,train,COCO_Muy_A_102,C:\Users\luise\OneDrive\Documentos\DECAFIA_v2\01_dataset\decafia_clean\images\val\COCO_P_A_2.jpg,val,COCO_P_A_2,14,9
C:\Users\luise\OneDrive\Documentos\DECAFIA_v2\01_dataset\decafia_clean\images\train\COCO_Muy_A_102.jpg,train,COCO_Muy_A_102,C:\Users\luise\OneDrive\Documentos\DECAFIA_v2\01_dataset\decafia_clean\images\val\MINEIRO_92.jpg,val,MINEIRO_92,12,25
C:\Users\luise\OneDrive\Documentos\DECAFIA_v2\01_dataset\decafia_clean\images\train\COCO_Muy_A_102.jpg,train,COCO_Muy_A_102,C:\Users\luise\OneDrive\Documentos\DECAFIA_v2\01_dataset\decafia_clean\images\val\MINEIRO_96.jpg,val,MINEIRO_96,20,12
C:\Users\luise\OneDrive\Documentos\DECAFIA_v2\01_dataset\decafia_clean\images\train\COCO_Muy_A_13.jpg,train,COCO_Muy_A_13,C:\Users\luise\OneDrive\Documentos\DECAFIA_v2\01_dataset\decafia_clean\images\val\SANAS_NUEVAS_370.jpg,val,SANAS_NUEVAS_370,26,12
C:\Users\luise\OneDrive\Documentos\DECAFIA_v2\01_dataset\decafia_clean\images\train\COCO_Muy_A_35.jpg,train,COCO_Muy_A_35,C:\Users\luise\OneDrive\Documentos\DECAFIA_v2\01_dataset\decafia_clean\images\val\ROYA_FONDO_35.jpg,val,ROYA_FONDO_35,12,17
C:\Users\luise\OneDrive\Documentos\DECAFIA_v2\01_dataset\decafia_clean\images\train\COCO_Muy_A_53.jpg,train,COCO_Muy_A_53,C:\Users\luise\OneDrive\Documentos\DECAFIA_v2\01_dataset\decafia_clean\images\val\MINEIRO_17.jpg,val,MINEIRO_17,18,12
C:\Users\luise\OneDrive\Documentos\DECAFIA_v2\01_dataset\decafia_clean\images\train\COCO_Muy_A_53.jpg,train,COCO_Muy_A_53,C:\Users\luise\OneDrive\Documentos\DECAFIA_v2\01_dataset\decafia_clean\images\val\MINEIRO_80.jpg,val,MINEIRO_80,14,12
C:\Users\luise\OneDrive\Documentos\DECAFIA_v2\01_dataset\decafia_clean\images\train\COCO_Muy_A_53.jpg,train,COCO_Muy_A_53,C:\Users\luise\OneDrive\Documentos\DECAFIA_v2\01_dataset\decafia_clean\images\val\SANAS_NUEVAS_445.jpg,val,SANAS_NUEVAS_445,12,22
C:\Users\luise\OneDrive\Documentos\DECAFIA_v2\01_dataset\decafia_clean\images\train\COCO_Muy_A_96.jpg,train,COCO_Muy_A_96,C:\Users\luise\OneDrive\Documentos\DECAFIA_v2\01_dataset\decafia_clean\images\val\COCO_M_A_10.jpg,val,COCO_M_A_10,18,10
C:\Users\luise\OneDrive\Documentos\DECAFIA_v2\01_dataset\decafia_clean\images\train\COCO_Muy_A_96.jpg,train,COCO_Muy_A_96,C:\Users\luise\OneDrive\Documentos\DECAFIA_v2\01_dataset\decafia_clean\images\val\COCO_P_A_28.jpg,val,COCO_P_A_28,12,29
C:\Users\luise\OneDrive\Documentos\DECAFIA_v2\01_dataset\decafia_clean\images\train\COCO_P_A_18.jpg,train,COCO_P_A_18,C:\Users\luise\OneDrive\Documentos\DECAFIA_v2\01_dataset\decafia_clean\images\val\COCO_M_A_10.jpg,val,COCO_M_A_10,16,11
C:\Users\luise\OneDrive\Documentos\DECAFIA_v2\01_dataset\decafia_clean\images\train\COCO_P_A_22.jpg,train,COCO_P_A_22,C:\Users\luise\OneDrive\Documentos\DECAFIA_v2\01_dataset\decafia_clean\images\val\MINEIRO_172.jpg,val,MINEIRO_172,28,12
C:\Users\luise\OneDrive\Documentos\DECAFIA_v2\01_dataset\decafia_clean\images\train\COCO_P_A_32.jpg,train,COCO_P_A_32,C:\Users\luise\OneDrive\Documentos\DECAFIA_v2\01_dataset\decafia_clean\images\val\COCO_M_A_10.jpg,val,COCO_M_A_10,18,11
C:\Users\luise\OneDrive\Documentos\DECAFIA_v2\01_dataset\decafia_clean\images\train\COCO_P_A_32.jpg,train,COCO_P_A_32,C:\Users\luise\OneDrive\Documentos\DECAFIA_v2\01_dataset\decafia_clean\images\val\COCO_P_A_2.jpg,val,COCO_P_A_2,12,11
C:\Users\luise\OneDrive\Documentos\DECAFIA_v2\01_dataset\decafia_clean\images\train\COCO_P_A_32.jpg,train,COCO_P_A_32,C:\Users\luise\OneDrive\Documentos\DECAFIA_v2\01_dataset\decafia_clean\images\val\MINEIRO_73.jpg,val,MINEIRO_73,28,11
C:\Users\luise\OneDrive\Documentos\DECAFIA_v2\01_dataset\decafia_clean\images\train\COCO_P_A_32.jpg,train,COCO_P_A_32,C:\Users\luise\OneDrive\Documentos\DECAFIA_v2\01_dataset\decafia_clean\images\val\ROYA_FONDO_17.jpg,val,ROYA_FONDO_17,10,23
C:\Users\luise\OneDrive\Documentos\DECAFIA_v2\01_dataset\decafia_clean\images\train\COCO_P_A_43.jpg,train,COCO_P_A_43,C:\Users\luise\OneDrive\Documentos\DECAFIA_v2\01_dataset\decafia_clean\images\val\COCO_P_A_23.jpg,val,COCO_P_A_23,2,1
C:\Users\luise\OneDrive\Documentos\DECAFIA_v2\01_dataset\decafia_clean\images\train\COCO_P_A_57.jpg,train,COCO_P_A_57,C:\Users\luise\OneDrive\Documentos\DECAFIA_v2\01_dataset\decafia_clean\images\val\COCO_P_A_2.jpg,val,COCO_P_A_2,6,7
C:\Users\luise\OneDrive\Documentos\DECAFIA_v2\01_dataset\decafia_clean\images\train\COCO_P_A_57.jpg,train,COCO_P_A_57,C:\Users\luise\OneDrive\Documentos\DECAFIA_v2\01_dataset\decafia_clean\images\val\ROYA_FONDO_35.jpg,val,ROYA_FONDO_35,18,11
C:\Users\luise\OneDrive\Documentos\DECAFIA_v2\01_dataset\decafia_clean\images\train\MINADO_RECORTES_122.jpg,train,MINADO_RECORTES_122,C:\Users\luise\OneDrive\Documentos\DECAFIA_v2\01_dataset\decafia_clean\images\val\MINADO_RECORTES_98.jpg,val,MINADO_RECORTES_98,10,7
C:\Users\luise\OneDrive\Documentos\DECAFIA_v2\01_dataset\decafia_clean\images\train\MINADO_RECORTES_84.jpg,train,MINADO_RECORTES_84,C:\Users\luise\OneDrive\Documentos\DECAFIA_v2\01_dataset\decafia_clean\images\val\COCO_RECORTE_91.jpg,val,COCO_RECORTE_91,12,40
C:\Users\luise\OneDrive\Documentos\DECAFIA_v2\01_dataset\decafia_clean\images\train\MINADOR_10.jpg,train,MINADOR_10,C:\Users\luise\OneDrive\Documentos\DECAFIA_v2\01_dataset\decafia_clean\images\val\ROYA_FONDO_35.jpg,val,ROYA_FONDO_35,10,23
C:\Users\luise\OneDrive\Documentos\DECAFIA_v2\01_dataset\decafia_clean\images\train\MINADOR_2.jpg,train,MINADOR_2,C:\Users\luise\OneDrive\Documentos\DECAFIA_v2\01_dataset\decafia_clean\images\val\MINEIRO_96.jpg,val,MINEIRO_96,10,20
C:\Users\luise\OneDrive\Documentos\DECAFIA_v2\01_dataset\decafia_clean\images\train\MINADOR_24.jpg,train,MINADOR_24,C:\Users\luise\OneDrive\Documentos\DECAFIA_v2\01_dataset\decafia_clean\images\val\MINADOR_72.jpg,val,MINADOR_72,20,9
C:\Users\luise\OneDrive\Documentos\DECAFIA_v2\01_dataset\decafia_clean\images\train\MINADOR_24.jpg,train,MINADOR_24,C:\Users\luise\OneDrive\Documentos\DECAFIA_v2\01_dataset\decafia_clean\images\val\MINADOR_9.jpg,val,MINADOR_9,20,12
C:\Users\luise\OneDrive\Documentos\DECAFIA_v2\01_dataset\decafia_clean\images\train\MINADOR_24.jpg,train,MINADOR_24,C:\Users\luise\OneDrive\Documentos\DECAFIA_v2\01_dataset\decafia_clean\images\val\MINEIRO_89.jpg,val,MINEIRO_89,18,11
C:\Users\luise\OneDrive\Documentos\DECAFIA_v2\01_dataset\decafia_clean\images\train\MINADOR_24.jpg,train,MINADOR_24,C:\Users\luise\OneDrive\Documentos\DECAFIA_v2\01_dataset\decafia_clean\images\val\SANAS_NUEVAS_413.jpg,val,SANAS_NUEVAS_413,32,9
C:\Users\luise\OneDrive\Documentos\DECAFIA_v2\01_dataset\decafia_clean\images\train\MINADOR_24.jpg,train,MINADOR_24,C:\Users\luise\OneDrive\Documentos\DECAFIA_v2\01_dataset\decafia_clean\images\val\SANAS_NUEVAS_427.jpg,val,SANAS_NUEVAS_427,26,12
C:\Users\luise\OneDrive\Documentos\DECAFIA_v2\01_dataset\decafia_clean\images\train\MINADOR_24.jpg,train,MINADOR_24,C:\Users\luise\OneDrive\Documentos\DECAFIA_v2\01_dataset\decafia_clean\images\val\SANAS_SOCORRO_167.jpg,val,SANAS_SOCORRO_167,24,11
C:\Users\luise\OneDrive\Documentos\DECAFIA_v2\01_dataset\decafia_clean\images\train\MINADOR_26.jpg,train,MINADOR_26,C:\Users\luise\OneDrive\Documentos\DECAFIA_v2\01_dataset\decafia_clean\images\val\MINEIRO_96.jpg,val,MINEIRO_96,8,16
C:\Users\luise\OneDrive\Documentos\DECAFIA_v2\01_dataset\decafia_clean\images\train\MINADOR_28.jpg,train,MINADOR_28,C:\Users\luise\OneDrive\Documentos\DECAFIA_v2\01_dataset\decafia_clean\images\val\COCO_P_A_2.jpg,val,COCO_P_A_2,26,10
C:\Users\luise\OneDrive\Documentos\DECAFIA_v2\01_dataset\decafia_clean\images\train\MINADOR_28.jpg,train,MINADOR_28,C:\Users\luise\OneDrive\Documentos\DECAFIA_v2\01_dataset\decafia_clean\images\val\MINEIRO_187.jpg,val,MINEIRO_187,30,11
C:\Users\luise\OneDrive\Documentos\DECAFIA_v2\01_dataset\decafia_clean\images\train\MINADOR_28.jpg,train,MINADOR_28,C:\Users\luise\OneDrive\Documentos\DECAFIA_v2\01_dataset\decafia_clean\images\val\MINEIRO_77.jpg,val,MINEIRO_77,16,10
C:\Users\luise\OneDrive\Documentos\DECAFIA_v2\01_dataset\decafia_clean\images\train\MINADOR_30.jpg,train,MINADOR_30,C:\Users\luise\OneDrive\Documentos\DECAFIA_v2\01_dataset\decafia_clean\images\val\MINEIRO_21.jpg,val,MINEIRO_21,10,20
C:\Users\luise\OneDrive\Documentos\DECAFIA_v2\01_dataset\decafia_clean\images\train\MINADOR_30.jpg,train,MINADOR_30,C:\Users\luise\OneDrive\Documentos\DECAFIA_v2\01_dataset\decafia_clean\images\val\MINEIRO_61.jpg,val,MINEIRO_61,14,11
C:\Users\luise\OneDrive\Documentos\DECAFIA_v2\01_dataset\decafia_clean\images\train\MINADOR_30.jpg,train,MINADOR_30,C:\Users\luise\OneDrive\Documentos\DECAFIA_v2\01_dataset\decafia_clean\images\val\MINEIRO_73.jpg,val,MINEIRO_73,26,11
C:\Users\luise\OneDrive\Documentos\DECAFIA_v2\01_dataset\decafia_clean\images\train\MINADOR_30.jpg,train,MINADOR_30,C:\Users\luise\OneDrive\Documentos\DECAFIA_v2\01_dataset\decafia_clean\images\val\ROYA_FONDO_35.jpg,val,ROYA_FONDO_35,12,19
C:\Users\luise\OneDrive\Documentos\DECAFIA_v2\01_dataset\decafia_clean\images\train\MINADOR_31.jpg,train,MINADOR_31,C:\Users\luise\OneDrive\Documentos\DECAFIA_v2\01_dataset\decafia_clean\images\val\ROYA_FONDO_17.jpg,val,ROYA_FONDO_17,24,12
C:\Users\luise\OneDrive\Documentos\DECAFIA_v2\01_dataset\decafia_clean\images\train\MINADOR_35.jpg,train,MINADOR_35,C:\Users\luise\OneDrive\Documentos\DECAFIA_v2\01_dataset\decafia_clean\images\val\SANAS_NUEVAS_427.jpg,val,SANAS_NUEVAS_427,24,9
C:\Users\luise\OneDrive\Documentos\DECAFIA_v2\01_dataset\decafia_clean\images\train\MINADOR_36.jpg,train,MINADOR_36,C:\Users\luise\OneDrive\Documentos\DECAFIA_v2\01_dataset\decafia_clean\images\val\MINEIRO_92.jpg,val,MINEIRO_92,12,24
C:\Users\luise\OneDrive\Documentos\DECAFIA_v2\01_dataset\decafia_clean\images\train\MINADOR_38.jpg,train,MINADOR_38,C:\Users\luise\OneDrive\Documentos\DECAFIA_v2\01_dataset\decafia_clean\images\val\MINADOR_9.jpg,val,MINADOR_9,20,12
C:\Users\luise\OneDrive\Documentos\DECAFIA_v2\01_dataset\decafia_clean\images\train\MINADOR_38.jpg,train,MINADOR_38,C:\Users\luise\OneDrive\Documentos\DECAFIA_v2\01_dataset\decafia_clean\images\val\ROYA_FONDO_40.jpg,val,ROYA_FONDO_40,28,10
C:\Users\luise\OneDrive\Documentos\DECAFIA_v2\01_dataset\decafia_clean\images\train\MINADOR_38.jpg,train,MINADOR_38,C:\Users\luise\OneDrive\Documentos\DECAFIA_v2\01_dataset\decafia_clean\images\val\SANAS_NUEVAS_427.jpg,val,SANAS_NUEVAS_427,24,12
C:\Users\luise\OneDrive\Documentos\DECAFIA_v2\01_dataset\decafia_clean\images\train\MINADOR_39.jpg,train,MINADOR_39,C:\Users\luise\OneDrive\Documentos\DECAFIA_v2\01_dataset\decafia_clean\images\val\MINEIRO_17.jpg,val,MINEIRO_17,12,19
C:\Users\luise\OneDrive\Documentos\DECAFIA_v2\01_dataset\decafia_clean\images\train\MINADOR_40.jpg,train,MINADOR_40,C:\Users\luise\OneDrive\Documentos\DECAFIA_v2\01_dataset\decafia_clean\images\val\MINEIRO_44.jpg,val,MINEIRO_44,12,29
C:\Users\luise\OneDrive\Documentos\DECAFIA_v2\01_dataset\decafia_clean\images\train\MINADOR_40.jpg,train,MINADOR_40,C:\Users\luise\OneDrive\Documentos\DECAFIA_v2\01_dataset\decafia_clean\images\val\SANAS_NUEVAS_445.jpg,val,SANAS_NUEVAS_445,12,19
C:\Users\luise\OneDrive\Documentos\DECAFIA_v2\01_dataset\decafia_clean\images\train\MINADOR_43.jpg,train,MINADOR_43,C:\Users\luise\OneDrive\Documentos\DECAFIA_v2\01_dataset\decafia_clean\images\val\MINEIRO_171.jpg,val,MINEIRO_171,12,27
C:\Users\luise\OneDrive\Documentos\DECAFIA_v2\01_dataset\decafia_clean\images\train\MINADOR_46.jpg,train,MINADOR_46,C:\Users\luise\OneDrive\Documentos\DECAFIA_v2\01_dataset\decafia_clean\images\val\MINEIRO_89.jpg,val,MINEIRO_89,16,12
C:\Users\luise\OneDrive\Documentos\DECAFIA_v2\01_dataset\decafia_clean\images\train\MINADOR_46.jpg,train,MINADOR_46,C:\Users\luise\OneDrive\Documentos\DECAFIA_v2\01_dataset\decafia_clean\images\val\ROYA_FONDO_87.jpg,val,ROYA_FONDO_87,24,11
C:\Users\luise\OneDrive\Documentos\DECAFIA_v2\01_dataset\decafia_clean\images\train\MINADOR_49.jpg,train,MINADOR_49,C:\Users\luise\OneDrive\Documentos\DECAFIA_v2\01_dataset\decafia_clean\images\val\MINEIRO_77.jpg,val,MINEIRO_77,10,23
C:\Users\luise\OneDrive\Documentos\DECAFIA_v2\01_dataset\decafia_clean\images\train\MINADOR_53.jpg,train,MINADOR_53,C:\Users\luise\OneDrive\Documentos\DECAFIA_v2\01_dataset\decafia_clean\images\val\MINEIRO_44.jpg,val,MINEIRO_44,12,23
C:\Users\luise\OneDrive\Documentos\DECAFIA_v2\01_dataset\decafia_clean\images\train\MINADOR_53.jpg,train,MINADOR_53,C:\Users\luise\OneDrive\Documentos\DECAFIA_v2\01_dataset\decafia_clean\images\val\SANAS_NUEVAS_427.jpg,val,SANAS_NUEVAS_427,18,12
C:\Users\luise\OneDrive\Documentos\DECAFIA_v2\01_dataset\decafia_clean\images\train\MINADOR_55.jpg,train,MINADOR_55,C:\Users\luise\OneDrive\Documentos\DECAFIA_v2\01_dataset\decafia_clean\images\val\MINEIRO_52.jpg,val,MINEIRO_52,12,23
C:\Users\luise\OneDrive\Documentos\DECAFIA_v2\01_dataset\decafia_clean\images\train\MINADOR_55.jpg,train,MINADOR_55,C:\Users\luise\OneDrive\Documentos\DECAFIA_v2\01_dataset\decafia_clean\images\val\MINEIRO_80.jpg,val,MINEIRO_80,12,11
C:\Users\luise\OneDrive\Documentos\DECAFIA_v2\01_dataset\decafia_clean\images\train\MINADOR_58.jpg,train,MINADOR_58,C:\Users\luise\OneDrive\Documentos\DECAFIA_v2\01_dataset\decafia_clean\images\val\SANAS_NUEVAS_370.jpg,val,SANAS_NUEVAS_370,22,12
C:\Users\luise\OneDrive\Documentos\DECAFIA_v2\01_dataset\decafia_clean\images\train\MINADOR_60.jpg,train,MINADOR_60,C:\Users\luise\OneDrive\Documentos\DECAFIA_v2\01_dataset\decafia_clean\images\val\MINEIRO_17.jpg,val,MINEIRO_17,12,18
C:\Users\luise\OneDrive\Documentos\DECAFIA_v2\01_dataset\decafia_clean\images\train\MINADOR_60.jpg,train,MINADOR_60,C:\Users\luise\OneDrive\Documentos\DECAFIA_v2\01_dataset\decafia_clean\images\val\ROYA_FONDO_5.jpg,val,ROYA_FONDO_5,10,21
C:\Users\luise\OneDrive\Documentos\DECAFIA_v2\01_dataset\decafia_clean\images\train\MINADOR_63.jpg,train,MINADOR_63,C:\Users\luise\OneDrive\Documentos\DECAFIA_v2\01_dataset\decafia_clean\images\val\MINEIRO_171.jpg,val,MINEIRO_171,12,21
C:\Users\luise\OneDrive\Documentos\DECAFIA_v2\01_dataset\decafia_clean\images\train\MINADOR_65.jpg,train,MINADOR_65,C:\Users\luise\OneDrive\Documentos\DECAFIA_v2\01_dataset\decafia_clean\images\val\MINADOR_66.jpg,val,MINADOR_66,12,26
C:\Users\luise\OneDrive\Documentos\DECAFIA_v2\01_dataset\decafia_clean\images\train\MINADOR_68.jpg,train,MINADOR_68,C:\Users\luise\OneDrive\Documentos\DECAFIA_v2\01_dataset\decafia_clean\images\val\ROYA_FONDO_27.jpg,val,ROYA_FONDO_27,12,23
C:\Users\luise\OneDrive\Documentos\DECAFIA_v2\01_dataset\decafia_clean\images\train\MINADOR_68.jpg,train,MINADOR_68,C:\Users\luise\OneDrive\Documentos\DECAFIA_v2\01_dataset\decafia_clean\images\val\SANAS_NUEVAS_445.jpg,val,SANAS_NUEVAS_445,10,24
C:\Users\luise\OneDrive\Documentos\DECAFIA_v2\01_dataset\decafia_clean\images\train\MINADOR_7.jpg,train,MINADOR_7,C:\Users\luise\OneDrive\Documentos\DECAFIA_v2\01_dataset\decafia_clean\images\val\MINEIRO_78.jpg,val,MINEIRO_78,18,12
C:\Users\luise\OneDrive\Documentos\DECAFIA_v2\01_dataset\decafia_clean\images\train\MINADOR_73.jpg,train,MINADOR_73,C:\Users\luise\OneDrive\Documentos\DECAFIA_v2\01_dataset\decafia_clean\images\val\MINADOR_9.jpg,val,MINADOR_9,30,11
C:\Users\luise\OneDrive\Documentos\DECAFIA_v2\01_dataset\decafia_clean\images\train\MINADOR_73.jpg,train,MINADOR_73,C:\Users\luise\OneDrive\Documentos\DECAFIA_v2\01_dataset\decafia_clean\images\val\MINEIRO_80.jpg,val,MINEIRO_80,18,12
C:\Users\luise\OneDrive\Documentos\DECAFIA_v2\01_dataset\decafia_clean\images\train\MINADOR_73.jpg,train,MINADOR_73,C:\Users\luise\OneDrive\Documentos\DECAFIA_v2\01_dataset\decafia_clean\images\val\MINEIRO_89.jpg,val,MINEIRO_89,14,8
C:\Users\luise\OneDrive\Documentos\DECAFIA_v2\01_dataset\decafia_clean\images\train\MINADOR_76.jpg,train,MINADOR_76,C:\Users\luise\OneDrive\Documentos\DECAFIA_v2\01_dataset\decafia_clean\images\val\SANAS_NUEVAS_445.jpg,val,SANAS_NUEVAS_445,8,25
C:\Users\luise\OneDrive\Documentos\DECAFIA_v2\01_dataset\decafia_clean\images\train\MINADOR_79.jpg,train,MINADOR_79,C:\Users\luise\OneDrive\Documentos\DECAFIA_v2\01_dataset\decafia_clean\images\val\MINEIRO_77.jpg,val,MINEIRO_77,22,11
C:\Users\luise\OneDrive\Documentos\DECAFIA_v2\01_dataset\decafia_clean\images\train\MINADOR_79.jpg,train,MINADOR_79,C:\Users\luise\OneDrive\Documentos\DECAFIA_v2\01_dataset\decafia_clean\images\val\ROYA_FONDO_81.jpg,val,ROYA_FONDO_81,12,19
C:\Users\luise\OneDrive\Documentos\DECAFIA_v2\01_dataset\decafia_clean\images\train\MINADOR_8.jpg,train,MINADOR_8,C:\Users\luise\OneDrive\Documentos\DECAFIA_v2\01_dataset\decafia_clean\images\val\MINADOR_61.jpg,val,MINADOR_61,12,24
C:\Users\luise\OneDrive\Documentos\DECAFIA_v2\01_dataset\decafia_clean\images\train\MINEIRO_0.jpg,train,MINEIRO_0,C:\Users\luise\OneDrive\Documentos\DECAFIA_v2\01_dataset\decafia_clean\images\val\MINEIRO_21.jpg,val,MINEIRO_21,12,16
C:\Users\luise\OneDrive\Documentos\DECAFIA_v2\01_dataset\decafia_clean\images\train\MINEIRO_100.jpg,train,MINEIRO_100,C:\Users\luise\OneDrive\Documentos\DECAFIA_v2\01_dataset\decafia_clean\images\val\COCO_P_A_2.jpg,val,COCO_P_A_2,28,11
C:\Users\luise\OneDrive\Documentos\DECAFIA_v2\01_dataset\decafia_clean\images\train\MINEIRO_100.jpg,train,MINEIRO_100,C:\Users\luise\OneDrive\Documentos\DECAFIA_v2\01_dataset\decafia_clean\images\val\MINADOR_9.jpg,val,MINADOR_9,18,12
C:\Users\luise\OneDrive\Documentos\DECAFIA_v2\01_dataset\decafia_clean\images\train\MINEIRO_100.jpg,train,MINEIRO_100,C:\Users\luise\OneDrive\Documentos\DECAFIA_v2\01_dataset\decafia_clean\images\val\MINEIRO_187.jpg,val,MINEIRO_187,20,12
C:\Users\luise\OneDrive\Documentos\DECAFIA_v2\01_dataset\decafia_clean\images\train\MINEIRO_104.jpg,train,MINEIRO_104,C:\Users\luise\OneDrive\Documentos\DECAFIA_v2\01_dataset\decafia_clean\images\val\MINADOR_13.jpg,val,MINADOR_13,12,26
C:\Users\luise\OneDrive\Documentos\DECAFIA_v2\01_dataset\decafia_clean\images\train\MINEIRO_104.jpg,train,MINEIRO_104,C:\Users\luise\OneDrive\Documentos\DECAFIA_v2\01_dataset\decafia_clean\images\val\ROYA_FONDO_35.jpg,val,ROYA_FONDO_35,12,21
C:\Users\luise\OneDrive\Documentos\DECAFIA_v2\01_dataset\decafia_clean\images\train\MINEIRO_105.jpg,train,MINEIRO_105,C:\Users\luise\OneDrive\Documentos\DECAFIA_v2\01_dataset\decafia_clean\images\val\MINEIRO_17.jpg,val,MINEIRO_17,8,8
C:\Users\luise\OneDrive\Documentos\DECAFIA_v2\01_dataset\decafia_clean\images\train\MINEIRO_105.jpg,train,MINEIRO_105,C:\Users\luise\OneDrive\Documentos\DECAFIA_v2\01_dataset\decafia_clean\images\val\MINEIRO_44.jpg,val,MINEIRO_44,10,24
C:\Users\luise\OneDrive\Documentos\DECAFIA_v2\01_dataset\decafia_clean\images\train\MINEIRO_105.jpg,train,MINEIRO_105,C:\Users\luise\OneDrive\Documentos\DECAFIA_v2\01_dataset\decafia_clean\images\val\MINEIRO_50.jpg,val,MINEIRO_50,22,11
C:\Users\luise\OneDrive\Documentos\DECAFIA_v2\01_dataset\decafia_clean\images\train\MINEIRO_105.jpg,train,MINEIRO_105,C:\Users\luise\OneDrive\Documentos\DECAFIA_v2\01_dataset\decafia_clean\images\val\MINEIRO_80.jpg,val,MINEIRO_80,16,8
C:\Users\luise\OneDrive\Documentos\DECAFIA_v2\01_dataset\decafia_clean\images\train\MINEIRO_105.jpg,train,MINEIRO_105,C:\Users\luise\OneDrive\Documentos\DECAFIA_v2\01_dataset\decafia_clean\images\val\ROYA_FONDO_17.jpg,val,ROYA_FONDO_17,22,12
C:\Users\luise\OneDrive\Documentos\DECAFIA_v2\01_dataset\decafia_clean\images\train\MINEIRO_105.jpg,train,MINEIRO_105,C:\Users\luise\OneDrive\Documentos\DECAFIA_v2\01_dataset\decafia_clean\images\val\ROYA_FONDO_5.jpg,val,ROYA_FONDO_5,10,21
C:\Users\luise\OneDrive\Documentos\DECAFIA_v2\01_dataset\decafia_clean\images\train\MINEIRO_106.jpg,train,MINEIRO_106,C:\Users\luise\OneDrive\Documentos\DECAFIA_v2\01_dataset\decafia_clean\images\val\MINADOR_61.jpg,val,MINADOR_61,12,20
C:\Users\luise\OneDrive\Documentos\DECAFIA_v2\01_dataset\decafia_clean\images\train\MINEIRO_106.jpg,train,MINEIRO_106,C:\Users\luise\OneDrive\Documentos\DECAFIA_v2\01_dataset\decafia_clean\images\val\MINEIRO_73.jpg,val,MINEIRO_73,12,21
C:\Users\luise\OneDrive\Documentos\DECAFIA_v2\01_dataset\decafia_clean\images\train\MINEIRO_109.jpg,train,MINEIRO_109,C:\Users\luise\OneDrive\Documentos\DECAFIA_v2\01_dataset\decafia_clean\images\val\MINEIRO_72.jpg,val,MINEIRO_72,12,26
C:\Users\luise\OneDrive\Documentos\DECAFIA_v2\01_dataset\decafia_clean\images\train\MINEIRO_115.jpg,train,MINEIRO_115,C:\Users\luise\OneDrive\Documentos\DECAFIA_v2\01_dataset\decafia_clean\images\val\COCO_P_A_77.jpg,val,COCO_P_A_77,20,10
C:\Users\luise\OneDrive\Documentos\DECAFIA_v2\01_dataset\decafia_clean\images\train\MINEIRO_115.jpg,train,MINEIRO_115,C:\Users\luise\OneDrive\Documentos\DECAFIA_v2\01_dataset\decafia_clean\images\val\MINEIRO_96.jpg,val,MINEIRO_96,12,10
C:\Users\luise\OneDrive\Documentos\DECAFIA_v2\01_dataset\decafia_clean\images\train\MINEIRO_117.jpg,train,MINEIRO_117,C:\Users\luise\OneDrive\Documentos\DECAFIA_v2\01_dataset\decafia_clean\images\val\MINADOR_9.jpg,val,MINADOR_9,18,10
C:\Users\luise\OneDrive\Documentos\DECAFIA_v2\01_dataset\decafia_clean\images\train\MINEIRO_117.jpg,train,MINEIRO_117,C:\Users\luise\OneDrive\Documentos\DECAFIA_v2\01_dataset\decafia_clean\images\val\MINEIRO_96.jpg,val,MINEIRO_96,22,12
C:\Users\luise\OneDrive\Documentos\DECAFIA_v2\01_dataset\decafia_clean\images\train\MINEIRO_118.jpg,train,MINEIRO_118,C:\Users\luise\OneDrive\Documentos\DECAFIA_v2\01_dataset\decafia_clean\images\val\SANAS_SOCORRO_282.jpg,val,SANAS_SOCORRO_282,24,11
C:\Users\luise\OneDrive\Documentos\DECAFIA_v2\01_dataset\decafia_clean\images\train\MINEIRO_121.jpg,train,MINEIRO_121,C:\Users\luise\OneDrive\Documentos\DECAFIA_v2\01_dataset\decafia_clean\images\val\MINEIRO_141.jpg,val,MINEIRO_141,24,12
C:\Users\luise\OneDrive\Documentos\DECAFIA_v2\01_dataset\decafia_clean\images\train\MINEIRO_122.jpg,train,MINEIRO_122,C:\Users\luise\OneDrive\Documentos\DECAFIA_v2\01_dataset\decafia_clean\images\val\MINEIRO_17.jpg,val,MINEIRO_17,16,9
C:\Users\luise\OneDrive\Documentos\DECAFIA_v2\01_dataset\decafia_clean\images\train\MINEIRO_122.jpg,train,MINEIRO_122,C:\Users\luise\OneDrive\Documentos\DECAFIA_v2\01_dataset\decafia_clean\images\val\MINEIRO_44.jpg,val,MINEIRO_44,12,25
C:\Users\luise\OneDrive\Documentos\DECAFIA_v2\01_dataset\decafia_clean\images\train\MINEIRO_122.jpg,train,MINEIRO_122,C:\Users\luise\OneDrive\Documentos\DECAFIA_v2\01_dataset\decafia_clean\images\val\MINEIRO_50.jpg,val,MINEIRO_50,12,12
C:\Users\luise\OneDrive\Documentos\DECAFIA_v2\01_dataset\decafia_clean\images\train\MINEIRO_122.jpg,train,MINEIRO_122,C:\Users\luise\OneDrive\Documentos\DECAFIA_v2\01_dataset\decafia_clean\images\val\MINEIRO_80.jpg,val,MINEIRO_80,12,11
C:\Users\luise\OneDrive\Documentos\DECAFIA_v2\01_dataset\decafia_clean\images\train\MINEIRO_122.jpg,train,MINEIRO_122,C:\Users\luise\OneDrive\Documentos\DECAFIA_v2\01_dataset\decafia_clean\images\val\ROYA_FONDO_5.jpg,val,ROYA_FONDO_5,12,22
C:\Users\luise\OneDrive\Documentos\DECAFIA_v2\01_dataset\decafia_clean\images\train\MINEIRO_122.jpg,train,MINEIRO_122,C:\Users\luise\OneDrive\Documentos\DECAFIA_v2\01_dataset\decafia_clean\images\val\SANAS_NUEVAS_445.jpg,val,SANAS_NUEVAS_445,12,15
C:\Users\luise\OneDrive\Documentos\DECAFIA_v2\01_dataset\decafia_clean\images\train\MINEIRO_123.jpg,train,MINEIRO_123,C:\Users\luise\OneDrive\Documentos\DECAFIA_v2\01_dataset\decafia_clean\images\val\MINADOR_61.jpg,val,MINADOR_61,12,14
C:\Users\luise\OneDrive\Documentos\DECAFIA_v2\01_dataset\decafia_clean\images\train\MINEIRO_123.jpg,train,MINEIRO_123,C:\Users\luise\OneDrive\Documentos\DECAFIA_v2\01_dataset\decafia_clean\images\val\MINEIRO_187.jpg,val,MINEIRO_187,20,12
C:\Users\luise\OneDrive\Documentos\DECAFIA_v2\01_dataset\decafia_clean\images\train\MINEIRO_123.jpg,train,MINEIRO_123,C:\Users\luise\OneDrive\Documentos\DECAFIA_v2\01_dataset\decafia_clean\images\val\MINEIRO_44.jpg,val,MINEIRO_44,12,29
C:\Users\luise\OneDrive\Documentos\DECAFIA_v2\01_dataset\decafia_clean\images\train\MINEIRO_123.jpg,train,MINEIRO_123,C:\Users\luise\OneDrive\Documentos\DECAFIA_v2\01_dataset\decafia_clean\images\val\MINEIRO_73.jpg,val,MINEIRO_73,10,17
C:\Users\luise\OneDrive\Documentos\DECAFIA_v2\01_dataset\decafia_clean\images\train\MINEIRO_124.jpg,train,MINEIRO_124,C:\Users\luise\OneDrive\Documentos\DECAFIA_v2\01_dataset\decafia_clean\images\val\MINADOR_9.jpg,val,MINADOR_9,24,9
C:\Users\luise\OneDrive\Documentos\DECAFIA_v2\01_dataset\decafia_clean\images\train\MINEIRO_124.jpg,train,MINEIRO_124,C:\Users\luise\OneDrive\Documentos\DECAFIA_v2\01_dataset\decafia_clean\images\val\MINEIRO_156.jpg,val,MINEIRO_156,26,9
C:\Users\luise\OneDrive\Documentos\DECAFIA_v2\01_dataset\decafia_clean\images\train\MINEIRO_124.jpg,train,MINEIRO_124,C:\Users\luise\OneDrive\Documentos\DECAFIA_v2\01_dataset\decafia_clean\images\val\MINEIRO_3.jpg,val,MINEIRO_3,26,11
C:\Users\luise\OneDrive\Documentos\DECAFIA_v2\01_dataset\decafia_clean\images\train\MINEIRO_124.jpg,train,MINEIRO_124,C:\Users\luise\OneDrive\Documentos\DECAFIA_v2\01_dataset\decafia_clean\images\val\ROYA_FONDO_4.jpg,val,ROYA_FONDO_4,18,11
C:\Users\luise\OneDrive\Documentos\DECAFIA_v2\01_dataset\decafia_clean\images\train\MINEIRO_125.jpg,train,MINEIRO_125,C:\Users\luise\OneDrive\Documentos\DECAFIA_v2\01_dataset\decafia_clean\images\val\ROYA_FONDO_27.jpg,val,ROYA_FONDO_27,12,18
C:\Users\luise\OneDrive\Documentos\DECAFIA_v2\01_dataset\decafia_clean\images\train\MINEIRO_129.jpg,train,MINEIRO_129,C:\Users\luise\OneDrive\Documentos\DECAFIA_v2\01_dataset\decafia_clean\images\val\SANAS_SOCORRO_419.jpg,val,SANAS_SOCORRO_419,12,25
C:\Users\luise\OneDrive\Documentos\DECAFIA_v2\01_dataset\decafia_clean\images\train\MINEIRO_139.jpg,train,MINEIRO_139,C:\Users\luise\OneDrive\Documentos\DECAFIA_v2\01_dataset\decafia_clean\images\val\MINEIRO_72.jpg,val,MINEIRO_72,12,21
C:\Users\luise\OneDrive\Documentos\DECAFIA_v2\01_dataset\decafia_clean\images\train\MINEIRO_139.jpg,train,MINEIRO_139,C:\Users\luise\OneDrive\Documentos\DECAFIA_v2\01_dataset\decafia_clean\images\val\ROYA_FONDO_40.jpg,val,ROYA_FONDO_40,26,11
C:\Users\luise\OneDrive\Documentos\DECAFIA_v2\01_dataset\decafia_clean\images\train\MINEIRO_139.jpg,train,MINEIRO_139,C:\Users\luise\OneDrive\Documentos\DECAFIA_v2\01_dataset\decafia_clean\images\val\SANAS_NUEVAS_445.jpg,val,SANAS_NUEVAS_445,24,12
C:\Users\luise\OneDrive\Documentos\DECAFIA_v2\01_dataset\decafia_clean\images\train\MINEIRO_142.jpg,train,MINEIRO_142,C:\Users\luise\OneDrive\Documentos\DECAFIA_v2\01_dataset\decafia_clean\images\val\MINEIRO_44.jpg,val,MINEIRO_44,8,13
C:\Users\luise\OneDrive\Documentos\DECAFIA_v2\01_dataset\decafia_clean\images\train\MINEIRO_142.jpg,train,MINEIRO_142,C:\Users\luise\OneDrive\Documentos\DECAFIA_v2\01_dataset\decafia_clean\images\val\SANAS_NUEVAS_423.jpg,val,SANAS_NUEVAS_423,16,11
C:\Users\luise\OneDrive\Documentos\DECAFIA_v2\01_dataset\decafia_clean\images\train\MINEIRO_146.jpg,train,MINEIRO_146,C:\Users\luise\OneDrive\Documentos\DECAFIA_v2\01_dataset\decafia_clean\images\val\MINEIRO_17.jpg,val,MINEIRO_17,10,10
C:\Users\luise\OneDrive\Documentos\DECAFIA_v2\01_dataset\decafia_clean\images\train\MINEIRO_146.jpg,train,MINEIRO_146,C:\Users\luise\OneDrive\Documentos\DECAFIA_v2\01_dataset\decafia_clean\images\val\MINEIRO_44.jpg,val,MINEIRO_44,12,26
C:\Users\luise\OneDrive\Documentos\DECAFIA_v2\01_dataset\decafia_clean\images\train\MINEIRO_146.jpg,train,MINEIRO_146,C:\Users\luise\OneDrive\Documentos\DECAFIA_v2\01_dataset\decafia_clean\images\val\MINEIRO_50.jpg,val,MINEIRO_50,20,9
C:\Users\luise\OneDrive\Documentos\DECAFIA_v2\01_dataset\decafia_clean\images\train\MINEIRO_146.jpg,train,MINEIRO_146,C:\Users\luise\OneDrive\Documentos\DECAFIA_v2\01_dataset\decafia_clean\images\val\MINEIRO_80.jpg,val,MINEIRO_80,10,12
C:\Users\luise\OneDrive\Documentos\DECAFIA_v2\01_dataset\decafia_clean\images\train\MINEIRO_146.jpg,train,MINEIRO_146,C:\Users\luise\OneDrive\Documentos\DECAFIA_v2\01_dataset\decafia_clean\images\val\ROYA_FONDO_17.jpg,val,ROYA_FONDO_17,22,10
C:\Users\luise\OneDrive\Documentos\DECAFIA_v2\01_dataset\decafia_clean\images\train\MINEIRO_146.jpg,train,MINEIRO_146,C:\Users\luise\OneDrive\Documentos\DECAFIA_v2\01_dataset\decafia_clean\images\val\SANAS_NUEVAS_445.jpg,val,SANAS_NUEVAS_445,10,18
C:\Users\luise\OneDrive\Documentos\DECAFIA_v2\01_dataset\decafia_clean\images\train\MINEIRO_149.jpg,train,MINEIRO_149,C:\Users\luise\OneDrive\Documentos\DECAFIA_v2\01_dataset\decafia_clean\images\val\MINADOR_9.jpg,val,MINADOR_9,20,9
C:\Users\luise\OneDrive\Documentos\DECAFIA_v2\01_dataset\decafia_clean\images\train\MINEIRO_149.jpg,train,MINEIRO_149,C:\Users\luise\OneDrive\Documentos\DECAFIA_v2\01_dataset\decafia_clean\images\val\MINEIRO_156.jpg,val,MINEIRO_156,28,11
C:\Users\luise\OneDrive\Documentos\DECAFIA_v2\01_dataset\decafia_clean\images\train\MINEIRO_149.jpg,train,MINEIRO_149,C:\Users\luise\OneDrive\Documentos\DECAFIA_v2\01_dataset\decafia_clean\images\val\MINEIRO_80.jpg,val,MINEIRO_80,10,16
C:\Users\luise\OneDrive\Documentos\DECAFIA_v2\01_dataset\decafia_clean\images\train\MINEIRO_15.jpg,train,MINEIRO_15,C:\Users\luise\OneDrive\Documentos\DECAFIA_v2\01_dataset\decafia_clean\images\val\MINADOR_72.jpg,val,MINADOR_72,18,10
C:\Users\luise\OneDrive\Documentos\DECAFIA_v2\01_dataset\decafia_clean\images\train\MINEIRO_15.jpg,train,MINEIRO_15,C:\Users\luise\OneDrive\Documentos\DECAFIA_v2\01_dataset\decafia_clean\images\val\SANAS_NUEVAS_368.jpg,val,SANAS_NUEVAS_368,20,12
C:\Users\luise\OneDrive\Documentos\DECAFIA_v2\01_dataset\decafia_clean\images\train\MINEIRO_155.jpg,train,MINEIRO_155,C:\Users\luise\OneDrive\Documentos\DECAFIA_v2\01_dataset\decafia_clean\images\val\MINADOR_9.jpg,val,MINADOR_9,12,16
C:\Users\luise\OneDrive\Documentos\DECAFIA_v2\01_dataset\decafia_clean\images\train\MINEIRO_155.jpg,train,MINEIRO_155,C:\Users\luise\OneDrive\Documentos\DECAFIA_v2\01_dataset\decafia_clean\images\val\MINEIRO_172.jpg,val,MINEIRO_172,20,12
C:\Users\luise\OneDrive\Documentos\DECAFIA_v2\01_dataset\decafia_clean\images\train\MINEIRO_157.jpg,train,MINEIRO_157,C:\Users\luise\OneDrive\Documentos\DECAFIA_v2\01_dataset\decafia_clean\images\val\MINADOR_61.jpg,val,MINADOR_61,12,21
C:\Users\luise\OneDrive\Documentos\DECAFIA_v2\01_dataset\decafia_clean\images\train\MINEIRO_158.jpg,train,MINEIRO_158,C:\Users\luise\OneDrive\Documentos\DECAFIA_v2\01_dataset\decafia_clean\images\val\MINADOR_64.jpg,val,MINADOR_64,12,27
C:\Users\luise\OneDrive\Documentos\DECAFIA_v2\01_dataset\decafia_clean\images\train\MINEIRO_161.jpg,train,MINEIRO_161,C:\Users\luise\OneDrive\Documentos\DECAFIA_v2\01_dataset\decafia_clean\images\val\ROYA_FONDO_5.jpg,val,ROYA_FONDO_5,10,18
C:\Users\luise\OneDrive\Documentos\DECAFIA_v2\01_dataset\decafia_clean\images\train\MINEIRO_161.jpg,train,MINEIRO_161,C:\Users\luise\OneDrive\Documentos\DECAFIA_v2\01_dataset\decafia_clean\images\val\SANAS_NUEVAS_425.jpg,val,SANAS_NUEVAS_425,26,12
C:\Users\luise\OneDrive\Documentos\DECAFIA_v2\01_dataset\decafia_clean\images\train\MINEIRO_161.jpg,train,MINEIRO_161,C:\Users\luise\OneDrive\Documentos\DECAFIA_v2\01_dataset\decafia_clean\images\val\SANAS_SOCORRO_282.jpg,val,SANAS_SOCORRO_282,24,12
C:\Users\luise\OneDrive\Documentos\DECAFIA_v2\01_dataset\decafia_clean\images\train\MINEIRO_168.jpg,train,MINEIRO_168,C:\Users\luise\OneDrive\Documentos\DECAFIA_v2\01_dataset\decafia_clean\images\val\MINADOR_72.jpg,val,MINADOR_72,22,12
C:\Users\luise\OneDrive\Documentos\DECAFIA_v2\01_dataset\decafia_clean\images\train\MINEIRO_168.jpg,train,MINEIRO_168,C:\Users\luise\OneDrive\Documentos\DECAFIA_v2\01_dataset\decafia_clean\images\val\MINEIRO_89.jpg,val,MINEIRO_89,18,12
C:\Users\luise\OneDrive\Documentos\DECAFIA_v2\01_dataset\decafia_clean\images\train\MINEIRO_175.jpg,train,MINEIRO_175,C:\Users\luise\OneDrive\Documentos\DECAFIA_v2\01_dataset\decafia_clean\images\val\COCO_P_A_2.jpg,val,COCO_P_A_2,26,12
C:\Users\luise\OneDrive\Documentos\DECAFIA_v2\01_dataset\decafia_clean\images\train\MINEIRO_175.jpg,train,MINEIRO_175,C:\Users\luise\OneDrive\Documentos\DECAFIA_v2\01_dataset\decafia_clean\images\val\SANAS_NUEVAS_445.jpg,val,SANAS_NUEVAS_445,10,22
C:\Users\luise\OneDrive\Documentos\DECAFIA_v2\01_dataset\decafia_clean\images\train\MINEIRO_177.jpg,train,MINEIRO_177,C:\Users\luise\OneDrive\Documentos\DECAFIA_v2\01_dataset\decafia_clean\images\val\COCO_P_A_2.jpg,val,COCO_P_A_2,22,11
C:\Users\luise\OneDrive\Documentos\DECAFIA_v2\01_dataset\decafia_clean\images\train\MINEIRO_177.jpg,train,MINEIRO_177,C:\Users\luise\OneDrive\Documentos\DECAFIA_v2\01_dataset\decafia_clean\images\val\MINEIRO_77.jpg,val,MINEIRO_77,24,11
C:\Users\luise\OneDrive\Documentos\DECAFIA_v2\01_dataset\decafia_clean\images\train\MINEIRO_177.jpg,train,MINEIRO_177,C:\Users\luise\OneDrive\Documentos\DECAFIA_v2\01_dataset\decafia_clean\images\val\SANAS_NUEVAS_427.jpg,val,SANAS_NUEVAS_427,28,12
C:\Users\luise\OneDrive\Documentos\DECAFIA_v2\01_dataset\decafia_clean\images\train\MINEIRO_18.jpg,train,MINEIRO_18,C:\Users\luise\OneDrive\Documentos\DECAFIA_v2\01_dataset\decafia_clean\images\val\ROYA_FONDO_87.jpg,val,ROYA_FONDO_87,26,12
C:\Users\luise\OneDrive\Documentos\DECAFIA_v2\01_dataset\decafia_clean\images\train\MINEIRO_180.jpg,train,MINEIRO_180,C:\Users\luise\OneDrive\Documentos\DECAFIA_v2\01_dataset\decafia_clean\images\val\MINEIRO_21.jpg,val,MINEIRO_21,12,24
C:\Users\luise\OneDrive\Documentos\DECAFIA_v2\01_dataset\decafia_clean\images\train\MINEIRO_180.jpg,train,MINEIRO_180,C:\Users\luise\OneDrive\Documentos\DECAFIA_v2\01_dataset\decafia_clean\images\val\MINEIRO_89.jpg,val,MINEIRO_89,12,21
C:\Users\luise\OneDrive\Documentos\DECAFIA_v2\01_dataset\decafia_clean\images\train\MINEIRO_180.jpg,train,MINEIRO_180,C:\Users\luise\OneDrive\Documentos\DECAFIA_v2\01_dataset\decafia_clean\images\val\ROYA_FONDO_35.jpg,val,ROYA_FONDO_35,8,21
C:\Users\luise\OneDrive\Documentos\DECAFIA_v2\01_dataset\decafia_clean\images\train\MINEIRO_181.jpg,train,MINEIRO_181,C:\Users\luise\OneDrive\Documentos\DECAFIA_v2\01_dataset\decafia_clean\images\val\SANAS_SOCORRO_282.jpg,val,SANAS_SOCORRO_282,24,12
C:\Users\luise\OneDrive\Documentos\DECAFIA_v2\01_dataset\decafia_clean\images\train\MINEIRO_182.jpg,train,MINEIRO_182,C:\Users\luise\OneDrive\Documentos\DECAFIA_v2\01_dataset\decafia_clean\images\val\MINEIRO_21.jpg,val,MINEIRO_21,12,23
C:\Users\luise\OneDrive\Documentos\DECAFIA_v2\01_dataset\decafia_clean\images\train\MINEIRO_182.jpg,train,MINEIRO_182,C:\Users\luise\OneDrive\Documentos\DECAFIA_v2\01_dataset\decafia_clean\images\val\MINEIRO_89.jpg,val,MINEIRO_89,10,14
C:\Users\luise\OneDrive\Documentos\DECAFIA_v2\01_dataset\decafia_clean\images\train\MINEIRO_182.jpg,train,MINEIRO_182,C:\Users\luise\OneDrive\Documentos\DECAFIA_v2\01_dataset\decafia_clean\images\val\ROYA_FONDO_35.jpg,val,ROYA_FONDO_35,12,16
C:\Users\luise\OneDrive\Documentos\DECAFIA_v2\01_dataset\decafia_clean\images\train\MINEIRO_184.jpg,train,MINEIRO_184,C:\Users\luise\OneDrive\Documentos\DECAFIA_v2\01_dataset\decafia_clean\images\val\MINEIRO_156.jpg,val,MINEIRO_156,28,11
C:\Users\luise\OneDrive\Documentos\DECAFIA_v2\01_dataset\decafia_clean\images\train\MINEIRO_184.jpg,train,MINEIRO_184,C:\Users\luise\OneDrive\Documentos\DECAFIA_v2\01_dataset\decafia_clean\images\val\MINEIRO_80.jpg,val,MINEIRO_80,10,20
C:\Users\luise\OneDrive\Documentos\DECAFIA_v2\01_dataset\decafia_clean\images\train\MINEIRO_186.jpg,train,MINEIRO_186,C:\Users\luise\OneDrive\Documentos\DECAFIA_v2\01_dataset\decafia_clean\images\val\COCO_P_A_77.jpg,val,COCO_P_A_77,24,12
C:\Users\luise\OneDrive\Documentos\DECAFIA_v2\01_dataset\decafia_clean\images\train\MINEIRO_186.jpg,train,MINEIRO_186,C:\Users\luise\OneDrive\Documentos\DECAFIA_v2\01_dataset\decafia_clean\images\val\MINEIRO_3.jpg,val,MINEIRO_3,10,20
C:\Users\luise\OneDrive\Documentos\DECAFIA_v2\01_dataset\decafia_clean\images\train\MINEIRO_188.jpg,train,MINEIRO_188,C:\Users\luise\OneDrive\Documentos\DECAFIA_v2\01_dataset\decafia_clean\images\val\MINEIRO_156.jpg,val,MINEIRO_156,24,11
C:\Users\luise\OneDrive\Documentos\DECAFIA_v2\01_dataset\decafia_clean\images\train\MINEIRO_188.jpg,train,MINEIRO_188,C:\Users\luise\OneDrive\Documentos\DECAFIA_v2\01_dataset\decafia_clean\images\val\MINEIRO_80.jpg,val,MINEIRO_80,24,12
C:\Users\luise\OneDrive\Documentos\DECAFIA_v2\01_dataset\decafia_clean\images\train\MINEIRO_189.jpg,train,MINEIRO_189,C:\Users\luise\OneDrive\Documentos\DECAFIA_v2\01_dataset\decafia_clean\images\val\MINADOR_9.jpg,val,MINADOR_9,18,12
C:\Users\luise\OneDrive\Documentos\DECAFIA_v2\01_dataset\decafia_clean\images\train\MINEIRO_189.jpg,train,MINEIRO_189,C:\Users\luise\OneDrive\Documentos\DECAFIA_v2\01_dataset\decafia_clean\images\val\MINEIRO_187.jpg,val,MINEIRO_187,22,12
C:\Users\luise\OneDrive\Documentos\DECAFIA_v2\01_dataset\decafia_clean\images\train\MINEIRO_189.jpg,train,MINEIRO_189,C:\Users\luise\OneDrive\Documentos\DECAFIA_v2\01_dataset\decafia_clean\images\val\MINEIRO_21.jpg,val,MINEIRO_21,12,18
C:\Users\luise\OneDrive\Documentos\DECAFIA_v2\01_dataset\decafia_clean\images\train\MINEIRO_189.jpg,train,MINEIRO_189,C:\Users\luise\OneDrive\Documentos\DECAFIA_v2\01_dataset\decafia_clean\images\val\MINEIRO_3.jpg,val,MINEIRO_3,20,12
C:\Users\luise\OneDrive\Documentos\DECAFIA_v2\01_dataset\decafia_clean\images\train\MINEIRO_19.jpg,train,MINEIRO_19,C:\Users\luise\OneDrive\Documentos\DECAFIA_v2\01_dataset\decafia_clean\images\val\MINEIRO_96.jpg,val,MINEIRO_96,12,18
C:\Users\luise\OneDrive\Documentos\DECAFIA_v2\01_dataset\decafia_clean\images\train\MINEIRO_19.jpg,train,MINEIRO_19,C:\Users\luise\OneDrive\Documentos\DECAFIA_v2\01_dataset\decafia_clean\images\val\SANAS_NUEVAS_342.jpg,val,SANAS_NUEVAS_342,12,29
C:\Users\luise\OneDrive\Documentos\DECAFIA_v2\01_dataset\decafia_clean\images\train\MINEIRO_19.jpg,train,MINEIRO_19,C:\Users\luise\OneDrive\Documentos\DECAFIA_v2\01_dataset\decafia_clean\images\val\SANAS_NUEVAS_423.jpg,val,SANAS_NUEVAS_423,10,19
C:\Users\luise\OneDrive\Documentos\DECAFIA_v2\01_dataset\decafia_clean\images\train\MINEIRO_19.jpg,train,MINEIRO_19,C:\Users\luise\OneDrive\Documentos\DECAFIA_v2\01_dataset\decafia_clean\images\val\SANAS_NUEVAS_445.jpg,val,SANAS_NUEVAS_445,16,11
C:\Users\luise\OneDrive\Documentos\DECAFIA_v2\01_dataset\decafia_clean\images\train\MINEIRO_190.jpg,train,MINEIRO_190,C:\Users\luise\OneDrive\Documentos\DECAFIA_v2\01_dataset\decafia_clean\images\val\MINADOR_61.jpg,val,MINADOR_61,20,12
C:\Users\luise\OneDrive\Documentos\DECAFIA_v2\01_dataset\decafia_clean\images\train\MINEIRO_23.jpg,train,MINEIRO_23,C:\Users\luise\OneDrive\Documentos\DECAFIA_v2\01_dataset\decafia_clean\images\val\SANAS_NUEVAS_423.jpg,val,SANAS_NUEVAS_423,12,20
C:\Users\luise\OneDrive\Documentos\DECAFIA_v2\01_dataset\decafia_clean\images\train\MINEIRO_26.jpg,train,MINEIRO_26,C:\Users\luise\OneDrive\Documentos\DECAFIA_v2\01_dataset\decafia_clean\images\val\MINADOR_9.jpg,val,MINADOR_9,18,11
C:\Users\luise\OneDrive\Documentos\DECAFIA_v2\01_dataset\decafia_clean\images\train\MINEIRO_26.jpg,train,MINEIRO_26,C:\Users\luise\OneDrive\Documentos\DECAFIA_v2\01_dataset\decafia_clean\images\val\MINEIRO_17.jpg,val,MINEIRO_17,24,12
C:\Users\luise\OneDrive\Documentos\DECAFIA_v2\01_dataset\decafia_clean\images\train\MINEIRO_26.jpg,train,MINEIRO_26,C:\Users\luise\OneDrive\Documentos\DECAFIA_v2\01_dataset\decafia_clean\images\val\MINEIRO_89.jpg,val,MINEIRO_89,18,12
C:\Users\luise\OneDrive\Documentos\DECAFIA_v2\01_dataset\decafia_clean\images\train\MINEIRO_26.jpg,train,MINEIRO_26,C:\Users\luise\OneDrive\Documentos\DECAFIA_v2\01_dataset\decafia_clean\images\val\SANAS_SOCORRO_516.jpg,val,SANAS_SOCORRO_516,26,12
C:\Users\luise\OneDrive\Documentos\DECAFIA_v2\01_dataset\decafia_clean\images\train\MINEIRO_28.jpg,train,MINEIRO_28,C:\Users\luise\OneDrive\Documentos\DECAFIA_v2\01_dataset\decafia_clean\images\val\MINEIRO_21.jpg,val,MINEIRO_21,12,21
C:\Users\luise\OneDrive\Documentos\DECAFIA_v2\01_dataset\decafia_clean\images\train\MINEIRO_28.jpg,train,MINEIRO_28,C:\Users\luise\OneDrive\Documentos\DECAFIA_v2\01_dataset\decafia_clean\images\val\ROYA_FONDO_35.jpg,val,ROYA_FONDO_35,8,20
C:\Users\luise\OneDrive\Documentos\DECAFIA_v2\01_dataset\decafia_clean\images\train\MINEIRO_28.jpg,train,MINEIRO_28,C:\Users\luise\OneDrive\Documentos\DECAFIA_v2\01_dataset\decafia_clean\images\val\SANAS_NUEVAS_423.jpg,val,SANAS_NUEVAS_423,12,16
C:\Users\luise\OneDrive\Documentos\DECAFIA_v2\01_dataset\decafia_clean\images\train\MINEIRO_28.jpg,train,MINEIRO_28,C:\Users\luise\OneDrive\Documentos\DECAFIA_v2\01_dataset\decafia_clean\images\val\SANAS_NUEVAS_427.jpg,val,SANAS_NUEVAS_427,28,11
C:\Users\luise\OneDrive\Documentos\DECAFIA_v2\01_dataset\decafia_clean\images\train\MINEIRO_29.jpg,train,MINEIRO_29,C:\Users\luise\OneDrive\Documentos\DECAFIA_v2\01_dataset\decafia_clean\images\val\COCO_P_A_2.jpg,val,COCO_P_A_2,30,12
C:\Users\luise\OneDrive\Documentos\DECAFIA_v2\01_dataset\decafia_clean\images\train\MINEIRO_30.jpg,train,MINEIRO_30,C:\Users\luise\OneDrive\Documentos\DECAFIA_v2\01_dataset\decafia_clean\images\val\ROYA_FONDO_35.jpg,val,ROYA_FONDO_35,12,21
C:\Users\luise\OneDrive\Documentos\DECAFIA_v2\01_dataset\decafia_clean\images\train\MINEIRO_31.jpg,train,MINEIRO_31,C:\Users\luise\OneDrive\Documentos\DECAFIA_v2\01_dataset\decafia_clean\images\val\MINEIRO_52.jpg,val,MINEIRO_52,12,24
C:\Users\luise\OneDrive\Documentos\DECAFIA_v2\01_dataset\decafia_clean\images\train\MINEIRO_31.jpg,train,MINEIRO_31,C:\Users\luise\OneDrive\Documentos\DECAFIA_v2\01_dataset\decafia_clean\images\val\MINEIRO_80.jpg,val,MINEIRO_80,16,12
C:\Users\luise\OneDrive\Documentos\DECAFIA_v2\01_dataset\decafia_clean\images\train\MINEIRO_34.jpg,train,MINEIRO_34,C:\Users\luise\OneDrive\Documentos\DECAFIA_v2\01_dataset\decafia_clean\images\val\ROYA_FONDO_5.jpg,val,ROYA_FONDO_5,12,20
C:\Users\luise\OneDrive\Documentos\DECAFIA_v2\01_dataset\decafia_clean\images\train\MINEIRO_36.jpg,train,MINEIRO_36,C:\Users\luise\OneDrive\Documentos\DECAFIA_v2\01_dataset\decafia_clean\images\val\MINEIRO_61.jpg,val,MINEIRO_61,22,10
C:\Users\luise\OneDrive\Documentos\DECAFIA_v2\01_dataset\decafia_clean\images\train\MINEIRO_36.jpg,train,MINEIRO_36,C:\Users\luise\OneDrive\Documentos\DECAFIA_v2\01_dataset\decafia_clean\images\val\SANAS_NUEVAS_423.jpg,val,SANAS_NUEVAS_423,26,12
C:\Users\luise\OneDrive\Documentos\DECAFIA_v2\01_dataset\decafia_clean\images\train\MINEIRO_39.jpg,train,MINEIRO_39,C:\Users\luise\OneDrive\Documentos\DECAFIA_v2\01_dataset\decafia_clean\images\val\MINADOR_64.jpg,val,MINADOR_64,10,21
C:\Users\luise\OneDrive\Documentos\DECAFIA_v2\01_dataset\decafia_clean\images\train\MINEIRO_40.jpg,train,MINEIRO_40,C:\Users\luise\OneDrive\Documentos\DECAFIA_v2\01_dataset\decafia_clean\images\val\MINEIRO_92.jpg,val,MINEIRO_92,12,29
C:\Users\luise\OneDrive\Documentos\DECAFIA_v2\01_dataset\decafia_clean\images\train\MINEIRO_41.jpg,train,MINEIRO_41,C:\Users\luise\OneDrive\Documentos\DECAFIA_v2\01_dataset\decafia_clean\images\val\MINEIRO_77.jpg,val,MINEIRO_77,20,11
C:\Users\luise\OneDrive\Documentos\DECAFIA_v2\01_dataset\decafia_clean\images\train\MINEIRO_43.jpg,train,MINEIRO_43,C:\Users\luise\OneDrive\Documentos\DECAFIA_v2\01_dataset\decafia_clean\images\val\MINEIRO_21.jpg,val,MINEIRO_21,12,17
C:\Users\luise\OneDrive\Documentos\DECAFIA_v2\01_dataset\decafia_clean\images\train\MINEIRO_43.jpg,train,MINEIRO_43,C:\Users\luise\OneDrive\Documentos\DECAFIA_v2\01_dataset\decafia_clean\images\val\MINEIRO_89.jpg,val,MINEIRO_89,12,22
C:\Users\luise\OneDrive\Documentos\DECAFIA_v2\01_dataset\decafia_clean\images\train\MINEIRO_45.jpg,train,MINEIRO_45,C:\Users\luise\OneDrive\Documentos\DECAFIA_v2\01_dataset\decafia_clean\images\val\MINEIRO_77.jpg,val,MINEIRO_77,20,11
C:\Users\luise\OneDrive\Documentos\DECAFIA_v2\01_dataset\decafia_clean\images\train\MINEIRO_46.jpg,train,MINEIRO_46,C:\Users\luise\OneDrive\Documentos\DECAFIA_v2\01_dataset\decafia_clean\images\val\MINEIRO_80.jpg,val,MINEIRO_80,12,23
C:\Users\luise\OneDrive\Documentos\DECAFIA_v2\01_dataset\decafia_clean\images\train\MINEIRO_46.jpg,train,MINEIRO_46,C:\Users\luise\OneDrive\Documentos\DECAFIA_v2\01_dataset\decafia_clean\images\val\SANAS_NUEVAS_445.jpg,val,SANAS_NUEVAS_445,10,31
C:\Users\luise\OneDrive\Documentos\DECAFIA_v2\01_dataset\decafia_clean\images\train\MINEIRO_49.jpg,train,MINEIRO_49,C:\Users\luise\OneDrive\Documentos\DECAFIA_v2\01_dataset\decafia_clean\images\val\MINEIRO_96.jpg,val,MINEIRO_96,12,24
C:\Users\luise\OneDrive\Documentos\DECAFIA_v2\01_dataset\decafia_clean\images\train\MINEIRO_54.jpg,train,MINEIRO_54,C:\Users\luise\OneDrive\Documentos\DECAFIA_v2\01_dataset\decafia_clean\images\val\MINEIRO_21.jpg,val,MINEIRO_21,12,22
C:\Users\luise\OneDrive\Documentos\DECAFIA_v2\01_dataset\decafia_clean\images\train\MINEIRO_54.jpg,train,MINEIRO_54,C:\Users\luise\OneDrive\Documentos\DECAFIA_v2\01_dataset\decafia_clean\images\val\MINEIRO_50.jpg,val,MINEIRO_50,22,12
C:\Users\luise\OneDrive\Documentos\DECAFIA_v2\01_dataset\decafia_clean\images\train\MINEIRO_54.jpg,train,MINEIRO_54,C:\Users\luise\OneDrive\Documentos\DECAFIA_v2\01_dataset\decafia_clean\images\val\MINEIRO_89.jpg,val,MINEIRO_89,12,15
C:\Users\luise\OneDrive\Documentos\DECAFIA_v2\01_dataset\decafia_clean\images\train\MINEIRO_54.jpg,train,MINEIRO_54,C:\Users\luise\OneDrive\Documentos\DECAFIA_v2\01_dataset\decafia_clean\images\val\SANAS_NUEVAS_425.jpg,val,SANAS_NUEVAS_425,20,12
C:\Users\luise\OneDrive\Documentos\DECAFIA_v2\01_dataset\decafia_clean\images\train\MINEIRO_55.jpg,train,MINEIRO_55,C:\Users\luise\OneDrive\Documentos\DECAFIA_v2\01_dataset\decafia_clean\images\val\COCO_P_A_2.jpg,val,COCO_P_A_2,26,11
C:\Users\luise\OneDrive\Documentos\DECAFIA_v2\01_dataset\decafia_clean\images\train\MINEIRO_55.jpg,train,MINEIRO_55,C:\Users\luise\OneDrive\Documentos\DECAFIA_v2\01_dataset\decafia_clean\images\val\ROYA_FONDO_48.jpg,val,ROYA_FONDO_48,20,11
C:\Users\luise\OneDrive\Documentos\DECAFIA_v2\01_dataset\decafia_clean\images\train\MINEIRO_57.jpg,train,MINEIRO_57,C:\Users\luise\OneDrive\Documentos\DECAFIA_v2\01_dataset\decafia_clean\images\val\SANAS_NUEVAS_423.jpg,val,SANAS_NUEVAS_423,22,11
C:\Users\luise\OneDrive\Documentos\DECAFIA_v2\01_dataset\decafia_clean\images\train\MINEIRO_58.jpg,train,MINEIRO_58,C:\Users\luise\OneDrive\Documentos\DECAFIA_v2\01_dataset\decafia_clean\images\val\ROYA_FONDO_81.jpg,val,ROYA_FONDO_81,10,23
C:\Users\luise\OneDrive\Documentos\DECAFIA_v2\01_dataset\decafia_clean\images\train\MINEIRO_6.jpg,train,MINEIRO_6,C:\Users\luise\OneDrive\Documentos\DECAFIA_v2\01_dataset\decafia_clean\images\val\MINADOR_72.jpg,val,MINADOR_72,22,11
C:\Users\luise\OneDrive\Documentos\DECAFIA_v2\01_dataset\decafia_clean\images\train\MINEIRO_6.jpg,train,MINEIRO_6,C:\Users\luise\OneDrive\Documentos\DECAFIA_v2\01_dataset\decafia_clean\images\val\MINEIRO_89.jpg,val,MINEIRO_89,6,17
C:\Users\luise\OneDrive\Documentos\DECAFIA_v2\01_dataset\decafia_clean\images\train\MINEIRO_6.jpg,train,MINEIRO_6,C:\Users\luise\OneDrive\Documentos\DECAFIA_v2\01_dataset\decafia_clean\images\val\ROYA_FONDO_35.jpg,val,ROYA_FONDO_35,12,21
C:\Users\luise\OneDrive\Documentos\DECAFIA_v2\01_dataset\decafia_clean\images\train\MINEIRO_60.jpg,train,MINEIRO_60,C:\Users\luise\OneDrive\Documentos\DECAFIA_v2\01_dataset\decafia_clean\images\val\MINEIRO_92.jpg,val,MINEIRO_92,12,23
C:\Users\luise\OneDrive\Documentos\DECAFIA_v2\01_dataset\decafia_clean\images\train\MINEIRO_65.jpg,train,MINEIRO_65,C:\Users\luise\OneDrive\Documentos\DECAFIA_v2\01_dataset\decafia_clean\images\val\MINADOR_9.jpg,val,MINADOR_9,20,11
C:\Users\luise\OneDrive\Documentos\DECAFIA_v2\01_dataset\decafia_clean\images\train\MINEIRO_65.jpg,train,MINEIRO_65,C:\Users\luise\OneDrive\Documentos\DECAFIA_v2\01_dataset\decafia_clean\images\val\MINEIRO_3.jpg,val,MINEIRO_3,22,11
C:\Users\luise\OneDrive\Documentos\DECAFIA_v2\01_dataset\decafia_clean\images\train\MINEIRO_67.jpg,train,MINEIRO_67,C:\Users\luise\OneDrive\Documentos\DECAFIA_v2\01_dataset\decafia_clean\images\val\MINEIRO_73.jpg,val,MINEIRO_73,24,12
C:\Users\luise\OneDrive\Documentos\DECAFIA_v2\01_dataset\decafia_clean\images\train\MINEIRO_67.jpg,train,MINEIRO_67,C:\Users\luise\OneDrive\Documentos\DECAFIA_v2\01_dataset\decafia_clean\images\val\ROYA_FONDO_40.jpg,val,ROYA_FONDO_40,24,11
C:\Users\luise\OneDrive\Documentos\DECAFIA_v2\01_dataset\decafia_clean\images\train\MINEIRO_7.jpg,train,MINEIRO_7,C:\Users\luise\OneDrive\Documentos\DECAFIA_v2\01_dataset\decafia_clean\images\val\ROYA_FONDO_87.jpg,val,ROYA_FONDO_87,16,12
C:\Users\luise\OneDrive\Documentos\DECAFIA_v2\01_dataset\decafia_clean\images\train\MINEIRO_71.jpg,train,MINEIRO_71,C:\Users\luise\OneDrive\Documentos\DECAFIA_v2\01_dataset\decafia_clean\images\val\MINEIRO_172.jpg,val,MINEIRO_172,20,11
C:\Users\luise\OneDrive\Documentos\DECAFIA_v2\01_dataset\decafia_clean\images\train\MINEIRO_75.jpg,train,MINEIRO_75,C:\Users\luise\OneDrive\Documentos\DECAFIA_v2\01_dataset\decafia_clean\images\val\MINADOR_64.jpg,val,MINADOR_64,14,9
C:\Users\luise\OneDrive\Documentos\DECAFIA_v2\01_dataset\decafia_clean\images\train\MINEIRO_75.jpg,train,MINEIRO_75,C:\Users\luise\OneDrive\Documentos\DECAFIA_v2\01_dataset\decafia_clean\images\val\MINEIRO_21.jpg,val,MINEIRO_21,12,18
C:\Users\luise\OneDrive\Documentos\DECAFIA_v2\01_dataset\decafia_clean\images\train\MINEIRO_75.jpg,train,MINEIRO_75,C:\Users\luise\OneDrive\Documentos\DECAFIA_v2\01_dataset\decafia_clean\images\val\MINEIRO_61.jpg,val,MINEIRO_61,12,17
C:\Users\luise\OneDrive\Documentos\DECAFIA_v2\01_dataset\decafia_clean\images\train\MINEIRO_75.jpg,train,MINEIRO_75,C:\Users\luise\OneDrive\Documentos\DECAFIA_v2\01_dataset\decafia_clean\images\val\MINEIRO_89.jpg,val,MINEIRO_89,14,11
C:\Users\luise\OneDrive\Documentos\DECAFIA_v2\01_dataset\decafia_clean\images\train\MINEIRO_75.jpg,train,MINEIRO_75,C:\Users\luise\OneDrive\Documentos\DECAFIA_v2\01_dataset\decafia_clean\images\val\ROYA_FONDO_35.jpg,val,ROYA_FONDO_35,10,17
C:\Users\luise\OneDrive\Documentos\DECAFIA_v2\01_dataset\decafia_clean\images\train\MINEIRO_75.jpg,train,MINEIRO_75,C:\Users\luise\OneDrive\Documentos\DECAFIA_v2\01_dataset\decafia_clean\images\val\SANAS_NUEVAS_427.jpg,val,SANAS_NUEVAS_427,30,12
C:\Users\luise\OneDrive\Documentos\DECAFIA_v2\01_dataset\decafia_clean\images\train\MINEIRO_79.jpg,train,MINEIRO_79,C:\Users\luise\OneDrive\Documentos\DECAFIA_v2\01_dataset\decafia_clean\images\val\SANAS_NUEVAS_423.jpg,val,SANAS_NUEVAS_423,16,12
C:\Users\luise\OneDrive\Documentos\DECAFIA_v2\01_dataset\decafia_clean\images\train\MINEIRO_82.jpg,train,MINEIRO_82,C:\Users\luise\OneDrive\Documentos\DECAFIA_v2\01_dataset\decafia_clean\images\val\MINEIRO_50.jpg,val,MINEIRO_50,18,12
C:\Users\luise\OneDrive\Documentos\DECAFIA_v2\01_dataset\decafia_clean\images\train\MINEIRO_83.jpg,train,MINEIRO_83,C:\Users\luise\OneDrive\Documentos\DECAFIA_v2\01_dataset\decafia_clean\images\val\MINEIRO_17.jpg,val,MINEIRO_17,12,20
C:\Users\luise\OneDrive\Documentos\DECAFIA_v2\01_dataset\decafia_clean\images\train\MINEIRO_83.jpg,train,MINEIRO_83,C:\Users\luise\OneDrive\Documentos\DECAFIA_v2\01_dataset\decafia_clean\images\val\MINEIRO_44.jpg,val,MINEIRO_44,12,26
C:\Users\luise\OneDrive\Documentos\DECAFIA_v2\01_dataset\decafia_clean\images\train\MINEIRO_83.jpg,train,MINEIRO_83,C:\Users\luise\OneDrive\Documentos\DECAFIA_v2\01_dataset\decafia_clean\images\val\MINEIRO_72.jpg,val,MINEIRO_72,12,21
C:\Users\luise\OneDrive\Documentos\DECAFIA_v2\01_dataset\decafia_clean\images\train\MINEIRO_85.jpg,train,MINEIRO_85,C:\Users\luise\OneDrive\Documentos\DECAFIA_v2\01_dataset\decafia_clean\images\val\COCO_P_A_2.jpg,val,COCO_P_A_2,18,11
C:\Users\luise\OneDrive\Documentos\DECAFIA_v2\01_dataset\decafia_clean\images\train\MINEIRO_85.jpg,train,MINEIRO_85,C:\Users\luise\OneDrive\Documentos\DECAFIA_v2\01_dataset\decafia_clean\images\val\MINADOR_61.jpg,val,MINADOR_61,28,12
C:\Users\luise\OneDrive\Documentos\DECAFIA_v2\01_dataset\decafia_clean\images\train\MINEIRO_86.jpg,train,MINEIRO_86,C:\Users\luise\OneDrive\Documentos\DECAFIA_v2\01_dataset\decafia_clean\images\val\MINADOR_32.jpg,val,MINADOR_32,28,12
C:\Users\luise\OneDrive\Documentos\DECAFIA_v2\01_dataset\decafia_clean\images\train\MINEIRO_86.jpg,train,MINEIRO_86,C:\Users\luise\OneDrive\Documentos\DECAFIA_v2\01_dataset\decafia_clean\images\val\MINEIRO_80.jpg,val,MINEIRO_80,24,12
C:\Users\luise\OneDrive\Documentos\DECAFIA_v2\01_dataset\decafia_clean\images\train\MINEIRO_87.jpg,train,MINEIRO_87,C:\Users\luise\OneDrive\Documentos\DECAFIA_v2\01_dataset\decafia_clean\images\val\MINEIRO_145.jpg,val,MINEIRO_145,20,12
C:\Users\luise\OneDrive\Documentos\DECAFIA_v2\01_dataset\decafia_clean\images\train\MINEIRO_87.jpg,train,MINEIRO_87,C:\Users\luise\OneDrive\Documentos\DECAFIA_v2\01_dataset\decafia_clean\images\val\MINEIRO_3.jpg,val,MINEIRO_3,24,11
C:\Users\luise\OneDrive\Documentos\DECAFIA_v2\01_dataset\decafia_clean\images\train\MINEIRO_87.jpg,train,MINEIRO_87,C:\Users\luise\OneDrive\Documentos\DECAFIA_v2\01_dataset\decafia_clean\images\val\ROYA_FONDO_35.jpg,val,ROYA_FONDO_35,18,10
C:\Users\luise\OneDrive\Documentos\DECAFIA_v2\01_dataset\decafia_clean\images\train\MINEIRO_90.jpg,train,MINEIRO_90,C:\Users\luise\OneDrive\Documentos\DECAFIA_v2\01_dataset\decafia_clean\images\val\MINEIRO_89.jpg,val,MINEIRO_89,12,13
C:\Users\luise\OneDrive\Documentos\DECAFIA_v2\01_dataset\decafia_clean\images\train\MINEIRO_91.jpg,train,MINEIRO_91,C:\Users\luise\OneDrive\Documentos\DECAFIA_v2\01_dataset\decafia_clean\images\val\MINEIRO_3.jpg,val,MINEIRO_3,26,10
C:\Users\luise\OneDrive\Documentos\DECAFIA_v2\01_dataset\decafia_clean\images\train\MINEIRO_93.jpg,train,MINEIRO_93,C:\Users\luise\OneDrive\Documentos\DECAFIA_v2\01_dataset\decafia_clean\images\val\MINEIRO_61.jpg,val,MINEIRO_61,16,10
C:\Users\luise\OneDrive\Documentos\DECAFIA_v2\01_dataset\decafia_clean\images\train\MINEIRO_93.jpg,train,MINEIRO_93,C:\Users\luise\OneDrive\Documentos\DECAFIA_v2\01_dataset\decafia_clean\images\val\SANAS_NUEVAS_427.jpg,val,SANAS_NUEVAS_427,28,11
C:\Users\luise\OneDrive\Documentos\DECAFIA_v2\01_dataset\decafia_clean\images\train\MINEIRO_93.jpg,train,MINEIRO_93,C:\Users\luise\OneDrive\Documentos\DECAFIA_v2\01_dataset\decafia_clean\images\val\SANAS_SOCORRO_238.jpg,val,SANAS_SOCORRO_238,34,12
C:\Users\luise\OneDrive\Documentos\DECAFIA_v2\01_dataset\decafia_clean\images\train\MINEIRO_94.jpg,train,MINEIRO_94,C:\Users\luise\OneDrive\Documentos\DECAFIA_v2\01_dataset\decafia_clean\images\val\MINADOR_9.jpg,val,MINADOR_9,26,11
C:\Users\luise\OneDrive\Documentos\DECAFIA_v2\01_dataset\decafia_clean\images\train\MINEIRO_94.jpg,train,MINEIRO_94,C:\Users\luise\OneDrive\Documentos\DECAFIA_v2\01_dataset\decafia_clean\images\val\MINEIRO_96.jpg,val,MINEIRO_96,20,11
C:\Users\luise\OneDrive\Documentos\DECAFIA_v2\01_dataset\decafia_clean\images\train\MINEIRO_97.jpg,train,MINEIRO_97,C:\Users\luise\OneDrive\Documentos\DECAFIA_v2\01_dataset\decafia_clean\images\val\MINEIRO_77.jpg,val,MINEIRO_77,22,12
C:\Users\luise\OneDrive\Documentos\DECAFIA_v2\01_dataset\decafia_clean\images\train\MINEIRO_98.jpg,train,MINEIRO_98,C:\Users\luise\OneDrive\Documentos\DECAFIA_v2\01_dataset\decafia_clean\images\val\MINEIRO_96.jpg,val,MINEIRO_96,12,19
C:\Users\luise\OneDrive\Documentos\DECAFIA_v2\01_dataset\decafia_clean\images\train\MINEIRO_99.jpg,train,MINEIRO_99,C:\Users\luise\OneDrive\Documentos\DECAFIA_v2\01_dataset\decafia_clean\images\val\MINEIRO_44.jpg,val,MINEIRO_44,10,19
C:\Users\luise\OneDrive\Documentos\DECAFIA_v2\01_dataset\decafia_clean\images\train\MINEIRO_99.jpg,train,MINEIRO_99,C:\Users\luise\OneDrive\Documentos\DECAFIA_v2\01_dataset\decafia_clean\images\val\MINEIRO_80.jpg,val,MINEIRO_80,12,15
C:\Users\luise\OneDrive\Documentos\DECAFIA_v2\01_dataset\decafia_clean\images\train\MINEIRO_99.jpg,train,MINEIRO_99,C:\Users\luise\OneDrive\Documentos\DECAFIA_v2\01_dataset\decafia_clean\images\val\ROYA_FONDO_5.jpg,val,ROYA_FONDO_5,12,18
C:\Users\luise\OneDrive\Documentos\DECAFIA_v2\01_dataset\decafia_clean\images\train\ROYA_FONDO_10.jpg,train,ROYA_FONDO_10,C:\Users\luise\OneDrive\Documentos\DECAFIA_v2\01_dataset\decafia_clean\images\val\ROYA_FONDO_48.jpg,val,ROYA_FONDO_48,18,12
C:\Users\luise\OneDrive\Documentos\DECAFIA_v2\01_dataset\decafia_clean\images\train\ROYA_FONDO_11.jpg,train,ROYA_FONDO_11,C:\Users\luise\OneDrive\Documentos\DECAFIA_v2\01_dataset\decafia_clean\images\val\MINADOR_64.jpg,val,MINADOR_64,12,22
C:\Users\luise\OneDrive\Documentos\DECAFIA_v2\01_dataset\decafia_clean\images\train\ROYA_FONDO_13.jpg,train,ROYA_FONDO_13,C:\Users\luise\OneDrive\Documentos\DECAFIA_v2\01_dataset\decafia_clean\images\val\MINADOR_64.jpg,val,MINADOR_64,18,12
C:\Users\luise\OneDrive\Documentos\DECAFIA_v2\01_dataset\decafia_clean\images\train\ROYA_FONDO_18.jpg,train,ROYA_FONDO_18,C:\Users\luise\OneDrive\Documentos\DECAFIA_v2\01_dataset\decafia_clean\images\val\MINEIRO_52.jpg,val,MINEIRO_52,12,28
C:\Users\luise\OneDrive\Documentos\DECAFIA_v2\01_dataset\decafia_clean\images\train\ROYA_FONDO_2.jpg,train,ROYA_FONDO_2,C:\Users\luise\OneDrive\Documentos\DECAFIA_v2\01_dataset\decafia_clean\images\val\MINEIRO_61.jpg,val,MINEIRO_61,20,11
C:\Users\luise\OneDrive\Documentos\DECAFIA_v2\01_dataset\decafia_clean\images\train\ROYA_FONDO_2.jpg,train,ROYA_FONDO_2,C:\Users\luise\OneDrive\Documentos\DECAFIA_v2\01_dataset\decafia_clean\images\val\ROYA_FONDO_40.jpg,val,ROYA_FONDO_40,26,10
C:\Users\luise\OneDrive\Documentos\DECAFIA_v2\01_dataset\decafia_clean\images\train\ROYA_FONDO_20.jpg,train,ROYA_FONDO_20,C:\Users\luise\OneDrive\Documentos\DECAFIA_v2\01_dataset\decafia_clean\images\val\COCO_P_A_2.jpg,val,COCO_P_A_2,12,15
C:\Users\luise\OneDrive\Documentos\DECAFIA_v2\01_dataset\decafia_clean\images\train\ROYA_FONDO_24.jpg,train,ROYA_FONDO_24,C:\Users\luise\OneDrive\Documentos\DECAFIA_v2\01_dataset\decafia_clean\images\val\SANAS_SOCORRO_238.jpg,val,SANAS_SOCORRO_238,26,12
C:\Users\luise\OneDrive\Documentos\DECAFIA_v2\01_dataset\decafia_clean\images\train\ROYA_FONDO_25.jpg,train,ROYA_FONDO_25,C:\Users\luise\OneDrive\Documentos\DECAFIA_v2\01_dataset\decafia_clean\images\val\MINADOR_13.jpg,val,MINADOR_13,12,24
C:\Users\luise\OneDrive\Documentos\DECAFIA_v2\01_dataset\decafia_clean\images\train\ROYA_FONDO_25.jpg,train,ROYA_FONDO_25,C:\Users\luise\OneDrive\Documentos\DECAFIA_v2\01_dataset\decafia_clean\images\val\MINADOR_61.jpg,val,MINADOR_61,12,20
C:\Users\luise\OneDrive\Documentos\DECAFIA_v2\01_dataset\decafia_clean\images\train\ROYA_FONDO_25.jpg,train,ROYA_FONDO_25,C:\Users\luise\OneDrive\Documentos\DECAFIA_v2\01_dataset\decafia_clean\images\val\ROYA_FONDO_35.jpg,val,ROYA_FONDO_35,16,11
C:\Users\luise\OneDrive\Documentos\DECAFIA_v2\01_dataset\decafia_clean\images\train\ROYA_FONDO_25.jpg,train,ROYA_FONDO_25,C:\Users\luise\OneDrive\Documentos\DECAFIA_v2\01_dataset\decafia_clean\images\val\SANAS_NUEVAS_446.jpg,val,SANAS_NUEVAS_446,24,12
C:\Users\luise\OneDrive\Documentos\DECAFIA_v2\01_dataset\decafia_clean\images\train\ROYA_FONDO_28.jpg,train,ROYA_FONDO_28,C:\Users\luise\OneDrive\Documentos\DECAFIA_v2\01_dataset\decafia_clean\images\val\ROYA_FONDO_70.jpg,val,ROYA_FONDO_70,12,24
C:\Users\luise\OneDrive\Documentos\DECAFIA_v2\01_dataset\decafia_clean\images\train\ROYA_FONDO_3.jpg,train,ROYA_FONDO_3,C:\Users\luise\OneDrive\Documentos\DECAFIA_v2\01_dataset\decafia_clean\images\val\COCO_P_A_2.jpg,val,COCO_P_A_2,24,12
C:\Users\luise\OneDrive\Documentos\DECAFIA_v2\01_dataset\decafia_clean\images\train\ROYA_FONDO_38.jpg,train,ROYA_FONDO_38,C:\Users\luise\OneDrive\Documentos\DECAFIA_v2\01_dataset\decafia_clean\images\val\COCO_M_A_10.jpg,val,COCO_M_A_10,20,12
C:\Users\luise\OneDrive\Documentos\DECAFIA_v2\01_dataset\decafia_clean\images\train\ROYA_FONDO_38.jpg,train,ROYA_FONDO_38,C:\Users\luise\OneDrive\Documentos\DECAFIA_v2\01_dataset\decafia_clean\images\val\COCO_P_A_2.jpg,val,COCO_P_A_2,18,8
C:\Users\luise\OneDrive\Documentos\DECAFIA_v2\01_dataset\decafia_clean\images\train\ROYA_FONDO_38.jpg,train,ROYA_FONDO_38,C:\Users\luise\OneDrive\Documentos\DECAFIA_v2\01_dataset\decafia_clean\images\val\ROYA_FONDO_35.jpg,val,ROYA_FONDO_35,12,16
C:\Users\luise\OneDrive\Documentos\DECAFIA_v2\01_dataset\decafia_clean\images\train\ROYA_FONDO_42.jpg,train,ROYA_FONDO_42,C:\Users\luise\OneDrive\Documentos\DECAFIA_v2\01_dataset\decafia_clean\images\val\MINADOR_9.jpg,val,MINADOR_9,26,12
C:\Users\luise\OneDrive\Documentos\DECAFIA_v2\01_dataset\decafia_clean\images\train\ROYA_FONDO_42.jpg,train,ROYA_FONDO_42,C:\Users\luise\OneDrive\Documentos\DECAFIA_v2\01_dataset\decafia_clean\images\val\MINEIRO_108.jpg,val,MINEIRO_108,24,12
C:\Users\luise\OneDrive\Documentos\DECAFIA_v2\01_dataset\decafia_clean\images\train\ROYA_FONDO_45.jpg,train,ROYA_FONDO_45,C:\Users\luise\OneDrive\Documentos\DECAFIA_v2\01_dataset\decafia_clean\images\val\ROYA_FONDO_17.jpg,val,ROYA_FONDO_17,12,20
C:\Users\luise\OneDrive\Documentos\DECAFIA_v2\01_dataset\decafia_clean\images\train\ROYA_FONDO_51.jpg,train,ROYA_FONDO_51,C:\Users\luise\OneDrive\Documentos\DECAFIA_v2\01_dataset\decafia_clean\images\val\COCO_P_A_38.jpg,val,COCO_P_A_38,26,12
C:\Users\luise\OneDrive\Documentos\DECAFIA_v2\01_dataset\decafia_clean\images\train\ROYA_FONDO_51.jpg,train,ROYA_FONDO_51,C:\Users\luise\OneDrive\Documentos\DECAFIA_v2\01_dataset\decafia_clean\images\val\ROYA_FONDO_69.jpg,val,ROYA_FONDO_69,26,12
C:\Users\luise\OneDrive\Documentos\DECAFIA_v2\01_dataset\decafia_clean\images\train\ROYA_FONDO_51.jpg,train,ROYA_FONDO_51,C:\Users\luise\OneDrive\Documentos\DECAFIA_v2\01_dataset\decafia_clean\images\val\SANAS_SOCORRO_238.jpg,val,SANAS_SOCORRO_238,28,12
C:\Users\luise\OneDrive\Documentos\DECAFIA_v2\01_dataset\decafia_clean\images\train\ROYA_FONDO_55.jpg,train,ROYA_FONDO_55,C:\Users\luise\OneDrive\Documentos\DECAFIA_v2\01_dataset\decafia_clean\images\val\SANAS_SOCORRO_286.jpg,val,SANAS_SOCORRO_286,8,24
C:\Users\luise\OneDrive\Documentos\DECAFIA_v2\01_dataset\decafia_clean\images\train\ROYA_FONDO_60.jpg,train,ROYA_FONDO_60,C:\Users\luise\OneDrive\Documentos\DECAFIA_v2\01_dataset\decafia_clean\images\val\MINEIRO_3.jpg,val,MINEIRO_3,26,12
C:\Users\luise\OneDrive\Documentos\DECAFIA_v2\01_dataset\decafia_clean\images\train\ROYA_FONDO_60.jpg,train,ROYA_FONDO_60,C:\Users\luise\OneDrive\Documentos\DECAFIA_v2\01_dataset\decafia_clean\images\val\ROYA_FONDO_35.jpg,val,ROYA_FONDO_35,22,11
C:\Users\luise\OneDrive\Documentos\DECAFIA_v2\01_dataset\decafia_clean\images\train\ROYA_FONDO_65.jpg,train,ROYA_FONDO_65,C:\Users\luise\OneDrive\Documentos\DECAFIA_v2\01_dataset\decafia_clean\images\val\SANAS_SOCORRO_426.jpg,val,SANAS_SOCORRO_426,30,11
C:\Users\luise\OneDrive\Documentos\DECAFIA_v2\01_dataset\decafia_clean\images\train\ROYA_FONDO_71.jpg,train,ROYA_FONDO_71,C:\Users\luise\OneDrive\Documentos\DECAFIA_v2\01_dataset\decafia_clean\images\val\ROYA_FONDO_48.jpg,val,ROYA_FONDO_48,18,11
C:\Users\luise\OneDrive\Documentos\DECAFIA_v2\01_dataset\decafia_clean\images\train\ROYA_FONDO_74.jpg,train,ROYA_FONDO_74,C:\Users\luise\OneDrive\Documentos\DECAFIA_v2\01_dataset\decafia_clean\images\val\COCO_P_A_2.jpg,val,COCO_P_A_2,18,11
C:\Users\luise\OneDrive\Documentos\DECAFIA_v2\01_dataset\decafia_clean\images\train\ROYA_FONDO_74.jpg,train,ROYA_FONDO_74,C:\Users\luise\OneDrive\Documentos\DECAFIA_v2\01_dataset\decafia_clean\images\val\COCO_P_A_77.jpg,val,COCO_P_A_77,28,12
C:\Users\luise\OneDrive\Documentos\DECAFIA_v2\01_dataset\decafia_clean\images\train\ROYA_FONDO_74.jpg,train,ROYA_FONDO_74,C:\Users\luise\OneDrive\Documentos\DECAFIA_v2\01_dataset\decafia_clean\images\val\MINEIRO_96.jpg,val,MINEIRO_96,28,12
C:\Users\luise\OneDrive\Documentos\DECAFIA_v2\01_dataset\decafia_clean\images\train\ROYA_FONDO_74.jpg,train,ROYA_FONDO_74,C:\Users\luise\OneDrive\Documentos\DECAFIA_v2\01_dataset\decafia_clean\images\val\ROYA_FONDO_40.jpg,val,ROYA_FONDO_40,22,12
C:\Users\luise\OneDrive\Documentos\DECAFIA_v2\01_dataset\decafia_clean\images\train\ROYA_FONDO_74.jpg,train,ROYA_FONDO_74,C:\Users\luise\OneDrive\Documentos\DECAFIA_v2\01_dataset\decafia_clean\images\val\ROYA_FONDO_48.jpg,val,ROYA_FONDO_48,22,7
C:\Users\luise\OneDrive\Documentos\DECAFIA_v2\01_dataset\decafia_clean\images\train\ROYA_FONDO_74.jpg,train,ROYA_FONDO_74,C:\Users\luise\OneDrive\Documentos\DECAFIA_v2\01_dataset\decafia_clean\images\val\SANAS_NUEVAS_427.jpg,val,SANAS_NUEVAS_427,24,10
C:\Users\luise\OneDrive\Documentos\DECAFIA_v2\01_dataset\decafia_clean\images\train\ROYA_FONDO_75.jpg,train,ROYA_FONDO_75,C:\Users\luise\OneDrive\Documentos\DECAFIA_v2\01_dataset\decafia_clean\images\val\SANAS_SOCORRO_286.jpg,val,SANAS_SOCORRO_286,10,24
C:\Users\luise\OneDrive\Documentos\DECAFIA_v2\01_dataset\decafia_clean\images\train\ROYA_FONDO_77.jpg,train,ROYA_FONDO_77,C:\Users\luise\OneDrive\Documentos\DECAFIA_v2\01_dataset\decafia_clean\images\val\MINADOR_13.jpg,val,MINADOR_13,12,29
C:\Users\luise\OneDrive\Documentos\DECAFIA_v2\01_dataset\decafia_clean\images\train\ROYA_FONDO_77.jpg,train,ROYA_FONDO_77,C:\Users\luise\OneDrive\Documentos\DECAFIA_v2\01_dataset\decafia_clean\images\val\ROYA_FONDO_35.jpg,val,ROYA_FONDO_35,8,24
C:\Users\luise\OneDrive\Documentos\DECAFIA_v2\01_dataset\decafia_clean\images\train\ROYA_FONDO_79.jpg,train,ROYA_FONDO_79,C:\Users\luise\OneDrive\Documentos\DECAFIA_v2\01_dataset\decafia_clean\images\val\COCO_P_A_2.jpg,val,COCO_P_A_2,22,12
C:\Users\luise\OneDrive\Documentos\DECAFIA_v2\01_dataset\decafia_clean\images\train\ROYA_FONDO_79.jpg,train,ROYA_FONDO_79,C:\Users\luise\OneDrive\Documentos\DECAFIA_v2\01_dataset\decafia_clean\images\val\MINEIRO_77.jpg,val,MINEIRO_77,14,12
C:\Users\luise\OneDrive\Documentos\DECAFIA_v2\01_dataset\decafia_clean\images\train\ROYA_FONDO_79.jpg,train,ROYA_FONDO_79,C:\Users\luise\OneDrive\Documentos\DECAFIA_v2\01_dataset\decafia_clean\images\val\MINEIRO_89.jpg,val,MINEIRO_89,12,18
C:\Users\luise\OneDrive\Documentos\DECAFIA_v2\01_dataset\decafia_clean\images\train\ROYA_FONDO_83.jpg,train,ROYA_FONDO_83,C:\Users\luise\OneDrive\Documentos\DECAFIA_v2\01_dataset\decafia_clean\images\val\MINEIRO_77.jpg,val,MINEIRO_77,24,11
C:\Users\luise\OneDrive\Documentos\DECAFIA_v2\01_dataset\decafia_clean\images\train\ROYA_FONDO_83.jpg,train,ROYA_FONDO_83,C:\Users\luise\OneDrive\Documentos\DECAFIA_v2\01_dataset\decafia_clean\images\val\SANAS_SOCORRO_238.jpg,val,SANAS_SOCORRO_238,26,11
C:\Users\luise\OneDrive\Documentos\DECAFIA_v2\01_dataset\decafia_clean\images\train\ROYA_FONDO_9.jpg,train,ROYA_FONDO_9,C:\Users\luise\OneDrive\Documentos\DECAFIA_v2\01_dataset\decafia_clean\images\val\ROYA_FONDO_48.jpg,val,ROYA_FONDO_48,24,10
C:\Users\luise\OneDrive\Documentos\DECAFIA_v2\01_dataset\decafia_clean\images\train\ROYA_FONDO_90.jpg,train,ROYA_FONDO_90,C:\Users\luise\OneDrive\Documentos\DECAFIA_v2\01_dataset\decafia_clean\images\val\ROYA_FONDO_27.jpg,val,ROYA_FONDO_27,20,12
C:\Users\luise\OneDrive\Documentos\DECAFIA_v2\01_dataset\decafia_clean\images\train\ROYA_FONDO_90.jpg,train,ROYA_FONDO_90,C:\Users\luise\OneDrive\Documentos\DECAFIA_v2\01_dataset\decafia_clean\images\val\ROYA_FONDO_5.jpg,val,ROYA_FONDO_5,24,10
C:\Users\luise\OneDrive\Documentos\DECAFIA_v2\01_dataset\decafia_clean\images\train\ROYA_FONDO_90.jpg,train,ROYA_FONDO_90,C:\Users\luise\OneDrive\Documentos\DECAFIA_v2\01_dataset\decafia_clean\images\val\SANAS_SOCORRO_190.jpg,val,SANAS_SOCORRO_190,26,12
C:\Users\luise\OneDrive\Documentos\DECAFIA_v2\01_dataset\decafia_clean\images\train\ROYA_MA_19.jpg,train,ROYA_MA_19,C:\Users\luise\OneDrive\Documentos\DECAFIA_v2\01_dataset\decafia_clean\images\val\COCO_M_A_5.jpg,val,COCO_M_A_5,12,32
C:\Users\luise\OneDrive\Documentos\DECAFIA_v2\01_dataset\decafia_clean\images\train\ROYA_MA_22.jpg,train,ROYA_MA_22,C:\Users\luise\OneDrive\Documentos\DECAFIA_v2\01_dataset\decafia_clean\images\val\ROYA_P_A_9.jpg,val,ROYA_P_A_9,24,12
C:\Users\luise\OneDrive\Documentos\DECAFIA_v2\01_dataset\decafia_clean\images\train\ROYA_MA_50.jpg,train,ROYA_MA_50,C:\Users\luise\OneDrive\Documentos\DECAFIA_v2\01_dataset\decafia_clean\images\val\ROYA_MA_37.jpg,val,ROYA_MA_37,14,8
C:\Users\luise\OneDrive\Documentos\DECAFIA_v2\01_dataset\decafia_clean\images\train\ROYA_P_A_41.jpg,train,ROYA_P_A_41,C:\Users\luise\OneDrive\Documentos\DECAFIA_v2\01_dataset\decafia_clean\images\val\ROYA_MA_11.jpg,val,ROYA_MA_11,12,26
C:\Users\luise\OneDrive\Documentos\DECAFIA_v2\01_dataset\decafia_clean\images\train\SANAS_NUEVAS_1.jpg,train,SANAS_NUEVAS_1,C:\Users\luise\OneDrive\Documentos\DECAFIA_v2\01_dataset\decafia_clean\images\val\SANAS_SOCORRO_2.jpg,val,SANAS_SOCORRO_2,0,0
C:\Users\luise\OneDrive\Documentos\DECAFIA_v2\01_dataset\decafia_clean\images\train\SANAS_NUEVAS_108.jpg,train,SANAS_NUEVAS_108,C:\Users\luise\OneDrive\Documentos\DECAFIA_v2\01_dataset\decafia_clean\images\val\SANAS_NUEVAS_417.jpg,val,SANAS_NUEVAS_417,12,21
C:\Users\luise\OneDrive\Documentos\DECAFIA_v2\01_dataset\decafia_clean\images\train\SANAS_NUEVAS_216.jpg,train,SANAS_NUEVAS_216,C:\Users\luise\OneDrive\Documentos\DECAFIA_v2\01_dataset\decafia_clean\images\val\SANAS_NUEVAS_375.jpg,val,SANAS_NUEVAS_375,16,12
C:\Users\luise\OneDrive\Documentos\DECAFIA_v2\01_dataset\decafia_clean\images\train\SANAS_NUEVAS_221.jpg,train,SANAS_NUEVAS_221,C:\Users\luise\OneDrive\Documentos\DECAFIA_v2\01_dataset\decafia_clean\images\val\SANAS_NUEVAS_342.jpg,val,SANAS_NUEVAS_342,12,31
C:\Users\luise\OneDrive\Documentos\DECAFIA_v2\01_dataset\decafia_clean\images\train\SANAS_NUEVAS_233.jpg,train,SANAS_NUEVAS_233,C:\Users\luise\OneDrive\Documentos\DECAFIA_v2\01_dataset\decafia_clean\images\val\SANAS_NUEVAS_203.jpg,val,SANAS_NUEVAS_203,18,12
C:\Users\luise\OneDrive\Documentos\DECAFIA_v2\01_dataset\decafia_clean\images\train\SANAS_NUEVAS_239.jpg,train,SANAS_NUEVAS_239,C:\Users\luise\OneDrive\Documentos\DECAFIA_v2\01_dataset\decafia_clean\images\val\SANAS_NUEVAS_92.jpg,val,SANAS_NUEVAS_92,12,25
C:\Users\luise\OneDrive\Documentos\DECAFIA_v2\01_dataset\decafia_clean\images\train\SANAS_NUEVAS_274.jpg,train,SANAS_NUEVAS_274,C:\Users\luise\OneDrive\Documentos\DECAFIA_v2\01_dataset\decafia_clean\images\val\SANAS_SOCORRO_48.jpg,val,SANAS_SOCORRO_48,0,0
C:\Users\luise\OneDrive\Documentos\DECAFIA_v2\01_dataset\decafia_clean\images\train\SANAS_NUEVAS_277.jpg,train,SANAS_NUEVAS_277,C:\Users\luise\OneDrive\Documentos\DECAFIA_v2\01_dataset\decafia_clean\images\val\SANAS_SOCORRO_53.jpg,val,SANAS_SOCORRO_53,0,0
C:\Users\luise\OneDrive\Documentos\DECAFIA_v2\01_dataset\decafia_clean\images\train\SANAS_NUEVAS_293.jpg,train,SANAS_NUEVAS_293,C:\Users\luise\OneDrive\Documentos\DECAFIA_v2\01_dataset\decafia_clean\images\val\MINADO_RECORTES_98.jpg,val,MINADO_RECORTES_98,24,11
C:\Users\luise\OneDrive\Documentos\DECAFIA_v2\01_dataset\decafia_clean\images\train\SANAS_NUEVAS_327.jpg,train,SANAS_NUEVAS_327,C:\Users\luise\OneDrive\Documentos\DECAFIA_v2\01_dataset\decafia_clean\images\val\MINEIRO_50.jpg,val,MINEIRO_50,20,12
C:\Users\luise\OneDrive\Documentos\DECAFIA_v2\01_dataset\decafia_clean\images\train\SANAS_NUEVAS_329.jpg,train,SANAS_NUEVAS_329,C:\Users\luise\OneDrive\Documentos\DECAFIA_v2\01_dataset\decafia_clean\images\val\MINEIRO_89.jpg,val,MINEIRO_89,12,24
C:\Users\luise\OneDrive\Documentos\DECAFIA_v2\01_dataset\decafia_clean\images\train\SANAS_NUEVAS_330.jpg,train,SANAS_NUEVAS_330,C:\Users\luise\OneDrive\Documentos\DECAFIA_v2\01_dataset\decafia_clean\images\val\COCO_P_A_2.jpg,val,COCO_P_A_2,26,12
C:\Users\luise\OneDrive\Documentos\DECAFIA_v2\01_dataset\decafia_clean\images\train\SANAS_NUEVAS_335.jpg,train,SANAS_NUEVAS_335,C:\Users\luise\OneDrive\Documentos\DECAFIA_v2\01_dataset\decafia_clean\images\val\SANAS_SOCORRO_153.jpg,val,SANAS_SOCORRO_153,0,0
C:\Users\luise\OneDrive\Documentos\DECAFIA_v2\01_dataset\decafia_clean\images\train\SANAS_NUEVAS_343.jpg,train,SANAS_NUEVAS_343,C:\Users\luise\OneDrive\Documentos\DECAFIA_v2\01_dataset\decafia_clean\images\val\ROYA_FONDO_69.jpg,val,ROYA_FONDO_69,28,11
C:\Users\luise\OneDrive\Documentos\DECAFIA_v2\01_dataset\decafia_clean\images\train\SANAS_NUEVAS_366.jpg,train,SANAS_NUEVAS_366,C:\Users\luise\OneDrive\Documentos\DECAFIA_v2\01_dataset\decafia_clean\images\val\SANAS_SOCORRO_190.jpg,val,SANAS_SOCORRO_190,0,20
C:\Users\luise\OneDrive\Documentos\DECAFIA_v2\01_dataset\decafia_clean\images\train\SANAS_NUEVAS_369.jpg,train,SANAS_NUEVAS_369,C:\Users\luise\OneDrive\Documentos\DECAFIA_v2\01_dataset\decafia_clean\images\val\SANAS_NUEVAS_368.jpg,val,SANAS_NUEVAS_368,12,10
C:\Users\luise\OneDrive\Documentos\DECAFIA_v2\01_dataset\decafia_clean\images\train\SANAS_NUEVAS_371.jpg,train,SANAS_NUEVAS_371,C:\Users\luise\OneDrive\Documentos\DECAFIA_v2\01_dataset\decafia_clean\images\val\MINADOR_9.jpg,val,MINADOR_9,26,10
C:\Users\luise\OneDrive\Documentos\DECAFIA_v2\01_dataset\decafia_clean\images\train\SANAS_NUEVAS_380.jpg,train,SANAS_NUEVAS_380,C:\Users\luise\OneDrive\Documentos\DECAFIA_v2\01_dataset\decafia_clean\images\val\SANAS_SOCORRO_207.jpg,val,SANAS_SOCORRO_207,0,0
C:\Users\luise\OneDrive\Documentos\DECAFIA_v2\01_dataset\decafia_clean\images\train\SANAS_NUEVAS_381.jpg,train,SANAS_NUEVAS_381,C:\Users\luise\OneDrive\Documentos\DECAFIA_v2\01_dataset\decafia_clean\images\val\SANAS_SOCORRO_207.jpg,val,SANAS_SOCORRO_207,12,19
C:\Users\luise\OneDrive\Documentos\DECAFIA_v2\01_dataset\decafia_clean\images\train\SANAS_NUEVAS_399.jpg,train,SANAS_NUEVAS_399,C:\Users\luise\OneDrive\Documentos\DECAFIA_v2\01_dataset\decafia_clean\images\val\MINEIRO_44.jpg,val,MINEIRO_44,10,24
C:\Users\luise\OneDrive\Documentos\DECAFIA_v2\01_dataset\decafia_clean\images\train\SANAS_NUEVAS_399.jpg,train,SANAS_NUEVAS_399,C:\Users\luise\OneDrive\Documentos\DECAFIA_v2\01_dataset\decafia_clean\images\val\MINEIRO_80.jpg,val,MINEIRO_80,12,12
C:\Users\luise\OneDrive\Documentos\DECAFIA_v2\01_dataset\decafia_clean\images\train\SANAS_NUEVAS_4.jpg,train,SANAS_NUEVAS_4,C:\Users\luise\OneDrive\Documentos\DECAFIA_v2\01_dataset\decafia_clean\images\val\SANAS_SOCORRO_6.jpg,val,SANAS_SOCORRO_6,0,28
C:\Users\luise\OneDrive\Documentos\DECAFIA_v2\01_dataset\decafia_clean\images\train\SANAS_NUEVAS_405.jpg,train,SANAS_NUEVAS_405,C:\Users\luise\OneDrive\Documentos\DECAFIA_v2\01_dataset\decafia_clean\images\val\MINEIRO_61.jpg,val,MINEIRO_61,24,12
C:\Users\luise\OneDrive\Documentos\DECAFIA_v2\01_dataset\decafia_clean\images\train\SANAS_NUEVAS_405.jpg,train,SANAS_NUEVAS_405,C:\Users\luise\OneDrive\Documentos\DECAFIA_v2\01_dataset\decafia_clean\images\val\ROYA_FONDO_48.jpg,val,ROYA_FONDO_48,20,12
C:\Users\luise\OneDrive\Documentos\DECAFIA_v2\01_dataset\decafia_clean\images\train\SANAS_NUEVAS_405.jpg,train,SANAS_NUEVAS_405,C:\Users\luise\OneDrive\Documentos\DECAFIA_v2\01_dataset\decafia_clean\images\val\SANAS_NUEVAS_427.jpg,val,SANAS_NUEVAS_427,32,11
C:\Users\luise\OneDrive\Documentos\DECAFIA_v2\01_dataset\decafia_clean\images\train\SANAS_NUEVAS_411.jpg,train,SANAS_NUEVAS_411,C:\Users\luise\OneDrive\Documentos\DECAFIA_v2\01_dataset\decafia_clean\images\val\MINEIRO_96.jpg,val,MINEIRO_96,28,12
C:\Users\luise\OneDrive\Documentos\DECAFIA_v2\01_dataset\decafia_clean\images\train\SANAS_NUEVAS_412.jpg,train,SANAS_NUEVAS_412,C:\Users\luise\OneDrive\Documentos\DECAFIA_v2\01_dataset\decafia_clean\images\val\ROYA_P_A_42.jpg,val,ROYA_P_A_42,18,12
C:\Users\luise\OneDrive\Documentos\DECAFIA_v2\01_dataset\decafia_clean\images\train\SANAS_NUEVAS_414.jpg,train,SANAS_NUEVAS_414,C:\Users\luise\OneDrive\Documentos\DECAFIA_v2\01_dataset\decafia_clean\images\val\MINADOR_61.jpg,val,MINADOR_61,18,11
C:\Users\luise\OneDrive\Documentos\DECAFIA_v2\01_dataset\decafia_clean\images\train\SANAS_NUEVAS_414.jpg,train,SANAS_NUEVAS_414,C:\Users\luise\OneDrive\Documentos\DECAFIA_v2\01_dataset\decafia_clean\images\val\SANAS_NUEVAS_417.jpg,val,SANAS_NUEVAS_417,12,16
C:\Users\luise\OneDrive\Documentos\DECAFIA_v2\01_dataset\decafia_clean\images\train\SANAS_NUEVAS_431.jpg,train,SANAS_NUEVAS_431,C:\Users\luise\OneDrive\Documentos\DECAFIA_v2\01_dataset\decafia_clean\images\val\SANAS_SOCORRO_286.jpg,val,SANAS_SOCORRO_286,12,20
C:\Users\luise\OneDrive\Documentos\DECAFIA_v2\01_dataset\decafia_clean\images\train\SANAS_NUEVAS_442.jpg,train,SANAS_NUEVAS_442,C:\Users\luise\OneDrive\Documentos\DECAFIA_v2\01_dataset\decafia_clean\images\val\MINEIRO_89.jpg,val,MINEIRO_89,18,11
C:\Users\luise\OneDrive\Documentos\DECAFIA_v2\01_dataset\decafia_clean\images\train\SANAS_NUEVAS_442.jpg,train,SANAS_NUEVAS_442,C:\Users\luise\OneDrive\Documentos\DECAFIA_v2\01_dataset\decafia_clean\images\val\ROYA_FONDO_35.jpg,val,ROYA_FONDO_35,14,11
C:\Users\luise\OneDrive\Documentos\DECAFIA_v2\01_dataset\decafia_clean\images\train\SANAS_NUEVAS_443.jpg,train,SANAS_NUEVAS_443,C:\Users\luise\OneDrive\Documentos\DECAFIA_v2\01_dataset\decafia_clean\images\val\SANAS_SOCORRO_286.jpg,val,SANAS_SOCORRO_286,0,0
C:\Users\luise\OneDrive\Documentos\DECAFIA_v2\01_dataset\decafia_clean\images\train\SANAS_NUEVAS_444.jpg,train,SANAS_NUEVAS_444,C:\Users\luise\OneDrive\Documentos\DECAFIA_v2\01_dataset\decafia_clean\images\val\ROYA_FONDO_17.jpg,val,ROYA_FONDO_17,30,11
C:\Users\luise\OneDrive\Documentos\DECAFIA_v2\01_dataset\decafia_clean\images\train\SANAS_NUEVAS_455.jpg,train,SANAS_NUEVAS_455,C:\Users\luise\OneDrive\Documentos\DECAFIA_v2\01_dataset\decafia_clean\images\val\SANAS_SOCORRO_301.jpg,val,SANAS_SOCORRO_301,0,0
C:\Users\luise\OneDrive\Documentos\DECAFIA_v2\01_dataset\decafia_clean\images\train\SANAS_NUEVAS_468.jpg,train,SANAS_NUEVAS_468,C:\Users\luise\OneDrive\Documentos\DECAFIA_v2\01_dataset\decafia_clean\images\val\SANAS_SOCORRO_316.jpg,val,SANAS_SOCORRO_316,2,0
C:\Users\luise\OneDrive\Documentos\DECAFIA_v2\01_dataset\decafia_clean\images\train\SANAS_NUEVAS_477.jpg,train,SANAS_NUEVAS_477,C:\Users\luise\OneDrive\Documentos\DECAFIA_v2\01_dataset\decafia_clean\images\val\SANAS_SOCORRO_327.jpg,val,SANAS_SOCORRO_327,0,0
C:\Users\luise\OneDrive\Documentos\DECAFIA_v2\01_dataset\decafia_clean\images\train\SANAS_NUEVAS_478.jpg,train,SANAS_NUEVAS_478,C:\Users\luise\OneDrive\Documentos\DECAFIA_v2\01_dataset\decafia_clean\images\val\SANAS_SOCORRO_327.jpg,val,SANAS_SOCORRO_327,12,29
C:\Users\luise\OneDrive\Documentos\DECAFIA_v2\01_dataset\decafia_clean\images\train\SANAS_NUEVAS_485.jpg,train,SANAS_NUEVAS_485,C:\Users\luise\OneDrive\Documentos\DECAFIA_v2\01_dataset\decafia_clean\images\val\SANAS_SOCORRO_338.jpg,val,SANAS_SOCORRO_338,0,0
C:\Users\luise\OneDrive\Documentos\DECAFIA_v2\01_dataset\decafia_clean\images\train\SANAS_NUEVAS_497.jpg,train,SANAS_NUEVAS_497,C:\Users\luise\OneDrive\Documentos\DECAFIA_v2\01_dataset\decafia_clean\images\val\SANAS_SOCORRO_353.jpg,val,SANAS_SOCORRO_353,0,0
C:\Users\luise\OneDrive\Documentos\DECAFIA_v2\01_dataset\decafia_clean\images\train\SANAS_NUEVAS_541.jpg,train,SANAS_NUEVAS_541,C:\Users\luise\OneDrive\Documentos\DECAFIA_v2\01_dataset\decafia_clean\images\val\SANAS_NUEVAS_513.jpg,val,SANAS_NUEVAS_513,22,11
C:\Users\luise\OneDrive\Documentos\DECAFIA_v2\01_dataset\decafia_clean\images\train\SANAS_NUEVAS_556.jpg,train,SANAS_NUEVAS_556,C:\Users\luise\OneDrive\Documentos\DECAFIA_v2\01_dataset\decafia_clean\images\val\SANAS_NUEVAS_445.jpg,val,SANAS_NUEVAS_445,12,22
C:\Users\luise\OneDrive\Documentos\DECAFIA_v2\01_dataset\decafia_clean\images\train\SANAS_NUEVAS_567.jpg,train,SANAS_NUEVAS_567,C:\Users\luise\OneDrive\Documentos\DECAFIA_v2\01_dataset\decafia_clean\images\val\SANAS_SOCORRO_456.jpg,val,SANAS_SOCORRO_456,16,9
C:\Users\luise\OneDrive\Documentos\DECAFIA_v2\01_dataset\decafia_clean\images\train\SANAS_NUEVAS_572.jpg,train,SANAS_NUEVAS_572,C:\Users\luise\OneDrive\Documentos\DECAFIA_v2\01_dataset\decafia_clean\images\val\SANAS_NUEVAS_40.jpg,val,SANAS_NUEVAS_40,22,12
C:\Users\luise\OneDrive\Documentos\DECAFIA_v2\01_dataset\decafia_clean\images\train\SANAS_NUEVAS_573.jpg,train,SANAS_NUEVAS_573,C:\Users\luise\OneDrive\Documentos\DECAFIA_v2\01_dataset\decafia_clean\images\val\SANAS_SOCORRO_462.jpg,val,SANAS_SOCORRO_462,0,30
C:\Users\luise\OneDrive\Documentos\DECAFIA_v2\01_dataset\decafia_clean\images\train\SANAS_NUEVAS_574.jpg,train,SANAS_NUEVAS_574,C:\Users\luise\OneDrive\Documentos\DECAFIA_v2\01_dataset\decafia_clean\images\val\SANAS_SOCORRO_462.jpg,val,SANAS_SOCORRO_462,12,27
C:\Users\luise\OneDrive\Documentos\DECAFIA_v2\01_dataset\decafia_clean\images\train\SANAS_NUEVAS_580.jpg,train,SANAS_NUEVAS_580,C:\Users\luise\OneDrive\Documentos\DECAFIA_v2\01_dataset\decafia_clean\images\val\SANAS_SOCORRO_470.jpg,val,SANAS_SOCORRO_470,0,0
C:\Users\luise\OneDrive\Documentos\DECAFIA_v2\01_dataset\decafia_clean\images\train\SANAS_NUEVAS_74.jpg,train,SANAS_NUEVAS_74,C:\Users\luise\OneDrive\Documentos\DECAFIA_v2\01_dataset\decafia_clean\images\val\MINADOR_72.jpg,val,MINADOR_72,24,12
C:\Users\luise\OneDrive\Documentos\DECAFIA_v2\01_dataset\decafia_clean\images\train\SANAS_SOCORRO_144.jpg,train,SANAS_SOCORRO_144,C:\Users\luise\OneDrive\Documentos\DECAFIA_v2\01_dataset\decafia_clean\images\val\ROYA_FONDO_27.jpg,val,ROYA_FONDO_27,24,11
C:\Users\luise\OneDrive\Documentos\DECAFIA_v2\01_dataset\decafia_clean\images\train\SANAS_SOCORRO_145.jpg,train,SANAS_SOCORRO_145,C:\Users\luise\OneDrive\Documentos\DECAFIA_v2\01_dataset\decafia_clean\images\val\MINEIRO_89.jpg,val,MINEIRO_89,12,24
C:\Users\luise\OneDrive\Documentos\DECAFIA_v2\01_dataset\decafia_clean\images\train\SANAS_SOCORRO_154.jpg,train,SANAS_SOCORRO_154,C:\Users\luise\OneDrive\Documentos\DECAFIA_v2\01_dataset\decafia_clean\images\val\MINADOR_72.jpg,val,MINADOR_72,22,10
C:\Users\luise\OneDrive\Documentos\DECAFIA_v2\01_dataset\decafia_clean\images\train\SANAS_SOCORRO_160.jpg,train,SANAS_SOCORRO_160,C:\Users\luise\OneDrive\Documentos\DECAFIA_v2\01_dataset\decafia_clean\images\val\ROYA_FONDO_35.jpg,val,ROYA_FONDO_35,10,25
C:\Users\luise\OneDrive\Documentos\DECAFIA_v2\01_dataset\decafia_clean\images\train\SANAS_SOCORRO_162.jpg,train,SANAS_SOCORRO_162,C:\Users\luise\OneDrive\Documentos\DECAFIA_v2\01_dataset\decafia_clean\images\val\MINEIRO_77.jpg,val,MINEIRO_77,12,22
C:\Users\luise\OneDrive\Documentos\DECAFIA_v2\01_dataset\decafia_clean\images\train\SANAS_SOCORRO_162.jpg,train,SANAS_SOCORRO_162,C:\Users\luise\OneDrive\Documentos\DECAFIA_v2\01_dataset\decafia_clean\images\val\MINEIRO_89.jpg,val,MINEIRO_89,12,26
C:\Users\luise\OneDrive\Documentos\DECAFIA_v2\01_dataset\decafia_clean\images\train\SANAS_SOCORRO_162.jpg,train,SANAS_SOCORRO_162,C:\Users\luise\OneDrive\Documentos\DECAFIA_v2\01_dataset\decafia_clean\images\val\SANAS_NUEVAS_342.jpg,val,SANAS_NUEVAS_342,0,0
C:\Users\luise\OneDrive\Documentos\DECAFIA_v2\01_dataset\decafia_clean\images\train\SANAS_SOCORRO_166.jpg,train,SANAS_SOCORRO_166,C:\Users\luise\OneDrive\Documentos\DECAFIA_v2\01_dataset\decafia_clean\images\val\SANAS_SOCORRO_167.jpg,val,SANAS_SOCORRO_167,8,17
C:\Users\luise\OneDrive\Documentos\DECAFIA_v2\01_dataset\decafia_clean\images\train\SANAS_SOCORRO_196.jpg,train,SANAS_SOCORRO_196,C:\Users\luise\OneDrive\Documentos\DECAFIA_v2\01_dataset\decafia_clean\images\val\MINEIRO_44.jpg,val,MINEIRO_44,12,26
C:\Users\luise\OneDrive\Documentos\DECAFIA_v2\01_dataset\decafia_clean\images\train\SANAS_SOCORRO_220.jpg,train,SANAS_SOCORRO_220,C:\Users\luise\OneDrive\Documentos\DECAFIA_v2\01_dataset\decafia_clean\images\val\SANAS_NUEVAS_425.jpg,val,SANAS_NUEVAS_425,26,12
C:\Users\luise\OneDrive\Documentos\DECAFIA_v2\01_dataset\decafia_clean\images\train\SANAS_SOCORRO_231.jpg,train,SANAS_SOCORRO_231,C:\Users\luise\OneDrive\Documentos\DECAFIA_v2\01_dataset\decafia_clean\images\val\MINEIRO_92.jpg,val,MINEIRO_92,12,26
C:\Users\luise\OneDrive\Documentos\DECAFIA_v2\01_dataset\decafia_clean\images\train\SANAS_SOCORRO_232.jpg,train,SANAS_SOCORRO_232,C:\Users\luise\OneDrive\Documentos\DECAFIA_v2\01_dataset\decafia_clean\images\val\MINEIRO_44.jpg,val,MINEIRO_44,10,24
C:\Users\luise\OneDrive\Documentos\DECAFIA_v2\01_dataset\decafia_clean\images\train\SANAS_SOCORRO_232.jpg,train,SANAS_SOCORRO_232,C:\Users\luise\OneDrive\Documentos\DECAFIA_v2\01_dataset\decafia_clean\images\val\MINEIRO_80.jpg,val,MINEIRO_80,12,12
C:\Users\luise\OneDrive\Documentos\DECAFIA_v2\01_dataset\decafia_clean\images\train\SANAS_SOCORRO_239.jpg,train,SANAS_SOCORRO_239,C:\Users\luise\OneDrive\Documentos\DECAFIA_v2\01_dataset\decafia_clean\images\val\MINEIRO_61.jpg,val,MINEIRO_61,24,12
C:\Users\luise\OneDrive\Documentos\DECAFIA_v2\01_dataset\decafia_clean\images\train\SANAS_SOCORRO_239.jpg,train,SANAS_SOCORRO_239,C:\Users\luise\OneDrive\Documentos\DECAFIA_v2\01_dataset\decafia_clean\images\val\ROYA_FONDO_48.jpg,val,ROYA_FONDO_48,20,12
C:\Users\luise\OneDrive\Documentos\DECAFIA_v2\01_dataset\decafia_clean\images\train\SANAS_SOCORRO_239.jpg,train,SANAS_SOCORRO_239,C:\Users\luise\OneDrive\Documentos\DECAFIA_v2\01_dataset\decafia_clean\images\val\SANAS_NUEVAS_427.jpg,val,SANAS_NUEVAS_427,32,11
C:\Users\luise\OneDrive\Documentos\DECAFIA_v2\01_dataset\decafia_clean\images\train\SANAS_SOCORRO_250.jpg,train,SANAS_SOCORRO_250,C:\Users\luise\OneDrive\Documentos\DECAFIA_v2\01_dataset\decafia_clean\images\val\SANAS_SOCORRO_190.jpg,val,SANAS_SOCORRO_190,28,12
C:\Users\luise\OneDrive\Documentos\DECAFIA_v2\01_dataset\decafia_clean\images\train\SANAS_SOCORRO_254.jpg,train,SANAS_SOCORRO_254,C:\Users\luise\OneDrive\Documentos\DECAFIA_v2\01_dataset\decafia_clean\images\val\SANAS_NUEVAS_417.jpg,val,SANAS_NUEVAS_417,0,0
C:\Users\luise\OneDrive\Documentos\DECAFIA_v2\01_dataset\decafia_clean\images\train\SANAS_SOCORRO_258.jpg,train,SANAS_SOCORRO_258,C:\Users\luise\OneDrive\Documentos\DECAFIA_v2\01_dataset\decafia_clean\images\val\SANAS_NUEVAS_421.jpg,val,SANAS_NUEVAS_421,0,1
C:\Users\luise\OneDrive\Documentos\DECAFIA_v2\01_dataset\decafia_clean\images\train\SANAS_SOCORRO_259.jpg,train,SANAS_SOCORRO_259,C:\Users\luise\OneDrive\Documentos\DECAFIA_v2\01_dataset\decafia_clean\images\val\ROYA_FONDO_35.jpg,val,ROYA_FONDO_35,12,19
C:\Users\luise\OneDrive\Documentos\DECAFIA_v2\01_dataset\decafia_clean\images\train\SANAS_SOCORRO_264.jpg,train,SANAS_SOCORRO_264,C:\Users\luise\OneDrive\Documentos\DECAFIA_v2\01_dataset\decafia_clean\images\val\SANAS_NUEVAS_440.jpg,val,SANAS_NUEVAS_440,12,13
C:\Users\luise\OneDrive\Documentos\DECAFIA_v2\01_dataset\decafia_clean\images\train\SANAS_SOCORRO_265.jpg,train,SANAS_SOCORRO_265,C:\Users\luise\OneDrive\Documentos\DECAFIA_v2\01_dataset\decafia_clean\images\val\ROYA_FONDO_27.jpg,val,ROYA_FONDO_27,10,19
C:\Users\luise\OneDrive\Documentos\DECAFIA_v2\01_dataset\decafia_clean\images\train\SANAS_SOCORRO_265.jpg,train,SANAS_SOCORRO_265,C:\Users\luise\OneDrive\Documentos\DECAFIA_v2\01_dataset\decafia_clean\images\val\SANAS_NUEVAS_421.jpg,val,SANAS_NUEVAS_421,22,12
C:\Users\luise\OneDrive\Documentos\DECAFIA_v2\01_dataset\decafia_clean\images\train\SANAS_SOCORRO_266.jpg,train,SANAS_SOCORRO_266,C:\Users\luise\OneDrive\Documentos\DECAFIA_v2\01_dataset\decafia_clean\images\val\MINADOR_64.jpg,val,MINADOR_64,26,11
C:\Users\luise\OneDrive\Documentos\DECAFIA_v2\01_dataset\decafia_clean\images\train\SANAS_SOCORRO_266.jpg,train,SANAS_SOCORRO_266,C:\Users\luise\OneDrive\Documentos\DECAFIA_v2\01_dataset\decafia_clean\images\val\ROYA_FONDO_27.jpg,val,ROYA_FONDO_27,12,20
C:\Users\luise\OneDrive\Documentos\DECAFIA_v2\01_dataset\decafia_clean\images\train\SANAS_SOCORRO_266.jpg,train,SANAS_SOCORRO_266,C:\Users\luise\OneDrive\Documentos\DECAFIA_v2\01_dataset\decafia_clean\images\val\ROYA_FONDO_48.jpg,val,ROYA_FONDO_48,32,11
C:\Users\luise\OneDrive\Documentos\DECAFIA_v2\01_dataset\decafia_clean\images\train\SANAS_SOCORRO_266.jpg,train,SANAS_SOCORRO_266,C:\Users\luise\OneDrive\Documentos\DECAFIA_v2\01_dataset\decafia_clean\images\val\SANAS_NUEVAS_427.jpg,val,SANAS_NUEVAS_427,0,0
C:\Users\luise\OneDrive\Documentos\DECAFIA_v2\01_dataset\decafia_clean\images\train\SANAS_SOCORRO_270.jpg,train,SANAS_SOCORRO_270,C:\Users\luise\OneDrive\Documentos\DECAFIA_v2\01_dataset\decafia_clean\images\val\MINEIRO_77.jpg,val,MINEIRO_77,12,24
C:\Users\luise\OneDrive\Documentos\DECAFIA_v2\01_dataset\decafia_clean\images\train\SANAS_SOCORRO_278.jpg,train,SANAS_SOCORRO_278,C:\Users\luise\OneDrive\Documentos\DECAFIA_v2\01_dataset\decafia_clean\images\val\SANAS_SOCORRO_286.jpg,val,SANAS_SOCORRO_286,16,8
C:\Users\luise\OneDrive\Documentos\DECAFIA_v2\01_dataset\decafia_clean\images\train\SANAS_SOCORRO_280.jpg,train,SANAS_SOCORRO_280,C:\Users\luise\OneDrive\Documentos\DECAFIA_v2\01_dataset\decafia_clean\images\val\SANAS_SOCORRO_171.jpg,val,SANAS_SOCORRO_171,12,21
C:\Users\luise\OneDrive\Documentos\DECAFIA_v2\01_dataset\decafia_clean\images\train\SANAS_SOCORRO_287.jpg,train,SANAS_SOCORRO_287,C:\Users\luise\OneDrive\Documentos\DECAFIA_v2\01_dataset\decafia_clean\images\val\MINADOR_61.jpg,val,MINADOR_61,28,12
C:\Users\luise\OneDrive\Documentos\DECAFIA_v2\01_dataset\decafia_clean\images\train\SANAS_SOCORRO_288.jpg,train,SANAS_SOCORRO_288,C:\Users\luise\OneDrive\Documentos\DECAFIA_v2\01_dataset\decafia_clean\images\val\SANAS_NUEVAS_427.jpg,val,SANAS_NUEVAS_427,12,23
C:\Users\luise\OneDrive\Documentos\DECAFIA_v2\01_dataset\decafia_clean\images\train\SANAS_SOCORRO_288.jpg,train,SANAS_SOCORRO_288,C:\Users\luise\OneDrive\Documentos\DECAFIA_v2\01_dataset\decafia_clean\images\val\SANAS_NUEVAS_445.jpg,val,SANAS_NUEVAS_445,12,24
C:\Users\luise\OneDrive\Documentos\DECAFIA_v2\01_dataset\decafia_clean\images\train\SANAS_SOCORRO_288.jpg,train,SANAS_SOCORRO_288,C:\Users\luise\OneDrive\Documentos\DECAFIA_v2\01_dataset\decafia_clean\images\val\SANAS_NUEVAS_446.jpg,val,SANAS_NUEVAS_446,12,11
C:\Users\luise\OneDrive\Documentos\DECAFIA_v2\01_dataset\decafia_clean\images\train\SANAS_SOCORRO_289.jpg,train,SANAS_SOCORRO_289,C:\Users\luise\OneDrive\Documentos\DECAFIA_v2\01_dataset\decafia_clean\images\val\MINADOR_61.jpg,val,MINADOR_61,12,14
C:\Users\luise\OneDrive\Documentos\DECAFIA_v2\01_dataset\decafia_clean\images\train\SANAS_SOCORRO_291.jpg,train,SANAS_SOCORRO_291,C:\Users\luise\OneDrive\Documentos\DECAFIA_v2\01_dataset\decafia_clean\images\val\COCO_Muy_A_103.jpg,val,COCO_Muy_A_103,22,12
C:\Users\luise\OneDrive\Documentos\DECAFIA_v2\01_dataset\decafia_clean\images\train\SANAS_SOCORRO_291.jpg,train,SANAS_SOCORRO_291,C:\Users\luise\OneDrive\Documentos\DECAFIA_v2\01_dataset\decafia_clean\images\val\SANAS_NUEVAS_447.jpg,val,SANAS_NUEVAS_447,0,2
C:\Users\luise\OneDrive\Documentos\DECAFIA_v2\01_dataset\decafia_clean\images\train\SANAS_SOCORRO_304.jpg,train,SANAS_SOCORRO_304,C:\Users\luise\OneDrive\Documentos\DECAFIA_v2\01_dataset\decafia_clean\images\val\MINADOR_72.jpg,val,MINADOR_72,24,12
C:\Users\luise\OneDrive\Documentos\DECAFIA_v2\01_dataset\decafia_clean\images\train\SANAS_SOCORRO_351.jpg,train,SANAS_SOCORRO_351,C:\Users\luise\OneDrive\Documentos\DECAFIA_v2\01_dataset\decafia_clean\images\val\SANAS_NUEVAS_496.jpg,val,SANAS_NUEVAS_496,0,0
C:\Users\luise\OneDrive\Documentos\DECAFIA_v2\01_dataset\decafia_clean\images\train\SANAS_SOCORRO_412.jpg,train,SANAS_SOCORRO_412,C:\Users\luise\OneDrive\Documentos\DECAFIA_v2\01_dataset\decafia_clean\images\val\SANAS_NUEVAS_513.jpg,val,SANAS_NUEVAS_513,22,11
C:\Users\luise\OneDrive\Documentos\DECAFIA_v2\01_dataset\decafia_clean\images\train\SANAS_SOCORRO_421.jpg,train,SANAS_SOCORRO_421,C:\Users\luise\OneDrive\Documentos\DECAFIA_v2\01_dataset\decafia_clean\images\val\MINEIRO_44.jpg,val,MINEIRO_44,12,21
C:\Users\luise\OneDrive\Documentos\DECAFIA_v2\01_dataset\decafia_clean\images\train\SANAS_SOCORRO_421.jpg,train,SANAS_SOCORRO_421,C:\Users\luise\OneDrive\Documentos\DECAFIA_v2\01_dataset\decafia_clean\images\val\ROYA_FONDO_39.jpg,val,ROYA_FONDO_39,24,11
C:\Users\luise\OneDrive\Documentos\DECAFIA_v2\01_dataset\decafia_clean\images\train\SANAS_SOCORRO_421.jpg,train,SANAS_SOCORRO_421,C:\Users\luise\OneDrive\Documentos\DECAFIA_v2\01_dataset\decafia_clean\images\val\ROYA_FONDO_40.jpg,val,ROYA_FONDO_40,24,12
C:\Users\luise\OneDrive\Documentos\DECAFIA_v2\01_dataset\decafia_clean\images\train\SANAS_SOCORRO_421.jpg,train,SANAS_SOCORRO_421,C:\Users\luise\OneDrive\Documentos\DECAFIA_v2\01_dataset\decafia_clean\images\val\ROYA_FONDO_5.jpg,val,ROYA_FONDO_5,18,12
C:\Users\luise\OneDrive\Documentos\DECAFIA_v2\01_dataset\decafia_clean\images\train\SANAS_SOCORRO_441.jpg,train,SANAS_SOCORRO_441,C:\Users\luise\OneDrive\Documentos\DECAFIA_v2\01_dataset\decafia_clean\images\val\SANAS_NUEVAS_445.jpg,val,SANAS_NUEVAS_445,12,22
C:\Users\luise\OneDrive\Documentos\DECAFIA_v2\01_dataset\decafia_clean\images\train\SANAS_SOCORRO_453.jpg,train,SANAS_SOCORRO_453,C:\Users\luise\OneDrive\Documentos\DECAFIA_v2\01_dataset\decafia_clean\images\val\SANAS_NUEVAS_566.jpg,val,SANAS_NUEVAS_566,0,0
C:\Users\luise\OneDrive\Documentos\DECAFIA_v2\01_dataset\decafia_clean\images\train\SANAS_SOCORRO_454.jpg,train,SANAS_SOCORRO_454,C:\Users\luise\OneDrive\Documentos\DECAFIA_v2\01_dataset\decafia_clean\images\val\SANAS_SOCORRO_456.jpg,val,SANAS_SOCORRO_456,16,9
C:\Users\luise\OneDrive\Documentos\DECAFIA_v2\01_dataset\decafia_clean\images\train\SANAS_SOCORRO_463.jpg,train,SANAS_SOCORRO_463,C:\Users\luise\OneDrive\Documentos\DECAFIA_v2\01_dataset\decafia_clean\images\val\SANAS_SOCORRO_462.jpg,val,SANAS_SOCORRO_462,12,27
C:\Users\luise\OneDrive\Documentos\DECAFIA_v2\01_dataset\decafia_clean\images\train\SANAS_SOCORRO_474.jpg,train,SANAS_SOCORRO_474,C:\Users\luise\OneDrive\Documentos\DECAFIA_v2\01_dataset\decafia_clean\images\val\SANAS_NUEVAS_583.jpg,val,SANAS_NUEVAS_583,0,0
C:\Users\luise\OneDrive\Documentos\DECAFIA_v2\01_dataset\decafia_clean\images\train\SANAS_SOCORRO_493.jpg,train,SANAS_SOCORRO_493,C:\Users\luise\OneDrive\Documentos\DECAFIA_v2\01_dataset\decafia_clean\images\val\SANAS_NUEVAS_599.jpg,val,SANAS_NUEVAS_599,0,0
C:\Users\luise\OneDrive\Documentos\DECAFIA_v2\01_dataset\decafia_clean\images\train\SANAS_SOCORRO_499.jpg,train,SANAS_SOCORRO_499,C:\Users\luise\OneDrive\Documentos\DECAFIA_v2\01_dataset\decafia_clean\images\val\SANAS_NUEVAS_604.jpg,val,SANAS_NUEVAS_604,0,0
C:\Users\luise\OneDrive\Documentos\DECAFIA_v2\01_dataset\decafia_clean\images\train\SANAS_SOCORRO_56.jpg,train,SANAS_SOCORRO_56,C:\Users\luise\OneDrive\Documentos\DECAFIA_v2\01_dataset\decafia_clean\images\val\SANAS_NUEVAS_279.jpg,val,SANAS_NUEVAS_279,0,32
C:\Users\luise\OneDrive\Documentos\DECAFIA_v2\01_dataset\decafia_clean\images\train\SANAS_SOCORRO_78.jpg,train,SANAS_SOCORRO_78,C:\Users\luise\OneDrive\Documentos\DECAFIA_v2\01_dataset\decafia_clean\images\val\MINADO_RECORTES_98.jpg,val,MINADO_RECORTES_98,24,11
C:\Users\luise\OneDrive\Documentos\DECAFIA_v2\01_dataset\decafia_clean\images\train\SANAS_SOCORRO_84.jpg,train,SANAS_SOCORRO_84,C:\Users\luise\OneDrive\Documentos\DECAFIA_v2\01_dataset\decafia_clean\images\val\SANAS_NUEVAS_296.jpg,val,SANAS_NUEVAS_296,0,32
C:\Users\luise\OneDrive\Documentos\DECAFIA_v2\01_dataset\decafia_clean\images\train\COCO_M_A_11.jpg,train,COCO_M_A_11,C:\Users\luise\OneDrive\Documentos\DECAFIA_v2\01_dataset\decafia_clean\images\test\COCO_Muy_A_19.jpg,test,COCO_Muy_A_19,24,12
C:\Users\luise\OneDrive\Documentos\DECAFIA_v2\01_dataset\decafia_clean\images\train\COCO_M_A_23.jpg,train,COCO_M_A_23,C:\Users\luise\OneDrive\Documentos\DECAFIA_v2\01_dataset\decafia_clean\images\test\MINADOR_21.jpg,test,MINADOR_21,18,12
C:\Users\luise\OneDrive\Documentos\DECAFIA_v2\01_dataset\decafia_clean\images\train\COCO_M_A_23.jpg,train,COCO_M_A_23,C:\Users\luise\OneDrive\Documentos\DECAFIA_v2\01_dataset\decafia_clean\images\test\MINADOR_29.jpg,test,MINADOR_29,10,18
C:\Users\luise\OneDrive\Documentos\DECAFIA_v2\01_dataset\decafia_clean\images\train\COCO_M_A_23.jpg,train,COCO_M_A_23,C:\Users\luise\OneDrive\Documentos\DECAFIA_v2\01_dataset\decafia_clean\images\test\MINADOR_52.jpg,test,MINADOR_52,24,11
C:\Users\luise\OneDrive\Documentos\DECAFIA_v2\01_dataset\decafia_clean\images\train\COCO_M_A_23.jpg,train,COCO_M_A_23,C:\Users\luise\OneDrive\Documentos\DECAFIA_v2\01_dataset\decafia_clean\images\test\MINEIRO_147.jpg,test,MINEIRO_147,28,10
C:\Users\luise\OneDrive\Documentos\DECAFIA_v2\01_dataset\decafia_clean\images\train\COCO_M_A_23.jpg,train,COCO_M_A_23,C:\Users\luise\OneDrive\Documentos\DECAFIA_v2\01_dataset\decafia_clean\images\test\MINEIRO_191.jpg,test,MINEIRO_191,12,27
C:\Users\luise\OneDrive\Documentos\DECAFIA_v2\01_dataset\decafia_clean\images\train\COCO_M_A_23.jpg,train,COCO_M_A_23,C:\Users\luise\OneDrive\Documentos\DECAFIA_v2\01_dataset\decafia_clean\images\test\MINEIRO_42.jpg,test,MINEIRO_42,12,16
C:\Users\luise\OneDrive\Documentos\DECAFIA_v2\01_dataset\decafia_clean\images\train\COCO_M_A_23.jpg,train,COCO_M_A_23,C:\Users\luise\OneDrive\Documentos\DECAFIA_v2\01_dataset\decafia_clean\images\test\SANAS_SOCORRO_141.jpg,test,SANAS_SOCORRO_141,12,22
C:\Users\luise\OneDrive\Documentos\DECAFIA_v2\01_dataset\decafia_clean\images\train\COCO_M_A_8.jpg,train,COCO_M_A_8,C:\Users\luise\OneDrive\Documentos\DECAFIA_v2\01_dataset\decafia_clean\images\test\MINEIRO_143.jpg,test,MINEIRO_143,28,11
C:\Users\luise\OneDrive\Documentos\DECAFIA_v2\01_dataset\decafia_clean\images\train\COCO_M_A_88.jpg,train,COCO_M_A_88,C:\Users\luise\OneDrive\Documentos\DECAFIA_v2\01_dataset\decafia_clean\images\test\COCO_M_A_66.jpg,test,COCO_M_A_66,28,8
C:\Users\luise\OneDrive\Documentos\DECAFIA_v2\01_dataset\decafia_clean\images\train\COCO_M_A_88.jpg,train,COCO_M_A_88,C:\Users\luise\OneDrive\Documentos\DECAFIA_v2\01_dataset\decafia_clean\images\test\COCO_P_A_13.jpg,test,COCO_P_A_13,26,9
C:\Users\luise\OneDrive\Documentos\DECAFIA_v2\01_dataset\decafia_clean\images\train\COCO_Muy_A_102.jpg,train,COCO_Muy_A_102,C:\Users\luise\OneDrive\Documentos\DECAFIA_v2\01_dataset\decafia_clean\images\test\COCO_Muy_A_19.jpg,test,COCO_Muy_A_19,26,12
C:\Users\luise\OneDrive\Documentos\DECAFIA_v2\01_dataset\decafia_clean\images\train\COCO_Muy_A_102.jpg,train,COCO_Muy_A_102,C:\Users\luise\OneDrive\Documentos\DECAFIA_v2\01_dataset\decafia_clean\images\test\COCO_P_A_17.jpg,test,COCO_P_A_17,18,12
C:\Users\luise\OneDrive\Documentos\DECAFIA_v2\01_dataset\decafia_clean\images\train\COCO_Muy_A_102.jpg,train,COCO_Muy_A_102,C:\Users\luise\OneDrive\Documentos\DECAFIA_v2\01_dataset\decafia_clean\images\test\MINADOR_77.jpg,test,MINADOR_77,12,20
C:\Users\luise\OneDrive\Documentos\DECAFIA_v2\01_dataset\decafia_clean\images\train\COCO_Muy_A_102.jpg,train,COCO_Muy_A_102,C:\Users\luise\OneDrive\Documentos\DECAFIA_v2\01_dataset\decafia_clean\images\test\MINEIRO_143.jpg,test,MINEIRO_143,30,12
C:\Users\luise\OneDrive\Documentos\DECAFIA_v2\01_dataset\decafia_clean\images\train\COCO_Muy_A_13.jpg,train,COCO_Muy_A_13,C:\Users\luise\OneDrive\Documentos\DECAFIA_v2\01_dataset\decafia_clean\images\test\MINEIRO_140.jpg,test,MINEIRO_140,26,11
C:\Users\luise\OneDrive\Documentos\DECAFIA_v2\01_dataset\decafia_clean\images\train\COCO_Muy_A_13.jpg,train,COCO_Muy_A_13,C:\Users\luise\OneDrive\Documentos\DECAFIA_v2\01_dataset\decafia_clean\images\test\SANAS_SOCORRO_429.jpg,test,SANAS_SOCORRO_429,30,11
C:\Users\luise\OneDrive\Documentos\DECAFIA_v2\01_dataset\decafia_clean\images\train\COCO_Muy_A_35.jpg,train,COCO_Muy_A_35,C:\Users\luise\OneDrive\Documentos\DECAFIA_v2\01_dataset\decafia_clean\images\test\COCO_Muy_A_95.jpg,test,COCO_Muy_A_95,12,20
C:\Users\luise\OneDrive\Documentos\DECAFIA_v2\01_dataset\decafia_clean\images\train\COCO_Muy_A_35.jpg,train,COCO_Muy_A_35,C:\Users\luise\OneDrive\Documentos\DECAFIA_v2\01_dataset\decafia_clean\images\test\SANAS_SOCORRO_429.jpg,test,SANAS_SOCORRO_429,24,12
C:\Users\luise\OneDrive\Documentos\DECAFIA_v2\01_dataset\decafia_clean\images\train\COCO_Muy_A_53.jpg,train,COCO_Muy_A_53,C:\Users\luise\OneDrive\Documentos\DECAFIA_v2\01_dataset\decafia_clean\images\test\MINADOR_29.jpg,test,MINADOR_29,8,22
C:\Users\luise\OneDrive\Documentos\DECAFIA_v2\01_dataset\decafia_clean\images\train\COCO_Muy_A_53.jpg,train,COCO_Muy_A_53,C:\Users\luise\OneDrive\Documentos\DECAFIA_v2\01_dataset\decafia_clean\images\test\MINADOR_34.jpg,test,MINADOR_34,12,25
C:\Users\luise\OneDrive\Documentos\DECAFIA_v2\01_dataset\decafia_clean\images\train\COCO_Muy_A_53.jpg,train,COCO_Muy_A_53,C:\Users\luise\OneDrive\Documentos\DECAFIA_v2\01_dataset\decafia_clean\images\test\MINEIRO_148.jpg,test,MINEIRO_148,20,12
C:\Users\luise\OneDrive\Documentos\DECAFIA_v2\01_dataset\decafia_clean\images\train\COCO_Muy_A_53.jpg,train,COCO_Muy_A_53,C:\Users\luise\OneDrive\Documentos\DECAFIA_v2\01_dataset\decafia_clean\images\test\MINEIRO_191.jpg,test,MINEIRO_191,12,23
C:\Users\luise\OneDrive\Documentos\DECAFIA_v2\01_dataset\decafia_clean\images\train\COCO_Muy_A_68.jpg,train,COCO_Muy_A_68,C:\Users\luise\OneDrive\Documentos\DECAFIA_v2\01_dataset\decafia_clean\images\test\MINADOR_52.jpg,test,MINADOR_52,20,11
C:\Users\luise\OneDrive\Documentos\DECAFIA_v2\01_dataset\decafia_clean\images\train\COCO_Muy_A_68.jpg,train,COCO_Muy_A_68,C:\Users\luise\OneDrive\Documentos\DECAFIA_v2\01_dataset\decafia_clean\images\test\MINEIRO_62.jpg,test,MINEIRO_62,26,12
C:\Users\luise\OneDrive\Documentos\DECAFIA_v2\01_dataset\decafia_clean\images\train\COCO_Muy_A_73.jpg,train,COCO_Muy_A_73,C:\Users\luise\OneDrive\Documentos\DECAFIA_v2\01_dataset\decafia_clean\images\test\MINEIRO_62.jpg,test,MINEIRO_62,20,12
C:\Users\luise\OneDrive\Documentos\DECAFIA_v2\01_dataset\decafia_clean\images\train\COCO_Muy_A_8.jpg,train,COCO_Muy_A_8,C:\Users\luise\OneDrive\Documentos\DECAFIA_v2\01_dataset\decafia_clean\images\test\ROYA_FONDO_88.jpg,test,ROYA_FONDO_88,12,24
C:\Users\luise\OneDrive\Documentos\DECAFIA_v2\01_dataset\decafia_clean\images\train\COCO_Muy_A_8.jpg,train,COCO_Muy_A_8,C:\Users\luise\OneDrive\Documentos\DECAFIA_v2\01_dataset\decafia_clean\images\test\SANAS_NUEVAS_437.jpg,test,SANAS_NUEVAS_437,30,11
C:\Users\luise\OneDrive\Documentos\DECAFIA_v2\01_dataset\decafia_clean\images\train\COCO_Muy_A_96.jpg,train,COCO_Muy_A_96,C:\Users\luise\OneDrive\Documentos\DECAFIA_v2\01_dataset\decafia_clean\images\test\COCO_P_A_10.jpg,test,COCO_P_A_10,26,12
C:\Users\luise\OneDrive\Documentos\DECAFIA_v2\01_dataset\decafia_clean\images\train\COCO_P_A_22.jpg,train,COCO_P_A_22,C:\Users\luise\OneDrive\Documentos\DECAFIA_v2\01_dataset\decafia_clean\images\test\COCO_M_A_66.jpg,test,COCO_M_A_66,16,10
C:\Users\luise\OneDrive\Documentos\DECAFIA_v2\01_dataset\decafia_clean\images\train\COCO_P_A_22.jpg,train,COCO_P_A_22,C:\Users\luise\OneDrive\Documentos\DECAFIA_v2\01_dataset\decafia_clean\images\test\COCO_Muy_A_19.jpg,test,COCO_Muy_A_19,26,12
C:\Users\luise\OneDrive\Documentos\DECAFIA_v2\01_dataset\decafia_clean\images\train\COCO_P_A_22.jpg,train,COCO_P_A_22,C:\Users\luise\OneDrive\Documentos\DECAFIA_v2\01_dataset\decafia_clean\images\test\COCO_P_A_13.jpg,test,COCO_P_A_13,16,11
C:\Users\luise\OneDrive\Documentos\DECAFIA_v2\01_dataset\decafia_clean\images\train\COCO_P_A_32.jpg,train,COCO_P_A_32,C:\Users\luise\OneDrive\Documentos\DECAFIA_v2\01_dataset\decafia_clean\images\test\COCO_P_A_10.jpg,test,COCO_P_A_10,24,11
C:\Users\luise\OneDrive\Documentos\DECAFIA_v2\01_dataset\decafia_clean\images\train\COCO_P_A_32.jpg,train,COCO_P_A_32,C:\Users\luise\OneDrive\Documentos\DECAFIA_v2\01_dataset\decafia_clean\images\test\COCO_P_A_17.jpg,test,COCO_P_A_17,26,12
C:\Users\luise\OneDrive\Documentos\DECAFIA_v2\01_dataset\decafia_clean\images\train\COCO_P_A_32.jpg,train,COCO_P_A_32,C:\Users\luise\OneDrive\Documentos\DECAFIA_v2\01_dataset\decafia_clean\images\test\MINADOR_52.jpg,test,MINADOR_52,26,12
C:\Users\luise\OneDrive\Documentos\DECAFIA_v2\01_dataset\decafia_clean\images\train\COCO_P_A_32.jpg,train,COCO_P_A_32,C:\Users\luise\OneDrive\Documentos\DECAFIA_v2\01_dataset\decafia_clean\images\test\MINEIRO_66.jpg,test,MINEIRO_66,12,29
C:\Users\luise\OneDrive\Documentos\DECAFIA_v2\01_dataset\decafia_clean\images\train\COCO_P_A_36.jpg,train,COCO_P_A_36,C:\Users\luise\OneDrive\Documentos\DECAFIA_v2\01_dataset\decafia_clean\images\test\MINADOR_16.jpg,test,MINADOR_16,10,24
C:\Users\luise\OneDrive\Documentos\DECAFIA_v2\01_dataset\decafia_clean\images\train\COCO_P_A_36.jpg,train,COCO_P_A_36,C:\Users\luise\OneDrive\Documentos\DECAFIA_v2\01_dataset\decafia_clean\images\test\ROYA_FONDO_34.jpg,test,ROYA_FONDO_34,10,28
C:\Users\luise\OneDrive\Documentos\DECAFIA_v2\01_dataset\decafia_clean\images\train\COCO_P_A_46.jpg,train,COCO_P_A_46,C:\Users\luise\OneDrive\Documentos\DECAFIA_v2\01_dataset\decafia_clean\images\test\COCO_M_A_66.jpg,test,COCO_M_A_66,24,12
C:\Users\luise\OneDrive\Documentos\DECAFIA_v2\01_dataset\decafia_clean\images\train\COCO_P_A_46.jpg,train,COCO_P_A_46,C:\Users\luise\OneDrive\Documentos\DECAFIA_v2\01_dataset\decafia_clean\images\test\COCO_Muy_A_19.jpg,test,COCO_Muy_A_19,24,12
C:\Users\luise\OneDrive\Documentos\DECAFIA_v2\01_dataset\decafia_clean\images\train\COCO_P_A_46.jpg,train,COCO_P_A_46,C:\Users\luise\OneDrive\Documentos\DECAFIA_v2\01_dataset\decafia_clean\images\test\COCO_P_A_13.jpg,test,COCO_P_A_13,12,9
C:\Users\luise\OneDrive\Documentos\DECAFIA_v2\01_dataset\decafia_clean\images\train\COCO_P_A_50.jpg,train,COCO_P_A_50,C:\Users\luise\OneDrive\Documentos\DECAFIA_v2\01_dataset\decafia_clean\images\test\SANAS_SOCORRO_483.jpg,test,SANAS_SOCORRO_483,12,22
C:\Users\luise\OneDrive\Documentos\DECAFIA_v2\01_dataset\decafia_clean\images\train\COCO_P_A_57.jpg,train,COCO_P_A_57,C:\Users\luise\OneDrive\Documentos\DECAFIA_v2\01_dataset\decafia_clean\images\test\MINEIRO_143.jpg,test,MINEIRO_143,30,12
C:\Users\luise\OneDrive\Documentos\DECAFIA_v2\01_dataset\decafia_clean\images\train\COCO_P_A_57.jpg,train,COCO_P_A_57,C:\Users\luise\OneDrive\Documentos\DECAFIA_v2\01_dataset\decafia_clean\images\test\ROYA_FONDO_26.jpg,test,ROYA_FONDO_26,12,17
C:\Users\luise\OneDrive\Documentos\DECAFIA_v2\01_dataset\decafia_clean\images\train\COCO_P_A_58.jpg,train,COCO_P_A_58,C:\Users\luise\OneDrive\Documentos\DECAFIA_v2\01_dataset\decafia_clean\images\test\COCO_M_A_27.jpg,test,COCO_M_A_27,10,9
C:\Users\luise\OneDrive\Documentos\DECAFIA_v2\01_dataset\decafia_clean\images\train\COCO_P_A_59.jpg,train,COCO_P_A_59,C:\Users\luise\OneDrive\Documentos\DECAFIA_v2\01_dataset\decafia_clean\images\test\SANAS_NUEVAS_547.jpg,test,SANAS_NUEVAS_547,26,10
C:\Users\luise\OneDrive\Documentos\DECAFIA_v2\01_dataset\decafia_clean\images\train\COCO_P_A_6.jpg,train,COCO_P_A_6,C:\Users\luise\OneDrive\Documentos\DECAFIA_v2\01_dataset\decafia_clean\images\test\ROYA_FONDO_14.jpg,test,ROYA_FONDO_14,26,11
C:\Users\luise\OneDrive\Documentos\DECAFIA_v2\01_dataset\decafia_clean\images\train\COCO_P_A_62.jpg,train,COCO_P_A_62,C:\Users\luise\OneDrive\Documentos\DECAFIA_v2\01_dataset\decafia_clean\images\test\COCO_M_A_66.jpg,test,COCO_M_A_66,30,12
C:\Users\luise\OneDrive\Documentos\DECAFIA_v2\01_dataset\decafia_clean\images\train\COCO_P_A_62.jpg,train,COCO_P_A_62,C:\Users\luise\OneDrive\Documentos\DECAFIA_v2\01_dataset\decafia_clean\images\test\COCO_P_A_13.jpg,test,COCO_P_A_13,32,11
C:\Users\luise\OneDrive\Documentos\DECAFIA_v2\01_dataset\decafia_clean\images\train\COCO_P_A_64.jpg,train,COCO_P_A_64,C:\Users\luise\OneDrive\Documentos\DECAFIA_v2\01_dataset\decafia_clean\images\test\COCO_P_A_13.jpg,test,COCO_P_A_13,28,8
C:\Users\luise\OneDrive\Documentos\DECAFIA_v2\01_dataset\decafia_clean\images\train\COCO_P_A_65.jpg,train,COCO_P_A_65,C:\Users\luise\OneDrive\Documentos\DECAFIA_v2\01_dataset\decafia_clean\images\test\COCO_M_A_66.jpg,test,COCO_M_A_66,26,8
C:\Users\luise\OneDrive\Documentos\DECAFIA_v2\01_dataset\decafia_clean\images\train\COCO_P_A_65.jpg,train,COCO_P_A_65,C:\Users\luise\OneDrive\Documentos\DECAFIA_v2\01_dataset\decafia_clean\images\test\COCO_P_A_13.jpg,test,COCO_P_A_13,20,11
C:\Users\luise\OneDrive\Documentos\DECAFIA_v2\01_dataset\decafia_clean\images\train\COCO_P_A_69.jpg,train,COCO_P_A_69,C:\Users\luise\OneDrive\Documentos\DECAFIA_v2\01_dataset\decafia_clean\images\test\MINEIRO_174.jpg,test,MINEIRO_174,22,12
C:\Users\luise\OneDrive\Documentos\DECAFIA_v2\01_dataset\decafia_clean\images\train\COCO_P_A_69.jpg,train,COCO_P_A_69,C:\Users\luise\OneDrive\Documentos\DECAFIA_v2\01_dataset\decafia_clean\images\test\SANAS_NUEVAS_547.jpg,test,SANAS_NUEVAS_547,30,9
C:\Users\luise\OneDrive\Documentos\DECAFIA_v2\01_dataset\decafia_clean\images\train\COCO_P_A_7.jpg,train,COCO_P_A_7,C:\Users\luise\OneDrive\Documentos\DECAFIA_v2\01_dataset\decafia_clean\images\test\COCO_P_A_48.jpg,test,COCO_P_A_48,10,17
C:\Users\luise\OneDrive\Documentos\DECAFIA_v2\01_dataset\decafia_clean\images\train\COCO_RECORTE_126.jpg,train,COCO_RECORTE_126,C:\Users\luise\OneDrive\Documentos\DECAFIA_v2\01_dataset\decafia_clean\images\test\COCO_RECORTE_131.jpg,test,COCO_RECORTE_131,8,40
C:\Users\luise\OneDrive\Documentos\DECAFIA_v2\01_dataset\decafia_clean\images\train\MINADO_RECORTES_89.jpg,train,MINADO_RECORTES_89,C:\Users\luise\OneDrive\Documentos\DECAFIA_v2\01_dataset\decafia_clean\images\test\COCO_M_A_57.jpg,test,COCO_M_A_57,12,22
C:\Users\luise\OneDrive\Documentos\DECAFIA_v2\01_dataset\decafia_clean\images\train\MINADOR_10.jpg,train,MINADOR_10,C:\Users\luise\OneDrive\Documentos\DECAFIA_v2\01_dataset\decafia_clean\images\test\COCO_Muy_A_95.jpg,test,COCO_Muy_A_95,12,14
C:\Users\luise\OneDrive\Documentos\DECAFIA_v2\01_dataset\decafia_clean\images\train\MINADOR_10.jpg,train,MINADOR_10,C:\Users\luise\OneDrive\Documentos\DECAFIA_v2\01_dataset\decafia_clean\images\test\MINEIRO_8.jpg,test,MINEIRO_8,8,18
C:\Users\luise\OneDrive\Documentos\DECAFIA_v2\01_dataset\decafia_clean\images\train\MINADOR_10.jpg,train,MINADOR_10,C:\Users\luise\OneDrive\Documentos\DECAFIA_v2\01_dataset\decafia_clean\images\test\MINEIRO_9.jpg,test,MINEIRO_9,10,23
C:\Users\luise\OneDrive\Documentos\DECAFIA_v2\01_dataset\decafia_clean\images\train\MINADOR_10.jpg,train,MINADOR_10,C:\Users\luise\OneDrive\Documentos\DECAFIA_v2\01_dataset\decafia_clean\images\test\ROYA_FONDO_32.jpg,test,ROYA_FONDO_32,10,20
C:\Users\luise\OneDrive\Documentos\DECAFIA_v2\01_dataset\decafia_clean\images\train\MINADOR_10.jpg,train,MINADOR_10,C:\Users\luise\OneDrive\Documentos\DECAFIA_v2\01_dataset\decafia_clean\images\test\SANAS_SOCORRO_422.jpg,test,SANAS_SOCORRO_422,10,29
C:\Users\luise\OneDrive\Documentos\DECAFIA_v2\01_dataset\decafia_clean\images\train\MINADOR_2.jpg,train,MINADOR_2,C:\Users\luise\OneDrive\Documentos\DECAFIA_v2\01_dataset\decafia_clean\images\test\MINEIRO_32.jpg,test,MINEIRO_32,12,26
C:\Users\luise\OneDrive\Documentos\DECAFIA_v2\01_dataset\decafia_clean\images\train\MINADOR_2.jpg,train,MINADOR_2,C:\Users\luise\OneDrive\Documentos\DECAFIA_v2\01_dataset\decafia_clean\images\test\MINEIRO_62.jpg,test,MINEIRO_62,12,19
C:\Users\luise\OneDrive\Documentos\DECAFIA_v2\01_dataset\decafia_clean\images\train\MINADOR_2.jpg,train,MINADOR_2,C:\Users\luise\OneDrive\Documentos\DECAFIA_v2\01_dataset\decafia_clean\images\test\ROYA_FONDO_34.jpg,test,ROYA_FONDO_34,12,30
C:\Users\luise\OneDrive\Documentos\DECAFIA_v2\01_dataset\decafia_clean\images\train\MINADOR_22.jpg,train,MINADOR_22,C:\Users\luise\OneDrive\Documentos\DECAFIA_v2\01_dataset\decafia_clean\images\test\MINADOR_5.jpg,test,MINADOR_5,12,28
C:\Users\luise\OneDrive\Documentos\DECAFIA_v2\01_dataset\decafia_clean\images\train\MINADOR_24.jpg,train,MINADOR_24,C:\Users\luise\OneDrive\Documentos\DECAFIA_v2\01_dataset\decafia_clean\images\test\SANAS_NUEVAS_437.jpg,test,SANAS_NUEVAS_437,28,12
C:\Users\luise\OneDrive\Documentos\DECAFIA_v2\01_dataset\decafia_clean\images\train\MINADOR_26.jpg,train,MINADOR_26,C:\Users\luise\OneDrive\Documentos\DECAFIA_v2\01_dataset\decafia_clean\images\test\COCO_P_A_11.jpg,test,COCO_P_A_11,12,21
C:\Users\luise\OneDrive\Documentos\DECAFIA_v2\01_dataset\decafia_clean\images\train\MINADOR_26.jpg,train,MINADOR_26,C:\Users\luise\OneDrive\Documentos\DECAFIA_v2\01_dataset\decafia_clean\images\test\MINADOR_54.jpg,test,MINADOR_54,24,12
C:\Users\luise\OneDrive\Documentos\DECAFIA_v2\01_dataset\decafia_clean\images\train\MINADOR_26.jpg,train,MINADOR_26,C:\Users\luise\OneDrive\Documentos\DECAFIA_v2\01_dataset\decafia_clean\images\test\MINEIRO_32.jpg,test,MINEIRO_32,12,18
C:\Users\luise\OneDrive\Documentos\DECAFIA_v2\01_dataset\decafia_clean\images\train\MINADOR_26.jpg,train,MINADOR_26,C:\Users\luise\OneDrive\Documentos\DECAFIA_v2\01_dataset\decafia_clean\images\test\ROYA_FONDO_34.jpg,test,ROYA_FONDO_34,12,28
C:\Users\luise\OneDrive\Documentos\DECAFIA_v2\01_dataset\decafia_clean\images\train\MINADOR_26.jpg,train,MINADOR_26,C:\Users\luise\OneDrive\Documentos\DECAFIA_v2\01_dataset\decafia_clean\images\test\SANAS_SOCORRO_142.jpg,test,SANAS_SOCORRO_142,28,10
C:\Users\luise\OneDrive\Documentos\DECAFIA_v2\01_dataset\decafia_clean\images\train\MINADOR_28.jpg,train,MINADOR_28,C:\Users\luise\OneDrive\Documentos\DECAFIA_v2\01_dataset\decafia_clean\images\test\MINEIRO_110.jpg,test,MINEIRO_110,22,12
C:\Users\luise\OneDrive\Documentos\DECAFIA_v2\01_dataset\decafia_clean\images\train\MINADOR_28.jpg,train,MINADOR_28,C:\Users\luise\OneDrive\Documentos\DECAFIA_v2\01_dataset\decafia_clean\images\test\SANAS_NUEVAS_122.jpg,test,SANAS_NUEVAS_122,24,12
C:\Users\luise\OneDrive\Documentos\DECAFIA_v2\01_dataset\decafia_clean\images\train\MINADOR_30.jpg,train,MINADOR_30,C:\Users\luise\OneDrive\Documentos\DECAFIA_v2\01_dataset\decafia_clean\images\test\MINADOR_52.jpg,test,MINADOR_52,20,12
C:\Users\luise\OneDrive\Documentos\DECAFIA_v2\01_dataset\decafia_clean\images\train\MINADOR_30.jpg,train,MINADOR_30,C:\Users\luise\OneDrive\Documentos\DECAFIA_v2\01_dataset\decafia_clean\images\test\MINEIRO_147.jpg,test,MINEIRO_147,12,13
C:\Users\luise\OneDrive\Documentos\DECAFIA_v2\01_dataset\decafia_clean\images\train\MINADOR_30.jpg,train,MINADOR_30,C:\Users\luise\OneDrive\Documentos\DECAFIA_v2\01_dataset\decafia_clean\images\test\ROYA_FONDO_32.jpg,test,ROYA_FONDO_32,10,16
C:\Users\luise\OneDrive\Documentos\DECAFIA_v2\01_dataset\decafia_clean\images\train\MINADOR_31.jpg,train,MINADOR_31,C:\Users\luise\OneDrive\Documentos\DECAFIA_v2\01_dataset\decafia_clean\images\test\MINEIRO_174.jpg,test,MINEIRO_174,22,12
C:\Users\luise\OneDrive\Documentos\DECAFIA_v2\01_dataset\decafia_clean\images\train\MINADOR_33.jpg,train,MINADOR_33,C:\Users\luise\OneDrive\Documentos\DECAFIA_v2\01_dataset\decafia_clean\images\test\MINEIRO_1.jpg,test,MINEIRO_1,20,11
C:\Users\luise\OneDrive\Documentos\DECAFIA_v2\01_dataset\decafia_clean\images\train\MINADOR_35.jpg,train,MINADOR_35,C:\Users\luise\OneDrive\Documentos\DECAFIA_v2\01_dataset\decafia_clean\images\test\MINADOR_11.jpg,test,MINADOR_11,24,12
C:\Users\luise\OneDrive\Documentos\DECAFIA_v2\01_dataset\decafia_clean\images\train\MINADOR_35.jpg,train,MINADOR_35,C:\Users\luise\OneDrive\Documentos\DECAFIA_v2\01_dataset\decafia_clean\images\test\MINEIRO_32.jpg,test,MINEIRO_32,20,11
C:\Users\luise\OneDrive\Documentos\DECAFIA_v2\01_dataset\decafia_clean\images\train\MINADOR_36.jpg,train,MINADOR_36,C:\Users\luise\OneDrive\Documentos\DECAFIA_v2\01_dataset\decafia_clean\images\test\COCO_Muy_A_95.jpg,test,COCO_Muy_A_95,14,11
C:\Users\luise\OneDrive\Documentos\DECAFIA_v2\01_dataset\decafia_clean\images\train\MINADOR_37.jpg,train,MINADOR_37,C:\Users\luise\OneDrive\Documentos\DECAFIA_v2\01_dataset\decafia_clean\images\test\MINADOR_11.jpg,test,MINADOR_11,20,7
C:\Users\luise\OneDrive\Documentos\DECAFIA_v2\01_dataset\decafia_clean\images\train\MINADOR_37.jpg,train,MINADOR_37,C:\Users\luise\OneDrive\Documentos\DECAFIA_v2\01_dataset\decafia_clean\images\test\MINEIRO_143.jpg,test,MINEIRO_143,26,8
C:\Users\luise\OneDrive\Documentos\DECAFIA_v2\01_dataset\decafia_clean\images\train\MINADOR_37.jpg,train,MINADOR_37,C:\Users\luise\OneDrive\Documentos\DECAFIA_v2\01_dataset\decafia_clean\images\test\SANAS_NUEVAS_555.jpg,test,SANAS_NUEVAS_555,22,12
C:\Users\luise\OneDrive\Documentos\DECAFIA_v2\01_dataset\decafia_clean\images\train\MINADOR_38.jpg,train,MINADOR_38,C:\Users\luise\OneDrive\Documentos\DECAFIA_v2\01_dataset\decafia_clean\images\test\MINADOR_11.jpg,test,MINADOR_11,26,11
C:\Users\luise\OneDrive\Documentos\DECAFIA_v2\01_dataset\decafia_clean\images\train\MINADOR_38.jpg,train,MINADOR_38,C:\Users\luise\OneDrive\Documentos\DECAFIA_v2\01_dataset\decafia_clean\images\test\MINEIRO_143.jpg,test,MINEIRO_143,20,12
C:\Users\luise\OneDrive\Documentos\DECAFIA_v2\01_dataset\decafia_clean\images\train\MINADOR_38.jpg,train,MINADOR_38,C:\Users\luise\OneDrive\Documentos\DECAFIA_v2\01_dataset\decafia_clean\images\test\MINEIRO_191.jpg,test,MINEIRO_191,12,24
C:\Users\luise\OneDrive\Documentos\DECAFIA_v2\01_dataset\decafia_clean\images\train\MINADOR_38.jpg,train,MINADOR_38,C:\Users\luise\OneDrive\Documentos\DECAFIA_v2\01_dataset\decafia_clean\images\test\MINEIRO_69.jpg,test,MINEIRO_69,10,24
C:\Users\luise\OneDrive\Documentos\DECAFIA_v2\01_dataset\decafia_clean\images\train\MINADOR_39.jpg,train,MINADOR_39,C:\Users\luise\OneDrive\Documentos\DECAFIA_v2\01_dataset\decafia_clean\images\test\MINADO_RECORTES_12.jpg,test,MINADO_RECORTES_12,12,28
C:\Users\luise\OneDrive\Documentos\DECAFIA_v2\01_dataset\decafia_clean\images\train\MINADOR_39.jpg,train,MINADOR_39,C:\Users\luise\OneDrive\Documentos\DECAFIA_v2\01_dataset\decafia_clean\images\test\MINEIRO_174.jpg,test,MINEIRO_174,12,21
C:\Users\luise\OneDrive\Documentos\DECAFIA_v2\01_dataset\decafia_clean\images\train\MINADOR_4.jpg,train,MINADOR_4,C:\Users\luise\OneDrive\Documentos\DECAFIA_v2\01_dataset\decafia_clean\images\test\MINADOR_42.jpg,test,MINADOR_42,12,15
C:\Users\luise\OneDrive\Documentos\DECAFIA_v2\01_dataset\decafia_clean\images\train\MINADOR_4.jpg,train,MINADOR_4,C:\Users\luise\OneDrive\Documentos\DECAFIA_v2\01_dataset\decafia_clean\images\test\MINEIRO_191.jpg,test,MINEIRO_191,12,32
C:\Users\luise\OneDrive\Documentos\DECAFIA_v2\01_dataset\decafia_clean\images\train\MINADOR_40.jpg,train,MINADOR_40,C:\Users\luise\OneDrive\Documentos\DECAFIA_v2\01_dataset\decafia_clean\images\test\MINEIRO_42.jpg,test,MINEIRO_42,10,13
C:\Users\luise\OneDrive\Documentos\DECAFIA_v2\01_dataset\decafia_clean\images\train\MINADOR_43.jpg,train,MINADOR_43,C:\Users\luise\OneDrive\Documentos\DECAFIA_v2\01_dataset\decafia_clean\images\test\MINEIRO_169.jpg,test,MINEIRO_169,24,12
C:\Users\luise\OneDrive\Documentos\DECAFIA_v2\01_dataset\decafia_clean\images\train\MINADOR_43.jpg,train,MINADOR_43,C:\Users\luise\OneDrive\Documentos\DECAFIA_v2\01_dataset\decafia_clean\images\test\SANAS_NUEVAS_422.jpg,test,SANAS_NUEVAS_422,22,11
C:\Users\luise\OneDrive\Documentos\DECAFIA_v2\01_dataset\decafia_clean\images\train\MINADOR_43.jpg,train,MINADOR_43,C:\Users\luise\OneDrive\Documentos\DECAFIA_v2\01_dataset\decafia_clean\images\test\SANAS_SOCORRO_222.jpg,test,SANAS_SOCORRO_222,26,12
C:\Users\luise\OneDrive\Documentos\DECAFIA_v2\01_dataset\decafia_clean\images\train\MINADOR_44.jpg,train,MINADOR_44,C:\Users\luise\OneDrive\Documentos\DECAFIA_v2\01_dataset\decafia_clean\images\test\MINADOR_6.jpg,test,MINADOR_6,16,12
C:\Users\luise\OneDrive\Documentos\DECAFIA_v2\01_dataset\decafia_clean\images\train\MINADOR_44.jpg,train,MINADOR_44,C:\Users\luise\OneDrive\Documentos\DECAFIA_v2\01_dataset\decafia_clean\images\test\MINEIRO_130.jpg,test,MINEIRO_130,22,12
C:\Users\luise\OneDrive\Documentos\DECAFIA_v2\01_dataset\decafia_clean\images\train\MINADOR_44.jpg,train,MINADOR_44,C:\Users\luise\OneDrive\Documentos\DECAFIA_v2\01_dataset\decafia_clean\images\test\ROYA_FONDO_91.jpg,test,ROYA_FONDO_91,18,10
C:\Users\luise\OneDrive\Documentos\DECAFIA_v2\01_dataset\decafia_clean\images\train\MINADOR_45.jpg,train,MINADOR_45,C:\Users\luise\OneDrive\Documentos\DECAFIA_v2\01_dataset\decafia_clean\images\test\SANAS_NUEVAS_422.jpg,test,SANAS_NUEVAS_422,22,10
C:\Users\luise\OneDrive\Documentos\DECAFIA_v2\01_dataset\decafia_clean\images\train\MINADOR_45.jpg,train,MINADOR_45,C:\Users\luise\OneDrive\Documentos\DECAFIA_v2\01_dataset\decafia_clean\images\test\SANAS_SOCORRO_244.jpg,test,SANAS_SOCORRO_244,24,11
C:\Users\luise\OneDrive\Documentos\DECAFIA_v2\01_dataset\decafia_clean\images\train\MINADOR_46.jpg,train,MINADOR_46,C:\Users\luise\OneDrive\Documentos\DECAFIA_v2\01_dataset\decafia_clean\images\test\COCO_P_A_30.jpg,test,COCO_P_A_30,20,12
C:\Users\luise\OneDrive\Documentos\DECAFIA_v2\01_dataset\decafia_clean\images\train\MINADOR_46.jpg,train,MINADOR_46,C:\Users\luise\OneDrive\Documentos\DECAFIA_v2\01_dataset\decafia_clean\images\test\MINADOR_19.jpg,test,MINADOR_19,22,10
C:\Users\luise\OneDrive\Documentos\DECAFIA_v2\01_dataset\decafia_clean\images\train\MINADOR_46.jpg,train,MINADOR_46,C:\Users\luise\OneDrive\Documentos\DECAFIA_v2\01_dataset\decafia_clean\images\test\MINEIRO_9.jpg,test,MINEIRO_9,16,12
C:\Users\luise\OneDrive\Documentos\DECAFIA_v2\01_dataset\decafia_clean\images\train\MINADOR_47.jpg,train,MINADOR_47,C:\Users\luise\OneDrive\Documentos\DECAFIA_v2\01_dataset\decafia_clean\images\test\MINADOR_15.jpg,test,MINADOR_15,18,12
C:\Users\luise\OneDrive\Documentos\DECAFIA_v2\01_dataset\decafia_clean\images\train\MINADOR_47.jpg,train,MINADOR_47,C:\Users\luise\OneDrive\Documentos\DECAFIA_v2\01_dataset\decafia_clean\images\test\MINEIRO_148.jpg,test,MINEIRO_148,12,24
C:\Users\luise\OneDrive\Documentos\DECAFIA_v2\01_dataset\decafia_clean\images\train\MINADOR_47.jpg,train,MINADOR_47,C:\Users\luise\OneDrive\Documentos\DECAFIA_v2\01_dataset\decafia_clean\images\test\MINEIRO_76.jpg,test,MINEIRO_76,14,10
C:\Users\luise\OneDrive\Documentos\DECAFIA_v2\01_dataset\decafia_clean\images\train\MINADOR_50.jpg,train,MINADOR_50,C:\Users\luise\OneDrive\Documentos\DECAFIA_v2\01_dataset\decafia_clean\images\test\MINADOR_17.jpg,test,MINADOR_17,10,16
C:\Users\luise\OneDrive\Documentos\DECAFIA_v2\01_dataset\decafia_clean\images\train\MINADOR_50.jpg,train,MINADOR_50,C:\Users\luise\OneDrive\Documentos\DECAFIA_v2\01_dataset\decafia_clean\images\test\MINEIRO_8.jpg,test,MINEIRO_8,12,20
C:\Users\luise\OneDrive\Documentos\DECAFIA_v2\01_dataset\decafia_clean\images\train\MINADOR_50.jpg,train,MINADOR_50,C:\Users\luise\OneDrive\Documentos\DECAFIA_v2\01_dataset\decafia_clean\images\test\ROYA_FONDO_32.jpg,test,ROYA_FONDO_32,12,24
C:\Users\luise\OneDrive\Documentos\DECAFIA_v2\01_dataset\decafia_clean\images\train\MINADOR_51.jpg,train,MINADOR_51,C:\Users\luise\OneDrive\Documentos\DECAFIA_v2\01_dataset\decafia_clean\images\test\MINADOR_17.jpg,test,MINADOR_17,12,22
C:\Users\luise\OneDrive\Documentos\DECAFIA_v2\01_dataset\decafia_clean\images\train\MINADOR_51.jpg,train,MINADOR_51,C:\Users\luise\OneDrive\Documentos\DECAFIA_v2\01_dataset\decafia_clean\images\test\MINADOR_54.jpg,test,MINADOR_54,12,14
C:\Users\luise\OneDrive\Documentos\DECAFIA_v2\01_dataset\decafia_clean\images\train\MINADOR_53.jpg,train,MINADOR_53,C:\Users\luise\OneDrive\Documentos\DECAFIA_v2\01_dataset\decafia_clean\images\test\MINEIRO_176.jpg,test,MINEIRO_176,12,25
C:\Users\luise\OneDrive\Documentos\DECAFIA_v2\01_dataset\decafia_clean\images\train\MINADOR_58.jpg,train,MINADOR_58,C:\Users\luise\OneDrive\Documentos\DECAFIA_v2\01_dataset\decafia_clean\images\test\SANAS_NUEVAS_428.jpg,test,SANAS_NUEVAS_428,22,12
C:\Users\luise\OneDrive\Documentos\DECAFIA_v2\01_dataset\decafia_clean\images\train\MINADOR_60.jpg,train,MINADOR_60,C:\Users\luise\OneDrive\Documentos\DECAFIA_v2\01_dataset\decafia_clean\images\test\MINADOR_29.jpg,test,MINADOR_29,12,24
C:\Users\luise\OneDrive\Documentos\DECAFIA_v2\01_dataset\decafia_clean\images\train\MINADOR_60.jpg,train,MINADOR_60,C:\Users\luise\OneDrive\Documentos\DECAFIA_v2\01_dataset\decafia_clean\images\test\MINEIRO_174.jpg,test,MINEIRO_174,10,18
C:\Users\luise\OneDrive\Documentos\DECAFIA_v2\01_dataset\decafia_clean\images\train\MINADOR_60.jpg,train,MINADOR_60,C:\Users\luise\OneDrive\Documentos\DECAFIA_v2\01_dataset\decafia_clean\images\test\MINEIRO_42.jpg,test,MINEIRO_42,12,16
C:\Users\luise\OneDrive\Documentos\DECAFIA_v2\01_dataset\decafia_clean\images\train\MINADOR_65.jpg,train,MINADOR_65,C:\Users\luise\OneDrive\Documentos\DECAFIA_v2\01_dataset\decafia_clean\images\test\MINADOR_34.jpg,test,MINADOR_34,22,12
C:\Users\luise\OneDrive\Documentos\DECAFIA_v2\01_dataset\decafia_clean\images\train\MINADOR_65.jpg,train,MINADOR_65,C:\Users\luise\OneDrive\Documentos\DECAFIA_v2\01_dataset\decafia_clean\images\test\MINEIRO_179.jpg,test,MINEIRO_179,12,24
C:\Users\luise\OneDrive\Documentos\DECAFIA_v2\01_dataset\decafia_clean\images\train\MINADOR_65.jpg,train,MINADOR_65,C:\Users\luise\OneDrive\Documentos\DECAFIA_v2\01_dataset\decafia_clean\images\test\SANAS_NUEVAS_552.jpg,test,SANAS_NUEVAS_552,10,23
C:\Users\luise\OneDrive\Documentos\DECAFIA_v2\01_dataset\decafia_clean\images\train\MINADOR_65.jpg,train,MINADOR_65,C:\Users\luise\OneDrive\Documentos\DECAFIA_v2\01_dataset\decafia_clean\images\test\SANAS_SOCORRO_437.jpg,test,SANAS_SOCORRO_437,10,23
C:\Users\luise\OneDrive\Documentos\DECAFIA_v2\01_dataset\decafia_clean\images\train\MINADOR_67.jpg,train,MINADOR_67,C:\Users\luise\OneDrive\Documentos\DECAFIA_v2\01_dataset\decafia_clean\images\test\MINADOR_6.jpg,test,MINADOR_6,18,10
C:\Users\luise\OneDrive\Documentos\DECAFIA_v2\01_dataset\decafia_clean\images\train\MINADOR_68.jpg,train,MINADOR_68,C:\Users\luise\OneDrive\Documentos\DECAFIA_v2\01_dataset\decafia_clean\images\test\MINADOR_5.jpg,test,MINADOR_5,12,25
C:\Users\luise\OneDrive\Documentos\DECAFIA_v2\01_dataset\decafia_clean\images\train\MINADOR_7.jpg,train,MINADOR_7,C:\Users\luise\OneDrive\Documentos\DECAFIA_v2\01_dataset\decafia_clean\images\test\MINEIRO_164.jpg,test,MINEIRO_164,12,20
C:\Users\luise\OneDrive\Documentos\DECAFIA_v2\01_dataset\decafia_clean\images\train\MINADOR_70.jpg,train,MINADOR_70,C:\Users\luise\OneDrive\Documentos\DECAFIA_v2\01_dataset\decafia_clean\images\test\ROYA_FONDO_26.jpg,test,ROYA_FONDO_26,24,11
C:\Users\luise\OneDrive\Documentos\DECAFIA_v2\01_dataset\decafia_clean\images\train\MINADOR_73.jpg,train,MINADOR_73,C:\Users\luise\OneDrive\Documentos\DECAFIA_v2\01_dataset\decafia_clean\images\test\MINEIRO_112.jpg,test,MINEIRO_112,26,12
C:\Users\luise\OneDrive\Documentos\DECAFIA_v2\01_dataset\decafia_clean\images\train\MINADOR_73.jpg,train,MINADOR_73,C:\Users\luise\OneDrive\Documentos\DECAFIA_v2\01_dataset\decafia_clean\images\test\MINEIRO_62.jpg,test,MINEIRO_62,20,12
C:\Users\luise\OneDrive\Documentos\DECAFIA_v2\01_dataset\decafia_clean\images\train\MINADOR_75.jpg,train,MINADOR_75,C:\Users\luise\OneDrive\Documentos\DECAFIA_v2\01_dataset\decafia_clean\images\test\MINEIRO_8.jpg,test,MINEIRO_8,12,16
C:\Users\luise\OneDrive\Documentos\DECAFIA_v2\01_dataset\decafia_clean\images\train\MINADOR_76.jpg,train,MINADOR_76,C:\Users\luise\OneDrive\Documentos\DECAFIA_v2\01_dataset\decafia_clean\images\test\MINEIRO_112.jpg,test,MINEIRO_112,12,25
C:\Users\luise\OneDrive\Documentos\DECAFIA_v2\01_dataset\decafia_clean\images\train\MINADOR_76.jpg,train,MINADOR_76,C:\Users\luise\OneDrive\Documentos\DECAFIA_v2\01_dataset\decafia_clean\images\test\MINEIRO_176.jpg,test,MINEIRO_176,12,21
C:\Users\luise\OneDrive\Documentos\DECAFIA_v2\01_dataset\decafia_clean\images\train\MINADOR_79.jpg,train,MINADOR_79,C:\Users\luise\OneDrive\Documentos\DECAFIA_v2\01_dataset\decafia_clean\images\test\ROYA_FONDO_34.jpg,test,ROYA_FONDO_34,12,22
C:\Users\luise\OneDrive\Documentos\DECAFIA_v2\01_dataset\decafia_clean\images\train\MINADOR_8.jpg,train,MINADOR_8,C:\Users\luise\OneDrive\Documentos\DECAFIA_v2\01_dataset\decafia_clean\images\test\ROYA_FONDO_78.jpg,test,ROYA_FONDO_78,18,12
C:\Users\luise\OneDrive\Documentos\DECAFIA_v2\01_dataset\decafia_clean\images\train\MINADOR_83.jpg,train,MINADOR_83,C:\Users\luise\OneDrive\Documentos\DECAFIA_v2\01_dataset\decafia_clean\images\test\MINADOR_29.jpg,test,MINADOR_29,12,31
C:\Users\luise\OneDrive\Documentos\DECAFIA_v2\01_dataset\decafia_clean\images\train\MINADOR_83.jpg,train,MINADOR_83,C:\Users\luise\OneDrive\Documentos\DECAFIA_v2\01_dataset\decafia_clean\images\test\MINEIRO_143.jpg,test,MINEIRO_143,12,30
C:\Users\luise\OneDrive\Documentos\DECAFIA_v2\01_dataset\decafia_clean\images\train\MINEIRO_0.jpg,train,MINEIRO_0,C:\Users\luise\OneDrive\Documentos\DECAFIA_v2\01_dataset\decafia_clean\images\test\ROYA_FONDO_12.jpg,test,ROYA_FONDO_12,24,11
C:\Users\luise\OneDrive\Documentos\DECAFIA_v2\01_dataset\decafia_clean\images\train\MINEIRO_0.jpg,train,MINEIRO_0,C:\Users\luise\OneDrive\Documentos\DECAFIA_v2\01_dataset\decafia_clean\images\test\ROYA_FONDO_78.jpg,test,ROYA_FONDO_78,24,12
C:\Users\luise\OneDrive\Documentos\DECAFIA_v2\01_dataset\decafia_clean\images\train\MINEIRO_100.jpg,train,MINEIRO_100,C:\Users\luise\OneDrive\Documentos\DECAFIA_v2\01_dataset\decafia_clean\images\test\MINADOR_52.jpg,test,MINADOR_52,12,20
C:\Users\luise\OneDrive\Documentos\DECAFIA_v2\01_dataset\decafia_clean\images\train\MINEIRO_100.jpg,train,MINEIRO_100,C:\Users\luise\OneDrive\Documentos\DECAFIA_v2\01_dataset\decafia_clean\images\test\MINADOR_71.jpg,test,MINADOR_71,12,17
C:\Users\luise\OneDrive\Documentos\DECAFIA_v2\01_dataset\decafia_clean\images\train\MINEIRO_100.jpg,train,MINEIRO_100,C:\Users\luise\OneDrive\Documentos\DECAFIA_v2\01_dataset\decafia_clean\images\test\MINEIRO_130.jpg,test,MINEIRO_130,10,24
C:\Users\luise\OneDrive\Documentos\DECAFIA_v2\01_dataset\decafia_clean\images\train\MINEIRO_100.jpg,train,MINEIRO_100,C:\Users\luise\OneDrive\Documentos\DECAFIA_v2\01_dataset\decafia_clean\images\test\MINEIRO_143.jpg,test,MINEIRO_143,24,12
C:\Users\luise\OneDrive\Documentos\DECAFIA_v2\01_dataset\decafia_clean\images\train\MINEIRO_100.jpg,train,MINEIRO_100,C:\Users\luise\OneDrive\Documentos\DECAFIA_v2\01_dataset\decafia_clean\images\test\MINEIRO_179.jpg,test,MINEIRO_179,18,10
C:\Users\luise\OneDrive\Documentos\DECAFIA_v2\01_dataset\decafia_clean\images\train\MINEIRO_100.jpg,train,MINEIRO_100,C:\Users\luise\OneDrive\Documentos\DECAFIA_v2\01_dataset\decafia_clean\images\test\SANAS_NUEVAS_422.jpg,test,SANAS_NUEVAS_422,12,22
C:\Users\luise\OneDrive\Documentos\DECAFIA_v2\01_dataset\decafia_clean\images\train\MINEIRO_104.jpg,train,MINEIRO_104,C:\Users\luise\OneDrive\Documentos\DECAFIA_v2\01_dataset\decafia_clean\images\test\COCO_Muy_A_95.jpg,test,COCO_Muy_A_95,12,14
C:\Users\luise\OneDrive\Documentos\DECAFIA_v2\01_dataset\decafia_clean\images\train\MINEIRO_104.jpg,train,MINEIRO_104,C:\Users\luise\OneDrive\Documentos\DECAFIA_v2\01_dataset\decafia_clean\images\test\MINADOR_54.jpg,test,MINADOR_54,10,16
C:\Users\luise\OneDrive\Documentos\DECAFIA_v2\01_dataset\decafia_clean\images\train\MINEIRO_104.jpg,train,MINEIRO_104,C:\Users\luise\OneDrive\Documentos\DECAFIA_v2\01_dataset\decafia_clean\images\test\MINEIRO_8.jpg,test,MINEIRO_8,8,22
C:\Users\luise\OneDrive\Documentos\DECAFIA_v2\01_dataset\decafia_clean\images\train\MINEIRO_104.jpg,train,MINEIRO_104,C:\Users\luise\OneDrive\Documentos\DECAFIA_v2\01_dataset\decafia_clean\images\test\ROYA_FONDO_32.jpg,test,ROYA_FONDO_32,8,18
C:\Users\luise\OneDrive\Documentos\DECAFIA_v2\01_dataset\decafia_clean\images\train\MINEIRO_105.jpg,train,MINEIRO_105,C:\Users\luise\OneDrive\Documentos\DECAFIA_v2\01_dataset\decafia_clean\images\test\MINADOR_52.jpg,test,MINADOR_52,26,11
C:\Users\luise\OneDrive\Documentos\DECAFIA_v2\01_dataset\decafia_clean\images\train\MINEIRO_105.jpg,train,MINEIRO_105,C:\Users\luise\OneDrive\Documentos\DECAFIA_v2\01_dataset\decafia_clean\images\test\MINADOR_57.jpg,test,MINADOR_57,14,11
C:\Users\luise\OneDrive\Documentos\DECAFIA_v2\01_dataset\decafia_clean\images\train\MINEIRO_105.jpg,train,MINEIRO_105,C:\Users\luise\OneDrive\Documentos\DECAFIA_v2\01_dataset\decafia_clean\images\test\MINEIRO_174.jpg,test,MINEIRO_174,10,12
C:\Users\luise\OneDrive\Documentos\DECAFIA_v2\01_dataset\decafia_clean\images\train\MINEIRO_105.jpg,train,MINEIRO_105,C:\Users\luise\OneDrive\Documentos\DECAFIA_v2\01_dataset\decafia_clean\images\test\MINEIRO_42.jpg,test,MINEIRO_42,10,16
C:\Users\luise\OneDrive\Documentos\DECAFIA_v2\01_dataset\decafia_clean\images\train\MINEIRO_106.jpg,train,MINEIRO_106,C:\Users\luise\OneDrive\Documentos\DECAFIA_v2\01_dataset\decafia_clean\images\test\MINADOR_15.jpg,test,MINADOR_15,12,13
C:\Users\luise\OneDrive\Documentos\DECAFIA_v2\01_dataset\decafia_clean\images\train\MINEIRO_117.jpg,train,MINEIRO_117,C:\Users\luise\OneDrive\Documentos\DECAFIA_v2\01_dataset\decafia_clean\images\test\MINADOR_11.jpg,test,MINADOR_11,16,11
C:\Users\luise\OneDrive\Documentos\DECAFIA_v2\01_dataset\decafia_clean\images\train\MINEIRO_117.jpg,train,MINEIRO_117,C:\Users\luise\OneDrive\Documentos\DECAFIA_v2\01_dataset\decafia_clean\images\test\MINADOR_17.jpg,test,MINADOR_17,18,12
C:\Users\luise\OneDrive\Documentos\DECAFIA_v2\01_dataset\decafia_clean\images\train\MINEIRO_117.jpg,train,MINEIRO_117,C:\Users\luise\OneDrive\Documentos\DECAFIA_v2\01_dataset\decafia_clean\images\test\SANAS_NUEVAS_554.jpg,test,SANAS_NUEVAS_554,22,11
C:\Users\luise\OneDrive\Documentos\DECAFIA_v2\01_dataset\decafia_clean\images\train\MINEIRO_118.jpg,train,MINEIRO_118,C:\Users\luise\OneDrive\Documentos\DECAFIA_v2\01_dataset\decafia_clean\images\test\MINADOR_21.jpg,test,MINADOR_21,8,24
C:\Users\luise\OneDrive\Documentos\DECAFIA_v2\01_dataset\decafia_clean\images\train\MINEIRO_119.jpg,train,MINEIRO_119,C:\Users\luise\OneDrive\Documentos\DECAFIA_v2\01_dataset\decafia_clean\images\test\MINEIRO_32.jpg,test,MINEIRO_32,12,20
C:\Users\luise\OneDrive\Documentos\DECAFIA_v2\01_dataset\decafia_clean\images\train\MINEIRO_121.jpg,train,MINEIRO_121,C:\Users\luise\OneDrive\Documentos\DECAFIA_v2\01_dataset\decafia_clean\images\test\MINEIRO_63.jpg,test,MINEIRO_63,18,12
C:\Users\luise\OneDrive\Documentos\DECAFIA_v2\01_dataset\decafia_clean\images\train\MINEIRO_121.jpg,train,MINEIRO_121,C:\Users\luise\OneDrive\Documentos\DECAFIA_v2\01_dataset\decafia_clean\images\test\SANAS_SOCORRO_142.jpg,test,SANAS_SOCORRO_142,24,12
C:\Users\luise\OneDrive\Documentos\DECAFIA_v2\01_dataset\decafia_clean\images\train\MINEIRO_122.jpg,train,MINEIRO_122,C:\Users\luise\OneDrive\Documentos\DECAFIA_v2\01_dataset\decafia_clean\images\test\MINADOR_29.jpg,test,MINADOR_29,12,21
C:\Users\luise\OneDrive\Documentos\DECAFIA_v2\01_dataset\decafia_clean\images\train\MINEIRO_122.jpg,train,MINEIRO_122,C:\Users\luise\OneDrive\Documentos\DECAFIA_v2\01_dataset\decafia_clean\images\test\MINEIRO_174.jpg,test,MINEIRO_174,12,11
C:\Users\luise\OneDrive\Documentos\DECAFIA_v2\01_dataset\decafia_clean\images\train\MINEIRO_122.jpg,train,MINEIRO_122,C:\Users\luise\OneDrive\Documentos\DECAFIA_v2\01_dataset\decafia_clean\images\test\MINEIRO_42.jpg,test,MINEIRO_42,12,15
C:\Users\luise\OneDrive\Documentos\DECAFIA_v2\01_dataset\decafia_clean\images\train\MINEIRO_123.jpg,train,MINEIRO_123,C:\Users\luise\OneDrive\Documentos\DECAFIA_v2\01_dataset\decafia_clean\images\test\MINEIRO_143.jpg,test,MINEIRO_143,22,12
C:\Users\luise\OneDrive\Documentos\DECAFIA_v2\01_dataset\decafia_clean\images\train\MINEIRO_123.jpg,train,MINEIRO_123,C:\Users\luise\OneDrive\Documentos\DECAFIA_v2\01_dataset\decafia_clean\images\test\MINEIRO_179.jpg,test,MINEIRO_179,12,18
C:\Users\luise\OneDrive\Documentos\DECAFIA_v2\01_dataset\decafia_clean\images\train\MINEIRO_124.jpg,train,MINEIRO_124,C:\Users\luise\OneDrive\Documentos\DECAFIA_v2\01_dataset\decafia_clean\images\test\MINADOR_11.jpg,test,MINADOR_11,20,8
C:\Users\luise\OneDrive\Documentos\DECAFIA_v2\01_dataset\decafia_clean\images\train\MINEIRO_124.jpg,train,MINEIRO_124,C:\Users\luise\OneDrive\Documentos\DECAFIA_v2\01_dataset\decafia_clean\images\test\MINADOR_52.jpg,test,MINADOR_52,26,9
C:\Users\luise\OneDrive\Documentos\DECAFIA_v2\01_dataset\decafia_clean\images\train\MINEIRO_124.jpg,train,MINEIRO_124,C:\Users\luise\OneDrive\Documentos\DECAFIA_v2\01_dataset\decafia_clean\images\test\MINEIRO_110.jpg,test,MINEIRO_110,20,12
C:\Users\luise\OneDrive\Documentos\DECAFIA_v2\01_dataset\decafia_clean\images\train\MINEIRO_124.jpg,train,MINEIRO_124,C:\Users\luise\OneDrive\Documentos\DECAFIA_v2\01_dataset\decafia_clean\images\test\MINEIRO_143.jpg,test,MINEIRO_143,28,11
C:\Users\luise\OneDrive\Documentos\DECAFIA_v2\01_dataset\decafia_clean\images\train\MINEIRO_124.jpg,train,MINEIRO_124,C:\Users\luise\OneDrive\Documentos\DECAFIA_v2\01_dataset\decafia_clean\images\test\MINEIRO_147.jpg,test,MINEIRO_147,16,8
C:\Users\luise\OneDrive\Documentos\DECAFIA_v2\01_dataset\decafia_clean\images\train\MINEIRO_124.jpg,train,MINEIRO_124,C:\Users\luise\OneDrive\Documentos\DECAFIA_v2\01_dataset\decafia_clean\images\test\SANAS_NUEVAS_437.jpg,test,SANAS_NUEVAS_437,28,9
C:\Users\luise\OneDrive\Documentos\DECAFIA_v2\01_dataset\decafia_clean\images\train\MINEIRO_124.jpg,train,MINEIRO_124,C:\Users\luise\OneDrive\Documentos\DECAFIA_v2\01_dataset\decafia_clean\images\test\SANAS_SOCORRO_142.jpg,test,SANAS_SOCORRO_142,22,11
C:\Users\luise\OneDrive\Documentos\DECAFIA_v2\01_dataset\decafia_clean\images\train\MINEIRO_125.jpg,train,MINEIRO_125,C:\Users\luise\OneDrive\Documentos\DECAFIA_v2\01_dataset\decafia_clean\images\test\MINADOR_29.jpg,test,MINADOR_29,16,7
C:\Users\luise\OneDrive\Documentos\DECAFIA_v2\01_dataset\decafia_clean\images\train\MINEIRO_125.jpg,train,MINEIRO_125,C:\Users\luise\OneDrive\Documentos\DECAFIA_v2\01_dataset\decafia_clean\images\test\MINADOR_34.jpg,test,MINADOR_34,12,22
C:\Users\luise\OneDrive\Documentos\DECAFIA_v2\01_dataset\decafia_clean\images\train\MINEIRO_125.jpg,train,MINEIRO_125,C:\Users\luise\OneDrive\Documentos\DECAFIA_v2\01_dataset\decafia_clean\images\test\MINEIRO_143.jpg,test,MINEIRO_143,12,20
C:\Users\luise\OneDrive\Documentos\DECAFIA_v2\01_dataset\decafia_clean\images\train\MINEIRO_125.jpg,train,MINEIRO_125,C:\Users\luise\OneDrive\Documentos\DECAFIA_v2\01_dataset\decafia_clean\images\test\MINEIRO_176.jpg,test,MINEIRO_176,12,25
C:\Users\luise\OneDrive\Documentos\DECAFIA_v2\01_dataset\decafia_clean\images\train\MINEIRO_125.jpg,train,MINEIRO_125,C:\Users\luise\OneDrive\Documentos\DECAFIA_v2\01_dataset\decafia_clean\images\test\SANAS_NUEVAS_555.jpg,test,SANAS_NUEVAS_555,12,24
C:\Users\luise\OneDrive\Documentos\DECAFIA_v2\01_dataset\decafia_clean\images\train\MINEIRO_126.jpg,train,MINEIRO_126,C:\Users\luise\OneDrive\Documentos\DECAFIA_v2\01_dataset\decafia_clean\images\test\MINEIRO_148.jpg,test,MINEIRO_148,12,26
C:\Users\luise\OneDrive\Documentos\DECAFIA_v2\01_dataset\decafia_clean\images\train\MINEIRO_126.jpg,train,MINEIRO_126,C:\Users\luise\OneDrive\Documentos\DECAFIA_v2\01_dataset\decafia_clean\images\test\MINEIRO_191.jpg,test,MINEIRO_191,10,31
C:\Users\luise\OneDrive\Documentos\DECAFIA_v2\01_dataset\decafia_clean\images\train\MINEIRO_126.jpg,train,MINEIRO_126,C:\Users\luise\OneDrive\Documentos\DECAFIA_v2\01_dataset\decafia_clean\images\test\MINEIRO_76.jpg,test,MINEIRO_76,22,12
C:\Users\luise\OneDrive\Documentos\DECAFIA_v2\01_dataset\decafia_clean\images\train\MINEIRO_128.jpg,train,MINEIRO_128,C:\Users\luise\OneDrive\Documentos\DECAFIA_v2\01_dataset\decafia_clean\images\test\ROYA_FONDO_91.jpg,test,ROYA_FONDO_91,18,12
C:\Users\luise\OneDrive\Documentos\DECAFIA_v2\01_dataset\decafia_clean\images\train\MINEIRO_129.jpg,train,MINEIRO_129,C:\Users\luise\OneDrive\Documentos\DECAFIA_v2\01_dataset\decafia_clean\images\test\MINEIRO_179.jpg,test,MINEIRO_179,10,20
C:\Users\luise\OneDrive\Documentos\DECAFIA_v2\01_dataset\decafia_clean\images\train\MINEIRO_131.jpg,train,MINEIRO_131,C:\Users\luise\OneDrive\Documentos\DECAFIA_v2\01_dataset\decafia_clean\images\test\MINADOR_5.jpg,test,MINADOR_5,26,11
C:\Users\luise\OneDrive\Documentos\DECAFIA_v2\01_dataset\decafia_clean\images\train\MINEIRO_131.jpg,train,MINEIRO_131,C:\Users\luise\OneDrive\Documentos\DECAFIA_v2\01_dataset\decafia_clean\images\test\MINEIRO_8.jpg,test,MINEIRO_8,10,17
C:\Users\luise\OneDrive\Documentos\DECAFIA_v2\01_dataset\decafia_clean\images\train\MINEIRO_131.jpg,train,MINEIRO_131,C:\Users\luise\OneDrive\Documentos\DECAFIA_v2\01_dataset\decafia_clean\images\test\MINEIRO_9.jpg,test,MINEIRO_9,8,20
C:\Users\luise\OneDrive\Documentos\DECAFIA_v2\01_dataset\decafia_clean\images\train\MINEIRO_131.jpg,train,MINEIRO_131,C:\Users\luise\OneDrive\Documentos\DECAFIA_v2\01_dataset\decafia_clean\images\test\ROYA_FONDO_32.jpg,test,ROYA_FONDO_32,10,23
C:\Users\luise\OneDrive\Documentos\DECAFIA_v2\01_dataset\decafia_clean\images\train\MINEIRO_131.jpg,train,MINEIRO_131,C:\Users\luise\OneDrive\Documentos\DECAFIA_v2\01_dataset\decafia_clean\images\test\SANAS_SOCORRO_422.jpg,test,SANAS_SOCORRO_422,12,22
C:\Users\luise\OneDrive\Documentos\DECAFIA_v2\01_dataset\decafia_clean\images\train\MINEIRO_134.jpg,train,MINEIRO_134,C:\Users\luise\OneDrive\Documentos\DECAFIA_v2\01_dataset\decafia_clean\images\test\MINADOR_42.jpg,test,MINADOR_42,10,36
C:\Users\luise\OneDrive\Documentos\DECAFIA_v2\01_dataset\decafia_clean\images\train\MINEIRO_134.jpg,train,MINEIRO_134,C:\Users\luise\OneDrive\Documentos\DECAFIA_v2\01_dataset\decafia_clean\images\test\MINEIRO_191.jpg,test,MINEIRO_191,10,25
C:\Users\luise\OneDrive\Documentos\DECAFIA_v2\01_dataset\decafia_clean\images\train\MINEIRO_134.jpg,train,MINEIRO_134,C:\Users\luise\OneDrive\Documentos\DECAFIA_v2\01_dataset\decafia_clean\images\test\MINEIRO_76.jpg,test,MINEIRO_76,12,38
C:\Users\luise\OneDrive\Documentos\DECAFIA_v2\01_dataset\decafia_clean\images\train\MINEIRO_138.jpg,train,MINEIRO_138,C:\Users\luise\OneDrive\Documentos\DECAFIA_v2\01_dataset\decafia_clean\images\test\MINEIRO_191.jpg,test,MINEIRO_191,12,22
C:\Users\luise\OneDrive\Documentos\DECAFIA_v2\01_dataset\decafia_clean\images\train\MINEIRO_139.jpg,train,MINEIRO_139,C:\Users\luise\OneDrive\Documentos\DECAFIA_v2\01_dataset\decafia_clean\images\test\MINEIRO_147.jpg,test,MINEIRO_147,26,12
C:\Users\luise\OneDrive\Documentos\DECAFIA_v2\01_dataset\decafia_clean\images\train\MINEIRO_139.jpg,train,MINEIRO_139,C:\Users\luise\OneDrive\Documentos\DECAFIA_v2\01_dataset\decafia_clean\images\test\MINEIRO_164.jpg,test,MINEIRO_164,12,23
C:\Users\luise\OneDrive\Documentos\DECAFIA_v2\01_dataset\decafia_clean\images\train\MINEIRO_146.jpg,train,MINEIRO_146,C:\Users\luise\OneDrive\Documentos\DECAFIA_v2\01_dataset\decafia_clean\images\test\MINADOR_29.jpg,test,MINADOR_29,10,22
C:\Users\luise\OneDrive\Documentos\DECAFIA_v2\01_dataset\decafia_clean\images\train\MINEIRO_146.jpg,train,MINEIRO_146,C:\Users\luise\OneDrive\Documentos\DECAFIA_v2\01_dataset\decafia_clean\images\test\MINEIRO_174.jpg,test,MINEIRO_174,8,8
C:\Users\luise\OneDrive\Documentos\DECAFIA_v2\01_dataset\decafia_clean\images\train\MINEIRO_146.jpg,train,MINEIRO_146,C:\Users\luise\OneDrive\Documentos\DECAFIA_v2\01_dataset\decafia_clean\images\test\MINEIRO_176.jpg,test,MINEIRO_176,12,26
C:\Users\luise\OneDrive\Documentos\DECAFIA_v2\01_dataset\decafia_clean\images\train\MINEIRO_146.jpg,train,MINEIRO_146,C:\Users\luise\OneDrive\Documentos\DECAFIA_v2\01_dataset\decafia_clean\images\test\MINEIRO_42.jpg,test,MINEIRO_42,8,16
C:\Users\luise\OneDrive\Documentos\DECAFIA_v2\01_dataset\decafia_clean\images\train\MINEIRO_146.jpg,train,MINEIRO_146,C:\Users\luise\OneDrive\Documentos\DECAFIA_v2\01_dataset\decafia_clean\images\test\SANAS_SOCORRO_438.jpg,test,SANAS_SOCORRO_438,12,20
C:\Users\luise\OneDrive\Documentos\DECAFIA_v2\01_dataset\decafia_clean\images\train\MINEIRO_15.jpg,train,MINEIRO_15,C:\Users\luise\OneDrive\Documentos\DECAFIA_v2\01_dataset\decafia_clean\images\test\MINEIRO_179.jpg,test,MINEIRO_179,12,19
C:\Users\luise\OneDrive\Documentos\DECAFIA_v2\01_dataset\decafia_clean\images\train\MINEIRO_155.jpg,train,MINEIRO_155,C:\Users\luise\OneDrive\Documentos\DECAFIA_v2\01_dataset\decafia_clean\images\test\COCO_Muy_A_95.jpg,test,COCO_Muy_A_95,20,12
C:\Users\luise\OneDrive\Documentos\DECAFIA_v2\01_dataset\decafia_clean\images\train\MINEIRO_155.jpg,train,MINEIRO_155,C:\Users\luise\OneDrive\Documentos\DECAFIA_v2\01_dataset\decafia_clean\images\test\MINEIRO_62.jpg,test,MINEIRO_62,18,11
C:\Users\luise\OneDrive\Documentos\DECAFIA_v2\01_dataset\decafia_clean\images\train\MINEIRO_157.jpg,train,MINEIRO_157,C:\Users\luise\OneDrive\Documentos\DECAFIA_v2\01_dataset\decafia_clean\images\test\ROYA_FONDO_76.jpg,test,ROYA_FONDO_76,18,12
C:\Users\luise\OneDrive\Documentos\DECAFIA_v2\01_dataset\decafia_clean\images\train\MINEIRO_158.jpg,train,MINEIRO_158,C:\Users\luise\OneDrive\Documentos\DECAFIA_v2\01_dataset\decafia_clean\images\test\MINEIRO_120.jpg,test,MINEIRO_120,12,23
C:\Users\luise\OneDrive\Documentos\DECAFIA_v2\01_dataset\decafia_clean\images\train\MINEIRO_16.jpg,train,MINEIRO_16,C:\Users\luise\OneDrive\Documentos\DECAFIA_v2\01_dataset\decafia_clean\images\test\MINADOR_34.jpg,test,MINADOR_34,18,12
C:\Users\luise\OneDrive\Documentos\DECAFIA_v2\01_dataset\decafia_clean\images\train\MINEIRO_161.jpg,train,MINEIRO_161,C:\Users\luise\OneDrive\Documentos\DECAFIA_v2\01_dataset\decafia_clean\images\test\MINADOR_29.jpg,test,MINADOR_29,12,23
C:\Users\luise\OneDrive\Documentos\DECAFIA_v2\01_dataset\decafia_clean\images\train\MINEIRO_161.jpg,train,MINEIRO_161,C:\Users\luise\OneDrive\Documentos\DECAFIA_v2\01_dataset\decafia_clean\images\test\MINADOR_57.jpg,test,MINADOR_57,22,12
C:\Users\luise\OneDrive\Documentos\DECAFIA_v2\01_dataset\decafia_clean\images\train\MINEIRO_161.jpg,train,MINEIRO_161,C:\Users\luise\OneDrive\Documentos\DECAFIA_v2\01_dataset\decafia_clean\images\test\MINEIRO_174.jpg,test,MINEIRO_174,14,11
C:\Users\luise\OneDrive\Documentos\DECAFIA_v2\01_dataset\decafia_clean\images\train\MINEIRO_162.jpg,train,MINEIRO_162,C:\Users\luise\OneDrive\Documentos\DECAFIA_v2\01_dataset\decafia_clean\images\test\MINEIRO_62.jpg,test,MINEIRO_62,12,24
C:\Users\luise\OneDrive\Documentos\DECAFIA_v2\01_dataset\decafia_clean\images\train\MINEIRO_163.jpg,train,MINEIRO_163,C:\Users\luise\OneDrive\Documentos\DECAFIA_v2\01_dataset\decafia_clean\images\test\MINADOR_34.jpg,test,MINADOR_34,16,12
C:\Users\luise\OneDrive\Documentos\DECAFIA_v2\01_dataset\decafia_clean\images\train\MINEIRO_163.jpg,train,MINEIRO_163,C:\Users\luise\OneDrive\Documentos\DECAFIA_v2\01_dataset\decafia_clean\images\test\MINEIRO_191.jpg,test,MINEIRO_191,12,30
C:\Users\luise\OneDrive\Documentos\DECAFIA_v2\01_dataset\decafia_clean\images\train\MINEIRO_163.jpg,train,MINEIRO_163,C:\Users\luise\OneDrive\Documentos\DECAFIA_v2\01_dataset\decafia_clean\images\test\MINEIRO_69.jpg,test,MINEIRO_69,12,12
C:\Users\luise\OneDrive\Documentos\DECAFIA_v2\01_dataset\decafia_clean\images\train\MINEIRO_163.jpg,train,MINEIRO_163,C:\Users\luise\OneDrive\Documentos\DECAFIA_v2\01_dataset\decafia_clean\images\test\MINEIRO_76.jpg,test,MINEIRO_76,16,11
C:\Users\luise\OneDrive\Documentos\DECAFIA_v2\01_dataset\decafia_clean\images\train\MINEIRO_165.jpg,train,MINEIRO_165,C:\Users\luise\OneDrive\Documentos\DECAFIA_v2\01_dataset\decafia_clean\images\test\MINEIRO_169.jpg,test,MINEIRO_169,12,19
C:\Users\luise\OneDrive\Documentos\DECAFIA_v2\01_dataset\decafia_clean\images\train\MINEIRO_175.jpg,train,MINEIRO_175,C:\Users\luise\OneDrive\Documentos\DECAFIA_v2\01_dataset\decafia_clean\images\test\MINADOR_29.jpg,test,MINADOR_29,12,22
C:\Users\luise\OneDrive\Documentos\DECAFIA_v2\01_dataset\decafia_clean\images\train\MINEIRO_175.jpg,train,MINEIRO_175,C:\Users\luise\OneDrive\Documentos\DECAFIA_v2\01_dataset\decafia_clean\images\test\MINADOR_34.jpg,test,MINADOR_34,10,23
C:\Users\luise\OneDrive\Documentos\DECAFIA_v2\01_dataset\decafia_clean\images\train\MINEIRO_175.jpg,train,MINEIRO_175,C:\Users\luise\OneDrive\Documentos\DECAFIA_v2\01_dataset\decafia_clean\images\test\MINADOR_42.jpg,test,MINADOR_42,12,30
C:\Users\luise\OneDrive\Documentos\DECAFIA_v2\01_dataset\decafia_clean\images\train\MINEIRO_175.jpg,train,MINEIRO_175,C:\Users\luise\OneDrive\Documentos\DECAFIA_v2\01_dataset\decafia_clean\images\test\MINEIRO_174.jpg,test,MINEIRO_174,12,16
C:\Users\luise\OneDrive\Documentos\DECAFIA_v2\01_dataset\decafia_clean\images\train\MINEIRO_175.jpg,train,MINEIRO_175,C:\Users\luise\OneDrive\Documentos\DECAFIA_v2\01_dataset\decafia_clean\images\test\MINEIRO_42.jpg,test,MINEIRO_42,12,16
C:\Users\luise\OneDrive\Documentos\DECAFIA_v2\01_dataset\decafia_clean\images\train\MINEIRO_177.jpg,train,MINEIRO_177,C:\Users\luise\OneDrive\Documentos\DECAFIA_v2\01_dataset\decafia_clean\images\test\MINEIRO_143.jpg,test,MINEIRO_143,24,8
C:\Users\luise\OneDrive\Documentos\DECAFIA_v2\01_dataset\decafia_clean\images\train\MINEIRO_18.jpg,train,MINEIRO_18,C:\Users\luise\OneDrive\Documentos\DECAFIA_v2\01_dataset\decafia_clean\images\test\ROYA_FONDO_12.jpg,test,ROYA_FONDO_12,12,25
C:\Users\luise\OneDrive\Documentos\DECAFIA_v2\01_dataset\decafia_clean\images\train\MINEIRO_18.jpg,train,MINEIRO_18,C:\Users\luise\OneDrive\Documentos\DECAFIA_v2\01_dataset\decafia_clean\images\test\SANAS_NUEVAS_437.jpg,test,SANAS_NUEVAS_437,30,12
C:\Users\luise\OneDrive\Documentos\DECAFIA_v2\01_dataset\decafia_clean\images\train\MINEIRO_180.jpg,train,MINEIRO_180,C:\Users\luise\OneDrive\Documentos\DECAFIA_v2\01_dataset\decafia_clean\images\test\COCO_Muy_A_95.jpg,test,COCO_Muy_A_95,10,22
C:\Users\luise\OneDrive\Documentos\DECAFIA_v2\01_dataset\decafia_clean\images\train\MINEIRO_180.jpg,train,MINEIRO_180,C:\Users\luise\OneDrive\Documentos\DECAFIA_v2\01_dataset\decafia_clean\images\test\MINADOR_17.jpg,test,MINADOR_17,12,22
C:\Users\luise\OneDrive\Documentos\DECAFIA_v2\01_dataset\decafia_clean\images\train\MINEIRO_180.jpg,train,MINEIRO_180,C:\Users\luise\OneDrive\Documentos\DECAFIA_v2\01_dataset\decafia_clean\images\test\MINADOR_71.jpg,test,MINADOR_71,12,27
C:\Users\luise\OneDrive\Documentos\DECAFIA_v2\01_dataset\decafia_clean\images\train\MINEIRO_180.jpg,train,MINEIRO_180,C:\Users\luise\OneDrive\Documentos\DECAFIA_v2\01_dataset\decafia_clean\images\test\MINEIRO_147.jpg,test,MINEIRO_147,10,21
C:\Users\luise\OneDrive\Documentos\DECAFIA_v2\01_dataset\decafia_clean\images\train\MINEIRO_180.jpg,train,MINEIRO_180,C:\Users\luise\OneDrive\Documentos\DECAFIA_v2\01_dataset\decafia_clean\images\test\MINEIRO_8.jpg,test,MINEIRO_8,10,28
C:\Users\luise\OneDrive\Documentos\DECAFIA_v2\01_dataset\decafia_clean\images\train\MINEIRO_180.jpg,train,MINEIRO_180,C:\Users\luise\OneDrive\Documentos\DECAFIA_v2\01_dataset\decafia_clean\images\test\ROYA_FONDO_32.jpg,test,ROYA_FONDO_32,10,22
C:\Users\luise\OneDrive\Documentos\DECAFIA_v2\01_dataset\decafia_clean\images\train\MINEIRO_181.jpg,train,MINEIRO_181,C:\Users\luise\OneDrive\Documentos\DECAFIA_v2\01_dataset\decafia_clean\images\test\MINADOR_52.jpg,test,MINADOR_52,24,8
C:\Users\luise\OneDrive\Documentos\DECAFIA_v2\01_dataset\decafia_clean\images\train\MINEIRO_181.jpg,train,MINEIRO_181,C:\Users\luise\OneDrive\Documentos\DECAFIA_v2\01_dataset\decafia_clean\images\test\MINEIRO_143.jpg,test,MINEIRO_143,24,12
C:\Users\luise\OneDrive\Documentos\DECAFIA_v2\01_dataset\decafia_clean\images\train\MINEIRO_182.jpg,train,MINEIRO_182,C:\Users\luise\OneDrive\Documentos\DECAFIA_v2\01_dataset\decafia_clean\images\test\MINEIRO_147.jpg,test,MINEIRO_147,6,18
C:\Users\luise\OneDrive\Documentos\DECAFIA_v2\01_dataset\decafia_clean\images\train\MINEIRO_182.jpg,train,MINEIRO_182,C:\Users\luise\OneDrive\Documentos\DECAFIA_v2\01_dataset\decafia_clean\images\test\MINEIRO_9.jpg,test,MINEIRO_9,12,20
C:\Users\luise\OneDrive\Documentos\DECAFIA_v2\01_dataset\decafia_clean\images\train\MINEIRO_183.jpg,train,MINEIRO_183,C:\Users\luise\OneDrive\Documentos\DECAFIA_v2\01_dataset\decafia_clean\images\test\MINADOR_11.jpg,test,MINADOR_11,22,12
C:\Users\luise\OneDrive\Documentos\DECAFIA_v2\01_dataset\decafia_clean\images\train\MINEIRO_183.jpg,train,MINEIRO_183,C:\Users\luise\OneDrive\Documentos\DECAFIA_v2\01_dataset\decafia_clean\images\test\MINADOR_71.jpg,test,MINADOR_71,24,12
C:\Users\luise\OneDrive\Documentos\DECAFIA_v2\01_dataset\decafia_clean\images\train\MINEIRO_183.jpg,train,MINEIRO_183,C:\Users\luise\OneDrive\Documentos\DECAFIA_v2\01_dataset\decafia_clean\images\test\SANAS_NUEVAS_555.jpg,test,SANAS_NUEVAS_555,20,11
C:\Users\luise\OneDrive\Documentos\DECAFIA_v2\01_dataset\decafia_clean\images\train\MINEIRO_184.jpg,train,MINEIRO_184,C:\Users\luise\OneDrive\Documentos\DECAFIA_v2\01_dataset\decafia_clean\images\test\MINEIRO_148.jpg,test,MINEIRO_148,28,12
C:\Users\luise\OneDrive\Documentos\DECAFIA_v2\01_dataset\decafia_clean\images\train\MINEIRO_184.jpg,train,MINEIRO_184,C:\Users\luise\OneDrive\Documentos\DECAFIA_v2\01_dataset\decafia_clean\images\test\SANAS_NUEVAS_555.jpg,test,SANAS_NUEVAS_555,22,11
C:\Users\luise\OneDrive\Documentos\DECAFIA_v2\01_dataset\decafia_clean\images\train\MINEIRO_186.jpg,train,MINEIRO_186,C:\Users\luise\OneDrive\Documentos\DECAFIA_v2\01_dataset\decafia_clean\images\test\MINADOR_29.jpg,test,MINADOR_29,14,9
C:\Users\luise\OneDrive\Documentos\DECAFIA_v2\01_dataset\decafia_clean\images\train\MINEIRO_186.jpg,train,MINEIRO_186,C:\Users\luise\OneDrive\Documentos\DECAFIA_v2\01_dataset\decafia_clean\images\test\MINADOR_34.jpg,test,MINADOR_34,18,12
C:\Users\luise\OneDrive\Documentos\DECAFIA_v2\01_dataset\decafia_clean\images\train\MINEIRO_186.jpg,train,MINEIRO_186,C:\Users\luise\OneDrive\Documentos\DECAFIA_v2\01_dataset\decafia_clean\images\test\MINADOR_42.jpg,test,MINADOR_42,12,19
C:\Users\luise\OneDrive\Documentos\DECAFIA_v2\01_dataset\decafia_clean\images\train\MINEIRO_186.jpg,train,MINEIRO_186,C:\Users\luise\OneDrive\Documentos\DECAFIA_v2\01_dataset\decafia_clean\images\test\MINEIRO_191.jpg,test,MINEIRO_191,12,28
C:\Users\luise\OneDrive\Documentos\DECAFIA_v2\01_dataset\decafia_clean\images\train\MINEIRO_186.jpg,train,MINEIRO_186,C:\Users\luise\OneDrive\Documentos\DECAFIA_v2\01_dataset\decafia_clean\images\test\MINEIRO_76.jpg,test,MINEIRO_76,12,15
C:\Users\luise\OneDrive\Documentos\DECAFIA_v2\01_dataset\decafia_clean\images\train\MINEIRO_188.jpg,train,MINEIRO_188,C:\Users\luise\OneDrive\Documentos\DECAFIA_v2\01_dataset\decafia_clean\images\test\MINADOR_11.jpg,test,MINADOR_11,22,10
C:\Users\luise\OneDrive\Documentos\DECAFIA_v2\01_dataset\decafia_clean\images\train\MINEIRO_188.jpg,train,MINEIRO_188,C:\Users\luise\OneDrive\Documentos\DECAFIA_v2\01_dataset\decafia_clean\images\test\MINADOR_52.jpg,test,MINADOR_52,26,7
C:\Users\luise\OneDrive\Documentos\DECAFIA_v2\01_dataset\decafia_clean\images\train\MINEIRO_188.jpg,train,MINEIRO_188,C:\Users\luise\OneDrive\Documentos\DECAFIA_v2\01_dataset\decafia_clean\images\test\MINEIRO_143.jpg,test,MINEIRO_143,28,11
C:\Users\luise\OneDrive\Documentos\DECAFIA_v2\01_dataset\decafia_clean\images\train\MINEIRO_188.jpg,train,MINEIRO_188,C:\Users\luise\OneDrive\Documentos\DECAFIA_v2\01_dataset\decafia_clean\images\test\MINEIRO_147.jpg,test,MINEIRO_147,28,10
C:\Users\luise\OneDrive\Documentos\DECAFIA_v2\01_dataset\decafia_clean\images\train\MINEIRO_188.jpg,train,MINEIRO_188,C:\Users\luise\OneDrive\Documentos\DECAFIA_v2\01_dataset\decafia_clean\images\test\SANAS_SOCORRO_443.jpg,test,SANAS_SOCORRO_443,20,11
C:\Users\luise\OneDrive\Documentos\DECAFIA_v2\01_dataset\decafia_clean\images\train\MINEIRO_189.jpg,train,MINEIRO_189,C:\Users\luise\OneDrive\Documentos\DECAFIA_v2\01_dataset\decafia_clean\images\test\MINADOR_11.jpg,test,MINADOR_11,12,15
C:\Users\luise\OneDrive\Documentos\DECAFIA_v2\01_dataset\decafia_clean\images\train\MINEIRO_189.jpg,train,MINEIRO_189,C:\Users\luise\OneDrive\Documentos\DECAFIA_v2\01_dataset\decafia_clean\images\test\MINEIRO_110.jpg,test,MINEIRO_110,12,15
C:\Users\luise\OneDrive\Documentos\DECAFIA_v2\01_dataset\decafia_clean\images\train\MINEIRO_189.jpg,train,MINEIRO_189,C:\Users\luise\OneDrive\Documentos\DECAFIA_v2\01_dataset\decafia_clean\images\test\MINEIRO_32.jpg,test,MINEIRO_32,10,16
C:\Users\luise\OneDrive\Documentos\DECAFIA_v2\01_dataset\decafia_clean\images\train\MINEIRO_189.jpg,train,MINEIRO_189,C:\Users\luise\OneDrive\Documentos\DECAFIA_v2\01_dataset\decafia_clean\images\test\MINEIRO_62.jpg,test,MINEIRO_62,12,21
C:\Users\luise\OneDrive\Documentos\DECAFIA_v2\01_dataset\decafia_clean\images\train\MINEIRO_19.jpg,train,MINEIRO_19,C:\Users\luise\OneDrive\Documentos\DECAFIA_v2\01_dataset\decafia_clean\images\test\MINADOR_71.jpg,test,MINADOR_71,18,11
C:\Users\luise\OneDrive\Documentos\DECAFIA_v2\01_dataset\decafia_clean\images\train\MINEIRO_19.jpg,train,MINEIRO_19,C:\Users\luise\OneDrive\Documentos\DECAFIA_v2\01_dataset\decafia_clean\images\test\MINEIRO_32.jpg,test,MINEIRO_32,12,20
C:\Users\luise\OneDrive\Documentos\DECAFIA_v2\01_dataset\decafia_clean\images\train\MINEIRO_19.jpg,train,MINEIRO_19,C:\Users\luise\OneDrive\Documentos\DECAFIA_v2\01_dataset\decafia_clean\images\test\SANAS_NUEVAS_437.jpg,test,SANAS_NUEVAS_437,30,12
C:\Users\luise\OneDrive\Documentos\DECAFIA_v2\01_dataset\decafia_clean\images\train\MINEIRO_190.jpg,train,MINEIRO_190,C:\Users\luise\OneDrive\Documentos\DECAFIA_v2\01_dataset\decafia_clean\images\test\ROYA_FONDO_91.jpg,test,ROYA_FONDO_91,12,22
C:\Users\luise\OneDrive\Documentos\DECAFIA_v2\01_dataset\decafia_clean\images\train\MINEIRO_192.jpg,train,MINEIRO_192,C:\Users\luise\OneDrive\Documentos\DECAFIA_v2\01_dataset\decafia_clean\images\test\MINEIRO_130.jpg,test,MINEIRO_130,12,18
C:\Users\luise\OneDrive\Documentos\DECAFIA_v2\01_dataset\decafia_clean\images\train\MINEIRO_22.jpg,train,MINEIRO_22,C:\Users\luise\OneDrive\Documentos\DECAFIA_v2\01_dataset\decafia_clean\images\test\MINEIRO_154.jpg,test,MINEIRO_154,10,12
C:\Users\luise\OneDrive\Documentos\DECAFIA_v2\01_dataset\decafia_clean\images\train\MINEIRO_22.jpg,train,MINEIRO_22,C:\Users\luise\OneDrive\Documentos\DECAFIA_v2\01_dataset\decafia_clean\images\test\MINEIRO_164.jpg,test,MINEIRO_164,4,22
C:\Users\luise\OneDrive\Documentos\DECAFIA_v2\01_dataset\decafia_clean\images\train\MINEIRO_26.jpg,train,MINEIRO_26,C:\Users\luise\OneDrive\Documentos\DECAFIA_v2\01_dataset\decafia_clean\images\test\MINADOR_52.jpg,test,MINADOR_52,24,9
C:\Users\luise\OneDrive\Documentos\DECAFIA_v2\01_dataset\decafia_clean\images\train\MINEIRO_26.jpg,train,MINEIRO_26,C:\Users\luise\OneDrive\Documentos\DECAFIA_v2\01_dataset\decafia_clean\images\test\MINEIRO_147.jpg,test,MINEIRO_147,22,12
C:\Users\luise\OneDrive\Documentos\DECAFIA_v2\01_dataset\decafia_clean\images\train\MINEIRO_28.jpg,train,MINEIRO_28,C:\Users\luise\OneDrive\Documentos\DECAFIA_v2\01_dataset\decafia_clean\images\test\COCO_Muy_A_95.jpg,test,COCO_Muy_A_95,12,13
C:\Users\luise\OneDrive\Documentos\DECAFIA_v2\01_dataset\decafia_clean\images\train\MINEIRO_28.jpg,train,MINEIRO_28,C:\Users\luise\OneDrive\Documentos\DECAFIA_v2\01_dataset\decafia_clean\images\test\MINEIRO_143.jpg,test,MINEIRO_143,28,11
C:\Users\luise\OneDrive\Documentos\DECAFIA_v2\01_dataset\decafia_clean\images\train\MINEIRO_28.jpg,train,MINEIRO_28,C:\Users\luise\OneDrive\Documentos\DECAFIA_v2\01_dataset\decafia_clean\images\test\MINEIRO_147.jpg,test,MINEIRO_147,12,18
C:\Users\luise\OneDrive\Documentos\DECAFIA_v2\01_dataset\decafia_clean\images\train\MINEIRO_28.jpg,train,MINEIRO_28,C:\Users\luise\OneDrive\Documentos\DECAFIA_v2\01_dataset\decafia_clean\images\test\MINEIRO_8.jpg,test,MINEIRO_8,10,17
C:\Users\luise\OneDrive\Documentos\DECAFIA_v2\01_dataset\decafia_clean\images\train\MINEIRO_28.jpg,train,MINEIRO_28,C:\Users\luise\OneDrive\Documentos\DECAFIA_v2\01_dataset\decafia_clean\images\test\MINEIRO_9.jpg,test,MINEIRO_9,12,20
C:\Users\luise\OneDrive\Documentos\DECAFIA_v2\01_dataset\decafia_clean\images\train\MINEIRO_28.jpg,train,MINEIRO_28,C:\Users\luise\OneDrive\Documentos\DECAFIA_v2\01_dataset\decafia_clean\images\test\ROYA_FONDO_32.jpg,test,ROYA_FONDO_32,12,15
C:\Users\luise\OneDrive\Documentos\DECAFIA_v2\01_dataset\decafia_clean\images\train\MINEIRO_29.jpg,train,MINEIRO_29,C:\Users\luise\OneDrive\Documentos\DECAFIA_v2\01_dataset\decafia_clean\images\test\MINEIRO_169.jpg,test,MINEIRO_169,12,18
C:\Users\luise\OneDrive\Documentos\DECAFIA_v2\01_dataset\decafia_clean\images\train\MINEIRO_29.jpg,train,MINEIRO_29,C:\Users\luise\OneDrive\Documentos\DECAFIA_v2\01_dataset\decafia_clean\images\test\MINEIRO_32.jpg,test,MINEIRO_32,12,21
C:\Users\luise\OneDrive\Documentos\DECAFIA_v2\01_dataset\decafia_clean\images\train\MINEIRO_30.jpg,train,MINEIRO_30,C:\Users\luise\OneDrive\Documentos\DECAFIA_v2\01_dataset\decafia_clean\images\test\MINADOR_17.jpg,test,MINADOR_17,18,10
C:\Users\luise\OneDrive\Documentos\DECAFIA_v2\01_dataset\decafia_clean\images\train\MINEIRO_30.jpg,train,MINEIRO_30,C:\Users\luise\OneDrive\Documentos\DECAFIA_v2\01_dataset\decafia_clean\images\test\MINADOR_62.jpg,test,MINADOR_62,10,19
C:\Users\luise\OneDrive\Documentos\DECAFIA_v2\01_dataset\decafia_clean\images\train\MINEIRO_30.jpg,train,MINEIRO_30,C:\Users\luise\OneDrive\Documentos\DECAFIA_v2\01_dataset\decafia_clean\images\test\MINEIRO_32.jpg,test,MINEIRO_32,12,26
C:\Users\luise\OneDrive\Documentos\DECAFIA_v2\01_dataset\decafia_clean\images\train\MINEIRO_31.jpg,train,MINEIRO_31,C:\Users\luise\OneDrive\Documentos\DECAFIA_v2\01_dataset\decafia_clean\images\test\MINEIRO_174.jpg,test,MINEIRO_174,22,12
C:\Users\luise\OneDrive\Documentos\DECAFIA_v2\01_dataset\decafia_clean\images\train\MINEIRO_34.jpg,train,MINEIRO_34,C:\Users\luise\OneDrive\Documentos\DECAFIA_v2\01_dataset\decafia_clean\images\test\MINADOR_42.jpg,test,MINADOR_42,10,27
C:\Users\luise\OneDrive\Documentos\DECAFIA_v2\01_dataset\decafia_clean\images\train\MINEIRO_34.jpg,train,MINEIRO_34,C:\Users\luise\OneDrive\Documentos\DECAFIA_v2\01_dataset\decafia_clean\images\test\MINADOR_57.jpg,test,MINADOR_57,12,24
C:\Users\luise\OneDrive\Documentos\DECAFIA_v2\01_dataset\decafia_clean\images\train\MINEIRO_35.jpg,train,MINEIRO_35,C:\Users\luise\OneDrive\Documentos\DECAFIA_v2\01_dataset\decafia_clean\images\test\MINADOR_19.jpg,test,MINADOR_19,10,23
C:\Users\luise\OneDrive\Documentos\DECAFIA_v2\01_dataset\decafia_clean\images\train\MINEIRO_36.jpg,train,MINEIRO_36,C:\Users\luise\OneDrive\Documentos\DECAFIA_v2\01_dataset\decafia_clean\images\test\MINADOR_11.jpg,test,MINADOR_11,24,10
C:\Users\luise\OneDrive\Documentos\DECAFIA_v2\01_dataset\decafia_clean\images\train\MINEIRO_37.jpg,train,MINEIRO_37,C:\Users\luise\OneDrive\Documentos\DECAFIA_v2\01_dataset\decafia_clean\images\test\MINADOR_54.jpg,test,MINADOR_54,12,23
C:\Users\luise\OneDrive\Documentos\DECAFIA_v2\01_dataset\decafia_clean\images\train\MINEIRO_37.jpg,train,MINEIRO_37,C:\Users\luise\OneDrive\Documentos\DECAFIA_v2\01_dataset\decafia_clean\images\test\MINEIRO_130.jpg,test,MINEIRO_130,12,25
C:\Users\luise\OneDrive\Documentos\DECAFIA_v2\01_dataset\decafia_clean\images\train\MINEIRO_38.jpg,train,MINEIRO_38,C:\Users\luise\OneDrive\Documentos\DECAFIA_v2\01_dataset\decafia_clean\images\test\MINEIRO_130.jpg,test,MINEIRO_130,10,23
C:\Users\luise\OneDrive\Documentos\DECAFIA_v2\01_dataset\decafia_clean\images\train\MINEIRO_38.jpg,train,MINEIRO_38,C:\Users\luise\OneDrive\Documentos\DECAFIA_v2\01_dataset\decafia_clean\images\test\ROYA_FONDO_34.jpg,test,ROYA_FONDO_34,10,29
C:\Users\luise\OneDrive\Documentos\DECAFIA_v2\01_dataset\decafia_clean\images\train\MINEIRO_39.jpg,train,MINEIRO_39,C:\Users\luise\OneDrive\Documentos\DECAFIA_v2\01_dataset\decafia_clean\images\test\MINADOR_34.jpg,test,MINADOR_34,18,12
C:\Users\luise\OneDrive\Documentos\DECAFIA_v2\01_dataset\decafia_clean\images\train\MINEIRO_39.jpg,train,MINEIRO_39,C:\Users\luise\OneDrive\Documentos\DECAFIA_v2\01_dataset\decafia_clean\images\test\MINEIRO_32.jpg,test,MINEIRO_32,12,14
C:\Users\luise\OneDrive\Documentos\DECAFIA_v2\01_dataset\decafia_clean\images\train\MINEIRO_40.jpg,train,MINEIRO_40,C:\Users\luise\OneDrive\Documentos\DECAFIA_v2\01_dataset\decafia_clean\images\test\COCO_Muy_A_95.jpg,test,COCO_Muy_A_95,18,12
C:\Users\luise\OneDrive\Documentos\DECAFIA_v2\01_dataset\decafia_clean\images\train\MINEIRO_40.jpg,train,MINEIRO_40,C:\Users\luise\OneDrive\Documentos\DECAFIA_v2\01_dataset\decafia_clean\images\test\MINADOR_11.jpg,test,MINADOR_11,22,11
C:\Users\luise\OneDrive\Documentos\DECAFIA_v2\01_dataset\decafia_clean\images\train\MINEIRO_40.jpg,train,MINEIRO_40,C:\Users\luise\OneDrive\Documentos\DECAFIA_v2\01_dataset\decafia_clean\images\test\MINEIRO_32.jpg,test,MINEIRO_32,20,12
C:\Users\luise\OneDrive\Documentos\DECAFIA_v2\01_dataset\decafia_clean\images\train\MINEIRO_41.jpg,train,MINEIRO_41,C:\Users\luise\OneDrive\Documentos\DECAFIA_v2\01_dataset\decafia_clean\images\test\MINADOR_34.jpg,test,MINADOR_34,20,12
C:\Users\luise\OneDrive\Documentos\DECAFIA_v2\01_dataset\decafia_clean\images\train\MINEIRO_41.jpg,train,MINEIRO_41,C:\Users\luise\OneDrive\Documentos\DECAFIA_v2\01_dataset\decafia_clean\images\test\ROYA_FONDO_34.jpg,test,ROYA_FONDO_34,10,18
C:\Users\luise\OneDrive\Documentos\DECAFIA_v2\01_dataset\decafia_clean\images\train\MINEIRO_43.jpg,train,MINEIRO_43,C:\Users\luise\OneDrive\Documentos\DECAFIA_v2\01_dataset\decafia_clean\images\test\MINEIRO_62.jpg,test,MINEIRO_62,18,10
C:\Users\luise\OneDrive\Documentos\DECAFIA_v2\01_dataset\decafia_clean\images\train\MINEIRO_48.jpg,train,MINEIRO_48,C:\Users\luise\OneDrive\Documentos\DECAFIA_v2\01_dataset\decafia_clean\images\test\MINEIRO_111.jpg,test,MINEIRO_111,24,11
C:\Users\luise\OneDrive\Documentos\DECAFIA_v2\01_dataset\decafia_clean\images\train\MINEIRO_53.jpg,train,MINEIRO_53,C:\Users\luise\OneDrive\Documentos\DECAFIA_v2\01_dataset\decafia_clean\images\test\MINADOR_29.jpg,test,MINADOR_29,30,11
C:\Users\luise\OneDrive\Documentos\DECAFIA_v2\01_dataset\decafia_clean\images\train\MINEIRO_53.jpg,train,MINEIRO_53,C:\Users\luise\OneDrive\Documentos\DECAFIA_v2\01_dataset\decafia_clean\images\test\MINEIRO_111.jpg,test,MINEIRO_111,12,24
C:\Users\luise\OneDrive\Documentos\DECAFIA_v2\01_dataset\decafia_clean\images\train\MINEIRO_55.jpg,train,MINEIRO_55,C:\Users\luise\OneDrive\Documentos\DECAFIA_v2\01_dataset\decafia_clean\images\test\MINEIRO_143.jpg,test,MINEIRO_143,22,12
C:\Users\luise\OneDrive\Documentos\DECAFIA_v2\01_dataset\decafia_clean\images\train\MINEIRO_55.jpg,train,MINEIRO_55,C:\Users\luise\OneDrive\Documentos\DECAFIA_v2\01_dataset\decafia_clean\images\test\ROYA_FONDO_21.jpg,test,ROYA_FONDO_21,28,11
C:\Users\luise\OneDrive\Documentos\DECAFIA_v2\01_dataset\decafia_clean\images\train\MINEIRO_57.jpg,train,MINEIRO_57,C:\Users\luise\OneDrive\Documentos\DECAFIA_v2\01_dataset\decafia_clean\images\test\MINEIRO_1.jpg,test,MINEIRO_1,28,11
C:\Users\luise\OneDrive\Documentos\DECAFIA_v2\01_dataset\decafia_clean\images\train\MINEIRO_57.jpg,train,MINEIRO_57,C:\Users\luise\OneDrive\Documentos\DECAFIA_v2\01_dataset\decafia_clean\images\test\MINEIRO_140.jpg,test,MINEIRO_140,18,12
C:\Users\luise\OneDrive\Documentos\DECAFIA_v2\01_dataset\decafia_clean\images\train\MINEIRO_57.jpg,train,MINEIRO_57,C:\Users\luise\OneDrive\Documentos\DECAFIA_v2\01_dataset\decafia_clean\images\test\ROYA_FONDO_21.jpg,test,ROYA_FONDO_21,28,11
C:\Users\luise\OneDrive\Documentos\DECAFIA_v2\01_dataset\decafia_clean\images\train\MINEIRO_59.jpg,train,MINEIRO_59,C:\Users\luise\OneDrive\Documentos\DECAFIA_v2\01_dataset\decafia_clean\images\test\ROYA_FONDO_63.jpg,test,ROYA_FONDO_63,12,18
C:\Users\luise\OneDrive\Documentos\DECAFIA_v2\01_dataset\decafia_clean\images\train\MINEIRO_6.jpg,train,MINEIRO_6,C:\Users\luise\OneDrive\Documentos\DECAFIA_v2\01_dataset\decafia_clean\images\test\MINEIRO_147.jpg,test,MINEIRO_147,8,21
C:\Users\luise\OneDrive\Documentos\DECAFIA_v2\01_dataset\decafia_clean\images\train\MINEIRO_60.jpg,train,MINEIRO_60,C:\Users\luise\OneDrive\Documentos\DECAFIA_v2\01_dataset\decafia_clean\images\test\MINADOR_77.jpg,test,MINADOR_77,12,24
C:\Users\luise\OneDrive\Documentos\DECAFIA_v2\01_dataset\decafia_clean\images\train\MINEIRO_60.jpg,train,MINEIRO_60,C:\Users\luise\OneDrive\Documentos\DECAFIA_v2\01_dataset\decafia_clean\images\test\MINEIRO_9.jpg,test,MINEIRO_9,12,27
C:\Users\luise\OneDrive\Documentos\DECAFIA_v2\01_dataset\decafia_clean\images\train\MINEIRO_64.jpg,train,MINEIRO_64,C:\Users\luise\OneDrive\Documentos\DECAFIA_v2\01_dataset\decafia_clean\images\test\MINADOR_19.jpg,test,MINADOR_19,18,12
C:\Users\luise\OneDrive\Documentos\DECAFIA_v2\01_dataset\decafia_clean\images\train\MINEIRO_64.jpg,train,MINEIRO_64,C:\Users\luise\OneDrive\Documentos\DECAFIA_v2\01_dataset\decafia_clean\images\test\MINADOR_6.jpg,test,MINADOR_6,24,11
C:\Users\luise\OneDrive\Documentos\DECAFIA_v2\01_dataset\decafia_clean\images\train\MINEIRO_65.jpg,train,MINEIRO_65,C:\Users\luise\OneDrive\Documentos\DECAFIA_v2\01_dataset\decafia_clean\images\test\ROYA_FONDO_8.jpg,test,ROYA_FONDO_8,12,25
C:\Users\luise\OneDrive\Documentos\DECAFIA_v2\01_dataset\decafia_clean\images\train\MINEIRO_70.jpg,train,MINEIRO_70,C:\Users\luise\OneDrive\Documentos\DECAFIA_v2\01_dataset\decafia_clean\images\test\MINADOR_54.jpg,test,MINADOR_54,12,28
C:\Users\luise\OneDrive\Documentos\DECAFIA_v2\01_dataset\decafia_clean\images\train\MINEIRO_70.jpg,train,MINEIRO_70,C:\Users\luise\OneDrive\Documentos\DECAFIA_v2\01_dataset\decafia_clean\images\test\MINEIRO_8.jpg,test,MINEIRO_8,12,18
C:\Users\luise\OneDrive\Documentos\DECAFIA_v2\01_dataset\decafia_clean\images\train\MINEIRO_71.jpg,train,MINEIRO_71,C:\Users\luise\OneDrive\Documentos\DECAFIA_v2\01_dataset\decafia_clean\images\test\MINADOR_71.jpg,test,MINADOR_71,12,12
C:\Users\luise\OneDrive\Documentos\DECAFIA_v2\01_dataset\decafia_clean\images\train\MINEIRO_74.jpg,train,MINEIRO_74,C:\Users\luise\OneDrive\Documentos\DECAFIA_v2\01_dataset\decafia_clean\images\test\SANAS_SOCORRO_141.jpg,test,SANAS_SOCORRO_141,24,12
C:\Users\luise\OneDrive\Documentos\DECAFIA_v2\01_dataset\decafia_clean\images\train\MINEIRO_75.jpg,train,MINEIRO_75,C:\Users\luise\OneDrive\Documentos\DECAFIA_v2\01_dataset\decafia_clean\images\test\COCO_Muy_A_95.jpg,test,COCO_Muy_A_95,12,22
C:\Users\luise\OneDrive\Documentos\DECAFIA_v2\01_dataset\decafia_clean\images\train\MINEIRO_75.jpg,train,MINEIRO_75,C:\Users\luise\OneDrive\Documentos\DECAFIA_v2\01_dataset\decafia_clean\images\test\MINADOR_54.jpg,test,MINADOR_54,10,22
C:\Users\luise\OneDrive\Documentos\DECAFIA_v2\01_dataset\decafia_clean\images\train\MINEIRO_75.jpg,train,MINEIRO_75,C:\Users\luise\OneDrive\Documentos\DECAFIA_v2\01_dataset\decafia_clean\images\test\MINEIRO_147.jpg,test,MINEIRO_147,12,11
C:\Users\luise\OneDrive\Documentos\DECAFIA_v2\01_dataset\decafia_clean\images\train\MINEIRO_75.jpg,train,MINEIRO_75,C:\Users\luise\OneDrive\Documentos\DECAFIA_v2\01_dataset\decafia_clean\images\test\MINEIRO_8.jpg,test,MINEIRO_8,10,20
C:\Users\luise\OneDrive\Documentos\DECAFIA_v2\01_dataset\decafia_clean\images\train\MINEIRO_75.jpg,train,MINEIRO_75,C:\Users\luise\OneDrive\Documentos\DECAFIA_v2\01_dataset\decafia_clean\images\test\ROYA_FONDO_32.jpg,test,ROYA_FONDO_32,8,16
C:\Users\luise\OneDrive\Documentos\DECAFIA_v2\01_dataset\decafia_clean\images\train\MINEIRO_75.jpg,train,MINEIRO_75,C:\Users\luise\OneDrive\Documentos\DECAFIA_v2\01_dataset\decafia_clean\images\test\SANAS_NUEVAS_422.jpg,test,SANAS_NUEVAS_422,12,20
C:\Users\luise\OneDrive\Documentos\DECAFIA_v2\01_dataset\decafia_clean\images\train\MINEIRO_82.jpg,train,MINEIRO_82,C:\Users\luise\OneDrive\Documentos\DECAFIA_v2\01_dataset\decafia_clean\images\test\COCO_P_A_30.jpg,test,COCO_P_A_30,12,27
C:\Users\luise\OneDrive\Documentos\DECAFIA_v2\01_dataset\decafia_clean\images\train\MINEIRO_82.jpg,train,MINEIRO_82,C:\Users\luise\OneDrive\Documentos\DECAFIA_v2\01_dataset\decafia_clean\images\test\MINEIRO_76.jpg,test,MINEIRO_76,12,31
C:\Users\luise\OneDrive\Documentos\DECAFIA_v2\01_dataset\decafia_clean\images\train\MINEIRO_83.jpg,train,MINEIRO_83,C:\Users\luise\OneDrive\Documentos\DECAFIA_v2\01_dataset\decafia_clean\images\test\ROYA_FONDO_91.jpg,test,ROYA_FONDO_91,12,19
C:\Users\luise\OneDrive\Documentos\DECAFIA_v2\01_dataset\decafia_clean\images\train\MINEIRO_85.jpg,train,MINEIRO_85,C:\Users\luise\OneDrive\Documentos\DECAFIA_v2\01_dataset\decafia_clean\images\test\MINADOR_57.jpg,test,MINADOR_57,28,10
C:\Users\luise\OneDrive\Documentos\DECAFIA_v2\01_dataset\decafia_clean\images\train\MINEIRO_85.jpg,train,MINEIRO_85,C:\Users\luise\OneDrive\Documentos\DECAFIA_v2\01_dataset\decafia_clean\images\test\SANAS_SOCORRO_429.jpg,test,SANAS_SOCORRO_429,20,12
C:\Users\luise\OneDrive\Documentos\DECAFIA_v2\01_dataset\decafia_clean\images\train\MINEIRO_86.jpg,train,MINEIRO_86,C:\Users\luise\OneDrive\Documentos\DECAFIA_v2\01_dataset\decafia_clean\images\test\MINEIRO_62.jpg,test,MINEIRO_62,22,12
C:\Users\luise\OneDrive\Documentos\DECAFIA_v2\01_dataset\decafia_clean\images\train\MINEIRO_86.jpg,train,MINEIRO_86,C:\Users\luise\OneDrive\Documentos\DECAFIA_v2\01_dataset\decafia_clean\images\test\MINEIRO_76.jpg,test,MINEIRO_76,12,22
C:\Users\luise\OneDrive\Documentos\DECAFIA_v2\01_dataset\decafia_clean\images\train\MINEIRO_87.jpg,train,MINEIRO_87,C:\Users\luise\OneDrive\Documentos\DECAFIA_v2\01_dataset\decafia_clean\images\test\MINEIRO_174.jpg,test,MINEIRO_174,26,12
C:\Users\luise\OneDrive\Documentos\DECAFIA_v2\01_dataset\decafia_clean\images\train\MINEIRO_90.jpg,train,MINEIRO_90,C:\Users\luise\OneDrive\Documentos\DECAFIA_v2\01_dataset\decafia_clean\images\test\MINEIRO_147.jpg,test,MINEIRO_147,12,23
C:\Users\luise\OneDrive\Documentos\DECAFIA_v2\01_dataset\decafia_clean\images\train\MINEIRO_90.jpg,train,MINEIRO_90,C:\Users\luise\OneDrive\Documentos\DECAFIA_v2\01_dataset\decafia_clean\images\test\MINEIRO_32.jpg,test,MINEIRO_32,12,20
C:\Users\luise\OneDrive\Documentos\DECAFIA_v2\01_dataset\decafia_clean\images\train\MINEIRO_90.jpg,train,MINEIRO_90,C:\Users\luise\OneDrive\Documentos\DECAFIA_v2\01_dataset\decafia_clean\images\test\SANAS_NUEVAS_422.jpg,test,SANAS_NUEVAS_422,12,24
C:\Users\luise\OneDrive\Documentos\DECAFIA_v2\01_dataset\decafia_clean\images\train\MINEIRO_90.jpg,train,MINEIRO_90,C:\Users\luise\OneDrive\Documentos\DECAFIA_v2\01_dataset\decafia_clean\images\test\SANAS_SOCORRO_422.jpg,test,SANAS_SOCORRO_422,12,25
C:\Users\luise\OneDrive\Documentos\DECAFIA_v2\01_dataset\decafia_clean\images\train\MINEIRO_91.jpg,train,MINEIRO_91,C:\Users\luise\OneDrive\Documentos\DECAFIA_v2\01_dataset\decafia_clean\images\test\COCO_P_A_30.jpg,test,COCO_P_A_30,24,11
C:\Users\luise\OneDrive\Documentos\DECAFIA_v2\01_dataset\decafia_clean\images\train\MINEIRO_93.jpg,train,MINEIRO_93,C:\Users\luise\OneDrive\Documentos\DECAFIA_v2\01_dataset\decafia_clean\images\test\MINADOR_11.jpg,test,MINADOR_11,20,10
C:\Users\luise\OneDrive\Documentos\DECAFIA_v2\01_dataset\decafia_clean\images\train\MINEIRO_93.jpg,train,MINEIRO_93,C:\Users\luise\OneDrive\Documentos\DECAFIA_v2\01_dataset\decafia_clean\images\test\MINEIRO_147.jpg,test,MINEIRO_147,12,12
C:\Users\luise\OneDrive\Documentos\DECAFIA_v2\01_dataset\decafia_clean\images\train\MINEIRO_93.jpg,train,MINEIRO_93,C:\Users\luise\OneDrive\Documentos\DECAFIA_v2\01_dataset\decafia_clean\images\test\ROYA_FONDO_56.jpg,test,ROYA_FONDO_56,32,12
C:\Users\luise\OneDrive\Documentos\DECAFIA_v2\01_dataset\decafia_clean\images\train\MINEIRO_93.jpg,train,MINEIRO_93,C:\Users\luise\OneDrive\Documentos\DECAFIA_v2\01_dataset\decafia_clean\images\test\SANAS_SOCORRO_429.jpg,test,SANAS_SOCORRO_429,18,11
C:\Users\luise\OneDrive\Documentos\DECAFIA_v2\01_dataset\decafia_clean\images\train\MINEIRO_94.jpg,train,MINEIRO_94,C:\Users\luise\OneDrive\Documentos\DECAFIA_v2\01_dataset\decafia_clean\images\test\MINADOR_52.jpg,test,MINADOR_52,26,11
C:\Users\luise\OneDrive\Documentos\DECAFIA_v2\01_dataset\decafia_clean\images\train\MINEIRO_94.jpg,train,MINEIRO_94,C:\Users\luise\OneDrive\Documentos\DECAFIA_v2\01_dataset\decafia_clean\images\test\MINEIRO_143.jpg,test,MINEIRO_143,22,11
C:\Users\luise\OneDrive\Documentos\DECAFIA_v2\01_dataset\decafia_clean\images\train\MINEIRO_97.jpg,train,MINEIRO_97,C:\Users\luise\OneDrive\Documentos\DECAFIA_v2\01_dataset\decafia_clean\images\test\MINEIRO_169.jpg,test,MINEIRO_169,16,12
C:\Users\luise\OneDrive\Documentos\DECAFIA_v2\01_dataset\decafia_clean\images\train\MINEIRO_99.jpg,train,MINEIRO_99,C:\Users\luise\OneDrive\Documentos\DECAFIA_v2\01_dataset\decafia_clean\images\test\MINADOR_52.jpg,test,MINADOR_52,26,12
C:\Users\luise\OneDrive\Documentos\DECAFIA_v2\01_dataset\decafia_clean\images\train\MINEIRO_99.jpg,train,MINEIRO_99,C:\Users\luise\OneDrive\Documentos\DECAFIA_v2\01_dataset\decafia_clean\images\test\MINEIRO_169.jpg,test,MINEIRO_169,22,11
C:\Users\luise\OneDrive\Documentos\DECAFIA_v2\01_dataset\decafia_clean\images\train\MINEIRO_99.jpg,train,MINEIRO_99,C:\Users\luise\OneDrive\Documentos\DECAFIA_v2\01_dataset\decafia_clean\images\test\MINEIRO_63.jpg,test,MINEIRO_63,26,12
C:\Users\luise\OneDrive\Documentos\DECAFIA_v2\01_dataset\decafia_clean\images\train\MINEIRO_99.jpg,train,MINEIRO_99,C:\Users\luise\OneDrive\Documentos\DECAFIA_v2\01_dataset\decafia_clean\images\test\SANAS_NUEVAS_555.jpg,test,SANAS_NUEVAS_555,18,12
C:\Users\luise\OneDrive\Documentos\DECAFIA_v2\01_dataset\decafia_clean\images\train\ROYA_FONDO_1.jpg,train,ROYA_FONDO_1,C:\Users\luise\OneDrive\Documentos\DECAFIA_v2\01_dataset\decafia_clean\images\test\ROYA_FONDO_16.jpg,test,ROYA_FONDO_16,26,12
C:\Users\luise\OneDrive\Documentos\DECAFIA_v2\01_dataset\decafia_clean\images\train\ROYA_FONDO_1.jpg,train,ROYA_FONDO_1,C:\Users\luise\OneDrive\Documentos\DECAFIA_v2\01_dataset\decafia_clean\images\test\ROYA_FONDO_56.jpg,test,ROYA_FONDO_56,24,11
C:\Users\luise\OneDrive\Documentos\DECAFIA_v2\01_dataset\decafia_clean\images\train\ROYA_FONDO_1.jpg,train,ROYA_FONDO_1,C:\Users\luise\OneDrive\Documentos\DECAFIA_v2\01_dataset\decafia_clean\images\test\ROYA_FONDO_73.jpg,test,ROYA_FONDO_73,18,12
C:\Users\luise\OneDrive\Documentos\DECAFIA_v2\01_dataset\decafia_clean\images\train\ROYA_FONDO_11.jpg,train,ROYA_FONDO_11,C:\Users\luise\OneDrive\Documentos\DECAFIA_v2\01_dataset\decafia_clean\images\test\MINADOR_42.jpg,test,MINADOR_42,12,24
C:\Users\luise\OneDrive\Documentos\DECAFIA_v2\01_dataset\decafia_clean\images\train\ROYA_FONDO_11.jpg,train,ROYA_FONDO_11,C:\Users\luise\OneDrive\Documentos\DECAFIA_v2\01_dataset\decafia_clean\images\test\MINADOR_57.jpg,test,MINADOR_57,12,23
C:\Users\luise\OneDrive\Documentos\DECAFIA_v2\01_dataset\decafia_clean\images\train\ROYA_FONDO_11.jpg,train,ROYA_FONDO_11,C:\Users\luise\OneDrive\Documentos\DECAFIA_v2\01_dataset\decafia_clean\images\test\MINEIRO_191.jpg,test,MINEIRO_191,12,31
C:\Users\luise\OneDrive\Documentos\DECAFIA_v2\01_dataset\decafia_clean\images\train\ROYA_FONDO_11.jpg,train,ROYA_FONDO_11,C:\Users\luise\OneDrive\Documentos\DECAFIA_v2\01_dataset\decafia_clean\images\test\ROYA_FONDO_91.jpg,test,ROYA_FONDO_91,12,23
C:\Users\luise\OneDrive\Documentos\DECAFIA_v2\01_dataset\decafia_clean\images\train\ROYA_FONDO_18.jpg,train,ROYA_FONDO_18,C:\Users\luise\OneDrive\Documentos\DECAFIA_v2\01_dataset\decafia_clean\images\test\MINEIRO_33.jpg,test,MINEIRO_33,12,24
C:\Users\luise\OneDrive\Documentos\DECAFIA_v2\01_dataset\decafia_clean\images\train\ROYA_FONDO_19.jpg,train,ROYA_FONDO_19,C:\Users\luise\OneDrive\Documentos\DECAFIA_v2\01_dataset\decafia_clean\images\test\SANAS_SOCORRO_429.jpg,test,SANAS_SOCORRO_429,24,11
C:\Users\luise\OneDrive\Documentos\DECAFIA_v2\01_dataset\decafia_clean\images\train\ROYA_FONDO_2.jpg,train,ROYA_FONDO_2,C:\Users\luise\OneDrive\Documentos\DECAFIA_v2\01_dataset\decafia_clean\images\test\MINEIRO_42.jpg,test,MINEIRO_42,18,11
C:\Users\luise\OneDrive\Documentos\DECAFIA_v2\01_dataset\decafia_clean\images\train\ROYA_FONDO_20.jpg,train,ROYA_FONDO_20,C:\Users\luise\OneDrive\Documentos\DECAFIA_v2\01_dataset\decafia_clean\images\test\COCO_Muy_A_95.jpg,test,COCO_Muy_A_95,10,26
C:\Users\luise\OneDrive\Documentos\DECAFIA_v2\01_dataset\decafia_clean\images\train\ROYA_FONDO_23.jpg,train,ROYA_FONDO_23,C:\Users\luise\OneDrive\Documentos\DECAFIA_v2\01_dataset\decafia_clean\images\test\ROYA_FONDO_16.jpg,test,ROYA_FONDO_16,12,22
C:\Users\luise\OneDrive\Documentos\DECAFIA_v2\01_dataset\decafia_clean\images\train\ROYA_FONDO_25.jpg,train,ROYA_FONDO_25,C:\Users\luise\OneDrive\Documentos\DECAFIA_v2\01_dataset\decafia_clean\images\test\MINADOR_52.jpg,test,MINADOR_52,20,10
C:\Users\luise\OneDrive\Documentos\DECAFIA_v2\01_dataset\decafia_clean\images\train\ROYA_FONDO_25.jpg,train,ROYA_FONDO_25,C:\Users\luise\OneDrive\Documentos\DECAFIA_v2\01_dataset\decafia_clean\images\test\ROYA_FONDO_56.jpg,test,ROYA_FONDO_56,24,11
C:\Users\luise\OneDrive\Documentos\DECAFIA_v2\01_dataset\decafia_clean\images\train\ROYA_FONDO_25.jpg,train,ROYA_FONDO_25,C:\Users\luise\OneDrive\Documentos\DECAFIA_v2\01_dataset\decafia_clean\images\test\SANAS_SOCORRO_122.jpg,test,SANAS_SOCORRO_122,26,12
C:\Users\luise\OneDrive\Documentos\DECAFIA_v2\01_dataset\decafia_clean\images\train\ROYA_FONDO_28.jpg,train,ROYA_FONDO_28,C:\Users\luise\OneDrive\Documentos\DECAFIA_v2\01_dataset\decafia_clean\images\test\ROYA_FONDO_52.jpg,test,ROYA_FONDO_52,10,15
C:\Users\luise\OneDrive\Documentos\DECAFIA_v2\01_dataset\decafia_clean\images\train\ROYA_FONDO_28.jpg,train,ROYA_FONDO_28,C:\Users\luise\OneDrive\Documentos\DECAFIA_v2\01_dataset\decafia_clean\images\test\SANAS_SOCORRO_283.jpg,test,SANAS_SOCORRO_283,24,11
C:\Users\luise\OneDrive\Documentos\DECAFIA_v2\01_dataset\decafia_clean\images\train\ROYA_FONDO_3.jpg,train,ROYA_FONDO_3,C:\Users\luise\OneDrive\Documentos\DECAFIA_v2\01_dataset\decafia_clean\images\test\COCO_P_A_11.jpg,test,COCO_P_A_11,12,18
C:\Users\luise\OneDrive\Documentos\DECAFIA_v2\01_dataset\decafia_clean\images\train\ROYA_FONDO_3.jpg,train,ROYA_FONDO_3,C:\Users\luise\OneDrive\Documentos\DECAFIA_v2\01_dataset\decafia_clean\images\test\MINEIRO_110.jpg,test,MINEIRO_110,20,12
C:\Users\luise\OneDrive\Documentos\DECAFIA_v2\01_dataset\decafia_clean\images\train\ROYA_FONDO_3.jpg,train,ROYA_FONDO_3,C:\Users\luise\OneDrive\Documentos\DECAFIA_v2\01_dataset\decafia_clean\images\test\SANAS_NUEVAS_437.jpg,test,SANAS_NUEVAS_437,24,11
C:\Users\luise\OneDrive\Documentos\DECAFIA_v2\01_dataset\decafia_clean\images\train\ROYA_FONDO_30.jpg,train,ROYA_FONDO_30,C:\Users\luise\OneDrive\Documentos\DECAFIA_v2\01_dataset\decafia_clean\images\test\MINADOR_71.jpg,test,MINADOR_71,28,11
C:\Users\luise\OneDrive\Documentos\DECAFIA_v2\01_dataset\decafia_clean\images\train\ROYA_FONDO_38.jpg,train,ROYA_FONDO_38,C:\Users\luise\OneDrive\Documentos\DECAFIA_v2\01_dataset\decafia_clean\images\test\COCO_Muy_A_95.jpg,test,COCO_Muy_A_95,12,19
C:\Users\luise\OneDrive\Documentos\DECAFIA_v2\01_dataset\decafia_clean\images\train\ROYA_FONDO_41.jpg,train,ROYA_FONDO_41,C:\Users\luise\OneDrive\Documentos\DECAFIA_v2\01_dataset\decafia_clean\images\test\SANAS_SOCORRO_422.jpg,test,SANAS_SOCORRO_422,12,22
C:\Users\luise\OneDrive\Documentos\DECAFIA_v2\01_dataset\decafia_clean\images\train\ROYA_FONDO_42.jpg,train,ROYA_FONDO_42,C:\Users\luise\OneDrive\Documentos\DECAFIA_v2\01_dataset\decafia_clean\images\test\MINADOR_52.jpg,test,MINADOR_52,20,12
C:\Users\luise\OneDrive\Documentos\DECAFIA_v2\01_dataset\decafia_clean\images\train\ROYA_FONDO_42.jpg,train,ROYA_FONDO_42,C:\Users\luise\OneDrive\Documentos\DECAFIA_v2\01_dataset\decafia_clean\images\test\MINADOR_54.jpg,test,MINADOR_54,12,16
C:\Users\luise\OneDrive\Documentos\DECAFIA_v2\01_dataset\decafia_clean\images\train\ROYA_FONDO_42.jpg,train,ROYA_FONDO_42,C:\Users\luise\OneDrive\Documentos\DECAFIA_v2\01_dataset\decafia_clean\images\test\MINEIRO_147.jpg,test,MINEIRO_147,22,11
C:\Users\luise\OneDrive\Documentos\DECAFIA_v2\01_dataset\decafia_clean\images\train\ROYA_FONDO_42.jpg,train,ROYA_FONDO_42,C:\Users\luise\OneDrive\Documentos\DECAFIA_v2\01_dataset\decafia_clean\images\test\MINEIRO_62.jpg,test,MINEIRO_62,22,9
C:\Users\luise\OneDrive\Documentos\DECAFIA_v2\01_dataset\decafia_clean\images\train\ROYA_FONDO_42.jpg,train,ROYA_FONDO_42,C:\Users\luise\OneDrive\Documentos\DECAFIA_v2\01_dataset\decafia_clean\images\test\MINEIRO_63.jpg,test,MINEIRO_63,18,12
C:\Users\luise\OneDrive\Documentos\DECAFIA_v2\01_dataset\decafia_clean\images\train\ROYA_FONDO_44.jpg,train,ROYA_FONDO_44,C:\Users\luise\OneDrive\Documentos\DECAFIA_v2\01_dataset\decafia_clean\images\test\ROYA_FONDO_21.jpg,test,ROYA_FONDO_21,24,12
C:\Users\luise\OneDrive\Documentos\DECAFIA_v2\01_dataset\decafia_clean\images\train\ROYA_FONDO_44.jpg,train,ROYA_FONDO_44,C:\Users\luise\OneDrive\Documentos\DECAFIA_v2\01_dataset\decafia_clean\images\test\ROYA_FONDO_93.jpg,test,ROYA_FONDO_93,26,10
C:\Users\luise\OneDrive\Documentos\DECAFIA_v2\01_dataset\decafia_clean\images\train\ROYA_FONDO_47.jpg,train,ROYA_FONDO_47,C:\Users\luise\OneDrive\Documentos\DECAFIA_v2\01_dataset\decafia_clean\images\test\COCO_P_A_30.jpg,test,COCO_P_A_30,22,11
C:\Users\luise\OneDrive\Documentos\DECAFIA_v2\01_dataset\decafia_clean\images\train\ROYA_FONDO_47.jpg,train,ROYA_FONDO_47,C:\Users\luise\OneDrive\Documentos\DECAFIA_v2\01_dataset\decafia_clean\images\test\SANAS_NUEVAS_437.jpg,test,SANAS_NUEVAS_437,16,12
C:\Users\luise\OneDrive\Documentos\DECAFIA_v2\01_dataset\decafia_clean\images\train\ROYA_FONDO_50.jpg,train,ROYA_FONDO_50,C:\Users\luise\OneDrive\Documentos\DECAFIA_v2\01_dataset\decafia_clean\images\test\MINADOR_54.jpg,test,MINADOR_54,10,24
C:\Users\luise\OneDrive\Documentos\DECAFIA_v2\01_dataset\decafia_clean\images\train\ROYA_FONDO_50.jpg,train,ROYA_FONDO_50,C:\Users\luise\OneDrive\Documentos\DECAFIA_v2\01_dataset\decafia_clean\images\test\MINEIRO_130.jpg,test,MINEIRO_130,12,30
C:\Users\luise\OneDrive\Documentos\DECAFIA_v2\01_dataset\decafia_clean\images\train\ROYA_FONDO_50.jpg,train,ROYA_FONDO_50,C:\Users\luise\OneDrive\Documentos\DECAFIA_v2\01_dataset\decafia_clean\images\test\MINEIRO_8.jpg,test,MINEIRO_8,8,32
C:\Users\luise\OneDrive\Documentos\DECAFIA_v2\01_dataset\decafia_clean\images\train\ROYA_FONDO_50.jpg,train,ROYA_FONDO_50,C:\Users\luise\OneDrive\Documentos\DECAFIA_v2\01_dataset\decafia_clean\images\test\ROYA_FONDO_32.jpg,test,ROYA_FONDO_32,10,18
C:\Users\luise\OneDrive\Documentos\DECAFIA_v2\01_dataset\decafia_clean\images\train\ROYA_FONDO_51.jpg,train,ROYA_FONDO_51,C:\Users\luise\OneDrive\Documentos\DECAFIA_v2\01_dataset\decafia_clean\images\test\ROYA_FONDO_14.jpg,test,ROYA_FONDO_14,18,12
C:\Users\luise\OneDrive\Documentos\DECAFIA_v2\01_dataset\decafia_clean\images\train\ROYA_FONDO_55.jpg,train,ROYA_FONDO_55,C:\Users\luise\OneDrive\Documentos\DECAFIA_v2\01_dataset\decafia_clean\images\test\MINEIRO_33.jpg,test,MINEIRO_33,12,23
C:\Users\luise\OneDrive\Documentos\DECAFIA_v2\01_dataset\decafia_clean\images\train\ROYA_FONDO_55.jpg,train,ROYA_FONDO_55,C:\Users\luise\OneDrive\Documentos\DECAFIA_v2\01_dataset\decafia_clean\images\test\ROYA_FONDO_78.jpg,test,ROYA_FONDO_78,12,20
C:\Users\luise\OneDrive\Documentos\DECAFIA_v2\01_dataset\decafia_clean\images\train\ROYA_FONDO_57.jpg,train,ROYA_FONDO_57,C:\Users\luise\OneDrive\Documentos\DECAFIA_v2\01_dataset\decafia_clean\images\test\MINEIRO_9.jpg,test,MINEIRO_9,12,27
C:\Users\luise\OneDrive\Documentos\DECAFIA_v2\01_dataset\decafia_clean\images\train\ROYA_FONDO_57.jpg,train,ROYA_FONDO_57,C:\Users\luise\OneDrive\Documentos\DECAFIA_v2\01_dataset\decafia_clean\images\test\ROYA_FONDO_91.jpg,test,ROYA_FONDO_91,24,12
C:\Users\luise\OneDrive\Documentos\DECAFIA_v2\01_dataset\decafia_clean\images\train\ROYA_FONDO_58.jpg,train,ROYA_FONDO_58,C:\Users\luise\OneDrive\Documentos\DECAFIA_v2\01_dataset\decafia_clean\images\test\COCO_RECORTE_56.jpg,test,COCO_RECORTE_56,12,28
C:\Users\luise\OneDrive\Documentos\DECAFIA_v2\01_dataset\decafia_clean\images\train\ROYA_FONDO_58.jpg,train,ROYA_FONDO_58,C:\Users\luise\OneDrive\Documentos\DECAFIA_v2\01_dataset\decafia_clean\images\test\MINEIRO_164.jpg,test,MINEIRO_164,10,18
C:\Users\luise\OneDrive\Documentos\DECAFIA_v2\01_dataset\decafia_clean\images\train\ROYA_FONDO_58.jpg,train,ROYA_FONDO_58,C:\Users\luise\OneDrive\Documentos\DECAFIA_v2\01_dataset\decafia_clean\images\test\MINEIRO_33.jpg,test,MINEIRO_33,12,25
C:\Users\luise\OneDrive\Documentos\DECAFIA_v2\01_dataset\decafia_clean\images\train\ROYA_FONDO_58.jpg,train,ROYA_FONDO_58,C:\Users\luise\OneDrive\Documentos\DECAFIA_v2\01_dataset\decafia_clean\images\test\ROYA_FONDO_78.jpg,test,ROYA_FONDO_78,24,12
C:\Users\luise\OneDrive\Documentos\DECAFIA_v2\01_dataset\decafia_clean\images\train\ROYA_FONDO_6.jpg,train,ROYA_FONDO_6,C:\Users\luise\OneDrive\Documentos\DECAFIA_v2\01_dataset\decafia_clean\images\test\ROYA_FONDO_21.jpg,test,ROYA_FONDO_21,28,12
C:\Users\luise\OneDrive\Documentos\DECAFIA_v2\01_dataset\decafia_clean\images\train\ROYA_FONDO_6.jpg,train,ROYA_FONDO_6,C:\Users\luise\OneDrive\Documentos\DECAFIA_v2\01_dataset\decafia_clean\images\test\SANAS_SOCORRO_429.jpg,test,SANAS_SOCORRO_429,12,17
C:\Users\luise\OneDrive\Documentos\DECAFIA_v2\01_dataset\decafia_clean\images\train\ROYA_FONDO_60.jpg,train,ROYA_FONDO_60,C:\Users\luise\OneDrive\Documentos\DECAFIA_v2\01_dataset\decafia_clean\images\test\MINEIRO_143.jpg,test,MINEIRO_143,26,12
C:\Users\luise\OneDrive\Documentos\DECAFIA_v2\01_dataset\decafia_clean\images\train\ROYA_FONDO_60.jpg,train,ROYA_FONDO_60,C:\Users\luise\OneDrive\Documentos\DECAFIA_v2\01_dataset\decafia_clean\images\test\ROYA_FONDO_56.jpg,test,ROYA_FONDO_56,22,11
C:\Users\luise\OneDrive\Documentos\DECAFIA_v2\01_dataset\decafia_clean\images\train\ROYA_FONDO_64.jpg,train,ROYA_FONDO_64,C:\Users\luise\OneDrive\Documentos\DECAFIA_v2\01_dataset\decafia_clean\images\test\ROYA_FONDO_26.jpg,test,ROYA_FONDO_26,24,12
C:\Users\luise\OneDrive\Documentos\DECAFIA_v2\01_dataset\decafia_clean\images\train\ROYA_FONDO_64.jpg,train,ROYA_FONDO_64,C:\Users\luise\OneDrive\Documentos\DECAFIA_v2\01_dataset\decafia_clean\images\test\ROYA_FONDO_76.jpg,test,ROYA_FONDO_76,30,12
C:\Users\luise\OneDrive\Documentos\DECAFIA_v2\01_dataset\decafia_clean\images\train\ROYA_FONDO_64.jpg,train,ROYA_FONDO_64,C:\Users\luise\OneDrive\Documentos\DECAFIA_v2\01_dataset\decafia_clean\images\test\SANAS_NUEVAS_547.jpg,test,SANAS_NUEVAS_547,26,11
C:\Users\luise\OneDrive\Documentos\DECAFIA_v2\01_dataset\decafia_clean\images\train\ROYA_FONDO_66.jpg,train,ROYA_FONDO_66,C:\Users\luise\OneDrive\Documentos\DECAFIA_v2\01_dataset\decafia_clean\images\test\SANAS_SOCORRO_240.jpg,test,SANAS_SOCORRO_240,16,12
C:\Users\luise\OneDrive\Documentos\DECAFIA_v2\01_dataset\decafia_clean\images\train\ROYA_FONDO_71.jpg,train,ROYA_FONDO_71,C:\Users\luise\OneDrive\Documentos\DECAFIA_v2\01_dataset\decafia_clean\images\test\ROYA_FONDO_16.jpg,test,ROYA_FONDO_16,24,12
C:\Users\luise\OneDrive\Documentos\DECAFIA_v2\01_dataset\decafia_clean\images\train\ROYA_FONDO_71.jpg,train,ROYA_FONDO_71,C:\Users\luise\OneDrive\Documentos\DECAFIA_v2\01_dataset\decafia_clean\images\test\ROYA_FONDO_56.jpg,test,ROYA_FONDO_56,28,11
C:\Users\luise\OneDrive\Documentos\DECAFIA_v2\01_dataset\decafia_clean\images\train\ROYA_FONDO_71.jpg,train,ROYA_FONDO_71,C:\Users\luise\OneDrive\Documentos\DECAFIA_v2\01_dataset\decafia_clean\images\test\ROYA_FONDO_85.jpg,test,ROYA_FONDO_85,18,12
C:\Users\luise\OneDrive\Documentos\DECAFIA_v2\01_dataset\decafia_clean\images\train\ROYA_FONDO_74.jpg,train,ROYA_FONDO_74,C:\Users\luise\OneDrive\Documentos\DECAFIA_v2\01_dataset\decafia_clean\images\test\MINEIRO_143.jpg,test,MINEIRO_143,26,10
C:\Users\luise\OneDrive\Documentos\DECAFIA_v2\01_dataset\decafia_clean\images\train\ROYA_FONDO_74.jpg,train,ROYA_FONDO_74,C:\Users\luise\OneDrive\Documentos\DECAFIA_v2\01_dataset\decafia_clean\images\test\MINEIRO_32.jpg,test,MINEIRO_32,30,12
C:\Users\luise\OneDrive\Documentos\DECAFIA_v2\01_dataset\decafia_clean\images\train\ROYA_FONDO_74.jpg,train,ROYA_FONDO_74,C:\Users\luise\OneDrive\Documentos\DECAFIA_v2\01_dataset\decafia_clean\images\test\ROYA_FONDO_21.jpg,test,ROYA_FONDO_21,26,7
C:\Users\luise\OneDrive\Documentos\DECAFIA_v2\01_dataset\decafia_clean\images\train\ROYA_FONDO_74.jpg,train,ROYA_FONDO_74,C:\Users\luise\OneDrive\Documentos\DECAFIA_v2\01_dataset\decafia_clean\images\test\ROYA_FONDO_76.jpg,test,ROYA_FONDO_76,26,11
C:\Users\luise\OneDrive\Documentos\DECAFIA_v2\01_dataset\decafia_clean\images\train\ROYA_FONDO_74.jpg,train,ROYA_FONDO_74,C:\Users\luise\OneDrive\Documentos\DECAFIA_v2\01_dataset\decafia_clean\images\test\ROYA_FONDO_93.jpg,test,ROYA_FONDO_93,32,11
C:\Users\luise\OneDrive\Documentos\DECAFIA_v2\01_dataset\decafia_clean\images\train\ROYA_FONDO_74.jpg,train,ROYA_FONDO_74,C:\Users\luise\OneDrive\Documentos\DECAFIA_v2\01_dataset\decafia_clean\images\test\SANAS_SOCORRO_429.jpg,test,SANAS_SOCORRO_429,26,12
C:\Users\luise\OneDrive\Documentos\DECAFIA_v2\01_dataset\decafia_clean\images\train\ROYA_FONDO_75.jpg,train,ROYA_FONDO_75,C:\Users\luise\OneDrive\Documentos\DECAFIA_v2\01_dataset\decafia_clean\images\test\MINEIRO_33.jpg,test,MINEIRO_33,12,25
C:\Users\luise\OneDrive\Documentos\DECAFIA_v2\01_dataset\decafia_clean\images\train\ROYA_FONDO_77.jpg,train,ROYA_FONDO_77,C:\Users\luise\OneDrive\Documentos\DECAFIA_v2\01_dataset\decafia_clean\images\test\COCO_Muy_A_95.jpg,test,COCO_Muy_A_95,8,23
C:\Users\luise\OneDrive\Documentos\DECAFIA_v2\01_dataset\decafia_clean\images\train\ROYA_FONDO_77.jpg,train,ROYA_FONDO_77,C:\Users\luise\OneDrive\Documentos\DECAFIA_v2\01_dataset\decafia_clean\images\test\MINEIRO_147.jpg,test,MINEIRO_147,10,28
C:\Users\luise\OneDrive\Documentos\DECAFIA_v2\01_dataset\decafia_clean\images\train\ROYA_FONDO_77.jpg,train,ROYA_FONDO_77,C:\Users\luise\OneDrive\Documentos\DECAFIA_v2\01_dataset\decafia_clean\images\test\MINEIRO_9.jpg,test,MINEIRO_9,12,22
C:\Users\luise\OneDrive\Documentos\DECAFIA_v2\01_dataset\decafia_clean\images\train\ROYA_FONDO_77.jpg,train,ROYA_FONDO_77,C:\Users\luise\OneDrive\Documentos\DECAFIA_v2\01_dataset\decafia_clean\images\test\ROYA_FONDO_32.jpg,test,ROYA_FONDO_32,12,17
C:\Users\luise\OneDrive\Documentos\DECAFIA_v2\01_dataset\decafia_clean\images\train\ROYA_FONDO_77.jpg,train,ROYA_FONDO_77,C:\Users\luise\OneDrive\Documentos\DECAFIA_v2\01_dataset\decafia_clean\images\test\SANAS_SOCORRO_422.jpg,test,SANAS_SOCORRO_422,12,32
C:\Users\luise\OneDrive\Documentos\DECAFIA_v2\01_dataset\decafia_clean\images\train\ROYA_FONDO_79.jpg,train,ROYA_FONDO_79,C:\Users\luise\OneDrive\Documentos\DECAFIA_v2\01_dataset\decafia_clean\images\test\MINADOR_11.jpg,test,MINADOR_11,22,12
C:\Users\luise\OneDrive\Documentos\DECAFIA_v2\01_dataset\decafia_clean\images\train\ROYA_FONDO_79.jpg,train,ROYA_FONDO_79,C:\Users\luise\OneDrive\Documentos\DECAFIA_v2\01_dataset\decafia_clean\images\test\ROYA_FONDO_32.jpg,test,ROYA_FONDO_32,18,11
C:\Users\luise\OneDrive\Documentos\DECAFIA_v2\01_dataset\decafia_clean\images\train\ROYA_FONDO_80.jpg,train,ROYA_FONDO_80,C:\Users\luise\OneDrive\Documentos\DECAFIA_v2\01_dataset\decafia_clean\images\test\ROYA_FONDO_14.jpg,test,ROYA_FONDO_14,32,12
C:\Users\luise\OneDrive\Documentos\DECAFIA_v2\01_dataset\decafia_clean\images\train\ROYA_FONDO_83.jpg,train,ROYA_FONDO_83,C:\Users\luise\OneDrive\Documentos\DECAFIA_v2\01_dataset\decafia_clean\images\test\MINADOR_54.jpg,test,MINADOR_54,16,12
C:\Users\luise\OneDrive\Documentos\DECAFIA_v2\01_dataset\decafia_clean\images\train\ROYA_FONDO_83.jpg,train,ROYA_FONDO_83,C:\Users\luise\OneDrive\Documentos\DECAFIA_v2\01_dataset\decafia_clean\images\test\ROYA_FONDO_14.jpg,test,ROYA_FONDO_14,34,11
C:\Users\luise\OneDrive\Documentos\DECAFIA_v2\01_dataset\decafia_clean\images\train\ROYA_FONDO_83.jpg,train,ROYA_FONDO_83,C:\Users\luise\OneDrive\Documentos\DECAFIA_v2\01_dataset\decafia_clean\images\test\ROYA_FONDO_21.jpg,test,ROYA_FONDO_21,24,11
C:\Users\luise\OneDrive\Documentos\DECAFIA_v2\01_dataset\decafia_clean\images\train\ROYA_FONDO_9.jpg,train,ROYA_FONDO_9,C:\Users\luise\OneDrive\Documentos\DECAFIA_v2\01_dataset\decafia_clean\images\test\ROYA_FONDO_93.jpg,test,ROYA_FONDO_93,24,12
C:\Users\luise\OneDrive\Documentos\DECAFIA_v2\01_dataset\decafia_clean\images\train\ROYA_FONDO_90.jpg,train,ROYA_FONDO_90,C:\Users\luise\OneDrive\Documentos\DECAFIA_v2\01_dataset\decafia_clean\images\test\ROYA_FONDO_76.jpg,test,ROYA_FONDO_76,18,11
C:\Users\luise\OneDrive\Documentos\DECAFIA_v2\01_dataset\decafia_clean\images\train\ROYA_Muy_A_14.jpg,train,ROYA_Muy_A_14,C:\Users\luise\OneDrive\Documentos\DECAFIA_v2\01_dataset\decafia_clean\images\test\ROYA_FONDO_21.jpg,test,ROYA_FONDO_21,18,12
C:\Users\luise\OneDrive\Documentos\DECAFIA_v2\01_dataset\decafia_clean\images\train\ROYA_Muy_A_24.jpg,train,ROYA_Muy_A_24,C:\Users\luise\OneDrive\Documentos\DECAFIA_v2\01_dataset\decafia_clean\images\test\ROYA_Muy_A_25.jpg,test,ROYA_Muy_A_25,10,8
C:\Users\luise\OneDrive\Documentos\DECAFIA_v2\01_dataset\decafia_clean\images\train\ROYA_RECORTES_27.jpg,train,ROYA_RECORTES_27,C:\Users\luise\OneDrive\Documentos\DECAFIA_v2\01_dataset\decafia_clean\images\test\MINADO_RECORTES_14.jpg,test,MINADO_RECORTES_14,12,27
C:\Users\luise\OneDrive\Documentos\DECAFIA_v2\01_dataset\decafia_clean\images\train\ROYA_RECORTES_33.jpg,train,ROYA_RECORTES_33,C:\Users\luise\OneDrive\Documentos\DECAFIA_v2\01_dataset\decafia_clean\images\test\MINADO_RECORTES_12.jpg,test,MINADO_RECORTES_12,10,28
C:\Users\luise\OneDrive\Documentos\DECAFIA_v2\01_dataset\decafia_clean\images\train\SANAS_NUEVAS_253.jpg,train,SANAS_NUEVAS_253,C:\Users\luise\OneDrive\Documentos\DECAFIA_v2\01_dataset\decafia_clean\images\test\SANAS_SOCORRO_13.jpg,test,SANAS_SOCORRO_13,0,0
C:\Users\luise\OneDrive\Documentos\DECAFIA_v2\01_dataset\decafia_clean\images\train\SANAS_NUEVAS_316.jpg,train,SANAS_NUEVAS_316,C:\Users\luise\OneDrive\Documentos\DECAFIA_v2\01_dataset\decafia_clean\images\test\SANAS_SOCORRO_130.jpg,test,SANAS_SOCORRO_130,0,0
C:\Users\luise\OneDrive\Documentos\DECAFIA_v2\01_dataset\decafia_clean\images\train\SANAS_NUEVAS_323.jpg,train,SANAS_NUEVAS_323,C:\Users\luise\OneDrive\Documentos\DECAFIA_v2\01_dataset\decafia_clean\images\test\SANAS_NUEVAS_317.jpg,test,SANAS_NUEVAS_317,16,10
C:\Users\luise\OneDrive\Documentos\DECAFIA_v2\01_dataset\decafia_clean\images\train\SANAS_NUEVAS_325.jpg,train,SANAS_NUEVAS_325,C:\Users\luise\OneDrive\Documentos\DECAFIA_v2\01_dataset\decafia_clean\images\test\SANAS_SOCORRO_142.jpg,test,SANAS_SOCORRO_142,28,9
C:\Users\luise\OneDrive\Documentos\DECAFIA_v2\01_dataset\decafia_clean\images\train\SANAS_NUEVAS_326.jpg,train,SANAS_NUEVAS_326,C:\Users\luise\OneDrive\Documentos\DECAFIA_v2\01_dataset\decafia_clean\images\test\MINADOR_52.jpg,test,MINADOR_52,26,12
C:\Users\luise\OneDrive\Documentos\DECAFIA_v2\01_dataset\decafia_clean\images\train\SANAS_NUEVAS_326.jpg,train,SANAS_NUEVAS_326,C:\Users\luise\OneDrive\Documentos\DECAFIA_v2\01_dataset\decafia_clean\images\test\SANAS_SOCORRO_142.jpg,test,SANAS_SOCORRO_142,0,0
C:\Users\luise\OneDrive\Documentos\DECAFIA_v2\01_dataset\decafia_clean\images\train\SANAS_NUEVAS_327.jpg,train,SANAS_NUEVAS_327,C:\Users\luise\OneDrive\Documentos\DECAFIA_v2\01_dataset\decafia_clean\images\test\SANAS_SOCORRO_142.jpg,test,SANAS_SOCORRO_142,18,10
C:\Users\luise\OneDrive\Documentos\DECAFIA_v2\01_dataset\decafia_clean\images\train\SANAS_NUEVAS_338.jpg,train,SANAS_NUEVAS_338,C:\Users\luise\OneDrive\Documentos\DECAFIA_v2\01_dataset\decafia_clean\images\test\SANAS_SOCORRO_156.jpg,test,SANAS_SOCORRO_156,0,0
C:\Users\luise\OneDrive\Documentos\DECAFIA_v2\01_dataset\decafia_clean\images\train\SANAS_NUEVAS_348.jpg,train,SANAS_NUEVAS_348,C:\Users\luise\OneDrive\Documentos\DECAFIA_v2\01_dataset\decafia_clean\images\test\MINEIRO_120.jpg,test,MINEIRO_120,12,31
C:\Users\luise\OneDrive\Documentos\DECAFIA_v2\01_dataset\decafia_clean\images\train\SANAS_NUEVAS_360.jpg,train,SANAS_NUEVAS_360,C:\Users\luise\OneDrive\Documentos\DECAFIA_v2\01_dataset\decafia_clean\images\test\SANAS_SOCORRO_182.jpg,test,SANAS_SOCORRO_182,0,0
C:\Users\luise\OneDrive\Documentos\DECAFIA_v2\01_dataset\decafia_clean\images\train\SANAS_NUEVAS_371.jpg,train,SANAS_NUEVAS_371,C:\Users\luise\OneDrive\Documentos\DECAFIA_v2\01_dataset\decafia_clean\images\test\MINEIRO_148.jpg,test,MINEIRO_148,18,11
C:\Users\luise\OneDrive\Documentos\DECAFIA_v2\01_dataset\decafia_clean\images\train\SANAS_NUEVAS_371.jpg,train,SANAS_NUEVAS_371,C:\Users\luise\OneDrive\Documentos\DECAFIA_v2\01_dataset\decafia_clean\images\test\SANAS_NUEVAS_554.jpg,test,SANAS_NUEVAS_554,10,21
C:\Users\luise\OneDrive\Documentos\DECAFIA_v2\01_dataset\decafia_clean\images\train\SANAS_NUEVAS_382.jpg,train,SANAS_NUEVAS_382,C:\Users\luise\OneDrive\Documentos\DECAFIA_v2\01_dataset\decafia_clean\images\test\SANAS_SOCORRO_210.jpg,test,SANAS_SOCORRO_210,0,0
C:\Users\luise\OneDrive\Documentos\DECAFIA_v2\01_dataset\decafia_clean\images\train\SANAS_NUEVAS_405.jpg,train,SANAS_NUEVAS_405,C:\Users\luise\OneDrive\Documentos\DECAFIA_v2\01_dataset\decafia_clean\images\test\MINEIRO_169.jpg,test,MINEIRO_169,32,12
C:\Users\luise\OneDrive\Documentos\DECAFIA_v2\01_dataset\decafia_clean\images\train\SANAS_NUEVAS_406.jpg,train,SANAS_NUEVAS_406,C:\Users\luise\OneDrive\Documentos\DECAFIA_v2\01_dataset\decafia_clean\images\test\SANAS_SOCORRO_241.jpg,test,SANAS_SOCORRO_241,0,0
C:\Users\luise\OneDrive\Documentos\DECAFIA_v2\01_dataset\decafia_clean\images\train\SANAS_NUEVAS_408.jpg,train,SANAS_NUEVAS_408,C:\Users\luise\OneDrive\Documentos\DECAFIA_v2\01_dataset\decafia_clean\images\test\SANAS_SOCORRO_243.jpg,test,SANAS_SOCORRO_243,0,0
C:\Users\luise\OneDrive\Documentos\DECAFIA_v2\01_dataset\decafia_clean\images\train\SANAS_NUEVAS_409.jpg,train,SANAS_NUEVAS_409,C:\Users\luise\OneDrive\Documentos\DECAFIA_v2\01_dataset\decafia_clean\images\test\SANAS_SOCORRO_244.jpg,test,SANAS_SOCORRO_244,0,0
C:\Users\luise\OneDrive\Documentos\DECAFIA_v2\01_dataset\decafia_clean\images\train\SANAS_NUEVAS_411.jpg,train,SANAS_NUEVAS_411,C:\Users\luise\OneDrive\Documentos\DECAFIA_v2\01_dataset\decafia_clean\images\test\SANAS_NUEVAS_419.jpg,test,SANAS_NUEVAS_419,20,11
C:\Users\luise\OneDrive\Documentos\DECAFIA_v2\01_dataset\decafia_clean\images\train\SANAS_NUEVAS_431.jpg,train,SANAS_NUEVAS_431,C:\Users\luise\OneDrive\Documentos\DECAFIA_v2\01_dataset\decafia_clean\images\test\ROYA_FONDO_88.jpg,test,ROYA_FONDO_88,12,23
C:\Users\luise\OneDrive\Documentos\DECAFIA_v2\01_dataset\decafia_clean\images\train\SANAS_NUEVAS_431.jpg,train,SANAS_NUEVAS_431,C:\Users\luise\OneDrive\Documentos\DECAFIA_v2\01_dataset\decafia_clean\images\test\SANAS_NUEVAS_428.jpg,test,SANAS_NUEVAS_428,12,7
C:\Users\luise\OneDrive\Documentos\DECAFIA_v2\01_dataset\decafia_clean\images\train\SANAS_NUEVAS_435.jpg,train,SANAS_NUEVAS_435,C:\Users\luise\OneDrive\Documentos\DECAFIA_v2\01_dataset\decafia_clean\images\test\SANAS_NUEVAS_547.jpg,test,SANAS_NUEVAS_547,24,12
C:\Users\luise\OneDrive\Documentos\DECAFIA_v2\01_dataset\decafia_clean\images\train\SANAS_NUEVAS_436.jpg,train,SANAS_NUEVAS_436,C:\Users\luise\OneDrive\Documentos\DECAFIA_v2\01_dataset\decafia_clean\images\test\MINADOR_17.jpg,test,MINADOR_17,26,12
C:\Users\luise\OneDrive\Documentos\DECAFIA_v2\01_dataset\decafia_clean\images\train\SANAS_NUEVAS_438.jpg,train,SANAS_NUEVAS_438,C:\Users\luise\OneDrive\Documentos\DECAFIA_v2\01_dataset\decafia_clean\images\test\SANAS_NUEVAS_437.jpg,test,SANAS_NUEVAS_437,12,25
C:\Users\luise\OneDrive\Documentos\DECAFIA_v2\01_dataset\decafia_clean\images\train\SANAS_NUEVAS_443.jpg,train,SANAS_NUEVAS_443,C:\Users\luise\OneDrive\Documentos\DECAFIA_v2\01_dataset\decafia_clean\images\test\ROYA_FONDO_88.jpg,test,ROYA_FONDO_88,10,21
C:\Users\luise\OneDrive\Documentos\DECAFIA_v2\01_dataset\decafia_clean\images\train\SANAS_NUEVAS_444.jpg,train,SANAS_NUEVAS_444,C:\Users\luise\OneDrive\Documentos\DECAFIA_v2\01_dataset\decafia_clean\images\test\SANAS_NUEVAS_555.jpg,test,SANAS_NUEVAS_555,12,20
C:\Users\luise\OneDrive\Documentos\DECAFIA_v2\01_dataset\decafia_clean\images\train\SANAS_NUEVAS_467.jpg,train,SANAS_NUEVAS_467,C:\Users\luise\OneDrive\Documentos\DECAFIA_v2\01_dataset\decafia_clean\images\test\SANAS_SOCORRO_315.jpg,test,SANAS_SOCORRO_315,0,0
C:\Users\luise\OneDrive\Documentos\DECAFIA_v2\01_dataset\decafia_clean\images\train\SANAS_NUEVAS_474.jpg,train,SANAS_NUEVAS_474,C:\Users\luise\OneDrive\Documentos\DECAFIA_v2\01_dataset\decafia_clean\images\test\SANAS_SOCORRO_324.jpg,test,SANAS_SOCORRO_324,0,0
C:\Users\luise\OneDrive\Documentos\DECAFIA_v2\01_dataset\decafia_clean\images\train\SANAS_NUEVAS_478.jpg,train,SANAS_NUEVAS_478,C:\Users\luise\OneDrive\Documentos\DECAFIA_v2\01_dataset\decafia_clean\images\test\ROYA_MA_52.jpg,test,ROYA_MA_52,20,11
C:\Users\luise\OneDrive\Documentos\DECAFIA_v2\01_dataset\decafia_clean\images\train\SANAS_NUEVAS_498.jpg,train,SANAS_NUEVAS_498,C:\Users\luise\OneDrive\Documentos\DECAFIA_v2\01_dataset\decafia_clean\images\test\SANAS_SOCORRO_354.jpg,test,SANAS_SOCORRO_354,2,0
C:\Users\luise\OneDrive\Documentos\DECAFIA_v2\01_dataset\decafia_clean\images\train\SANAS_NUEVAS_522.jpg,train,SANAS_NUEVAS_522,C:\Users\luise\OneDrive\Documentos\DECAFIA_v2\01_dataset\decafia_clean\images\test\SANAS_SOCORRO_383.jpg,test,SANAS_SOCORRO_383,0,0
C:\Users\luise\OneDrive\Documentos\DECAFIA_v2\01_dataset\decafia_clean\images\train\SANAS_NUEVAS_543.jpg,train,SANAS_NUEVAS_543,C:\Users\luise\OneDrive\Documentos\DECAFIA_v2\01_dataset\decafia_clean\images\test\MINEIRO_33.jpg,test,MINEIRO_33,10,24
C:\Users\luise\OneDrive\Documentos\DECAFIA_v2\01_dataset\decafia_clean\images\train\SANAS_NUEVAS_544.jpg,train,SANAS_NUEVAS_544,C:\Users\luise\OneDrive\Documentos\DECAFIA_v2\01_dataset\decafia_clean\images\test\SANAS_SOCORRO_423.jpg,test,SANAS_SOCORRO_423,0,0
C:\Users\luise\OneDrive\Documentos\DECAFIA_v2\01_dataset\decafia_clean\images\train\SANAS_NUEVAS_549.jpg,train,SANAS_NUEVAS_549,C:\Users\luise\OneDrive\Documentos\DECAFIA_v2\01_dataset\decafia_clean\images\test\SANAS_NUEVAS_558.jpg,test,SANAS_NUEVAS_558,10,25
C:\Users\luise\OneDrive\Documentos\DECAFIA_v2\01_dataset\decafia_clean\images\train\SANAS_NUEVAS_551.jpg,train,SANAS_NUEVAS_551,C:\Users\luise\OneDrive\Documentos\DECAFIA_v2\01_dataset\decafia_clean\images\test\SANAS_NUEVAS_550.jpg,test,SANAS_NUEVAS_550,12,31
C:\Users\luise\OneDrive\Documentos\DECAFIA_v2\01_dataset\decafia_clean\images\train\SANAS_NUEVAS_556.jpg,train,SANAS_NUEVAS_556,C:\Users\luise\OneDrive\Documentos\DECAFIA_v2\01_dataset\decafia_clean\images\test\MINEIRO_176.jpg,test,MINEIRO_176,12,26
C:\Users\luise\OneDrive\Documentos\DECAFIA_v2\01_dataset\decafia_clean\images\train\SANAS_NUEVAS_556.jpg,train,SANAS_NUEVAS_556,C:\Users\luise\OneDrive\Documentos\DECAFIA_v2\01_dataset\decafia_clean\images\test\ROYA_FONDO_76.jpg,test,ROYA_FONDO_76,12,24
C:\Users\luise\OneDrive\Documentos\DECAFIA_v2\01_dataset\decafia_clean\images\train\SANAS_NUEVAS_594.jpg,train,SANAS_NUEVAS_594,C:\Users\luise\OneDrive\Documentos\DECAFIA_v2\01_dataset\decafia_clean\images\test\SANAS_NUEVAS_593.jpg,test,SANAS_NUEVAS_593,8,44
C:\Users\luise\OneDrive\Documentos\DECAFIA_v2\01_dataset\decafia_clean\images\train\SANAS_SOCORRO_112.jpg,train,SANAS_SOCORRO_112,C:\Users\luise\OneDrive\Documentos\DECAFIA_v2\01_dataset\decafia_clean\images\test\SANAS_SOCORRO_111.jpg,test,SANAS_SOCORRO_111,12,32
C:\Users\luise\OneDrive\Documentos\DECAFIA_v2\01_dataset\decafia_clean\images\train\SANAS_SOCORRO_115.jpg,train,SANAS_SOCORRO_115,C:\Users\luise\OneDrive\Documentos\DECAFIA_v2\01_dataset\decafia_clean\images\test\SANAS_NUEVAS_308.jpg,test,SANAS_NUEVAS_308,0,0
C:\Users\luise\OneDrive\Documentos\DECAFIA_v2\01_dataset\decafia_clean\images\train\SANAS_SOCORRO_132.jpg,train,SANAS_SOCORRO_132,C:\Users\luise\OneDrive\Documentos\DECAFIA_v2\01_dataset\decafia_clean\images\test\SANAS_NUEVAS_317.jpg,test,SANAS_NUEVAS_317,10,41
C:\Users\luise\OneDrive\Documentos\DECAFIA_v2\01_dataset\decafia_clean\images\train\SANAS_SOCORRO_147.jpg,train,SANAS_SOCORRO_147,C:\Users\luise\OneDrive\Documentos\DECAFIA_v2\01_dataset\decafia_clean\images\test\SANAS_NUEVAS_331.jpg,test,SANAS_NUEVAS_331,0,0
C:\Users\luise\OneDrive\Documentos\DECAFIA_v2\01_dataset\decafia_clean\images\train\SANAS_SOCORRO_152.jpg,train,SANAS_SOCORRO_152,C:\Users\luise\OneDrive\Documentos\DECAFIA_v2\01_dataset\decafia_clean\images\test\SANAS_NUEVAS_334.jpg,test,SANAS_NUEVAS_334,0,0
C:\Users\luise\OneDrive\Documentos\DECAFIA_v2\01_dataset\decafia_clean\images\train\SANAS_SOCORRO_157.jpg,train,SANAS_SOCORRO_157,C:\Users\luise\OneDrive\Documentos\DECAFIA_v2\01_dataset\decafia_clean\images\test\SANAS_SOCORRO_156.jpg,test,SANAS_SOCORRO_156,16,6
C:\Users\luise\OneDrive\Documentos\DECAFIA_v2\01_dataset\decafia_clean\images\train\SANAS_SOCORRO_160.jpg,train,SANAS_SOCORRO_160,C:\Users\luise\OneDrive\Documentos\DECAFIA_v2\01_dataset\decafia_clean\images\test\COCO_P_A_11.jpg,test,COCO_P_A_11,12,27
C:\Users\luise\OneDrive\Documentos\DECAFIA_v2\01_dataset\decafia_clean\images\train\SANAS_SOCORRO_160.jpg,train,SANAS_SOCORRO_160,C:\Users\luise\OneDrive\Documentos\DECAFIA_v2\01_dataset\decafia_clean\images\test\MINEIRO_147.jpg,test,MINEIRO_147,10,29
C:\Users\luise\OneDrive\Documentos\DECAFIA_v2\01_dataset\decafia_clean\images\train\SANAS_SOCORRO_160.jpg,train,SANAS_SOCORRO_160,C:\Users\luise\OneDrive\Documentos\DECAFIA_v2\01_dataset\decafia_clean\images\test\MINEIRO_9.jpg,test,MINEIRO_9,12,21
C:\Users\luise\OneDrive\Documentos\DECAFIA_v2\01_dataset\decafia_clean\images\train\SANAS_SOCORRO_160.jpg,train,SANAS_SOCORRO_160,C:\Users\luise\OneDrive\Documentos\DECAFIA_v2\01_dataset\decafia_clean\images\test\SANAS_NUEVAS_422.jpg,test,SANAS_NUEVAS_422,12,20
C:\Users\luise\OneDrive\Documentos\DECAFIA_v2\01_dataset\decafia_clean\images\train\SANAS_SOCORRO_161.jpg,train,SANAS_SOCORRO_161,C:\Users\luise\OneDrive\Documentos\DECAFIA_v2\01_dataset\decafia_clean\images\test\MINEIRO_120.jpg,test,MINEIRO_120,12,26
C:\Users\luise\OneDrive\Documentos\DECAFIA_v2\01_dataset\decafia_clean\images\train\SANAS_SOCORRO_195.jpg,train,SANAS_SOCORRO_195,C:\Users\luise\OneDrive\Documentos\DECAFIA_v2\01_dataset\decafia_clean\images\test\ROYA_FONDO_14.jpg,test,ROYA_FONDO_14,24,11
C:\Users\luise\OneDrive\Documentos\DECAFIA_v2\01_dataset\decafia_clean\images\train\SANAS_SOCORRO_231.jpg,train,SANAS_SOCORRO_231,C:\Users\luise\OneDrive\Documentos\DECAFIA_v2\01_dataset\decafia_clean\images\test\MINADOR_77.jpg,test,MINADOR_77,12,27
C:\Users\luise\OneDrive\Documentos\DECAFIA_v2\01_dataset\decafia_clean\images\train\SANAS_SOCORRO_239.jpg,train,SANAS_SOCORRO_239,C:\Users\luise\OneDrive\Documentos\DECAFIA_v2\01_dataset\decafia_clean\images\test\MINEIRO_169.jpg,test,MINEIRO_169,32,12
C:\Users\luise\OneDrive\Documentos\DECAFIA_v2\01_dataset\decafia_clean\images\train\SANAS_SOCORRO_250.jpg,train,SANAS_SOCORRO_250,C:\Users\luise\OneDrive\Documentos\DECAFIA_v2\01_dataset\decafia_clean\images\test\MINEIRO_120.jpg,test,MINEIRO_120,26,11
C:\Users\luise\OneDrive\Documentos\DECAFIA_v2\01_dataset\decafia_clean\images\train\SANAS_SOCORRO_250.jpg,train,SANAS_SOCORRO_250,C:\Users\luise\OneDrive\Documentos\DECAFIA_v2\01_dataset\decafia_clean\images\test\MINEIRO_179.jpg,test,MINEIRO_179,28,10
C:\Users\luise\OneDrive\Documentos\DECAFIA_v2\01_dataset\decafia_clean\images\train\SANAS_SOCORRO_251.jpg,train,SANAS_SOCORRO_251,C:\Users\luise\OneDrive\Documentos\DECAFIA_v2\01_dataset\decafia_clean\images\test\MINEIRO_8.jpg,test,MINEIRO_8,10,31
C:\Users\luise\OneDrive\Documentos\DECAFIA_v2\01_dataset\decafia_clean\images\train\SANAS_SOCORRO_259.jpg,train,SANAS_SOCORRO_259,C:\Users\luise\OneDrive\Documentos\DECAFIA_v2\01_dataset\decafia_clean\images\test\COCO_Muy_A_95.jpg,test,COCO_Muy_A_95,10,22
C:\Users\luise\OneDrive\Documentos\DECAFIA_v2\01_dataset\decafia_clean\images\train\SANAS_SOCORRO_259.jpg,train,SANAS_SOCORRO_259,C:\Users\luise\OneDrive\Documentos\DECAFIA_v2\01_dataset\decafia_clean\images\test\SANAS_SOCORRO_141.jpg,test,SANAS_SOCORRO_141,22,11
C:\Users\luise\OneDrive\Documentos\DECAFIA_v2\01_dataset\decafia_clean\images\train\SANAS_SOCORRO_261.jpg,train,SANAS_SOCORRO_261,C:\Users\luise\OneDrive\Documentos\DECAFIA_v2\01_dataset\decafia_clean\images\test\MINEIRO_148.jpg,test,MINEIRO_148,22,11
C:\Users\luise\OneDrive\Documentos\DECAFIA_v2\01_dataset\decafia_clean\images\train\SANAS_SOCORRO_261.jpg,train,SANAS_SOCORRO_261,C:\Users\luise\OneDrive\Documentos\DECAFIA_v2\01_dataset\decafia_clean\images\test\MINEIRO_176.jpg,test,MINEIRO_176,12,27
C:\Users\luise\OneDrive\Documentos\DECAFIA_v2\01_dataset\decafia_clean\images\train\SANAS_SOCORRO_261.jpg,train,SANAS_SOCORRO_261,C:\Users\luise\OneDrive\Documentos\DECAFIA_v2\01_dataset\decafia_clean\images\test\MINEIRO_63.jpg,test,MINEIRO_63,18,12
C:\Users\luise\OneDrive\Documentos\DECAFIA_v2\01_dataset\decafia_clean\images\train\SANAS_SOCORRO_261.jpg,train,SANAS_SOCORRO_261,C:\Users\luise\OneDrive\Documentos\DECAFIA_v2\01_dataset\decafia_clean\images\test\ROYA_FONDO_76.jpg,test,ROYA_FONDO_76,12,23
C:\Users\luise\OneDrive\Documentos\DECAFIA_v2\01_dataset\decafia_clean\images\train\SANAS_SOCORRO_266.jpg,train,SANAS_SOCORRO_266,C:\Users\luise\OneDrive\Documentos\DECAFIA_v2\01_dataset\decafia_clean\images\test\MINEIRO_143.jpg,test,MINEIRO_143,18,12
C:\Users\luise\OneDrive\Documentos\DECAFIA_v2\01_dataset\decafia_clean\images\train\SANAS_SOCORRO_266.jpg,train,SANAS_SOCORRO_266,C:\Users\luise\OneDrive\Documentos\DECAFIA_v2\01_dataset\decafia_clean\images\test\MINEIRO_176.jpg,test,MINEIRO_176,12,23
C:\Users\luise\OneDrive\Documentos\DECAFIA_v2\01_dataset\decafia_clean\images\train\SANAS_SOCORRO_266.jpg,train,SANAS_SOCORRO_266,C:\Users\luise\OneDrive\Documentos\DECAFIA_v2\01_dataset\decafia_clean\images\test\ROYA_FONDO_32.jpg,test,ROYA_FONDO_32,32,12
C:\Users\luise\OneDrive\Documentos\DECAFIA_v2\01_dataset\decafia_clean\images\train\SANAS_SOCORRO_266.jpg,train,SANAS_SOCORRO_266,C:\Users\luise\OneDrive\Documentos\DECAFIA_v2\01_dataset\decafia_clean\images\test\ROYA_FONDO_76.jpg,test,ROYA_FONDO_76,14,11
C:\Users\luise\OneDrive\Documentos\DECAFIA_v2\01_dataset\decafia_clean\images\train\SANAS_SOCORRO_266.jpg,train,SANAS_SOCORRO_266,C:\Users\luise\OneDrive\Documentos\DECAFIA_v2\01_dataset\decafia_clean\images\test\SANAS_NUEVAS_437.jpg,test,SANAS_NUEVAS_437,28,12
C:\Users\luise\OneDrive\Documentos\DECAFIA_v2\01_dataset\decafia_clean\images\train\SANAS_SOCORRO_277.jpg,train,SANAS_SOCORRO_277,C:\Users\luise\OneDrive\Documentos\DECAFIA_v2\01_dataset\decafia_clean\images\test\MINADOR_17.jpg,test,MINADOR_17,26,11
C:\Users\luise\OneDrive\Documentos\DECAFIA_v2\01_dataset\decafia_clean\images\train\SANAS_SOCORRO_278.jpg,train,SANAS_SOCORRO_278,C:\Users\luise\OneDrive\Documentos\DECAFIA_v2\01_dataset\decafia_clean\images\test\SANAS_NUEVAS_428.jpg,test,SANAS_NUEVAS_428,18,11
C:\Users\luise\OneDrive\Documentos\DECAFIA_v2\01_dataset\decafia_clean\images\train\SANAS_SOCORRO_279.jpg,train,SANAS_SOCORRO_279,C:\Users\luise\OneDrive\Documentos\DECAFIA_v2\01_dataset\decafia_clean\images\test\SANAS_NUEVAS_437.jpg,test,SANAS_NUEVAS_437,12,25
C:\Users\luise\OneDrive\Documentos\DECAFIA_v2\01_dataset\decafia_clean\images\train\SANAS_SOCORRO_281.jpg,train,SANAS_SOCORRO_281,C:\Users\luise\OneDrive\Documentos\DECAFIA_v2\01_dataset\decafia_clean\images\test\COCO_P_A_13.jpg,test,COCO_P_A_13,30,12
C:\Users\luise\OneDrive\Documentos\DECAFIA_v2\01_dataset\decafia_clean\images\train\SANAS_SOCORRO_287.jpg,train,SANAS_SOCORRO_287,C:\Users\luise\OneDrive\Documentos\DECAFIA_v2\01_dataset\decafia_clean\images\test\SANAS_SOCORRO_429.jpg,test,SANAS_SOCORRO_429,22,12
C:\Users\luise\OneDrive\Documentos\DECAFIA_v2\01_dataset\decafia_clean\images\train\SANAS_SOCORRO_288.jpg,train,SANAS_SOCORRO_288,C:\Users\luise\OneDrive\Documentos\DECAFIA_v2\01_dataset\decafia_clean\images\test\MINEIRO_42.jpg,test,MINEIRO_42,12,20
C:\Users\luise\OneDrive\Documentos\DECAFIA_v2\01_dataset\decafia_clean\images\train\SANAS_SOCORRO_288.jpg,train,SANAS_SOCORRO_288,C:\Users\luise\OneDrive\Documentos\DECAFIA_v2\01_dataset\decafia_clean\images\test\ROYA_FONDO_76.jpg,test,ROYA_FONDO_76,12,24
C:\Users\luise\OneDrive\Documentos\DECAFIA_v2\01_dataset\decafia_clean\images\train\SANAS_SOCORRO_289.jpg,train,SANAS_SOCORRO_289,C:\Users\luise\OneDrive\Documentos\DECAFIA_v2\01_dataset\decafia_clean\images\test\MINEIRO_66.jpg,test,MINEIRO_66,12,29
C:\Users\luise\OneDrive\Documentos\DECAFIA_v2\01_dataset\decafia_clean\images\train\SANAS_SOCORRO_302.jpg,train,SANAS_SOCORRO_302,C:\Users\luise\OneDrive\Documentos\DECAFIA_v2\01_dataset\decafia_clean\images\test\SANAS_NUEVAS_456.jpg,test,SANAS_NUEVAS_456,0,0
C:\Users\luise\OneDrive\Documentos\DECAFIA_v2\01_dataset\decafia_clean\images\train\SANAS_SOCORRO_343.jpg,train,SANAS_SOCORRO_343,C:\Users\luise\OneDrive\Documentos\DECAFIA_v2\01_dataset\decafia_clean\images\test\SANAS_NUEVAS_489.jpg,test,SANAS_NUEVAS_489,0,0
C:\Users\luise\OneDrive\Documentos\DECAFIA_v2\01_dataset\decafia_clean\images\train\SANAS_SOCORRO_398.jpg,train,SANAS_SOCORRO_398,C:\Users\luise\OneDrive\Documentos\DECAFIA_v2\01_dataset\decafia_clean\images\test\SANAS_NUEVAS_534.jpg,test,SANAS_NUEVAS_534,0,0
C:\Users\luise\OneDrive\Documentos\DECAFIA_v2\01_dataset\decafia_clean\images\train\SANAS_SOCORRO_420.jpg,train,SANAS_SOCORRO_420,C:\Users\luise\OneDrive\Documentos\DECAFIA_v2\01_dataset\decafia_clean\images\test\COCO_P_A_30.jpg,test,COCO_P_A_30,12,24
C:\Users\luise\OneDrive\Documentos\DECAFIA_v2\01_dataset\decafia_clean\images\train\SANAS_SOCORRO_421.jpg,train,SANAS_SOCORRO_421,C:\Users\luise\OneDrive\Documentos\DECAFIA_v2\01_dataset\decafia_clean\images\test\MINEIRO_179.jpg,test,MINEIRO_179,16,12
C:\Users\luise\OneDrive\Documentos\DECAFIA_v2\01_dataset\decafia_clean\images\train\SANAS_SOCORRO_421.jpg,train,SANAS_SOCORRO_421,C:\Users\luise\OneDrive\Documentos\DECAFIA_v2\01_dataset\decafia_clean\images\test\MINEIRO_33.jpg,test,MINEIRO_33,12,17
C:\Users\luise\OneDrive\Documentos\DECAFIA_v2\01_dataset\decafia_clean\images\train\SANAS_SOCORRO_421.jpg,train,SANAS_SOCORRO_421,C:\Users\luise\OneDrive\Documentos\DECAFIA_v2\01_dataset\decafia_clean\images\test\ROYA_FONDO_21.jpg,test,ROYA_FONDO_21,24,11
C:\Users\luise\OneDrive\Documentos\DECAFIA_v2\01_dataset\decafia_clean\images\train\SANAS_SOCORRO_421.jpg,train,SANAS_SOCORRO_421,C:\Users\luise\OneDrive\Documentos\DECAFIA_v2\01_dataset\decafia_clean\images\test\ROYA_FONDO_8.jpg,test,ROYA_FONDO_8,24,12
C:\Users\luise\OneDrive\Documentos\DECAFIA_v2\01_dataset\decafia_clean\images\train\SANAS_SOCORRO_421.jpg,train,SANAS_SOCORRO_421,C:\Users\luise\OneDrive\Documentos\DECAFIA_v2\01_dataset\decafia_clean\images\test\SANAS_SOCORRO_141.jpg,test,SANAS_SOCORRO_141,18,11
C:\Users\luise\OneDrive\Documentos\DECAFIA_v2\01_dataset\decafia_clean\images\train\SANAS_SOCORRO_428.jpg,train,SANAS_SOCORRO_428,C:\Users\luise\OneDrive\Documentos\DECAFIA_v2\01_dataset\decafia_clean\images\test\ROYA_FONDO_16.jpg,test,ROYA_FONDO_16,26,11
C:\Users\luise\OneDrive\Documentos\DECAFIA_v2\01_dataset\decafia_clean\images\train\SANAS_SOCORRO_428.jpg,train,SANAS_SOCORRO_428,C:\Users\luise\OneDrive\Documentos\DECAFIA_v2\01_dataset\decafia_clean\images\test\ROYA_FONDO_88.jpg,test,ROYA_FONDO_88,18,12
C:\Users\luise\OneDrive\Documentos\DECAFIA_v2\01_dataset\decafia_clean\images\train\SANAS_SOCORRO_433.jpg,train,SANAS_SOCORRO_433,C:\Users\luise\OneDrive\Documentos\DECAFIA_v2\01_dataset\decafia_clean\images\test\SANAS_NUEVAS_550.jpg,test,SANAS_NUEVAS_550,0,24
C:\Users\luise\OneDrive\Documentos\DECAFIA_v2\01_dataset\decafia_clean\images\train\SANAS_SOCORRO_434.jpg,train,SANAS_SOCORRO_434,C:\Users\luise\OneDrive\Documentos\DECAFIA_v2\01_dataset\decafia_clean\images\test\SANAS_NUEVAS_550.jpg,test,SANAS_NUEVAS_550,2,7
C:\Users\luise\OneDrive\Documentos\DECAFIA_v2\01_dataset\decafia_clean\images\train\SANAS_SOCORRO_436.jpg,train,SANAS_SOCORRO_436,C:\Users\luise\OneDrive\Documentos\DECAFIA_v2\01_dataset\decafia_clean\images\test\SANAS_NUEVAS_552.jpg,test,SANAS_NUEVAS_552,10,21
C:\Users\luise\OneDrive\Documentos\DECAFIA_v2\01_dataset\decafia_clean\images\train\SANAS_SOCORRO_436.jpg,train,SANAS_SOCORRO_436,C:\Users\luise\OneDrive\Documentos\DECAFIA_v2\01_dataset\decafia_clean\images\test\SANAS_SOCORRO_437.jpg,test,SANAS_SOCORRO_437,10,21
C:\Users\luise\OneDrive\Documentos\DECAFIA_v2\01_dataset\decafia_clean\images\train\SANAS_SOCORRO_440.jpg,train,SANAS_SOCORRO_440,C:\Users\luise\OneDrive\Documentos\DECAFIA_v2\01_dataset\decafia_clean\images\test\SANAS_NUEVAS_555.jpg,test,SANAS_NUEVAS_555,0,1
C:\Users\luise\OneDrive\Documentos\DECAFIA_v2\01_dataset\decafia_clean\images\train\SANAS_SOCORRO_441.jpg,train,SANAS_SOCORRO_441,C:\Users\luise\OneDrive\Documentos\DECAFIA_v2\01_dataset\decafia_clean\images\test\MINEIRO_176.jpg,test,MINEIRO_176,12,26
C:\Users\luise\OneDrive\Documentos\DECAFIA_v2\01_dataset\decafia_clean\images\train\SANAS_SOCORRO_441.jpg,train,SANAS_SOCORRO_441,C:\Users\luise\OneDrive\Documentos\DECAFIA_v2\01_dataset\decafia_clean\images\test\ROYA_FONDO_76.jpg,test,ROYA_FONDO_76,12,24
C:\Users\luise\OneDrive\Documentos\DECAFIA_v2\01_dataset\decafia_clean\images\train\SANAS_SOCORRO_442.jpg,train,SANAS_SOCORRO_442,C:\Users\luise\OneDrive\Documentos\DECAFIA_v2\01_dataset\decafia_clean\images\test\SANAS_NUEVAS_552.jpg,test,SANAS_NUEVAS_552,12,27
C:\Users\luise\OneDrive\Documentos\DECAFIA_v2\01_dataset\decafia_clean\images\train\SANAS_SOCORRO_442.jpg,train,SANAS_SOCORRO_442,C:\Users\luise\OneDrive\Documentos\DECAFIA_v2\01_dataset\decafia_clean\images\test\SANAS_NUEVAS_558.jpg,test,SANAS_NUEVAS_558,16,10
C:\Users\luise\OneDrive\Documentos\DECAFIA_v2\01_dataset\decafia_clean\images\train\SANAS_SOCORRO_442.jpg,train,SANAS_SOCORRO_442,C:\Users\luise\OneDrive\Documentos\DECAFIA_v2\01_dataset\decafia_clean\images\test\SANAS_SOCORRO_437.jpg,test,SANAS_SOCORRO_437,12,27
C:\Users\luise\OneDrive\Documentos\DECAFIA_v2\01_dataset\decafia_clean\images\train\SANAS_SOCORRO_444.jpg,train,SANAS_SOCORRO_444,C:\Users\luise\OneDrive\Documentos\DECAFIA_v2\01_dataset\decafia_clean\images\test\MINADOR_54.jpg,test,MINADOR_54,12,22
C:\Users\luise\OneDrive\Documentos\DECAFIA_v2\01_dataset\decafia_clean\images\train\SANAS_SOCORRO_46.jpg,train,SANAS_SOCORRO_46,C:\Users\luise\OneDrive\Documentos\DECAFIA_v2\01_dataset\decafia_clean\images\test\SANAS_NUEVAS_273.jpg,test,SANAS_NUEVAS_273,0,0
C:\Users\luise\OneDrive\Documentos\DECAFIA_v2\01_dataset\decafia_clean\images\train\SANAS_SOCORRO_473.jpg,train,SANAS_SOCORRO_473,C:\Users\luise\OneDrive\Documentos\DECAFIA_v2\01_dataset\decafia_clean\images\test\SANAS_NUEVAS_582.jpg,test,SANAS_NUEVAS_582,0,31
C:\Users\luise\OneDrive\Documentos\DECAFIA_v2\01_dataset\decafia_clean\images\train\SANAS_SOCORRO_514.jpg,train,SANAS_SOCORRO_514,C:\Users\luise\OneDrive\Documentos\DECAFIA_v2\01_dataset\decafia_clean\images\test\SANAS_NUEVAS_616.jpg,test,SANAS_NUEVAS_616,0,0
C:\Users\luise\OneDrive\Documentos\DECAFIA_v2\01_dataset\decafia_clean\images\val\COCO_M_A_10.jpg,val,COCO_M_A_10,C:\Users\luise\OneDrive\Documentos\DECAFIA_v2\01_dataset\decafia_clean\images\test\COCO_P_A_10.jpg,test,COCO_P_A_10,28,10
C:\Users\luise\OneDrive\Documentos\DECAFIA_v2\01_dataset\decafia_clean\images\val\COCO_P_A_2.jpg,val,COCO_P_A_2,C:\Users\luise\OneDrive\Documentos\DECAFIA_v2\01_dataset\decafia_clean\images\test\MINADOR_11.jpg,test,MINADOR_11,28,12
C:\Users\luise\OneDrive\Documentos\DECAFIA_v2\01_dataset\decafia_clean\images\val\COCO_P_A_2.jpg,val,COCO_P_A_2,C:\Users\luise\OneDrive\Documentos\DECAFIA_v2\01_dataset\decafia_clean\images\test\MINEIRO_110.jpg,test,MINEIRO_110,28,10
C:\Users\luise\OneDrive\Documentos\DECAFIA_v2\01_dataset\decafia_clean\images\val\COCO_P_A_2.jpg,val,COCO_P_A_2,C:\Users\luise\OneDrive\Documentos\DECAFIA_v2\01_dataset\decafia_clean\images\test\ROYA_FONDO_26.jpg,test,ROYA_FONDO_26,12,16
C:\Users\luise\OneDrive\Documentos\DECAFIA_v2\01_dataset\decafia_clean\images\val\COCO_P_A_77.jpg,val,COCO_P_A_77,C:\Users\luise\OneDrive\Documentos\DECAFIA_v2\01_dataset\decafia_clean\images\test\MINEIRO_32.jpg,test,MINEIRO_32,18,12
C:\Users\luise\OneDrive\Documentos\DECAFIA_v2\01_dataset\decafia_clean\images\val\COCO_P_A_9.jpg,val,COCO_P_A_9,C:\Users\luise\OneDrive\Documentos\DECAFIA_v2\01_dataset\decafia_clean\images\test\COCO_P_A_19.jpg,test,COCO_P_A_19,6,27
C:\Users\luise\OneDrive\Documentos\DECAFIA_v2\01_dataset\decafia_clean\images\val\MINADO_RECORTES_88.jpg,val,MINADO_RECORTES_88,C:\Users\luise\OneDrive\Documentos\DECAFIA_v2\01_dataset\decafia_clean\images\test\COCO_RECORTE_37.jpg,test,COCO_RECORTE_37,12,26
C:\Users\luise\OneDrive\Documentos\DECAFIA_v2\01_dataset\decafia_clean\images\val\MINADO_RECORTES_88.jpg,val,MINADO_RECORTES_88,C:\Users\luise\OneDrive\Documentos\DECAFIA_v2\01_dataset\decafia_clean\images\test\SANAS_NUEVAS_548.jpg,test,SANAS_NUEVAS_548,30,12
C:\Users\luise\OneDrive\Documentos\DECAFIA_v2\01_dataset\decafia_clean\images\val\MINADOR_13.jpg,val,MINADOR_13,C:\Users\luise\OneDrive\Documentos\DECAFIA_v2\01_dataset\decafia_clean\images\test\ROYA_FONDO_32.jpg,test,ROYA_FONDO_32,12,22
C:\Users\luise\OneDrive\Documentos\DECAFIA_v2\01_dataset\decafia_clean\images\val\MINADOR_61.jpg,val,MINADOR_61,C:\Users\luise\OneDrive\Documentos\DECAFIA_v2\01_dataset\decafia_clean\images\test\MINEIRO_130.jpg,test,MINEIRO_130,10,28
C:\Users\luise\OneDrive\Documentos\DECAFIA_v2\01_dataset\decafia_clean\images\val\MINADOR_9.jpg,val,MINADOR_9,C:\Users\luise\OneDrive\Documentos\DECAFIA_v2\01_dataset\decafia_clean\images\test\MINADOR_52.jpg,test,MINADOR_52,24,12
C:\Users\luise\OneDrive\Documentos\DECAFIA_v2\01_dataset\decafia_clean\images\val\MINEIRO_108.jpg,val,MINEIRO_108,C:\Users\luise\OneDrive\Documentos\DECAFIA_v2\01_dataset\decafia_clean\images\test\MINEIRO_169.jpg,test,MINEIRO_169,24,11
C:\Users\luise\OneDrive\Documentos\DECAFIA_v2\01_dataset\decafia_clean\images\val\MINEIRO_108.jpg,val,MINEIRO_108,C:\Users\luise\OneDrive\Documentos\DECAFIA_v2\01_dataset\decafia_clean\images\test\MINEIRO_63.jpg,test,MINEIRO_63,26,12
C:\Users\luise\OneDrive\Documentos\DECAFIA_v2\01_dataset\decafia_clean\images\val\MINEIRO_108.jpg,val,MINEIRO_108,C:\Users\luise\OneDrive\Documentos\DECAFIA_v2\01_dataset\decafia_clean\images\test\SANAS_SOCORRO_443.jpg,test,SANAS_SOCORRO_443,22,12
C:\Users\luise\OneDrive\Documentos\DECAFIA_v2\01_dataset\decafia_clean\images\val\MINEIRO_114.jpg,val,MINEIRO_114,C:\Users\luise\OneDrive\Documentos\DECAFIA_v2\01_dataset\decafia_clean\images\test\COCO_Muy_A_95.jpg,test,COCO_Muy_A_95,22,10
C:\Users\luise\OneDrive\Documentos\DECAFIA_v2\01_dataset\decafia_clean\images\val\MINEIRO_114.jpg,val,MINEIRO_114,C:\Users\luise\OneDrive\Documentos\DECAFIA_v2\01_dataset\decafia_clean\images\test\MINEIRO_140.jpg,test,MINEIRO_140,12,8
C:\Users\luise\OneDrive\Documentos\DECAFIA_v2\01_dataset\decafia_clean\images\val\MINEIRO_156.jpg,val,MINEIRO_156,C:\Users\luise\OneDrive\Documentos\DECAFIA_v2\01_dataset\decafia_clean\images\test\MINADOR_52.jpg,test,MINADOR_52,24,12
C:\Users\luise\OneDrive\Documentos\DECAFIA_v2\01_dataset\decafia_clean\images\val\MINEIRO_156.jpg,val,MINEIRO_156,C:\Users\luise\OneDrive\Documentos\DECAFIA_v2\01_dataset\decafia_clean\images\test\MINEIRO_147.jpg,test,MINEIRO_147,18,11
C:\Users\luise\OneDrive\Documentos\DECAFIA_v2\01_dataset\decafia_clean\images\val\MINEIRO_17.jpg,val,MINEIRO_17,C:\Users\luise\OneDrive\Documentos\DECAFIA_v2\01_dataset\decafia_clean\images\test\MINADOR_21.jpg,test,MINADOR_21,18,12
C:\Users\luise\OneDrive\Documentos\DECAFIA_v2\01_dataset\decafia_clean\images\val\MINEIRO_17.jpg,val,MINEIRO_17,C:\Users\luise\OneDrive\Documentos\DECAFIA_v2\01_dataset\decafia_clean\images\test\MINEIRO_174.jpg,test,MINEIRO_174,14,10
C:\Users\luise\OneDrive\Documentos\DECAFIA_v2\01_dataset\decafia_clean\images\val\MINEIRO_17.jpg,val,MINEIRO_17,C:\Users\luise\OneDrive\Documentos\DECAFIA_v2\01_dataset\decafia_clean\images\test\MINEIRO_176.jpg,test,MINEIRO_176,10,30
C:\Users\luise\OneDrive\Documentos\DECAFIA_v2\01_dataset\decafia_clean\images\val\MINEIRO_17.jpg,val,MINEIRO_17,C:\Users\luise\OneDrive\Documentos\DECAFIA_v2\01_dataset\decafia_clean\images\test\MINEIRO_42.jpg,test,MINEIRO_42,12,18
C:\Users\luise\OneDrive\Documentos\DECAFIA_v2\01_dataset\decafia_clean\images\val\MINEIRO_187.jpg,val,MINEIRO_187,C:\Users\luise\OneDrive\Documentos\DECAFIA_v2\01_dataset\decafia_clean\images\test\MINEIRO_110.jpg,test,MINEIRO_110,24,11
C:\Users\luise\OneDrive\Documentos\DECAFIA_v2\01_dataset\decafia_clean\images\val\MINEIRO_187.jpg,val,MINEIRO_187,C:\Users\luise\OneDrive\Documentos\DECAFIA_v2\01_dataset\decafia_clean\images\test\SANAS_NUEVAS_555.jpg,test,SANAS_NUEVAS_555,22,12
C:\Users\luise\OneDrive\Documentos\DECAFIA_v2\01_dataset\decafia_clean\images\val\MINEIRO_21.jpg,val,MINEIRO_21,C:\Users\luise\OneDrive\Documentos\DECAFIA_v2\01_dataset\decafia_clean\images\test\MINEIRO_147.jpg,test,MINEIRO_147,10,11
C:\Users\luise\OneDrive\Documentos\DECAFIA_v2\01_dataset\decafia_clean\images\val\MINEIRO_3.jpg,val,MINEIRO_3,C:\Users\luise\OneDrive\Documentos\DECAFIA_v2\01_dataset\decafia_clean\images\test\MINEIRO_164.jpg,test,MINEIRO_164,20,12
C:\Users\luise\OneDrive\Documentos\DECAFIA_v2\01_dataset\decafia_clean\images\val\MINEIRO_50.jpg,val,MINEIRO_50,C:\Users\luise\OneDrive\Documentos\DECAFIA_v2\01_dataset\decafia_clean\images\test\MINEIRO_174.jpg,test,MINEIRO_174,20,9
C:\Users\luise\OneDrive\Documentos\DECAFIA_v2\01_dataset\decafia_clean\images\val\MINEIRO_50.jpg,val,MINEIRO_50,C:\Users\luise\OneDrive\Documentos\DECAFIA_v2\01_dataset\decafia_clean\images\test\SANAS_NUEVAS_547.jpg,test,SANAS_NUEVAS_547,22,10
C:\Users\luise\OneDrive\Documentos\DECAFIA_v2\01_dataset\decafia_clean\images\val\MINEIRO_61.jpg,val,MINEIRO_61,C:\Users\luise\OneDrive\Documentos\DECAFIA_v2\01_dataset\decafia_clean\images\test\ROYA_FONDO_56.jpg,test,ROYA_FONDO_56,34,10
C:\Users\luise\OneDrive\Documentos\DECAFIA_v2\01_dataset\decafia_clean\images\val\MINEIRO_61.jpg,val,MINEIRO_61,C:\Users\luise\OneDrive\Documentos\DECAFIA_v2\01_dataset\decafia_clean\images\test\ROYA_FONDO_8.jpg,test,ROYA_FONDO_8,12,25
C:\Users\luise\OneDrive\Documentos\DECAFIA_v2\01_dataset\decafia_clean\images\val\MINEIRO_72.jpg,val,MINEIRO_72,C:\Users\luise\OneDrive\Documentos\DECAFIA_v2\01_dataset\decafia_clean\images\test\MINEIRO_8.jpg,test,MINEIRO_8,26,10
C:\Users\luise\OneDrive\Documentos\DECAFIA_v2\01_dataset\decafia_clean\images\val\MINEIRO_73.jpg,val,MINEIRO_73,C:\Users\luise\OneDrive\Documentos\DECAFIA_v2\01_dataset\decafia_clean\images\test\MINEIRO_164.jpg,test,MINEIRO_164,20,9
C:\Users\luise\OneDrive\Documentos\DECAFIA_v2\01_dataset\decafia_clean\images\val\MINEIRO_73.jpg,val,MINEIRO_73,C:\Users\luise\OneDrive\Documentos\DECAFIA_v2\01_dataset\decafia_clean\images\test\MINEIRO_169.jpg,test,MINEIRO_169,22,10
C:\Users\luise\OneDrive\Documentos\DECAFIA_v2\01_dataset\decafia_clean\images\val\MINEIRO_73.jpg,val,MINEIRO_73,C:\Users\luise\OneDrive\Documentos\DECAFIA_v2\01_dataset\decafia_clean\images\test\SANAS_SOCORRO_141.jpg,test,SANAS_SOCORRO_141,12,26
C:\Users\luise\OneDrive\Documentos\DECAFIA_v2\01_dataset\decafia_clean\images\val\MINEIRO_77.jpg,val,MINEIRO_77,C:\Users\luise\OneDrive\Documentos\DECAFIA_v2\01_dataset\decafia_clean\images\test\MINEIRO_169.jpg,test,MINEIRO_169,20,12
C:\Users\luise\OneDrive\Documentos\DECAFIA_v2\01_dataset\decafia_clean\images\val\MINEIRO_77.jpg,val,MINEIRO_77,C:\Users\luise\OneDrive\Documentos\DECAFIA_v2\01_dataset\decafia_clean\images\test\ROYA_FONDO_21.jpg,test,ROYA_FONDO_21,22,12
C:\Users\luise\OneDrive\Documentos\DECAFIA_v2\01_dataset\decafia_clean\images\val\MINEIRO_77.jpg,val,MINEIRO_77,C:\Users\luise\OneDrive\Documentos\DECAFIA_v2\01_dataset\decafia_clean\images\test\SANAS_NUEVAS_422.jpg,test,SANAS_NUEVAS_422,12,19
C:\Users\luise\OneDrive\Documentos\DECAFIA_v2\01_dataset\decafia_clean\images\val\MINEIRO_80.jpg,val,MINEIRO_80,C:\Users\luise\OneDrive\Documentos\DECAFIA_v2\01_dataset\decafia_clean\images\test\MINADOR_29.jpg,test,MINADOR_29,12,18
C:\Users\luise\OneDrive\Documentos\DECAFIA_v2\01_dataset\decafia_clean\images\val\MINEIRO_80.jpg,val,MINEIRO_80,C:\Users\luise\OneDrive\Documentos\DECAFIA_v2\01_dataset\decafia_clean\images\test\MINADOR_52.jpg,test,MINADOR_52,24,11
C:\Users\luise\OneDrive\Documentos\DECAFIA_v2\01_dataset\decafia_clean\images\val\MINEIRO_80.jpg,val,MINEIRO_80,C:\Users\luise\OneDrive\Documentos\DECAFIA_v2\01_dataset\decafia_clean\images\test\MINEIRO_62.jpg,test,MINEIRO_62,26,12
C:\Users\luise\OneDrive\Documentos\DECAFIA_v2\01_dataset\decafia_clean\images\val\MINEIRO_89.jpg,val,MINEIRO_89,C:\Users\luise\OneDrive\Documentos\DECAFIA_v2\01_dataset\decafia_clean\images\test\MINEIRO_147.jpg,test,MINEIRO_147,8,14
C:\Users\luise\OneDrive\Documentos\DECAFIA_v2\01_dataset\decafia_clean\images\val\MINEIRO_92.jpg,val,MINEIRO_92,C:\Users\luise\OneDrive\Documentos\DECAFIA_v2\01_dataset\decafia_clean\images\test\MINADOR_62.jpg,test,MINADOR_62,12,18
C:\Users\luise\OneDrive\Documentos\DECAFIA_v2\01_dataset\decafia_clean\images\val\MINEIRO_92.jpg,val,MINEIRO_92,C:\Users\luise\OneDrive\Documentos\DECAFIA_v2\01_dataset\decafia_clean\images\test\MINADOR_77.jpg,test,MINADOR_77,12,19
C:\Users\luise\OneDrive\Documentos\DECAFIA_v2\01_dataset\decafia_clean\images\val\MINEIRO_96.jpg,val,MINEIRO_96,C:\Users\luise\OneDrive\Documentos\DECAFIA_v2\01_dataset\decafia_clean\images\test\COCO_P_A_11.jpg,test,COCO_P_A_11,12,19
C:\Users\luise\OneDrive\Documentos\DECAFIA_v2\01_dataset\decafia_clean\images\val\MINEIRO_96.jpg,val,MINEIRO_96,C:\Users\luise\OneDrive\Documentos\DECAFIA_v2\01_dataset\decafia_clean\images\test\MINEIRO_143.jpg,test,MINEIRO_143,26,12
C:\Users\luise\OneDrive\Documentos\DECAFIA_v2\01_dataset\decafia_clean\images\val\MINEIRO_96.jpg,val,MINEIRO_96,C:\Users\luise\OneDrive\Documentos\DECAFIA_v2\01_dataset\decafia_clean\images\test\MINEIRO_32.jpg,test,MINEIRO_32,10,16
C:\Users\luise\OneDrive\Documentos\DECAFIA_v2\01_dataset\decafia_clean\images\val\MINEIRO_96.jpg,val,MINEIRO_96,C:\Users\luise\OneDrive\Documentos\DECAFIA_v2\01_dataset\decafia_clean\images\test\ROYA_FONDO_34.jpg,test,ROYA_FONDO_34,12,24
C:\Users\luise\OneDrive\Documentos\DECAFIA_v2\01_dataset\decafia_clean\images\val\ROYA_FONDO_17.jpg,val,ROYA_FONDO_17,C:\Users\luise\OneDrive\Documentos\DECAFIA_v2\01_dataset\decafia_clean\images\test\MINADOR_77.jpg,test,MINADOR_77,12,19
C:\Users\luise\OneDrive\Documentos\DECAFIA_v2\01_dataset\decafia_clean\images\val\ROYA_FONDO_17.jpg,val,ROYA_FONDO_17,C:\Users\luise\OneDrive\Documentos\DECAFIA_v2\01_dataset\decafia_clean\images\test\MINEIRO_174.jpg,test,MINEIRO_174,26,10
C:\Users\luise\OneDrive\Documentos\DECAFIA_v2\01_dataset\decafia_clean\images\val\ROYA_FONDO_27.jpg,val,ROYA_FONDO_27,C:\Users\luise\OneDrive\Documentos\DECAFIA_v2\01_dataset\decafia_clean\images\test\MINEIRO_179.jpg,test,MINEIRO_179,12,18
C:\Users\luise\OneDrive\Documentos\DECAFIA_v2\01_dataset\decafia_clean\images\val\ROYA_FONDO_35.jpg,val,ROYA_FONDO_35,C:\Users\luise\OneDrive\Documentos\DECAFIA_v2\01_dataset\decafia_clean\images\test\COCO_Muy_A_95.jpg,test,COCO_Muy_A_95,10,25
C:\Users\luise\OneDrive\Documentos\DECAFIA_v2\01_dataset\decafia_clean\images\val\ROYA_FONDO_35.jpg,val,ROYA_FONDO_35,C:\Users\luise\OneDrive\Documentos\DECAFIA_v2\01_dataset\decafia_clean\images\test\MINEIRO_147.jpg,test,MINEIRO_147,12,16
C:\Users\luise\OneDrive\Documentos\DECAFIA_v2\01_dataset\decafia_clean\images\val\ROYA_FONDO_35.jpg,val,ROYA_FONDO_35,C:\Users\luise\OneDrive\Documentos\DECAFIA_v2\01_dataset\decafia_clean\images\test\ROYA_FONDO_32.jpg,test,ROYA_FONDO_32,12,19
C:\Users\luise\OneDrive\Documentos\DECAFIA_v2\01_dataset\decafia_clean\images\val\ROYA_FONDO_39.jpg,val,ROYA_FONDO_39,C:\Users\luise\OneDrive\Documentos\DECAFIA_v2\01_dataset\decafia_clean\images\test\MINEIRO_110.jpg,test,MINEIRO_110,30,12
C:\Users\luise\OneDrive\Documentos\DECAFIA_v2\01_dataset\decafia_clean\images\val\ROYA_FONDO_39.jpg,val,ROYA_FONDO_39,C:\Users\luise\OneDrive\Documentos\DECAFIA_v2\01_dataset\decafia_clean\images\test\ROYA_FONDO_14.jpg,test,ROYA_FONDO_14,28,12
C:\Users\luise\OneDrive\Documentos\DECAFIA_v2\01_dataset\decafia_clean\images\val\ROYA_FONDO_48.jpg,val,ROYA_FONDO_48,C:\Users\luise\OneDrive\Documentos\DECAFIA_v2\01_dataset\decafia_clean\images\test\MINEIRO_9.jpg,test,MINEIRO_9,10,18
C:\Users\luise\OneDrive\Documentos\DECAFIA_v2\01_dataset\decafia_clean\images\val\ROYA_FONDO_48.jpg,val,ROYA_FONDO_48,C:\Users\luise\OneDrive\Documentos\DECAFIA_v2\01_dataset\decafia_clean\images\test\ROYA_FONDO_21.jpg,test,ROYA_FONDO_21,26,12
C:\Users\luise\OneDrive\Documentos\DECAFIA_v2\01_dataset\decafia_clean\images\val\ROYA_FONDO_48.jpg,val,ROYA_FONDO_48,C:\Users\luise\OneDrive\Documentos\DECAFIA_v2\01_dataset\decafia_clean\images\test\ROYA_FONDO_76.jpg,test,ROYA_FONDO_76,34,12
C:\Users\luise\OneDrive\Documentos\DECAFIA_v2\01_dataset\decafia_clean\images\val\ROYA_FONDO_5.jpg,val,ROYA_FONDO_5,C:\Users\luise\OneDrive\Documentos\DECAFIA_v2\01_dataset\decafia_clean\images\test\MINEIRO_179.jpg,test,MINEIRO_179,20,12
C:\Users\luise\OneDrive\Documentos\DECAFIA_v2\01_dataset\decafia_clean\images\val\ROYA_FONDO_81.jpg,val,ROYA_FONDO_81,C:\Users\luise\OneDrive\Documentos\DECAFIA_v2\01_dataset\decafia_clean\images\test\MINEIRO_169.jpg,test,MINEIRO_169,10,20
C:\Users\luise\OneDrive\Documentos\DECAFIA_v2\01_dataset\decafia_clean\images\val\ROYA_FONDO_87.jpg,val,ROYA_FONDO_87,C:\Users\luise\OneDrive\Documentos\DECAFIA_v2\01_dataset\decafia_clean\images\test\MINEIRO_8.jpg,test,MINEIRO_8,18,12
C:\Users\luise\OneDrive\Documentos\DECAFIA_v2\01_dataset\decafia_clean\images\val\ROYA_FONDO_87.jpg,val,ROYA_FONDO_87,C:\Users\luise\OneDrive\Documentos\DECAFIA_v2\01_dataset\decafia_clean\images\test\SANAS_NUEVAS_437.jpg,test,SANAS_NUEVAS_437,20,8
C:\Users\luise\OneDrive\Documentos\DECAFIA_v2\01_dataset\decafia_clean\images\val\ROYA_FONDO_87.jpg,val,ROYA_FONDO_87,C:\Users\luise\OneDrive\Documentos\DECAFIA_v2\01_dataset\decafia_clean\images\test\SANAS_NUEVAS_555.jpg,test,SANAS_NUEVAS_555,30,12
C:\Users\luise\OneDrive\Documentos\DECAFIA_v2\01_dataset\decafia_clean\images\val\SANAS_NUEVAS_370.jpg,val,SANAS_NUEVAS_370,C:\Users\luise\OneDrive\Documentos\DECAFIA_v2\01_dataset\decafia_clean\images\test\SANAS_NUEVAS_428.jpg,test,SANAS_NUEVAS_428,30,10
C:\Users\luise\OneDrive\Documentos\DECAFIA_v2\01_dataset\decafia_clean\images\val\SANAS_NUEVAS_425.jpg,val,SANAS_NUEVAS_425,C:\Users\luise\OneDrive\Documentos\DECAFIA_v2\01_dataset\decafia_clean\images\test\COCO_Muy_A_19.jpg,test,COCO_Muy_A_19,34,10
C:\Users\luise\OneDrive\Documentos\DECAFIA_v2\01_dataset\decafia_clean\images\val\SANAS_NUEVAS_427.jpg,val,SANAS_NUEVAS_427,C:\Users\luise\OneDrive\Documentos\DECAFIA_v2\01_dataset\decafia_clean\images\test\MINEIRO_143.jpg,test,MINEIRO_143,18,12
C:\Users\luise\OneDrive\Documentos\DECAFIA_v2\01_dataset\decafia_clean\images\val\SANAS_NUEVAS_427.jpg,val,SANAS_NUEVAS_427,C:\Users\luise\OneDrive\Documentos\DECAFIA_v2\01_dataset\decafia_clean\images\test\MINEIRO_176.jpg,test,MINEIRO_176,12,23
C:\Users\luise\OneDrive\Documentos\DECAFIA_v2\01_dataset\decafia_clean\images\val\SANAS_NUEVAS_427.jpg,val,SANAS_NUEVAS_427,C:\Users\luise\OneDrive\Documentos\DECAFIA_v2\01_dataset\decafia_clean\images\test\ROYA_FONDO_32.jpg,test,ROYA_FONDO_32,32,12
C:\Users\luise\OneDrive\Documentos\DECAFIA_v2\01_dataset\decafia_clean\images\val\SANAS_NUEVAS_427.jpg,val,SANAS_NUEVAS_427,C:\Users\luise\OneDrive\Documentos\DECAFIA_v2\01_dataset\decafia_clean\images\test\ROYA_FONDO_76.jpg,test,ROYA_FONDO_76,14,11
C:\Users\luise\OneDrive\Documentos\DECAFIA_v2\01_dataset\decafia_clean\images\val\SANAS_NUEVAS_427.jpg,val,SANAS_NUEVAS_427,C:\Users\luise\OneDrive\Documentos\DECAFIA_v2\01_dataset\decafia_clean\images\test\SANAS_NUEVAS_437.jpg,test,SANAS_NUEVAS_437,28,12
C:\Users\luise\OneDrive\Documentos\DECAFIA_v2\01_dataset\decafia_clean\images\val\SANAS_NUEVAS_445.jpg,val,SANAS_NUEVAS_445,C:\Users\luise\OneDrive\Documentos\DECAFIA_v2\01_dataset\decafia_clean\images\test\MINEIRO_42.jpg,test,MINEIRO_42,12,20
C:\Users\luise\OneDrive\Documentos\DECAFIA_v2\01_dataset\decafia_clean\images\val\SANAS_NUEVAS_446.jpg,val,SANAS_NUEVAS_446,C:\Users\luise\OneDrive\Documentos\DECAFIA_v2\01_dataset\decafia_clean\images\test\MINADOR_57.jpg,test,MINADOR_57,16,12
C:\Users\luise\OneDrive\Documentos\DECAFIA_v2\01_dataset\decafia_clean\images\val\SANAS_SOCORRO_11.jpg,val,SANAS_SOCORRO_11,C:\Users\luise\OneDrive\Documentos\DECAFIA_v2\01_dataset\decafia_clean\images\test\SANAS_NUEVAS_252.jpg,test,SANAS_NUEVAS_252,0,0
C:\Users\luise\OneDrive\Documentos\DECAFIA_v2\01_dataset\decafia_clean\images\val\SANAS_SOCORRO_186.jpg,val,SANAS_SOCORRO_186,C:\Users\luise\OneDrive\Documentos\DECAFIA_v2\01_dataset\decafia_clean\images\test\SANAS_NUEVAS_362.jpg,test,SANAS_NUEVAS_362,0,0
C:\Users\luise\OneDrive\Documentos\DECAFIA_v2\01_dataset\decafia_clean\images\val\SANAS_SOCORRO_282.jpg,val,SANAS_SOCORRO_282,C:\Users\luise\OneDrive\Documentos\DECAFIA_v2\01_dataset\decafia_clean\images\test\COCO_Muy_A_19.jpg,test,COCO_Muy_A_19,24,12
C:\Users\luise\OneDrive\Documentos\DECAFIA_v2\01_dataset\decafia_clean\images\val\SANAS_SOCORRO_282.jpg,val,SANAS_SOCORRO_282,C:\Users\luise\OneDrive\Documentos\DECAFIA_v2\01_dataset\decafia_clean\images\test\MINEIRO_8.jpg,test,MINEIRO_8,26,12
C:\Users\luise\OneDrive\Documentos\DECAFIA_v2\01_dataset\decafia_clean\images\val\SANAS_SOCORRO_286.jpg,val,SANAS_SOCORRO_286,C:\Users\luise\OneDrive\Documentos\DECAFIA_v2\01_dataset\decafia_clean\images\test\ROYA_FONDO_88.jpg,test,ROYA_FONDO_88,10,21
C:\Users\luise\OneDrive\Documentos\DECAFIA_v2\01_dataset\decafia_clean\images\val\SANAS_SOCORRO_419.jpg,val,SANAS_SOCORRO_419,C:\Users\luise\OneDrive\Documentos\DECAFIA_v2\01_dataset\decafia_clean\images\test\MINADOR_77.jpg,test,MINADOR_77,26,11
C:\Users\luise\OneDrive\Documentos\DECAFIA_v2\01_dataset\decafia_clean\images\val\SANAS_SOCORRO_419.jpg,val,SANAS_SOCORRO_419,C:\Users\luise\OneDrive\Documentos\DECAFIA_v2\01_dataset\decafia_clean\images\test\SANAS_NUEVAS_547.jpg,test,SANAS_NUEVAS_547,18,11
C:\Users\luise\OneDrive\Documentos\DECAFIA_v2\01_dataset\decafia_clean\images\val\SANAS_SOCORRO_492.jpg,val,SANAS_SOCORRO_492,C:\Users\luise\OneDrive\Documentos\DECAFIA_v2\01_dataset\decafia_clean\images\test\SANAS_SOCORRO_30.jpg,test,SANAS_SOCORRO_30,12,22
