stem,split,session_id,timestamp_used,session_source
COCO_M_A_1,train,unplaceable,,unplaceable
COCO_M_A_101,train,unplaceable,,unplaceable
COCO_M_A_104,train,unplaceable,,unplaceable
COCO_M_A_11,train,unplaceable,,unplaceable
COCO_M_A_12,train,unplaceable,,unplaceable
COCO_M_A_14,train,unplaceable,,unplaceable
COCO_M_A_15,train,unplaceable,,unplaceable
COCO_M_A_17,train,unplaceable,,unplaceable
COCO_M_A_18,train,unplaceable,,unplaceable
COCO_M_A_19,train,unplaceable,,unplaceable
COCO_M_A_20,train,unplaceable,,unplaceable
COCO_M_A_21,train,unplaceable,,unplaceable
COCO_M_A_23,train,unplaceable,,unplaceable
COCO_M_A_24,train,unplaceable,,unplaceable
COCO_M_A_26,train,unplaceable,,unplaceable
COCO_M_A_28,train,unplaceable,,unplaceable
COCO_M_A_29,train,unplaceable,,unplaceable
COCO_M_A_31,train,unplaceable,,unplaceable
COCO_M_A_32,train,unplaceable,,unplaceable
COCO_M_A_33,train,unplaceable,,unplaceable
COCO_M_A_38,train,unplaceable,,unplaceable
COCO_M_A_4,train,unplaceable,,unplaceable
COCO_M_A_40,train,unplaceable,,unplaceable
COCO_M_A_41,train,unplaceable,,unplaceable
COCO_M_A_42,train,unplaceable,,unplaceable
COCO_M_A_43,train,unplaceable,,unplaceable
COCO_M_A_44,train,unplaceable,,unplaceable
COCO_M_A_45,train,unplaceable,,unplaceable
COCO_M_A_46,train,unplaceable,,unplaceable
COCO_M_A_47,train,unplaceable,,unplaceable
COCO_M_A_48,train,unplaceable,,unplaceable
COCO_M_A_49,train,unplaceable,,unplaceable
COCO_M_A_50,train,unplaceable,,unplaceable
COCO_M_A_51,train,unplaceable,,unplaceable
COCO_M_A_53,train,unplaceable,,unplaceable
COCO_M_A_54,train,unplaceable,,unplaceable
COCO_M_A_55,train,unplaceable,,unplaceable
COCO_M_A_59,train,unplaceable,,unplaceable
COCO_M_A_6,train,unplaceable,,unplaceable
COCO_M_A_61,train,unplaceable,,unplaceable
COCO_M_A_62,train,unplaceable,,unplaceable
COCO_M_A_63,train,unplaceable,,unplaceable
COCO_M_A_67,train,unplaceable,,unplaceable
COCO_M_A_68,train,unplaceable,,unplaceable
COCO_M_A_69,train,unplaceable,,unplaceable
COCO_M_A_70,train,unplaceable,,unplaceable
COCO_M_A_71,train,unplaceable,,unplaceable
COCO_M_A_72,train,unplaceable,,unplaceable
COCO_M_A_73,train,unplaceable,,unplaceable
COCO_M_A_74,train,unplaceable,,unplaceable
COCO_M_A_75,train,unplaceable,,unplaceable
COCO_M_A_78,train,unplaceable,,unplaceable
COCO_M_A_79,train,unplaceable,,unplaceable
COCO_M_A_8,train,unplaceable,,unplaceable
COCO_M_A_80,train,unplaceable,,unplaceable
COCO_M_A_82,train,unplaceable,,unplaceable
COCO_M_A_83,train,unplaceable,,unplaceable
COCO_M_A_85,train,unplaceable,,unplaceable
COCO_M_A_86,train,unplaceable,,unplaceable
COCO_M_A_87,train,unplaceable,,unplaceable
COCO_M_A_88,train,unplaceable,,unplaceable
COCO_M_A_93,train,unplaceable,,unplaceable
COCO_M_A_94,train,unplaceable,,unplaceable
COCO_M_A_95,train,unplaceable,,unplaceable
COCO_M_A_97,train,unplaceable,,unplaceable
COCO_M_A_98,train,unplaceable,,unplaceable
COCO_M_A_99,train,unplaceable,,unplaceable
COCO_Muy_A_1,train,unplaceable,,unplaceable
COCO_Muy_A_100,train,unplaceable,,unplaceable
COCO_Muy_A_101,train,unplaceable,,unplaceable
COCO_Muy_A_102,train,unplaceable,,unplaceable
COCO_Muy_A_105,train,unplaceable,,unplaceable
COCO_Muy_A_106,train,unplaceable,,unplaceable
COCO_Muy_A_107,train,unplaceable,,unplaceable
COCO_Muy_A_108,train,unplaceable,,unplaceable
COCO_Muy_A_109,train,unplaceable,,unplaceable
COCO_Muy_A_11,train,unplaceable,,unplaceable
COCO_Muy_A_110,train,unplaceable,,unplaceable
COCO_Muy_A_114,train,unplaceable,,unplaceable
COCO_Muy_A_12,train,unplaceable,,unplaceable
COCO_Muy_A_13,train,unplaceable,,unplaceable
COCO_Muy_A_15,train,unplaceable,,unplaceable
COCO_Muy_A_16,train,unplaceable,,unplaceable
COCO_Muy_A_2,train,unplaceable,,unplaceable
COCO_Muy_A_20,train,unplaceable,,unplaceable
COCO_Muy_A_21,train,unplaceable,,unplaceable
COCO_Muy_A_22,train,unplaceable,,unplaceable
COCO_Muy_A_23,train,unplaceable,,unplaceable
COCO_Muy_A_24,train,unplaceable,,unplaceable
COCO_Muy_A_25,train,unplaceable,,unplaceable
COCO_Muy_A_26,train,unplaceable,,unplaceable
COCO_Muy_A_27,train,unplaceable,,unplaceable
COCO_Muy_A_3,train,unplaceable,,unplaceable
COCO_Muy_A_31,train,unplaceable,,unplaceable
COCO_Muy_A_35,train,unplaceable,,unplaceable
COCO_Muy_A_36,train,unplaceable,,unplaceable
COCO_Muy_A_43,train,unplaceable,,unplaceable
COCO_Muy_A_44,train,unplaceable,,unplaceable
COCO_Muy_A_45,train,unplaceable,,unplaceable
COCO_Muy_A_49,train,unplaceable,,unplaceable
COCO_Muy_A_5,train,unplaceable,,unplaceable
COCO_Muy_A_50,train,unplaceable,,unplaceable
COCO_Muy_A_52,train,unplaceable,,unplaceable
COCO_Muy_A_53,train,unplaceable,,unplaceable
COCO_Muy_A_56,train,unplaceable,,unplaceable
COCO_Muy_A_57,train,unplaceable,,unplaceable
COCO_Muy_A_60,train,unplaceable,,unplaceable
COCO_Muy_A_62,train,unplaceable,,unplaceable
COCO_Muy_A_64,train,unplaceable,,unplaceable
COCO_Muy_A_66,train,unplaceable,,unplaceable
COCO_Muy_A_67,train,unplaceable,,unplaceable
COCO_Muy_A_68,train,unplaceable,,unplaceable
COCO_Muy_A_69,train,unplaceable,,unplaceable
COCO_Muy_A_71,train,unplaceable,,unplaceable
COCO_Muy_A_72,train,unplaceable,,unplaceable
COCO_Muy_A_73,train,unplaceable,,unplaceable
COCO_Muy_A_74,train,unplaceable,,unplaceable
COCO_Muy_A_75,train,unplaceable,,unplaceable
COCO_Muy_A_77,train,unplaceable,,unplaceable
COCO_Muy_A_78,train,unplaceable,,unplaceable
COCO_Muy_A_8,train,unplaceable,,unplaceable
COCO_Muy_A_81,train,unplaceable,,unplaceable
COCO_Muy_A_83,train,unplaceable,,unplaceable
COCO_Muy_A_86,train,unplaceable,,unplaceable
COCO_Muy_A_87,train,unplaceable,,unplaceable
COCO_Muy_A_88,train,unplaceable,,unplaceable
COCO_Muy_A_89,train,unplaceable,,unplaceable
COCO_Muy_A_9,train,unplaceable,,unplaceable
COCO_Muy_A_91,train,unplaceable,,unplaceable
COCO_Muy_A_92,train,unplaceable,,unplaceable
COCO_Muy_A_93,train,unplaceable,,unplaceable
COCO_Muy_A_96,train,unplaceable,,unplaceable
COCO_Muy_A_99,train,unplaceable,,unplaceable
COCO_P_A_1,train,unplaceable,,unplaceable
COCO_P_A_14,train,unplaceable,,unplaceable
COCO_P_A_15,train,unplaceable,,unplaceable
COCO_P_A_16,train,unplaceable,,unplaceable
COCO_P_A_18,train,unplaceable,,unplaceable
COCO_P_A_20,train,unplaceable,,unplaceable
COCO_P_A_21,train,unplaceable,,unplaceable
COCO_P_A_22,train,unplaceable,,unplaceable
COCO_P_A_24,train,unplaceable,,unplaceable
COCO_P_A_25,train,unplaceable,,unplaceable
COCO_P_A_26,train,unplaceable,,unplaceable
COCO_P_A_27,train,unplaceable,,unplaceable
COCO_P_A_3,train,unplaceable,,unplaceable
COCO_P_A_31,train,unplaceable,,unplaceable
COCO_P_A_32,train,unplaceable,,unplaceable
COCO_P_A_34,train,unplaceable,,unplaceable
COCO_P_A_35,train,unplaceable,,unplaceable
COCO_P_A_36,train,unplaceable,,unplaceable
COCO_P_A_37,train,unplaceable,,unplaceable
COCO_P_A_40,train,unplaceable,,unplaceable
COCO_P_A_41,train,unplaceable,,unplaceable
COCO_P_A_42,train,unplaceable,,unplaceable
COCO_P_A_43,train,unplaceable,,unplaceable
COCO_P_A_44,train,unplaceable,,unplaceable
COCO_P_A_45,train,unplaceable,,unplaceable
COCO_P_A_46,train,unplaceable,,unplaceable
COCO_P_A_47,train,unplaceable,,unplaceable
COCO_P_A_50,train,unplaceable,,unplaceable
COCO_P_A_53,train,unplaceable,,unplaceable
COCO_P_A_54,train,unplaceable,,unplaceable
COCO_P_A_57,train,unplaceable,,unplaceable
COCO_P_A_58,train,unplaceable,,unplaceable
COCO_P_A_59,train,unplaceable,,unplaceable
COCO_P_A_6,train,unplaceable,,unplaceable
COCO_P_A_60,train,unplaceable,,unplaceable
COCO_P_A_61,train,unplaceable,,unplaceable
COCO_P_A_62,train,unplaceable,,unplaceable
COCO_P_A_63,train,unplaceable,,unplaceable
COCO_P_A_64,train,unplaceable,,unplaceable
COCO_P_A_65,train,unplaceable,,unplaceable
COCO_P_A_66,train,unplaceable,,unplaceable
COCO_P_A_68,train,unplaceable,,unplaceable
COCO_P_A_69,train,unplaceable,,unplaceable
COCO_P_A_7,train,unplaceable,,unplaceable
COCO_P_A_70,train,unplaceable,,unplaceable
COCO_P_A_71,train,unplaceable,,unplaceable
COCO_P_A_72,train,unplaceable,,unplaceable
COCO_P_A_73,train,unplaceable,,unplaceable
COCO_P_A_74,train,unplaceable,,unplaceable
COCO_P_A_75,train,unplaceable,,unplaceable
COCO_P_A_76,train,unplaceable,,unplaceable
COCO_P_A_8,train,unplaceable,,unplaceable
COCO_RECORTE_1,train,unplaceable,,unplaceable
COCO_RECORTE_100,train,unplaceable,,unplaceable
COCO_RECORTE_103,train,unplaceable,,unplaceable
COCO_RECORTE_104,train,unplaceable,,unplaceable
COCO_RECORTE_106,train,unplaceable,,unplaceable
COCO_RECORTE_107,train,unplaceable,,unplaceable
COCO_RECORTE_108,train,unplaceable,,unplaceable
COCO_RECORTE_109,train,unplaceable,,unplaceable
COCO_RECORTE_110,train,unplaceable,,unplaceable
COCO_RECORTE_111,train,unplaceable,,unplaceable
COCO_RECORTE_113,train,unplaceable,,unplaceable
COCO_RECORTE_114,train,unplaceable,,unplaceable
COCO_RECORTE_115,train,unplaceable,,unplaceable
COCO_RECORTE_116,train,unplaceable,,unplaceable
COCO_RECORTE_117,train,unplaceable,,unplaceable
COCO_RECORTE_119,train,unplaceable,,unplaceable
COCO_RECORTE_123,train,unplaceable,,unplaceable
COCO_RECORTE_125,train,unplaceable,,unplaceable
COCO_RECORTE_126,train,unplaceable,,unplaceable
COCO_RECORTE_128,train,unplaceable,,unplaceable
COCO_RECORTE_129,train,unplaceable,,unplaceable
COCO_RECORTE_130,train,unplaceable,,unplaceable
COCO_RECORTE_132,train,unplaceable,,unplaceable
COCO_RECORTE_135,train,unplaceable,,unplaceable
COCO_RECORTE_136,train,unplaceable,,unplaceable
COCO_RECORTE_139,train,unplaceable,,unplaceable
COCO_RECORTE_14,train,unplaceable,,unplaceable
COCO_RECORTE_141,train,unplaceable,,unplaceable
COCO_RECORTE_142,train,unplaceable,,unplaceable
COCO_RECORTE_143,train,unplaceable,,unplaceable
COCO_RECORTE_146,train,unplaceable,,unplaceable
COCO_RECORTE_147,train,unplaceable,,unplaceable
COCO_RECORTE_148,train,unplaceable,,unplaceable
COCO_RECORTE_15,train,unplaceable,,unplaceable
COCO_RECORTE_150,train,unplaceable,,unplaceable
COCO_RECORTE_151,train,unplaceable,,unplaceable
COCO_RECORTE_152,train,unplaceable,,unplaceable
COCO_RECORTE_156,train,unplaceable,,unplaceable
COCO_RECORTE_16,train,unplaceable,,unplaceable
COCO_RECORTE_17,train,unplaceable,,unplaceable
COCO_RECORTE_18,train,unplaceable,,unplaceable
COCO_RECORTE_2,train,unplaceable,,unplaceable
COCO_RECORTE_22,train,unplaceable,,unplaceable
COCO_RECORTE_23,train,unplaceable,,unplaceable
COCO_RECORTE_24,train,unplaceable,,unplaceable
COCO_RECORTE_25,train,unplaceable,,unplaceable
COCO_RECORTE_26,train,unplaceable,,unplaceable
COCO_RECORTE_28,train,unplaceable,,unplaceable
COCO_RECORTE_29,train,unplaceable,,unplaceable
COCO_RECORTE_3,train,unplaceable,,unplaceable
COCO_RECORTE_30,train,unplaceable,,unplaceable
COCO_RECORTE_31,train,unplaceable,,unplaceable
COCO_RECORTE_33,train,unplaceable,,unplaceable
COCO_RECORTE_34,train,unplaceable,,unplaceable
COCO_RECORTE_35,train,unplaceable,,unplaceable
COCO_RECORTE_36,train,unplaceable,,unplaceable
COCO_RECORTE_4,train,unplaceable,,unplaceable
COCO_RECORTE_40,train,unplaceable,,unplaceable
COCO_RECORTE_41,train,unplaceable,,unplaceable
COCO_RECORTE_43,train,unplaceable,,unplaceable
COCO_RECORTE_44,train,unplaceable,,unplaceable
COCO_RECORTE_46,train,unplaceable,,unplaceable
COCO_RECORTE_47,train,unplaceable,,unplaceable
COCO_RECORTE_48,train,unplaceable,,unplaceable
COCO_RECORTE_49,train,unplaceable,,unplaceable
COCO_RECORTE_5,train,unplaceable,,unplaceable
COCO_RECORTE_50,train,unplaceable,,unplaceable
COCO_RECORTE_51,train,unplaceable,,unplaceable
COCO_RECORTE_52,train,unplaceable,,unplaceable
COCO_RECORTE_53,train,unplaceable,,unplaceable
COCO_RECORTE_54,train,unplaceable,,unplaceable
COCO_RECORTE_55,train,unplaceable,,unplaceable
COCO_RECORTE_57,train,unplaceable,,unplaceable
COCO_RECORTE_59,train,unplaceable,,unplaceable
COCO_RECORTE_6,train,unplaceable,,unplaceable
COCO_RECORTE_60,train,unplaceable,,unplaceable
COCO_RECORTE_61,train,unplaceable,,unplaceable
COCO_RECORTE_62,train,unplaceable,,unplaceable
COCO_RECORTE_64,train,unplaceable,,unplaceable
COCO_RECORTE_65,train,unplaceable,,unplaceable
COCO_RECORTE_67,train,unplaceable,,unplaceable
COCO_RECORTE_68,train,unplaceable,,unplaceable
COCO_RECORTE_69,train,unplaceable,,unplaceable
COCO_RECORTE_7,train,unplaceable,,unplaceable
COCO_RECORTE_70,train,unplaceable,,unplaceable
COCO_RECORTE_71,train,unplaceable,,unplaceable
COCO_RECORTE_72,train,unplaceable,,unplaceable
COCO_RECORTE_73,train,unplaceable,,unplaceable
COCO_RECORTE_74,train,unplaceable,,unplaceable
COCO_RECORTE_75,train,unplaceable,,unplaceable
COCO_RECORTE_76,train,unplaceable,,unplaceable
COCO_RECORTE_77,train,unplaceable,,unplaceable
COCO_RECORTE_78,train,unplaceable,,unplaceable
COCO_RECORTE_80,train,unplaceable,,unplaceable
COCO_RECORTE_81,train,unplaceable,,unplaceable
COCO_RECORTE_83,train,unplaceable,,unplaceable
COCO_RECORTE_85,train,unplaceable,,unplaceable
COCO_RECORTE_89,train,unplaceable,,unplaceable
COCO_RECORTE_90,train,unplaceable,,unplaceable
COCO_RECORTE_92,train,unplaceable,,unplaceable
COCO_RECORTE_93,train,unplaceable,,unplaceable
COCO_RECORTE_94,train,unplaceable,,unplaceable
COCO_RECORTE_95,train,unplaceable,,unplaceable
COCO_RECORTE_96,train,unplaceable,,unplaceable
COCO_RECORTE_98,train,unplaceable,,unplaceable
MINADO_RECORTES_1,train,unplaceable,,unplaceable
MINADO_RECORTES_100,train,unplaceable,,unplaceable
MINADO_RECORTES_101,train,unplaceable,,unplaceable
MINADO_RECORTES_102,train,unplaceable,,unplaceable
MINADO_RECORTES_104,train,unplaceable,,unplaceable
MINADO_RECORTES_105,train,unplaceable,,unplaceable
MINADO_RECORTES_106,train,unplaceable,,unplaceable
MINADO_RECORTES_107,train,unplaceable,,unplaceable
MINADO_RECORTES_108,train,unplaceable,,unplaceable
MINADO_RECORTES_110,train,unplaceable,,unplaceable
MINADO_RECORTES_112,train,unplaceable,,unplaceable
MINADO_RECORTES_113,train,unplaceable,,unplaceable
MINADO_RECORTES_114,train,unplaceable,,unplaceable
MINADO_RECORTES_115,train,unplaceable,,unplaceable
MINADO_RECORTES_116,train,unplaceable,,unplaceable
MINADO_RECORTES_117,train,unplaceable,,unplaceable
MINADO_RECORTES_118,train,unplaceable,,unplaceable
MINADO_RECORTES_119,train,unplaceable,,unplaceable
MINADO_RECORTES_120,train,unplaceable,,unplaceable
MINADO_RECORTES_121,train,unplaceable,,unplaceable
MINADO_RECORTES_122,train,unplaceable,,unplaceable
MINADO_RECORTES_123,train,unplaceable,,unplaceable
MINADO_RECORTES_124,train,unplaceable,,unplaceable
MINADO_RECORTES_125,train,unplaceable,,unplaceable
MINADO_RECORTES_127,train,unplaceable,,unplaceable
MINADO_RECORTES_13,train,unplaceable,,unplaceable
MINADO_RECORTES_130,train,unplaceable,,unplaceable
MINADO_RECORTES_15,train,unplaceable,,unplaceable
MINADO_RECORTES_17,train,unplaceable,,unplaceable
MINADO_RECORTES_18,train,unplaceable,,unplaceable
MINADO_RECORTES_19,train,unplaceable,,unplaceable
MINADO_RECORTES_20,train,unplaceable,,unplaceable
MINADO_RECORTES_21,train,unplaceable,,unplaceable
MINADO_RECORTES_23,train,unplaceable,,unplaceable
MINADO_RECORTES_24,train,unplaceable,,unplaceable
MINADO_RECORTES_26,train,unplaceable,,unplaceable
MINADO_RECORTES_27,train,unplaceable,,unplaceable
MINADO_RECORTES_28,train,unplaceable,,unplaceable
MINADO_RECORTES_30,train,unplaceable,,unplaceable
MINADO_RECORTES_31,train,unplaceable,,unplaceable
MINADO_RECORTES_33,train,unplaceable,,unplaceable
MINADO_RECORTES_34,train,unplaceable,,unplaceable
MINADO_RECORTES_36,train,unplaceable,,unplaceable
MINADO_RECORTES_37,train,unplaceable,,unplaceable
MINADO_RECORTES_38,train,unplaceable,,unplaceable
MINADO_RECORTES_39,train,unplaceable,,unplaceable
MINADO_RECORTES_41,train,unplaceable,,unplaceable
MINADO_RECORTES_42,train,unplaceable,,unplaceable
MINADO_RECORTES_44,train,unplaceable,,unplaceable
MINADO_RECORTES_45,train,unplaceable,,unplaceable
MINADO_RECORTES_47,train,unplaceable,,unplaceable
MINADO_RECORTES_5,train,unplaceable,,unplaceable
MINADO_RECORTES_50,train,unplaceable,,unplaceable
MINADO_RECORTES_52,train,unplaceable,,unplaceable
MINADO_RECORTES_54,train,unplaceable,,unplaceable
MINADO_RECORTES_55,train,unplaceable,,unplaceable
MINADO_RECORTES_56,train,unplaceable,,unplaceable
MINADO_RECORTES_58,train,unplaceable,,unplaceable
MINADO_RECORTES_59,train,unplaceable,,unplaceable
MINADO_RECORTES_6,train,unplaceable,,unplaceable
MINADO_RECORTES_60,train,unplaceable,,unplaceable
MINADO_RECORTES_62,train,unplaceable,,unplaceable
MINADO_RECORTES_64,train,unplaceable,,unplaceable
MINADO_RECORTES_65,train,unplaceable,,unplaceable
MINADO_RECORTES_66,train,unplaceable,,unplaceable
MINADO_RECORTES_67,train,unplaceable,,unplaceable
MINADO_RECORTES_68,train,unplaceable,,unplaceable
MINADO_RECORTES_7,train,unplaceable,,unplaceable
MINADO_RECORTES_70,train,unplaceable,,unplaceable
MINADO_RECORTES_71,train,unplaceable,,unplaceable
MINADO_RECORTES_73,train,unplaceable,,unplaceable
MINADO_RECORTES_74,train,unplaceable,,unplaceable
MINADO_RECORTES_75,train,unplaceable,,unplaceable
MINADO_RECORTES_76,train,unplaceable,,unplaceable
MINADO_RECORTES_77,train,unplaceable,,unplaceable
MINADO_RECORTES_78,train,unplaceable,,unplaceable
MINADO_RECORTES_79,train,unplaceable,,unplaceable
MINADO_RECORTES_80,train,unplaceable,,unplaceable
MINADO_RECORTES_82,train,unplaceable,,unplaceable
MINADO_RECORTES_83,train,unplaceable,,unplaceable
MINADO_RECORTES_84,train,unplaceable,,unplaceable
MINADO_RECORTES_87,train,unplaceable,,unplaceable
MINADO_RECORTES_89,train,unplaceable,,unplaceable
MINADO_RECORTES_9,train,unplaceable,,unplaceable
MINADO_RECORTES_91,train,unplaceable,,unplaceable
MINADO_RECORTES_92,train,unplaceable,,unplaceable
MINADO_RECORTES_93,train,unplaceable,,unplaceable
MINADO_RECORTES_94,train,unplaceable,,unplaceable
MINADO_RECORTES_97,train,unplaceable,,unplaceable
MINADO_RECORTES_99,train,unplaceable,,unplaceable
MINADOR_1,train,unplaceable,,unplaceable
MINADOR_10,train,unplaceable,,unplaceable
MINADOR_14,train,unplaceable,,unplaceable
MINADOR_2,train,unplaceable,,unplaceable
MINADOR_20,train,unplaceable,,unplaceable
MINADOR_22,train,unplaceable,,unplaceable
MINADOR_23,train,unplaceable,,unplaceable
MINADOR_24,train,unplaceable,,unplaceable
MINADOR_25,train,unplaceable,,unplaceable
MINADOR_26,train,unplaceable,,unplaceable
MINADOR_27,train,unplaceable,,unplaceable
MINADOR_28,train,unplaceable,,unplaceable
MINADOR_3,train,unplaceable,,unplaceable
MINADOR_30,train,unplaceable,,unplaceable
MINADOR_31,train,unplaceable,,unplaceable
MINADOR_33,train,unplaceable,,unplaceable
MINADOR_35,train,unplaceable,,unplaceable
MINADOR_36,train,unplaceable,,unplaceable
MINADOR_37,train,unplaceable,,unplaceable
MINADOR_38,train,unplaceable,,unplaceable
MINADOR_39,train,unplaceable,,unplaceable
MINADOR_4,train,unplaceable,,unplaceable
MINADOR_40,train,unplaceable,,unplaceable
MINADOR_41,train,unplaceable,,unplaceable
MINADOR_43,train,unplaceable,,unplaceable
MINADOR_44,train,unplaceable,,unplaceable
MINADOR_45,train,unplaceable,,unplaceable
MINADOR_46,train,unplaceable,,unplaceable
MINADOR_47,train,unplaceable,,unplaceable
MINADOR_48,train,unplaceable,,unplaceable
MINADOR_49,train,unplaceable,,unplaceable
MINADOR_50,train,unplaceable,,unplaceable
MINADOR_51,train,unplaceable,,unplaceable
MINADOR_53,train,unplaceable,,unplaceable
MINADOR_55,train,unplaceable,,unplaceable
MINADOR_58,train,unplaceable,,unplaceable
MINADOR_59,train,unplaceable,,unplaceable
MINADOR_60,train,unplaceable,,unplaceable
MINADOR_63,train,unplaceable,,unplaceable
MINADOR_65,train,unplaceable,,unplaceable
MINADOR_67,train,unplaceable,,unplaceable
MINADOR_68,train,unplaceable,,unplaceable
MINADOR_69,train,unplaceable,,unplaceable
MINADOR_7,train,unplaceable,,unplaceable
MINADOR_70,train,unplaceable,,unplaceable
MINADOR_73,train,unplaceable,,unplaceable
MINADOR_74,train,unplaceable,,unplaceable
MINADOR_75,train,unplaceable,,unplaceable
MINADOR_76,train,unplaceable,,unplaceable
MINADOR_78,train,unplaceable,,unplaceable
MINADOR_79,train,unplaceable,,unplaceable
MINADOR_8,train,unplaceable,,unplaceable
MINADOR_80,train,unplaceable,,unplaceable
MINADOR_81,train,unplaceable,,unplaceable
MINADOR_82,train,unplaceable,,unplaceable
MINADOR_83,train,unplaceable,,unplaceable
MINEIRO_0,train,unplaceable,,unplaceable
MINEIRO_10,train,unplaceable,,unplaceable
MINEIRO_100,train,unplaceable,,unplaceable
MINEIRO_101,train,unplaceable,,unplaceable
MINEIRO_102,train,unplaceable,,unplaceable
MINEIRO_103,train,unplaceable,,unplaceable
MINEIRO_104,train,unplaceable,,unplaceable
MINEIRO_105,train,unplaceable,,unplaceable
MINEIRO_106,train,unplaceable,,unplaceable
MINEIRO_107,train,unplaceable,,unplaceable
MINEIRO_109,train,unplaceable,,unplaceable
MINEIRO_11,train,unplaceable,,unplaceable
MINEIRO_113,train,unplaceable,,unplaceable
MINEIRO_115,train,unplaceable,,unplaceable
MINEIRO_117,train,unplaceable,,unplaceable
MINEIRO_118,train,unplaceable,,unplaceable
MINEIRO_119,train,unplaceable,,unplaceable
MINEIRO_12,train,unplaceable,,unplaceable
MINEIRO_121,train,unplaceable,,unplaceable
MINEIRO_122,train,unplaceable,,unplaceable
MINEIRO_123,train,unplaceable,,unplaceable
MINEIRO_124,train,unplaceable,,unplaceable
MINEIRO_125,train,unplaceable,,unplaceable
MINEIRO_126,train,unplaceable,,unplaceable
MINEIRO_127,train,unplaceable,,unplaceable
MINEIRO_128,train,unplaceable,,unplaceable
MINEIRO_129,train,unplaceable,,unplaceable
MINEIRO_13,train,unplaceable,,unplaceable
MINEIRO_131,train,unplaceable,,unplaceable
MINEIRO_133,train,unplaceable,,unplaceable
MINEIRO_134,train,unplaceable,,unplaceable
MINEIRO_135,train,unplaceable,,unplaceable
MINEIRO_136,train,unplaceable,,unplaceable
MINEIRO_137,train,unplaceable,,unplaceable
MINEIRO_138,train,unplaceable,,unplaceable
MINEIRO_139,train,unplaceable,,unplaceable
MINEIRO_14,train,unplaceable,,unplaceable
MINEIRO_142,train,unplaceable,,unplaceable
MINEIRO_144,train,unplaceable,,unplaceable
MINEIRO_146,train,unplaceable,,unplaceable
MINEIRO_149,train,unplaceable,,unplaceable
MINEIRO_15,train,unplaceable,,unplaceable
MINEIRO_151,train,unplaceable,,unplaceable
MINEIRO_152,train,unplaceable,,unplaceable
MINEIRO_153,train,unplaceable,,unplaceable
MINEIRO_155,train,unplaceable,,unplaceable
MINEIRO_157,train,unplaceable,,unplaceable
MINEIRO_158,train,unplaceable,,unplaceable
MINEIRO_159,train,unplaceable,,unplaceable
MINEIRO_16,train,unplaceable,,unplaceable
MINEIRO_160,train,unplaceable,,unplaceable
MINEIRO_161,train,unplaceable,,unplaceable
MINEIRO_162,train,unplaceable,,unplaceable
MINEIRO_163,train,unplaceable,,unplaceable
MINEIRO_165,train,unplaceable,,unplaceable
MINEIRO_166,train,unplaceable,,unplaceable
MINEIRO_167,train,unplaceable,,unplaceable
MINEIRO_168,train,unplaceable,,unplaceable
MINEIRO_170,train,unplaceable,,unplaceable
MINEIRO_173,train,unplaceable,,unplaceable
MINEIRO_175,train,unplaceable,,unplaceable
MINEIRO_177,train,unplaceable,,unplaceable
MINEIRO_178,train,unplaceable,,unplaceable
MINEIRO_18,train,unplaceable,,unplaceable
MINEIRO_180,train,unplaceable,,unplaceable
MINEIRO_181,train,unplaceable,,unplaceable
MINEIRO_182,train,unplaceable,,unplaceable
MINEIRO_183,train,unplaceable,,unplaceable
MINEIRO_184,train,unplaceable,,unplaceable
MINEIRO_185,train,unplaceable,,unplaceable
MINEIRO_186,train,unplaceable,,unplaceable
MINEIRO_188,train,unplaceable,,unplaceable
MINEIRO_189,train,unplaceable,,unplaceable
MINEIRO_19,train,unplaceable,,unplaceable
MINEIRO_190,train,unplaceable,,unplaceable
MINEIRO_192,train,unplaceable,,unplaceable
MINEIRO_2,train,unplaceable,,unplaceable
MINEIRO_22,train,unplaceable,,unplaceable
MINEIRO_23,train,unplaceable,,unplaceable
MINEIRO_24,train,unplaceable,,unplaceable
MINEIRO_25,train,unplaceable,,unplaceable
MINEIRO_26,train,unplaceable,,unplaceable
MINEIRO_27,train,unplaceable,,unplaceable
MINEIRO_28,train,unplaceable,,unplaceable
MINEIRO_29,train,unplaceable,,unplaceable
MINEIRO_30,train,unplaceable,,unplaceable
MINEIRO_31,train,unplaceable,,unplaceable
MINEIRO_34,train,unplaceable,,unplaceable
MINEIRO_35,train,unplaceable,,unplaceable
MINEIRO_36,train,unplaceable,,unplaceable
MINEIRO_37,train,unplaceable,,unplaceable
MINEIRO_38,train,unplaceable,,unplaceable
MINEIRO_39,train,unplaceable,,unplaceable
MINEIRO_4,train,unplaceable,,unplaceable
MINEIRO_40,train,unplaceable,,unplaceable
MINEIRO_41,train,unplaceable,,unplaceable
MINEIRO_43,train,unplaceable,,unplaceable
MINEIRO_45,train,unplaceable,,unplaceable
MINEIRO_46,train,unplaceable,,unplaceable
MINEIRO_47,train,unplaceable,,unplaceable
MINEIRO_48,train,unplaceable,,unplaceable
MINEIRO_49,train,unplaceable,,unplaceable
MINEIRO_5,train,unplaceable,,unplaceable
MINEIRO_51,train,unplaceable,,unplaceable
MINEIRO_53,train,unplaceable,,unplaceable
MINEIRO_54,train,unplaceable,,unplaceable
MINEIRO_55,train,unplaceable,,unplaceable
MINEIRO_56,train,unplaceable,,unplaceable
MINEIRO_57,train,unplaceable,,unplaceable
MINEIRO_58,train,unplaceable,,unplaceable
MINEIRO_59,train,unplaceable,,unplaceable
MINEIRO_6,train,unplaceable,,unplaceable
MINEIRO_60,train,unplaceable,,unplaceable
MINEIRO_64,train,unplaceable,,unplaceable
MINEIRO_65,train,unplaceable,,unplaceable
MINEIRO_67,train,unplaceable,,unplaceable
MINEIRO_68,train,unplaceable,,unplaceable
MINEIRO_7,train,unplaceable,,unplaceable
MINEIRO_70,train,unplaceable,,unplaceable
MINEIRO_71,train,unplaceable,,unplaceable
MINEIRO_74,train,unplaceable,,unplaceable
MINEIRO_75,train,unplaceable,,unplaceable
MINEIRO_79,train,unplaceable,,unplaceable
MINEIRO_81,train,unplaceable,,unplaceable
MINEIRO_82,train,unplaceable,,unplaceable
MINEIRO_83,train,unplaceable,,unplaceable
MINEIRO_84,train,unplaceable,,unplaceable
MINEIRO_85,train,unplaceable,,unplaceable
MINEIRO_86,train,unplaceable,,unplaceable
MINEIRO_87,train,unplaceable,,unplaceable
MINEIRO_90,train,unplaceable,,unplaceable
MINEIRO_91,train,unplaceable,,unplaceable
MINEIRO_93,train,unplaceable,,unplaceable
MINEIRO_94,train,unplaceable,,unplaceable
MINEIRO_97,train,unplaceable,,unplaceable
MINEIRO_98,train,unplaceable,,unplaceable
MINEIRO_99,train,unplaceable,,unplaceable
ROYA_FONDO_1,train,unplaceable,,unplaceable
ROYA_FONDO_10,train,unplaceable,,unplaceable
ROYA_FONDO_11,train,unplaceable,,unplaceable
ROYA_FONDO_13,train,unplaceable,,unplaceable
ROYA_FONDO_15,train,unplaceable,,unplaceable
ROYA_FONDO_18,train,unplaceable,,unplaceable
ROYA_FONDO_19,train,unplaceable,,unplaceable
ROYA_FONDO_2,train,unplaceable,,unplaceable
ROYA_FONDO_20,train,unplaceable,,unplaceable
ROYA_FONDO_22,train,unplaceable,,unplaceable
ROYA_FONDO_23,train,unplaceable,,unplaceable
ROYA_FONDO_24,train,unplaceable,,unplaceable
ROYA_FONDO_25,train,unplaceable,,unplaceable
ROYA_FONDO_28,train,unplaceable,,unplaceable
ROYA_FONDO_29,train,unplaceable,,unplaceable
ROYA_FONDO_3,train,unplaceable,,unplaceable
ROYA_FONDO_30,train,unplaceable,,unplaceable
ROYA_FONDO_31,train,unplaceable,,unplaceable
ROYA_FONDO_33,train,unplaceable,,unplaceable
ROYA_FONDO_36,train,unplaceable,,unplaceable
ROYA_FONDO_37,train,unplaceable,,unplaceable
ROYA_FONDO_38,train,unplaceable,,unplaceable
ROYA_FONDO_41,train,unplaceable,,unplaceable
ROYA_FONDO_42,train,unplaceable,,unplaceable
ROYA_FONDO_44,train,unplaceable,,unplaceable
ROYA_FONDO_45,train,unplaceable,,unplaceable
ROYA_FONDO_46,train,unplaceable,,unplaceable
ROYA_FONDO_47,train,unplaceable,,unplaceable
ROYA_FONDO_49,train,unplaceable,,unplaceable
ROYA_FONDO_50,train,unplaceable,,unplaceable
ROYA_FONDO_51,train,unplaceable,,unplaceable
ROYA_FONDO_53,train,unplaceable,,unplaceable
ROYA_FONDO_54,train,unplaceable,,unplaceable
ROYA_FONDO_55,train,unplaceable,,unplaceable
ROYA_FONDO_57,train,unplaceable,,unplaceable
ROYA_FONDO_58,train,unplaceable,,unplaceable
ROYA_FONDO_59,train,unplaceable,,unplaceable
ROYA_FONDO_6,train,unplaceable,,unplaceable
ROYA_FONDO_60,train,unplaceable,,unplaceable
ROYA_FONDO_62,train,unplaceable,,unplaceable
ROYA_FONDO_64,train,unplaceable,,unplaceable
ROYA_FONDO_65,train,unplaceable,,unplaceable
ROYA_FONDO_66,train,unplaceable,,unplaceable
ROYA_FONDO_67,train,unplaceable,,unplaceable
ROYA_FONDO_68,train,unplaceable,,unplaceable
ROYA_FONDO_7,train,unplaceable,,unplaceable
ROYA_FONDO_71,train,unplaceable,,unplaceable
ROYA_FONDO_72,train,unplaceable,,unplaceable
ROYA_FONDO_74,train,unplaceable,,unplaceable
ROYA_FONDO_75,train,unplaceable,,unplaceable
ROYA_FONDO_77,train,unplaceable,,unplaceable
ROYA_FONDO_79,train,unplaceable,,unplaceable
ROYA_FONDO_80,train,unplaceable,,unplaceable
ROYA_FONDO_82,train,unplaceable,,unplaceable
ROYA_FONDO_83,train,unplaceable,,unplaceable
ROYA_FONDO_84,train,unplaceable,,unplaceable
ROYA_FONDO_86,train,unplaceable,,unplaceable
ROYA_FONDO_9,train,unplaceable,,unplaceable
ROYA_FONDO_90,train,unplaceable,,unplaceable
ROYA_FONDO_92,train,unplaceable,,unplaceable
ROYA_FONDO_94,train,unplaceable,,unplaceable
ROYA_MA_10,train,unplaceable,,unplaceable
ROYA_MA_12,train,unplaceable,,unplaceable
ROYA_MA_16,train,unplaceable,,unplaceable
ROYA_MA_17,train,unplaceable,,unplaceable
ROYA_MA_18,train,unplaceable,,unplaceable
ROYA_MA_19,train,unplaceable,,unplaceable
ROYA_MA_2,train,unplaceable,,unplaceable
ROYA_MA_21,train,unplaceable,,unplaceable
ROYA_MA_22,train,unplaceable,,unplaceable
ROYA_MA_23,train,unplaceable,,unplaceable
ROYA_MA_24,train,unplaceable,,unplaceable
ROYA_MA_25,train,unplaceable,,unplaceable
ROYA_MA_26,train,unplaceable,,unplaceable
ROYA_MA_27,train,unplaceable,,unplaceable
ROYA_MA_28,train,unplaceable,,unplaceable
ROYA_MA_29,train,unplaceable,,unplaceable
ROYA_MA_3,train,unplaceable,,unplaceable
ROYA_MA_30,train,unplaceable,,unplaceable
ROYA_MA_31,train,unplaceable,,unplaceable
ROYA_MA_32,train,unplaceable,,unplaceable
ROYA_MA_34,train,unplaceable,,unplaceable
ROYA_MA_35,train,unplaceable,,unplaceable
ROYA_MA_36,train,unplaceable,,unplaceable
ROYA_MA_39,train,unplaceable,,unplaceable
ROYA_MA_4,train,unplaceable,,unplaceable
ROYA_MA_42,train,unplaceable,,unplaceable
ROYA_MA_43,train,unplaceable,,unplaceable
ROYA_MA_48,train,unplaceable,,unplaceable
ROYA_MA_49,train,unplaceable,,unplaceable
ROYA_MA_5,train,unplaceable,,unplaceable
ROYA_MA_50,train,unplaceable,,unplaceable
ROYA_MA_53,train,unplaceable,,unplaceable
ROYA_MA_54,train,unplaceable,,unplaceable
ROYA_MA_55,train,unplaceable,,unplaceable
ROYA_MA_57,train,unplaceable,,unplaceable
ROYA_MA_60,train,unplaceable,,unplaceable
ROYA_MA_7,train,unplaceable,,unplaceable
ROYA_MA_8,train,unplaceable,,unplaceable
ROYA_MA_9,train,unplaceable,,unplaceable
ROYA_Muy_A_1,train,unplaceable,,unplaceable
ROYA_Muy_A_10,train,unplaceable,,unplaceable
ROYA_Muy_A_11,train,unplaceable,,unplaceable
ROYA_Muy_A_12,train,unplaceable,,unplaceable
ROYA_Muy_A_13,train,unplaceable,,unplaceable
ROYA_Muy_A_14,train,unplaceable,,unplaceable
ROYA_Muy_A_15,train,unplaceable,,unplaceable
ROYA_Muy_A_16,train,unplaceable,,unplaceable
ROYA_Muy_A_17,train,unplaceable,,unplaceable
ROYA_Muy_A_18,train,unplaceable,,unplaceable
ROYA_Muy_A_2,train,unplaceable,,unplaceable
ROYA_Muy_A_20,train,unplaceable,,unplaceable
ROYA_Muy_A_21,train,unplaceable,,unplaceable
ROYA_Muy_A_22,train,unplaceable,,unplaceable
ROYA_Muy_A_23,train,unplaceable,,unplaceable
ROYA_Muy_A_24,train,unplaceable,,unplaceable
ROYA_Muy_A_26,train,unplaceable,,unplaceable
ROYA_Muy_A_27,train,unplaceable,,unplaceable
ROYA_Muy_A_28,train,unplaceable,,unplaceable
ROYA_Muy_A_29,train,unplaceable,,unplaceable
ROYA_Muy_A_3,train,unplaceable,,unplaceable
ROYA_Muy_A_31,train,unplaceable,,unplaceable
ROYA_Muy_A_6,train,unplaceable,,unplaceable
ROYA_Muy_A_7,train,unplaceable,,unplaceable
ROYA_Muy_A_9,train,unplaceable,,unplaceable
ROYA_P_A_10,train,unplaceable,,unplaceable
ROYA_P_A_11,train,unplaceable,,unplaceable
ROYA_P_A_13,train,unplaceable,,unplaceable
ROYA_P_A_14,train,unplaceable,,unplaceable
ROYA_P_A_15,train,unplaceable,,unplaceable
ROYA_P_A_16,train,unplaceable,,unplaceable
ROYA_P_A_17,train,unplaceable,,unplaceable
ROYA_P_A_18,train,unplaceable,,unplaceable
ROYA_P_A_19,train,unplaceable,,unplaceable
ROYA_P_A_2,train,unplaceable,,unplaceable
ROYA_P_A_20,train,unplaceable,,unplaceable
ROYA_P_A_21,train,unplaceable,,unplaceable
ROYA_P_A_23,train,unplaceable,,unplaceable
ROYA_P_A_24,train,unplaceable,,unplaceable
ROYA_P_A_27,train,unplaceable,,unplaceable
ROYA_P_A_28,train,unplaceable,,unplaceable
ROYA_P_A_29,train,unplaceable,,unplaceable
ROYA_P_A_30,train,unplaceable,,unplaceable
ROYA_P_A_31,train,unplaceable,,unplaceable
ROYA_P_A_33,train,unplaceable,,unplaceable
ROYA_P_A_34,train,unplaceable,,unplaceable
ROYA_P_A_35,train,unplaceable,,unplaceable
ROYA_P_A_36,train,unplaceable,,unplaceable
ROYA_P_A_39,train,unplaceable,,unplaceable
ROYA_P_A_4,train,unplaceable,,unplaceable
ROYA_P_A_41,train,unplaceable,,unplaceable
ROYA_P_A_43,train,unplaceable,,unplaceable
ROYA_P_A_45,train,unplaceable,,unplaceable
ROYA_P_A_46,train,unplaceable,,unplaceable
ROYA_P_A_48,train,unplaceable,,unplaceable
ROYA_P_A_49,train,unplaceable,,unplaceable
ROYA_P_A_5,train,unplaceable,,unplaceable
ROYA_P_A_50,train,unplaceable,,unplaceable
ROYA_P_A_51,train,unplaceable,,unplaceable
ROYA_P_A_52,train,unplaceable,,unplaceable
ROYA_P_A_53,train,unplaceable,,unplaceable
ROYA_P_A_54,train,unplaceable,,unplaceable
ROYA_P_A_55,train,unplaceable,,unplaceable
ROYA_P_A_56,train,unplaceable,,unplaceable
ROYA_P_A_57,train,unplaceable,,unplaceable
ROYA_P_A_59,train,unplaceable,,unplaceable
ROYA_P_A_6,train,unplaceable,,unplaceable
ROYA_P_A_60,train,unplaceable,,unplaceable
ROYA_P_A_7,train,unplaceable,,unplaceable
ROYA_P_A_8,train,unplaceable,,unplaceable
ROYA_RECORTES_10,train,unplaceable,,unplaceable
ROYA_RECORTES_101,train,unplaceable,,unplaceable
ROYA_RECORTES_103,train,unplaceable,,unplaceable
ROYA_RECORTES_104,train,unplaceable,,unplaceable
ROYA_RECORTES_106,train,unplaceable,,unplaceable
ROYA_RECORTES_107,train,unplaceable,,unplaceable
ROYA_RECORTES_108,train,unplaceable,,unplaceable
ROYA_RECORTES_109,train,unplaceable,,unplaceable
ROYA_RECORTES_110,train,unplaceable,,unplaceable
ROYA_RECORTES_12,train,unplaceable,,unplaceable
ROYA_RECORTES_13,train,unplaceable,,unplaceable
ROYA_RECORTES_14,train,unplaceable,,unplaceable
ROYA_RECORTES_15,train,unplaceable,,unplaceable
ROYA_RECORTES_16,train,unplaceable,,unplaceable
ROYA_RECORTES_17,train,unplaceable,,unplaceable
ROYA_RECORTES_18,train,unplaceable,,unplaceable
ROYA_RECORTES_19,train,unplaceable,,unplaceable
ROYA_RECORTES_2,train,unplaceable,,unplaceable
ROYA_RECORTES_20,train,unplaceable,,unplaceable
ROYA_RECORTES_21,train,unplaceable,,unplaceable
ROYA_RECORTES_23,train,unplaceable,,unplaceable
ROYA_RECORTES_24,train,unplaceable,,unplaceable
ROYA_RECORTES_25,train,unplaceable,,unplaceable
ROYA_RECORTES_26,train,unplaceable,,unplaceable
ROYA_RECORTES_27,train,unplaceable,,unplaceable
ROYA_RECORTES_29,train,unplaceable,,unplaceable
ROYA_RECORTES_3,train,unplaceable,,unplaceable
ROYA_RECORTES_31,train,unplaceable,,unplaceable
ROYA_RECORTES_33,train,unplaceable,,unplaceable
ROYA_RECORTES_35,train,unplaceable,,unplaceable
ROYA_RECORTES_39,train,unplaceable,,unplaceable
ROYA_RECORTES_41,train,unplaceable,,unplaceable
ROYA_RECORTES_42,train,unplaceable,,unplaceable
ROYA_RECORTES_44,train,unplaceable,,unplaceable
ROYA_RECORTES_45,train,unplaceable,,unplaceable
ROYA_RECORTES_46,train,unplaceable,,unplaceable
ROYA_RECORTES_49,train,unplaceable,,unplaceable
ROYA_RECORTES_50,train,unplaceable,,unplaceable
ROYA_RECORTES_51,train,unplaceable,,unplaceable
ROYA_RECORTES_53,train,unplaceable,,unplaceable
ROYA_RECORTES_54,train,unplaceable,,unplaceable
ROYA_RECORTES_57,train,unplaceable,,unplaceable
ROYA_RECORTES_58,train,unplaceable,,unplaceable
ROYA_RECORTES_59,train,unplaceable,,unplaceable
ROYA_RECORTES_6,train,unplaceable,,unplaceable
ROYA_RECORTES_60,train,unplaceable,,unplaceable
ROYA_RECORTES_62,train,unplaceable,,unplaceable
ROYA_RECORTES_64,train,unplaceable,,unplaceable
ROYA_RECORTES_65,train,unplaceable,,unplaceable
ROYA_RECORTES_67,train,unplaceable,,unplaceable
ROYA_RECORTES_69,train,unplaceable,,unplaceable
ROYA_RECORTES_7,train,unplaceable,,unplaceable
ROYA_RECORTES_71,train,unplaceable,,unplaceable
ROYA_RECORTES_72,train,unplaceable,,unplaceable
ROYA_RECORTES_73,train,unplaceable,,unplaceable
ROYA_RECORTES_74,train,unplaceable,,unplaceable
ROYA_RECORTES_76,train,unplaceable,,unplaceable
ROYA_RECORTES_77,train,unplaceable,,unplaceable
ROYA_RECORTES_8,train,unplaceable,,unplaceable
ROYA_RECORTES_80,train,unplaceable,,unplaceable
ROYA_RECORTES_81,train,unplaceable,,unplaceable
ROYA_RECORTES_82,train,unplaceable,,unplaceable
ROYA_RECORTES_83,train,unplaceable,,unplaceable
ROYA_RECORTES_85,train,unplaceable,,unplaceable
ROYA_RECORTES_86,train,unplaceable,,unplaceable
ROYA_RECORTES_87,train,unplaceable,,unplaceable
ROYA_RECORTES_88,train,unplaceable,,unplaceable
ROYA_RECORTES_89,train,unplaceable,,unplaceable
ROYA_RECORTES_9,train,unplaceable,,unplaceable
ROYA_RECORTES_90,train,unplaceable,,unplaceable
ROYA_RECORTES_91,train,unplaceable,,unplaceable
ROYA_RECORTES_92,train,unplaceable,,unplaceable
ROYA_RECORTES_93,train,unplaceable,,unplaceable
ROYA_RECORTES_95,train,unplaceable,,unplaceable
ROYA_RECORTES_96,train,unplaceable,,unplaceable
ROYA_RECORTES_98,train,unplaceable,,unplaceable
ROYA_RECORTES_99,train,unplaceable,,unplaceable
SANAS_NUEVAS_1,train,unplaceable,,unplaceable
SANAS_NUEVAS_100,train,unplaceable,,unplaceable
SANAS_NUEVAS_104,train,unplaceable,,unplaceable
SANAS_NUEVAS_105,train,unplaceable,,unplaceable
SANAS_NUEVAS_106,train,unplaceable,,unplaceable
SANAS_NUEVAS_107,train,unplaceable,,unplaceable
SANAS_NUEVAS_108,train,unplaceable,,unplaceable
SANAS_NUEVAS_109,train,unplaceable,,unplaceable
SANAS_NUEVAS_11,train,unplaceable,,unplaceable
SANAS_NUEVAS_110,train,unplaceable,,unplaceable
SANAS_NUEVAS_113,train,unplaceable,,unplaceable
SANAS_NUEVAS_115,train,unplaceable,,unplaceable
SANAS_NUEVAS_116,train,unplaceable,,unplaceable
SANAS_NUEVAS_117,train,unplaceable,,unplaceable
SANAS_NUEVAS_119,train,unplaceable,,unplaceable
SANAS_NUEVAS_12,train,unplaceable,,unplaceable
SANAS_NUEVAS_123,train,unplaceable,,unplaceable
SANAS_NUEVAS_124,train,unplaceable,,unplaceable
SANAS_NUEVAS_126,train,unplaceable,,unplaceable
SANAS_NUEVAS_127,train,unplaceable,,unplaceable
SANAS_NUEVAS_129,train,unplaceable,,unplaceable
SANAS_NUEVAS_13,train,unplaceable,,unplaceable
SANAS_NUEVAS_130,train,unplaceable,,unplaceable
SANAS_NUEVAS_131,train,unplaceable,,unplaceable
SANAS_NUEVAS_132,train,unplaceable,,unplaceable
SANAS_NUEVAS_134,train,unplaceable,,unplaceable
SANAS_NUEVAS_136,train,unplaceable,,unplaceable
SANAS_NUEVAS_137,train,unplaceable,,unplaceable
SANAS_NUEVAS_138,train,unplaceable,,unplaceable
SANAS_NUEVAS_14,train,unplaceable,,unplaceable
SANAS_NUEVAS_140,train,unplaceable,,unplaceable
SANAS_NUEVAS_142,train,unplaceable,,unplaceable
SANAS_NUEVAS_143,train,unplaceable,,unplaceable
SANAS_NUEVAS_147,train,unplaceable,,unplaceable
SANAS_NUEVAS_148,train,unplaceable,,unplaceable
SANAS_NUEVAS_15,train,unplaceable,,unplaceable
SANAS_NUEVAS_150,train,unplaceable,,unplaceable
SANAS_NUEVAS_151,train,unplaceable,,unplaceable
SANAS_NUEVAS_152,train,unplaceable,,unplaceable
SANAS_NUEVAS_153,train,unplaceable,,unplaceable
SANAS_NUEVAS_154,train,unplaceable,,unplaceable
SANAS_NUEVAS_155,train,unplaceable,,unplaceable
SANAS_NUEVAS_156,train,unplaceable,,unplaceable
SANAS_NUEVAS_158,train,unplaceable,,unplaceable
SANAS_NUEVAS_161,train,unplaceable,,unplaceable
SANAS_NUEVAS_162,train,unplaceable,,unplaceable
SANAS_NUEVAS_164,train,unplaceable,,unplaceable
SANAS_NUEVAS_165,train,unplaceable,,unplaceable
SANAS_NUEVAS_166,train,unplaceable,,unplaceable
SANAS_NUEVAS_168,train,unplaceable,,unplaceable
SANAS_NUEVAS_17,train,unplaceable,,unplaceable
SANAS_NUEVAS_170,train,unplaceable,,unplaceable
SANAS_NUEVAS_171,train,unplaceable,,unplaceable
SANAS_NUEVAS_173,train,unplaceable,,unplaceable
SANAS_NUEVAS_174,train,unplaceable,,unplaceable
SANAS_NUEVAS_175,train,unplaceable,,unplaceable
SANAS_NUEVAS_176,train,unplaceable,,unplaceable
SANAS_NUEVAS_178,train,unplaceable,,unplaceable
SANAS_NUEVAS_179,train,unplaceable,,unplaceable
SANAS_NUEVAS_180,train,unplaceable,,unplaceable
SANAS_NUEVAS_181,train,unplaceable,,unplaceable
SANAS_NUEVAS_182,train,unplaceable,,unplaceable
SANAS_NUEVAS_183,train,unplaceable,,unplaceable
SANAS_NUEVAS_184,train,unplaceable,,unplaceable
SANAS_NUEVAS_185,train,unplaceable,,unplaceable
SANAS_NUEVAS_187,train,unplaceable,,unplaceable
SANAS_NUEVAS_189,train,unplaceable,,unplaceable
SANAS_NUEVAS_19,train,unplaceable,,unplaceable
SANAS_NUEVAS_190,train,unplaceable,,unplaceable
SANAS_NUEVAS_191,train,unplaceable,,unplaceable
SANAS_NUEVAS_192,train,unplaceable,,unplaceable
SANAS_NUEVAS_193,train,unplaceable,,unplaceable
SANAS_NUEVAS_195,train,unplaceable,,unplaceable
SANAS_NUEVAS_196,train,unplaceable,,unplaceable
SANAS_NUEVAS_197,train,unplaceable,,unplaceable
SANAS_NUEVAS_198,train,unplaceable,,unplaceable
SANAS_NUEVAS_199,train,unplaceable,,unplaceable
SANAS_NUEVAS_2,train,unplaceable,,unplaceable
SANAS_NUEVAS_20,train,unplaceable,,unplaceable
SANAS_NUEVAS_201,train,unplaceable,,unplaceable
SANAS_NUEVAS_202,train,unplaceable,,unplaceable
SANAS_NUEVAS_205,train,unplaceable,,unplaceable
SANAS_NUEVAS_206,train,unplaceable,,unplaceable
SANAS_NUEVAS_207,train,unplaceable,,unplaceable
SANAS_NUEVAS_209,train,unplaceable,,unplaceable
SANAS_NUEVAS_210,train,unplaceable,,unplaceable
SANAS_NUEVAS_211,train,unplaceable,,unplaceable
SANAS_NUEVAS_212,train,unplaceable,,unplaceable
SANAS_NUEVAS_214,train,unplaceable,,unplaceable
SANAS_NUEVAS_216,train,unplaceable,,unplaceable
SANAS_NUEVAS_218,train,unplaceable,,unplaceable
SANAS_NUEVAS_219,train,unplaceable,,unplaceable
SANAS_NUEVAS_22,train,unplaceable,,unplaceable
SANAS_NUEVAS_221,train,unplaceable,,unplaceable
SANAS_NUEVAS_222,train,unplaceable,,unplaceable
SANAS_NUEVAS_224,train,unplaceable,,unplaceable
SANAS_NUEVAS_225,train,unplaceable,,unplaceable
SANAS_NUEVAS_226,train,unplaceable,,unplaceable
SANAS_NUEVAS_227,train,unplaceable,,unplaceable
SANAS_NUEVAS_228,train,unplaceable,,unplaceable
SANAS_NUEVAS_229,train,unplaceable,,unplaceable
SANAS_NUEVAS_23,train,unplaceable,,unplaceable
SANAS_NUEVAS_230,train,unplaceable,,unplaceable
SANAS_NUEVAS_231,train,unplaceable,,unplaceable
SANAS_NUEVAS_232,train,unplaceable,,unplaceable
SANAS_NUEVAS_233,train,unplaceable,,unplaceable
SANAS_NUEVAS_234,train,unplaceable,,unplaceable
SANAS_NUEVAS_236,train,unplaceable,,unplaceable
SANAS_NUEVAS_237,train,unplaceable,,unplaceable
SANAS_NUEVAS_239,train,unplaceable,,unplaceable
SANAS_NUEVAS_24,train,unplaceable,,unplaceable
SANAS_NUEVAS_240,train,unplaceable,,unplaceable
SANAS_NUEVAS_242,train,unplaceable,,unplaceable
SANAS_NUEVAS_243,train,unplaceable,,unplaceable
SANAS_NUEVAS_244,train,unplaceable,,unplaceable
SANAS_NUEVAS_245,train,unplaceable,,unplaceable
SANAS_NUEVAS_246,train,unplaceable,,unplaceable
SANAS_NUEVAS_247,train,unplaceable,,unplaceable
SANAS_NUEVAS_248,train,unplaceable,,unplaceable
SANAS_NUEVAS_25,train,unplaceable,,unplaceable
SANAS_NUEVAS_251,train,unplaceable,,unplaceable
SANAS_NUEVAS_253,train,unplaceable,,unplaceable
SANAS_NUEVAS_254,train,unplaceable,,unplaceable
SANAS_NUEVAS_256,train,unplaceable,,unplaceable
SANAS_NUEVAS_258,train,unplaceable,,unplaceable
SANAS_NUEVAS_259,train,unplaceable,,unplaceable
SANAS_NUEVAS_26,train,unplaceable,,unplaceable
SANAS_NUEVAS_260,train,unplaceable,,unplaceable
SANAS_NUEVAS_262,train,unplaceable,,unplaceable
SANAS_NUEVAS_265,train,unplaceable,,unplaceable
SANAS_NUEVAS_267,train,unplaceable,,unplaceable
SANAS_NUEVAS_268,train,unplaceable,,unplaceable
SANAS_NUEVAS_27,train,unplaceable,,unplaceable
SANAS_NUEVAS_270,train,unplaceable,,unplaceable
SANAS_NUEVAS_271,train,unplaceable,,unplaceable
SANAS_NUEVAS_272,train,unplaceable,,unplaceable
SANAS_NUEVAS_274,train,unplaceable,,unplaceable
SANAS_NUEVAS_275,train,unplaceable,,unplaceable
SANAS_NUEVAS_276,train,unplaceable,,unplaceable
SANAS_NUEVAS_277,train,unplaceable,,unplaceable
SANAS_NUEVAS_280,train,unplaceable,,unplaceable
SANAS_NUEVAS_281,train,unplaceable,,unplaceable
SANAS_NUEVAS_282,train,unplaceable,,unplaceable
SANAS_NUEVAS_287,train,unplaceable,,unplaceable
SANAS_NUEVAS_288,train,unplaceable,,unplaceable
SANAS_NUEVAS_290,train,unplaceable,,unplaceable
SANAS_NUEVAS_291,train,unplaceable,,unplaceable
SANAS_NUEVAS_293,train,unplaceable,,unplaceable
SANAS_NUEVAS_294,train,unplaceable,,unplaceable
SANAS_NUEVAS_295,train,unplaceable,,unplaceable
SANAS_NUEVAS_297,train,unplaceable,,unplaceable
SANAS_NUEVAS_298,train,unplaceable,,unplaceable
SANAS_NUEVAS_3,train,unplaceable,,unplaceable
SANAS_NUEVAS_30,train,unplaceable,,unplaceable
SANAS_NUEVAS_301,train,unplaceable,,unplaceable
SANAS_NUEVAS_302,train,unplaceable,,unplaceable
SANAS_NUEVAS_303,train,unplaceable,,unplaceable
SANAS_NUEVAS_304,train,unplaceable,,unplaceable
SANAS_NUEVAS_306,train,unplaceable,,unplaceable
SANAS_NUEVAS_307,train,unplaceable,,unplaceable
SANAS_NUEVAS_309,train,unplaceable,,unplaceable
SANAS_NUEVAS_31,train,unplaceable,,unplaceable
SANAS_NUEVAS_310,train,unplaceable,,unplaceable
SANAS_NUEVAS_313,train,unplaceable,,unplaceable
SANAS_NUEVAS_314,train,unplaceable,,unplaceable
SANAS_NUEVAS_316,train,unplaceable,,unplaceable
SANAS_NUEVAS_318,train,unplaceable,,unplaceable
SANAS_NUEVAS_319,train,unplaceable,,unplaceable
SANAS_NUEVAS_32,train,unplaceable,,unplaceable
SANAS_NUEVAS_320,train,unplaceable,,unplaceable
SANAS_NUEVAS_323,train,unplaceable,,unplaceable
SANAS_NUEVAS_324,train,unplaceable,,unplaceable
SANAS_NUEVAS_325,train,unplaceable,,unplaceable
SANAS_NUEVAS_326,train,unplaceable,,unplaceable
SANAS_NUEVAS_327,train,unplaceable,,unplaceable
SANAS_NUEVAS_328,train,unplaceable,,unplaceable
SANAS_NUEVAS_329,train,unplaceable,,unplaceable
SANAS_NUEVAS_33,train,unplaceable,,unplaceable
SANAS_NUEVAS_330,train,unplaceable,,unplaceable
SANAS_NUEVAS_335,train,unplaceable,,unplaceable
SANAS_NUEVAS_336,train,unplaceable,,unplaceable
SANAS_NUEVAS_337,train,unplaceable,,unplaceable
SANAS_NUEVAS_338,train,unplaceable,,unplaceable
SANAS_NUEVAS_339,train,unplaceable,,unplaceable
SANAS_NUEVAS_340,train,unplaceable,,unplaceable
SANAS_NUEVAS_341,train,unplaceable,,unplaceable
SANAS_NUEVAS_343,train,unplaceable,,unplaceable
SANAS_NUEVAS_345,train,unplaceable,,unplaceable
SANAS_NUEVAS_346,train,unplaceable,,unplaceable
SANAS_NUEVAS_347,train,unplaceable,,unplaceable
SANAS_NUEVAS_348,train,unplaceable,,unplaceable
SANAS_NUEVAS_35,train,unplaceable,,unplaceable
SANAS_NUEVAS_351,train,unplaceable,,unplaceable
SANAS_NUEVAS_353,train,unplaceable,,unplaceable
SANAS_NUEVAS_354,train,unplaceable,,unplaceable
SANAS_NUEVAS_356,train,unplaceable,,unplaceable
SANAS_NUEVAS_357,train,unplaceable,,unplaceable
SANAS_NUEVAS_358,train,unplaceable,,unplaceable
SANAS_NUEVAS_359,train,unplaceable,,unplaceable
SANAS_NUEVAS_36,train,unplaceable,,unplaceable
SANAS_NUEVAS_360,train,unplaceable,,unplaceable
SANAS_NUEVAS_361,train,unplaceable,,unplaceable
SANAS_NUEVAS_364,train,unplaceable,,unplaceable
SANAS_NUEVAS_366,train,unplaceable,,unplaceable
SANAS_NUEVAS_367,train,unplaceable,,unplaceable
SANAS_NUEVAS_369,train,unplaceable,,unplaceable
SANAS_NUEVAS_371,train,unplaceable,,unplaceable
SANAS_NUEVAS_372,train,unplaceable,,unplaceable
SANAS_NUEVAS_376,train,unplaceable,,unplaceable
SANAS_NUEVAS_378,train,unplaceable,,unplaceable
SANAS_NUEVAS_379,train,unplaceable,,unplaceable
SANAS_NUEVAS_380,train,unplaceable,,unplaceable
SANAS_NUEVAS_381,train,unplaceable,,unplaceable
SANAS_NUEVAS_382,train,unplaceable,,unplaceable
SANAS_NUEVAS_383,train,unplaceable,,unplaceable
SANAS_NUEVAS_384,train,unplaceable,,unplaceable
SANAS_NUEVAS_386,train,unplaceable,,unplaceable
SANAS_NUEVAS_387,train,unplaceable,,unplaceable
SANAS_NUEVAS_388,train,unplaceable,,unplaceable
SANAS_NUEVAS_389,train,unplaceable,,unplaceable
SANAS_NUEVAS_39,train,unplaceable,,unplaceable
SANAS_NUEVAS_391,train,unplaceable,,unplaceable
SANAS_NUEVAS_392,train,unplaceable,,unplaceable
SANAS_NUEVAS_393,train,unplaceable,,unplaceable
SANAS_NUEVAS_394,train,unplaceable,,unplaceable
SANAS_NUEVAS_395,train,unplaceable,,unplaceable
SANAS_NUEVAS_396,train,unplaceable,,unplaceable
SANAS_NUEVAS_398,train,unplaceable,,unplaceable
SANAS_NUEVAS_399,train,unplaceable,,unplaceable
SANAS_NUEVAS_4,train,unplaceable,,unplaceable
SANAS_NUEVAS_400,train,unplaceable,,unplaceable
SANAS_NUEVAS_401,train,unplaceable,,unplaceable
SANAS_NUEVAS_402,train,unplaceable,,unplaceable
SANAS_NUEVAS_403,train,unplaceable,,unplaceable
SANAS_NUEVAS_405,train,unplaceable,,unplaceable
SANAS_NUEVAS_406,train,unplaceable,,unplaceable
SANAS_NUEVAS_407,train,unplaceable,,unplaceable
SANAS_NUEVAS_408,train,unplaceable,,unplaceable
SANAS_NUEVAS_409,train,unplaceable,,unplaceable
SANAS_NUEVAS_41,train,unplaceable,,unplaceable
SANAS_NUEVAS_410,train,unplaceable,,unplaceable
SANAS_NUEVAS_411,train,unplaceable,,unplaceable
SANAS_NUEVAS_412,train,unplaceable,,unplaceable
SANAS_NUEVAS_414,train,unplaceable,,unplaceable
SANAS_NUEVAS_415,train,unplaceable,,unplaceable
SANAS_NUEVAS_416,train,unplaceable,,unplaceable
SANAS_NUEVAS_418,train,unplaceable,,unplaceable
SANAS_NUEVAS_420,train,unplaceable,,unplaceable
SANAS_NUEVAS_424,train,unplaceable,,unplaceable
SANAS_NUEVAS_426,train,unplaceable,,unplaceable
SANAS_NUEVAS_429,train,unplaceable,,unplaceable
SANAS_NUEVAS_430,train,unplaceable,,unplaceable
SANAS_NUEVAS_431,train,unplaceable,,unplaceable
SANAS_NUEVAS_432,train,unplaceable,,unplaceable
SANAS_NUEVAS_433,train,unplaceable,,unplaceable
SANAS_NUEVAS_435,train,unplaceable,,unplaceable
SANAS_NUEVAS_436,train,unplaceable,,unplaceable
SANAS_NUEVAS_438,train,unplaceable,,unplaceable
SANAS_NUEVAS_439,train,unplaceable,,unplaceable
SANAS_NUEVAS_44,train,unplaceable,,unplaceable
SANAS_NUEVAS_441,train,unplaceable,,unplaceable
SANAS_NUEVAS_442,train,unplaceable,,unplaceable
SANAS_NUEVAS_443,train,unplaceable,,unplaceable
SANAS_NUEVAS_444,train,unplaceable,,unplaceable
SANAS_NUEVAS_448,train,unplaceable,,unplaceable
SANAS_NUEVAS_449,train,unplaceable,,unplaceable
SANAS_NUEVAS_45,train,unplaceable,,unplaceable
SANAS_NUEVAS_450,train,unplaceable,,unplaceable
SANAS_NUEVAS_453,train,unplaceable,,unplaceable
SANAS_NUEVAS_454,train,unplaceable,,unplaceable
SANAS_NUEVAS_455,train,unplaceable,,unplaceable
SANAS_NUEVAS_459,train,unplaceable,,unplaceable
SANAS_NUEVAS_46,train,unplaceable,,unplaceable
SANAS_NUEVAS_460,train,unplaceable,,unplaceable
SANAS_NUEVAS_461,train,unplaceable,,unplaceable
SANAS_NUEVAS_462,train,unplaceable,,unplaceable
SANAS_NUEVAS_463,train,unplaceable,,unplaceable
SANAS_NUEVAS_464,train,unplaceable,,unplaceable
SANAS_NUEVAS_466,train,unplaceable,,unplaceable
SANAS_NUEVAS_467,train,unplaceable,,unplaceable
SANAS_NUEVAS_468,train,unplaceable,,unplaceable
SANAS_NUEVAS_47,train,unplaceable,,unplaceable
SANAS_NUEVAS_470,train,unplaceable,,unplaceable
SANAS_NUEVAS_471,train,unplaceable,,unplaceable
SANAS_NUEVAS_473,train,unplaceable,,unplaceable
SANAS_NUEVAS_474,train,unplaceable,,unplaceable
SANAS_NUEVAS_475,train,unplaceable,,unplaceable
SANAS_NUEVAS_477,train,unplaceable,,unplaceable
SANAS_NUEVAS_478,train,unplaceable,,unplaceable
SANAS_NUEVAS_479,train,unplaceable,,unplaceable
SANAS_NUEVAS_48,train,unplaceable,,unplaceable
SANAS_NUEVAS_481,train,unplaceable,,unplaceable
SANAS_NUEVAS_483,train,unplaceable,,unplaceable
SANAS_NUEVAS_485,train,unplaceable,,unplaceable
SANAS_NUEVAS_487,train,unplaceable,,unplaceable
SANAS_NUEVAS_488,train,unplaceable,,unplaceable
SANAS_NUEVAS_490,train,unplaceable,,unplaceable
SANAS_NUEVAS_492,train,unplaceable,,unplaceable
SANAS_NUEVAS_493,train,unplaceable,,unplaceable
SANAS_NUEVAS_495,train,unplaceable,,unplaceable
SANAS_NUEVAS_497,train,unplaceable,,unplaceable
SANAS_NUEVAS_498,train,unplaceable,,unplaceable
SANAS_NUEVAS_499,train,unplaceable,,unplaceable
SANAS_NUEVAS_5,train,unplaceable,,unplaceable
SANAS_NUEVAS_500,train,unplaceable,,unplaceable
SANAS_NUEVAS_501,train,unplaceable,,unplaceable
SANAS_NUEVAS_502,train,unplaceable,,unplaceable
SANAS_NUEVAS_503,train,unplaceable,,unplaceable
SANAS_NUEVAS_504,train,unplaceable,,unplaceable
SANAS_NUEVAS_505,train,unplaceable,,unplaceable
SANAS_NUEVAS_506,train,unplaceable,,unplaceable
SANAS_NUEVAS_507,train,unplaceable,,unplaceable
SANAS_NUEVAS_508,train,unplaceable,,unplaceable
SANAS_NUEVAS_509,train,unplaceable,,unplaceable
SANAS_NUEVAS_51,train,unplaceable,,unplaceable
SANAS_NUEVAS_511,train,unplaceable,,unplaceable
SANAS_NUEVAS_512,train,unplaceable,,unplaceable
SANAS_NUEVAS_514,train,unplaceable,,unplaceable
SANAS_NUEVAS_516,train,unplaceable,,unplaceable
SANAS_NUEVAS_518,train,unplaceable,,unplaceable
SANAS_NUEVAS_519,train,unplaceable,,unplaceable
SANAS_NUEVAS_52,train,unplaceable,,unplaceable
SANAS_NUEVAS_520,train,unplaceable,,unplaceable
SANAS_NUEVAS_521,train,unplaceable,,unplaceable
SANAS_NUEVAS_522,train,unplaceable,,unplaceable
SANAS_NUEVAS_523,train,unplaceable,,unplaceable
SANAS_NUEVAS_524,train,unplaceable,,unplaceable
SANAS_NUEVAS_529,train,unplaceable,,unplaceable
SANAS_NUEVAS_53,train,unplaceable,,unplaceable
SANAS_NUEVAS_530,train,unplaceable,,unplaceable
SANAS_NUEVAS_531,train,unplaceable,,unplaceable
SANAS_NUEVAS_532,train,unplaceable,,unplaceable
SANAS_NUEVAS_536,train,unplaceable,,unplaceable
SANAS_NUEVAS_537,train,unplaceable,,unplaceable
SANAS_NUEVAS_538,train,unplaceable,,unplaceable
SANAS_NUEVAS_539,train,unplaceable,,unplaceable
SANAS_NUEVAS_540,train,unplaceable,,unplaceable
SANAS_NUEVAS_541,train,unplaceable,,unplaceable
SANAS_NUEVAS_543,train,unplaceable,,unplaceable
SANAS_NUEVAS_544,train,unplaceable,,unplaceable
SANAS_NUEVAS_545,train,unplaceable,,unplaceable
SANAS_NUEVAS_549,train,unplaceable,,unplaceable
SANAS_NUEVAS_55,train,unplaceable,,unplaceable
SANAS_NUEVAS_551,train,unplaceable,,unplaceable
SANAS_NUEVAS_553,train,unplaceable,,unplaceable
SANAS_NUEVAS_556,train,unplaceable,,unplaceable
SANAS_NUEVAS_557,train,unplaceable,,unplaceable
SANAS_NUEVAS_559,train,unplaceable,,unplaceable
SANAS_NUEVAS_56,train,unplaceable,,unplaceable
SANAS_NUEVAS_560,train,unplaceable,,unplaceable
SANAS_NUEVAS_561,train,unplaceable,,unplaceable
SANAS_NUEVAS_562,train,unplaceable,,unplaceable
SANAS_NUEVAS_563,train,unplaceable,,unplaceable
SANAS_NUEVAS_564,train,unplaceable,,unplaceable
SANAS_NUEVAS_565,train,unplaceable,,unplaceable
SANAS_NUEVAS_567,train,unplaceable,,unplaceable
SANAS_NUEVAS_568,train,unplaceable,,unplaceable
SANAS_NUEVAS_57,train,unplaceable,,unplaceable
SANAS_NUEVAS_570,train,unplaceable,,unplaceable
SANAS_NUEVAS_572,train,unplaceable,,unplaceable
SANAS_NUEVAS_573,train,unplaceable,,unplaceable
SANAS_NUEVAS_574,train,unplaceable,,unplaceable
SANAS_NUEVAS_575,train,unplaceable,,unplaceable
SANAS_NUEVAS_576,train,unplaceable,,unplaceable
SANAS_NUEVAS_577,train,unplaceable,,unplaceable
SANAS_NUEVAS_578,train,unplaceable,,unplaceable
SANAS_NUEVAS_579,train,unplaceable,,unplaceable
SANAS_NUEVAS_58,train,unplaceable,,unplaceable
SANAS_NUEVAS_580,train,unplaceable,,unplaceable
SANAS_NUEVAS_584,train,unplaceable,,unplaceable
SANAS_NUEVAS_585,train,unplaceable,,unplaceable
SANAS_NUEVAS_586,train,unplaceable,,unplaceable
SANAS_NUEVAS_587,train,unplaceable,,unplaceable
SANAS_NUEVAS_588,train,unplaceable,,unplaceable
SANAS_NUEVAS_589,train,unplaceable,,unplaceable
SANAS_NUEVAS_590,train,unplaceable,,unplaceable
SANAS_NUEVAS_594,train,unplaceable,,unplaceable
SANAS_NUEVAS_596,train,unplaceable,,unplaceable
SANAS_NUEVAS_597,train,unplaceable,,unplaceable
SANAS_NUEVAS_6,train,unplaceable,,unplaceable
SANAS_NUEVAS_60,train,unplaceable,,unplaceable
SANAS_NUEVAS_600,train,unplaceable,,unplaceable
SANAS_NUEVAS_601,train,unplaceable,,unplaceable
SANAS_NUEVAS_602,train,unplaceable,,unplaceable
SANAS_NUEVAS_603,train,unplaceable,,unplaceable
SANAS_NUEVAS_607,train,unplaceable,,unplaceable
SANAS_NUEVAS_609,train,unplaceable,,unplaceable
SANAS_NUEVAS_610,train,unplaceable,,unplaceable
SANAS_NUEVAS_611,train,unplaceable,,unplaceable
SANAS_NUEVAS_612,train,unplaceable,,unplaceable
SANAS_NUEVAS_613,train,unplaceable,,unplaceable
SANAS_NUEVAS_614,train,unplaceable,,unplaceable
SANAS_NUEVAS_615,train,unplaceable,,unplaceable
SANAS_NUEVAS_618,train,unplaceable,,unplaceable
SANAS_NUEVAS_619,train,unplaceable,,unplaceable
SANAS_NUEVAS_62,train,unplaceable,,unplaceable
SANAS_NUEVAS_64,train,unplaceable,,unplaceable
SANAS_NUEVAS_66,train,unplaceable,,unplaceable
SANAS_NUEVAS_68,train,unplaceable,,unplaceable
SANAS_NUEVAS_69,train,unplaceable,,unplaceable
SANAS_NUEVAS_7,train,unplaceable,,unplaceable
SANAS_NUEVAS_70,train,unplaceable,,unplaceable
SANAS_NUEVAS_71,train,unplaceable,,unplaceable
SANAS_NUEVAS_74,train,unplaceable,,unplaceable
SANAS_NUEVAS_75,train,unplaceable,,unplaceable
SANAS_NUEVAS_78,train,unplaceable,,unplaceable
SANAS_NUEVAS_79,train,unplaceable,,unplaceable
SANAS_NUEVAS_82,train,unplaceable,,unplaceable
SANAS_NUEVAS_83,train,unplaceable,,unplaceable
SANAS_NUEVAS_85,train,unplaceable,,unplaceable
SANAS_NUEVAS_88,train,unplaceable,,unplaceable
SANAS_NUEVAS_89,train,unplaceable,,unplaceable
SANAS_NUEVAS_9,train,unplaceable,,unplaceable
SANAS_NUEVAS_91,train,unplaceable,,unplaceable
SANAS_NUEVAS_93,train,unplaceable,,unplaceable
SANAS_NUEVAS_95,train,unplaceable,,unplaceable
SANAS_NUEVAS_96,train,unplaceable,,unplaceable
SANAS_NUEVAS_98,train,unplaceable,,unplaceable
SANAS_NUEVAS_99,train,unplaceable,,unplaceable
SANAS_SOCORRO_1,train,unplaceable,,unplaceable
SANAS_SOCORRO_10,train,unplaceable,,unplaceable
SANAS_SOCORRO_100,train,unplaceable,,unplaceable
SANAS_SOCORRO_101,train,unplaceable,,unplaceable
SANAS_SOCORRO_103,train,unplaceable,,unplaceable
SANAS_SOCORRO_104,train,unplaceable,,unplaceable
SANAS_SOCORRO_106,train,unplaceable,,unplaceable
SANAS_SOCORRO_108,train,unplaceable,,unplaceable
SANAS_SOCORRO_110,train,unplaceable,,unplaceable
SANAS_SOCORRO_112,train,unplaceable,,unplaceable
SANAS_SOCORRO_113,train,unplaceable,,unplaceable
SANAS_SOCORRO_114,train,unplaceable,,unplaceable
SANAS_SOCORRO_115,train,unplaceable,,unplaceable
SANAS_SOCORRO_116,train,unplaceable,,unplaceable
SANAS_SOCORRO_117,train,unplaceable,,unplaceable
SANAS_SOCORRO_118,train,unplaceable,,unplaceable
SANAS_SOCORRO_119,train,unplaceable,,unplaceable
SANAS_SOCORRO_12,train,unplaceable,,unplaceable
SANAS_SOCORRO_120,train,unplaceable,,unplaceable
SANAS_SOCORRO_121,train,unplaceable,,unplaceable
SANAS_SOCORRO_123,train,unplaceable,,unplaceable
SANAS_SOCORRO_125,train,unplaceable,,unplaceable
SANAS_SOCORRO_126,train,unplaceable,,unplaceable
SANAS_SOCORRO_127,train,unplaceable,,unplaceable
SANAS_SOCORRO_129,train,unplaceable,,unplaceable
SANAS_SOCORRO_131,train,unplaceable,,unplaceable
SANAS_SOCORRO_132,train,unplaceable,,unplaceable
SANAS_SOCORRO_134,train,unplaceable,,unplaceable
SANAS_SOCORRO_135,train,unplaceable,,unplaceable
SANAS_SOCORRO_136,train,unplaceable,,unplaceable
SANAS_SOCORRO_137,train,unplaceable,,unplaceable
SANAS_SOCORRO_14,train,unplaceable,,unplaceable
SANAS_SOCORRO_140,train,unplaceable,,unplaceable
SANAS_SOCORRO_143,train,unplaceable,,unplaceable
SANAS_SOCORRO_144,train,unplaceable,,unplaceable
SANAS_SOCORRO_145,train,unplaceable,,unplaceable
SANAS_SOCORRO_146,train,unplaceable,,unplaceable
SANAS_SOCORRO_147,train,unplaceable,,unplaceable
SANAS_SOCORRO_148,train,unplaceable,,unplaceable
SANAS_SOCORRO_149,train,unplaceable,,unplaceable
SANAS_SOCORRO_15,train,unplaceable,,unplaceable
SANAS_SOCORRO_150,train,unplaceable,,unplaceable
SANAS_SOCORRO_151,train,unplaceable,,unplaceable
SANAS_SOCORRO_152,train,unplaceable,,unplaceable
SANAS_SOCORRO_154,train,unplaceable,,unplaceable
SANAS_SOCORRO_155,train,unplaceable,,unplaceable
SANAS_SOCORRO_157,train,unplaceable,,unplaceable
SANAS_SOCORRO_159,train,unplaceable,,unplaceable
SANAS_SOCORRO_160,train,unplaceable,,unplaceable
SANAS_SOCORRO_161,train,unplaceable,,unplaceable
SANAS_SOCORRO_162,train,unplaceable,,unplaceable
SANAS_SOCORRO_165,train,unplaceable,,unplaceable
SANAS_SOCORRO_166,train,unplaceable,,unplaceable
SANAS_SOCORRO_168,train,unplaceable,,unplaceable
SANAS_SOCORRO_17,train,unplaceable,,unplaceable
SANAS_SOCORRO_172,train,unplaceable,,unplaceable
SANAS_SOCORRO_173,train,unplaceable,,unplaceable
SANAS_SOCORRO_176,train,unplaceable,,unplaceable
SANAS_SOCORRO_177,train,unplaceable,,unplaceable
SANAS_SOCORRO_179,train,unplaceable,,unplaceable
SANAS_SOCORRO_18,train,unplaceable,,unplaceable
SANAS_SOCORRO_180,train,unplaceable,,unplaceable
SANAS_SOCORRO_183,train,unplaceable,,unplaceable
SANAS_SOCORRO_184,train,unplaceable,,unplaceable
SANAS_SOCORRO_185,train,unplaceable,,unplaceable
SANAS_SOCORRO_187,train,unplaceable,,unplaceable
SANAS_SOCORRO_189,train,unplaceable,,unplaceable
SANAS_SOCORRO_191,train,unplaceable,,unplaceable
SANAS_SOCORRO_192,train,unplaceable,,unplaceable
SANAS_SOCORRO_194,train,unplaceable,,unplaceable
SANAS_SOCORRO_195,train,unplaceable,,unplaceable
SANAS_SOCORRO_196,train,unplaceable,,unplaceable
SANAS_SOCORRO_197,train,unplaceable,,unplaceable
SANAS_SOCORRO_198,train,unplaceable,,unplaceable
SANAS_SOCORRO_199,train,unplaceable,,unplaceable
SANAS_SOCORRO_20,train,unplaceable,,unplaceable
SANAS_SOCORRO_200,train,unplaceable,,unplaceable
SANAS_SOCORRO_201,train,unplaceable,,unplaceable
SANAS_SOCORRO_202,train,unplaceable,,unplaceable
SANAS_SOCORRO_205,train,unplaceable,,unplaceable
SANAS_SOCORRO_206,train,unplaceable,,unplaceable
SANAS_SOCORRO_208,train,unplaceable,,unplaceable
SANAS_SOCORRO_209,train,unplaceable,,unplaceable
SANAS_SOCORRO_211,train,unplaceable,,unplaceable
SANAS_SOCORRO_212,train,unplaceable,,unplaceable
SANAS_SOCORRO_213,train,unplaceable,,unplaceable
SANAS_SOCORRO_215,train,unplaceable,,unplaceable
SANAS_SOCORRO_216,train,unplaceable,,unplaceable
SANAS_SOCORRO_217,train,unplaceable,,unplaceable
SANAS_SOCORRO_219,train,unplaceable,,unplaceable
SANAS_SOCORRO_220,train,unplaceable,,unplaceable
SANAS_SOCORRO_221,train,unplaceable,,unplaceable
SANAS_SOCORRO_223,train,unplaceable,,unplaceable
SANAS_SOCORRO_224,train,unplaceable,,unplaceable
SANAS_SOCORRO_226,train,unplaceable,,unplaceable
SANAS_SOCORRO_227,train,unplaceable,,unplaceable
SANAS_SOCORRO_228,train,unplaceable,,unplaceable
SANAS_SOCORRO_229,train,unplaceable,,unplaceable
SANAS_SOCORRO_23,train,unplaceable,,unplaceable
SANAS_SOCORRO_231,train,unplaceable,,unplaceable
SANAS_SOCORRO_232,train,unplaceable,,unplaceable
SANAS_SOCORRO_233,train,unplaceable,,unplaceable
SANAS_SOCORRO_235,train,unplaceable,,unplaceable
SANAS_SOCORRO_236,train,unplaceable,,unplaceable
SANAS_SOCORRO_237,train,unplaceable,,unplaceable
SANAS_SOCORRO_239,train,unplaceable,,unplaceable
SANAS_SOCORRO_24,train,unplaceable,,unplaceable
SANAS_SOCORRO_242,train,unplaceable,,unplaceable
SANAS_SOCORRO_245,train,unplaceable,,unplaceable
SANAS_SOCORRO_246,train,unplaceable,,unplaceable
SANAS_SOCORRO_248,train,unplaceable,,unplaceable
SANAS_SOCORRO_249,train,unplaceable,,unplaceable
SANAS_SOCORRO_25,train,unplaceable,,unplaceable
SANAS_SOCORRO_250,train,unplaceable,,unplaceable
SANAS_SOCORRO_251,train,unplaceable,,unplaceable
SANAS_SOCORRO_253,train,unplaceable,,unplaceable
SANAS_SOCORRO_254,train,unplaceable,,unplaceable
SANAS_SOCORRO_255,train,unplaceable,,unplaceable
SANAS_SOCORRO_256,train,unplaceable,,unplaceable
SANAS_SOCORRO_257,train,unplaceable,,unplaceable
SANAS_SOCORRO_258,train,unplaceable,,unplaceable
SANAS_SOCORRO_259,train,unplaceable,,unplaceable
SANAS_SOCORRO_260,train,unplaceable,,unplaceable
SANAS_SOCORRO_261,train,unplaceable,,unplaceable
SANAS_SOCORRO_262,train,unplaceable,,unplaceable
SANAS_SOCORRO_263,train,unplaceable,,unplaceable
SANAS_SOCORRO_264,train,unplaceable,,unplaceable
SANAS_SOCORRO_265,train,unplaceable,,unplaceable
SANAS_SOCORRO_266,train,unplaceable,,unplaceable
SANAS_SOCORRO_267,train,unplaceable,,unplaceable
SANAS_SOCORRO_268,train,unplaceable,,unplaceable
SANAS_SOCORRO_269,train,unplaceable,,unplaceable
SANAS_SOCORRO_27,train,unplaceable,,unplaceable
SANAS_SOCORRO_270,train,unplaceable,,unplaceable
SANAS_SOCORRO_271,train,unplaceable,,unplaceable
SANAS_SOCORRO_273,train,unplaceable,,unplaceable
SANAS_SOCORRO_274,train,unplaceable,,unplaceable
SANAS_SOCORRO_275,train,unplaceable,,unplaceable
SANAS_SOCORRO_276,train,unplaceable,,unplaceable
SANAS_SOCORRO_277,train,unplaceable,,unplaceable
SANAS_SOCORRO_278,train,unplaceable,,unplaceable
SANAS_SOCORRO_279,train,unplaceable,,unplaceable
SANAS_SOCORRO_28,train,unplaceable,,unplaceable
SANAS_SOCORRO_280,train,unplaceable,,unplaceable
SANAS_SOCORRO_281,train,unplaceable,,unplaceable
SANAS_SOCORRO_285,train,unplaceable,,unplaceable
SANAS_SOCORRO_287,train,unplaceable,,unplaceable
SANAS_SOCORRO_288,train,unplaceable,,unplaceable
SANAS_SOCORRO_289,train,unplaceable,,unplaceable
SANAS_SOCORRO_29,train,unplaceable,,unplaceable
SANAS_SOCORRO_290,train,unplaceable,,unplaceable
SANAS_SOCORRO_291,train,unplaceable,,unplaceable
SANAS_SOCORRO_292,train,unplaceable,,unplaceable
SANAS_SOCORRO_293,train,unplaceable,,unplaceable
SANAS_SOCORRO_294,train,unplaceable,,unplaceable
SANAS_SOCORRO_296,train,unplaceable,,unplaceable
SANAS_SOCORRO_297,train,unplaceable,,unplaceable
SANAS_SOCORRO_299,train,unplaceable,,unplaceable
SANAS_SOCORRO_3,train,unplaceable,,unplaceable
SANAS_SOCORRO_300,train,unplaceable,,unplaceable
SANAS_SOCORRO_302,train,unplaceable,,unplaceable
SANAS_SOCORRO_303,train,unplaceable,,unplaceable
SANAS_SOCORRO_304,train,unplaceable,,unplaceable
SANAS_SOCORRO_305,train,unplaceable,,unplaceable
SANAS_SOCORRO_306,train,unplaceable,,unplaceable
SANAS_SOCORRO_307,train,unplaceable,,unplaceable
SANAS_SOCORRO_308,train,unplaceable,,unplaceable
SANAS_SOCORRO_309,train,unplaceable,,unplaceable
SANAS_SOCORRO_31,train,unplaceable,,unplaceable
SANAS_SOCORRO_310,train,unplaceable,,unplaceable
SANAS_SOCORRO_311,train,unplaceable,,unplaceable
SANAS_SOCORRO_312,train,unplaceable,,unplaceable
SANAS_SOCORRO_314,train,unplaceable,,unplaceable
SANAS_SOCORRO_317,train,unplaceable,,unplaceable
SANAS_SOCORRO_318,train,unplaceable,,unplaceable
SANAS_SOCORRO_319,train,unplaceable,,unplaceable
SANAS_SOCORRO_32,train,unplaceable,,unplaceable
SANAS_SOCORRO_320,train,unplaceable,,unplaceable
SANAS_SOCORRO_321,train,unplaceable,,unplaceable
SANAS_SOCORRO_322,train,unplaceable,,unplaceable
SANAS_SOCORRO_323,train,unplaceable,,unplaceable
SANAS_SOCORRO_325,train,unplaceable,,unplaceable
SANAS_SOCORRO_326,train,unplaceable,,unplaceable
SANAS_SOCORRO_328,train,unplaceable,,unplaceable
SANAS_SOCORRO_329,train,unplaceable,,unplaceable
SANAS_SOCORRO_33,train,unplaceable,,unplaceable
SANAS_SOCORRO_330,train,unplaceable,,unplaceable
SANAS_SOCORRO_331,train,unplaceable,,unplaceable
SANAS_SOCORRO_332,train,unplaceable,,unplaceable
SANAS_SOCORRO_333,train,unplaceable,,unplaceable
SANAS_SOCORRO_334,train,unplaceable,,unplaceable
SANAS_SOCORRO_336,train,unplaceable,,unplaceable
SANAS_SOCORRO_339,train,unplaceable,,unplaceable
SANAS_SOCORRO_34,train,unplaceable,,unplaceable
SANAS_SOCORRO_340,train,unplaceable,,unplaceable
SANAS_SOCORRO_341,train,unplaceable,,unplaceable
SANAS_SOCORRO_342,train,unplaceable,,unplaceable
SANAS_SOCORRO_343,train,unplaceable,,unplaceable
SANAS_SOCORRO_344,train,unplaceable,,unplaceable
SANAS_SOCORRO_346,train,unplaceable,,unplaceable
SANAS_SOCORRO_348,train,unplaceable,,unplaceable
SANAS_SOCORRO_349,train,unplaceable,,unplaceable
SANAS_SOCORRO_35,train,unplaceable,,unplaceable
SANAS_SOCORRO_350,train,unplaceable,,unplaceable
SANAS_SOCORRO_351,train,unplaceable,,unplaceable
SANAS_SOCORRO_352,train,unplaceable,,unplaceable
SANAS_SOCORRO_356,train,unplaceable,,unplaceable
SANAS_SOCORRO_357,train,unplaceable,,unplaceable
SANAS_SOCORRO_358,train,unplaceable,,unplaceable
SANAS_SOCORRO_359,train,unplaceable,,unplaceable
SANAS_SOCORRO_360,train,unplaceable,,unplaceable
SANAS_SOCORRO_362,train,unplaceable,,unplaceable
SANAS_SOCORRO_363,train,unplaceable,,unplaceable
SANAS_SOCORRO_364,train,unplaceable,,unplaceable
SANAS_SOCORRO_365,train,unplaceable,,unplaceable
SANAS_SOCORRO_367,train,unplaceable,,unplaceable
SANAS_SOCORRO_37,train,unplaceable,,unplaceable
SANAS_SOCORRO_370,train,unplaceable,,unplaceable
SANAS_SOCORRO_371,train,unplaceable,,unplaceable
SANAS_SOCORRO_372,train,unplaceable,,unplaceable
SANAS_SOCORRO_373,train,unplaceable,,unplaceable
SANAS_SOCORRO_376,train,unplaceable,,unplaceable
SANAS_SOCORRO_377,train,unplaceable,,unplaceable
SANAS_SOCORRO_378,train,unplaceable,,unplaceable
SANAS_SOCORRO_379,train,unplaceable,,unplaceable
SANAS_SOCORRO_38,train,unplaceable,,unplaceable
SANAS_SOCORRO_380,train,unplaceable,,unplaceable
SANAS_SOCORRO_381,train,unplaceable,,unplaceable
SANAS_SOCORRO_382,train,unplaceable,,unplaceable
SANAS_SOCORRO_384,train,unplaceable,,unplaceable
SANAS_SOCORRO_385,train,unplaceable,,unplaceable
SANAS_SOCORRO_386,train,unplaceable,,unplaceable
SANAS_SOCORRO_388,train,unplaceable,,unplaceable
SANAS_SOCORRO_39,train,unplaceable,,unplaceable
SANAS_SOCORRO_390,train,unplaceable,,unplaceable
SANAS_SOCORRO_392,train,unplaceable,,unplaceable
SANAS_SOCORRO_393,train,unplaceable,,unplaceable
SANAS_SOCORRO_394,train,unplaceable,,unplaceable
SANAS_SOCORRO_395,train,unplaceable,,unplaceable
SANAS_SOCORRO_396,train,unplaceable,,unplaceable
SANAS_SOCORRO_397,train,unplaceable,,unplaceable
SANAS_SOCORRO_398,train,unplaceable,,unplaceable
SANAS_SOCORRO_399,train,unplaceable,,unplaceable
SANAS_SOCORRO_4,train,unplaceable,,unplaceable
SANAS_SOCORRO_40,train,unplaceable,,unplaceable
SANAS_SOCORRO_400,train,unplaceable,,unplaceable
SANAS_SOCORRO_401,train,unplaceable,,unplaceable
SANAS_SOCORRO_402,train,unplaceable,,unplaceable
SANAS_SOCORRO_405,train,unplaceable,,unplaceable
SANAS_SOCORRO_407,train,unplaceable,,unplaceable
SANAS_SOCORRO_408,train,unplaceable,,unplaceable
SANAS_SOCORRO_41,train,unplaceable,,unplaceable
SANAS_SOCORRO_410,train,unplaceable,,unplaceable
SANAS_SOCORRO_411,train,unplaceable,,unplaceable
SANAS_SOCORRO_412,train,unplaceable,,unplaceable
SANAS_SOCORRO_416,train,unplaceable,,unplaceable
SANAS_SOCORRO_417,train,unplaceable,,unplaceable
SANAS_SOCORRO_420,train,unplaceable,,unplaceable
SANAS_SOCORRO_421,train,unplaceable,,unplaceable
SANAS_SOCORRO_424,train,unplaceable,,unplaceable
SANAS_SOCORRO_427,train,unplaceable,,unplaceable
SANAS_SOCORRO_428,train,unplaceable,,unplaceable
SANAS_SOCORRO_431,train,unplaceable,,unplaceable
SANAS_SOCORRO_432,train,unplaceable,,unplaceable
SANAS_SOCORRO_433,train,unplaceable,,unplaceable
SANAS_SOCORRO_434,train,unplaceable,,unplaceable
SANAS_SOCORRO_435,train,unplaceable,,unplaceable
SANAS_SOCORRO_436,train,unplaceable,,unplaceable
SANAS_SOCORRO_439,train,unplaceable,,unplaceable
SANAS_SOCORRO_44,train,unplaceable,,unplaceable
SANAS_SOCORRO_440,train,unplaceable,,unplaceable
SANAS_SOCORRO_441,train,unplaceable,,unplaceable
SANAS_SOCORRO_442,train,unplaceable,,unplaceable
SANAS_SOCORRO_444,train,unplaceable,,unplaceable
SANAS_SOCORRO_445,train,unplaceable,,unplaceable
SANAS_SOCORRO_446,train,unplaceable,,unplaceable
SANAS_SOCORRO_447,train,unplaceable,,unplaceable
SANAS_SOCORRO_449,train,unplaceable,,unplaceable
SANAS_SOCORRO_45,train,unplaceable,,unplaceable
SANAS_SOCORRO_451,train,unplaceable,,unplaceable
SANAS_SOCORRO_452,train,unplaceable,,unplaceable
SANAS_SOCORRO_453,train,unplaceable,,unplaceable
SANAS_SOCORRO_454,train,unplaceable,,unplaceable
SANAS_SOCORRO_455,train,unplaceable,,unplaceable
SANAS_SOCORRO_457,train,unplaceable,,unplaceable
SANAS_SOCORRO_458,train,unplaceable,,unplaceable
SANAS_SOCORRO_46,train,unplaceable,,unplaceable
SANAS_SOCORRO_460,train,unplaceable,,unplaceable
SANAS_SOCORRO_461,train,unplaceable,,unplaceable
SANAS_SOCORRO_463,train,unplaceable,,unplaceable
SANAS_SOCORRO_464,train,unplaceable,,unplaceable
SANAS_SOCORRO_465,train,unplaceable,,unplaceable
SANAS_SOCORRO_466,train,unplaceable,,unplaceable
SANAS_SOCORRO_467,train,unplaceable,,unplaceable
SANAS_SOCORRO_468,train,unplaceable,,unplaceable
SANAS_SOCORRO_471,train,unplaceable,,unplaceable
SANAS_SOCORRO_472,train,unplaceable,,unplaceable
SANAS_SOCORRO_473,train,unplaceable,,unplaceable
SANAS_SOCORRO_474,train,unplaceable,,unplaceable
SANAS_SOCORRO_475,train,unplaceable,,unplaceable
SANAS_SOCORRO_476,train,unplaceable,,unplaceable
SANAS_SOCORRO_478,train,unplaceable,,unplaceable
SANAS_SOCORRO_479,train,unplaceable,,unplaceable
SANAS_SOCORRO_480,train,unplaceable,,unplaceable
SANAS_SOCORRO_481,train,unplaceable,,unplaceable
SANAS_SOCORRO_482,train,unplaceable,,unplaceable
SANAS_SOCORRO_484,train,unplaceable,,unplaceable
SANAS_SOCORRO_485,train,unplaceable,,unplaceable
SANAS_SOCORRO_486,train,unplaceable,,unplaceable
SANAS_SOCORRO_487,train,unplaceable,,unplaceable
SANAS_SOCORRO_488,train,unplaceable,,unplaceable
SANAS_SOCORRO_489,train,unplaceable,,unplaceable
SANAS_SOCORRO_49,train,unplaceable,,unplaceable
SANAS_SOCORRO_490,train,unplaceable,,unplaceable
SANAS_SOCORRO_491,train,unplaceable,,unplaceable
SANAS_SOCORRO_493,train,unplaceable,,unplaceable
SANAS_SOCORRO_494,train,unplaceable,,unplaceable
SANAS_SOCORRO_495,train,unplaceable,,unplaceable
SANAS_SOCORRO_497,train,unplaceable,,unplaceable
SANAS_SOCORRO_498,train,unplaceable,,unplaceable
SANAS_SOCORRO_499,train,unplaceable,,unplaceable
SANAS_SOCORRO_5,train,unplaceable,,unplaceable
SANAS_SOCORRO_50,train,unplaceable,,unplaceable
SANAS_SOCORRO_501,train,unplaceable,,unplaceable
SANAS_SOCORRO_503,train,unplaceable,,unplaceable
SANAS_SOCORRO_504,train,unplaceable,,unplaceable
SANAS_SOCORRO_505,train,unplaceable,,unplaceable
SANAS_SOCORRO_507,train,unplaceable,,unplaceable
SANAS_SOCORRO_508,train,unplaceable,,unplaceable
SANAS_SOCORRO_509,train,unplaceable,,unplaceable
SANAS_SOCORRO_51,train,unplaceable,,unplaceable
SANAS_SOCORRO_511,train,unplaceable,,unplaceable
SANAS_SOCORRO_512,train,unplaceable,,unplaceable
SANAS_SOCORRO_513,train,unplaceable,,unplaceable
SANAS_SOCORRO_514,train,unplaceable,,unplaceable
SANAS_SOCORRO_515,train,unplaceable,,unplaceable
SANAS_SOCORRO_517,train,unplaceable,,unplaceable
SANAS_SOCORRO_518,train,unplaceable,,unplaceable
SANAS_SOCORRO_52,train,unplaceable,,unplaceable
SANAS_SOCORRO_54,train,unplaceable,,unplaceable
SANAS_SOCORRO_55,train,unplaceable,,unplaceable
SANAS_SOCORRO_56,train,unplaceable,,unplaceable
SANAS_SOCORRO_57,train,unplaceable,,unplaceable
SANAS_SOCORRO_58,train,unplaceable,,unplaceable
SANAS_SOCORRO_61,train,unplaceable,,unplaceable
SANAS_SOCORRO_63,train,unplaceable,,unplaceable
SANAS_SOCORRO_64,train,unplaceable,,unplaceable
SANAS_SOCORRO_65,train,unplaceable,,unplaceable
SANAS_SOCORRO_66,train,unplaceable,,unplaceable
SANAS_SOCORRO_67,train,unplaceable,,unplaceable
SANAS_SOCORRO_69,train,unplaceable,,unplaceable
SANAS_SOCORRO_7,train,unplaceable,,unplaceable
SANAS_SOCORRO_70,train,unplaceable,,unplaceable
SANAS_SOCORRO_71,train,unplaceable,,unplaceable
SANAS_SOCORRO_72,train,unplaceable,,unplaceable
SANAS_SOCORRO_75,train,unplaceable,,unplaceable
SANAS_SOCORRO_76,train,unplaceable,,unplaceable
SANAS_SOCORRO_77,train,unplaceable,,unplaceable
SANAS_SOCORRO_78,train,unplaceable,,unplaceable
SANAS_SOCORRO_79,train,unplaceable,,unplaceable
SANAS_SOCORRO_80,train,unplaceable,,unplaceable
SANAS_SOCORRO_81,train,unplaceable,,unplaceable
SANAS_SOCORRO_82,train,unplaceable,,unplaceable
SANAS_SOCORRO_83,train,unplaceable,,unplaceable
SANAS_SOCORRO_84,train,unplaceable,,unplaceable
SANAS_SOCORRO_85,train,unplaceable,,unplaceable
SANAS_SOCORRO_86,train,unplaceable,,unplaceable
SANAS_SOCORRO_87,train,unplaceable,,unplaceable
SANAS_SOCORRO_88,train,unplaceable,,unplaceable
SANAS_SOCORRO_89,train,unplaceable,,unplaceable
SANAS_SOCORRO_9,train,unplaceable,,unplaceable
SANAS_SOCORRO_91,train,unplaceable,,unplaceable
SANAS_SOCORRO_92,train,unplaceable,,unplaceable
SANAS_SOCORRO_94,train,unplaceable,,unplaceable
SANAS_SOCORRO_95,train,unplaceable,,unplaceable
SANAS_SOCORRO_96,train,unplaceable,,unplaceable
SANAS_SOCORRO_97,train,unplaceable,,unplaceable
SANAS_SOCORRO_98,train,unplaceable,,unplaceable
SANAS_SOCORRO_99,train,unplaceable,,unplaceable
COCO_M_A_10,val,unplaceable,,unplaceable
COCO_M_A_103,val,unplaceable,,unplaceable
COCO_M_A_13,val,unplaceable,,unplaceable
COCO_M_A_30,val,unplaceable,,unplaceable
COCO_M_A_5,val,unplaceable,,unplaceable
COCO_M_A_56,val,unplaceable,,unplaceable
COCO_M_A_64,val,unplaceable,,unplaceable
COCO_M_A_65,val,unplaceable,,unplaceable
COCO_M_A_7,val,unplaceable,,unplaceable
COCO_M_A_84,val,unplaceable,,unplaceable
COCO_M_A_9,val,unplaceable,,unplaceable
COCO_M_A_91,val,unplaceable,,unplaceable
COCO_Muy_A_10,val,unplaceable,,unplaceable
COCO_Muy_A_103,val,unplaceable,,unplaceable
COCO_Muy_A_104,val,unplaceable,,unplaceable
COCO_Muy_A_112,val,unplaceable,,unplaceable
COCO_Muy_A_14,val,unplaceable,,unplaceable
COCO_Muy_A_58,val,unplaceable,,unplaceable
COCO_Muy_A_59,val,unplaceable,,unplaceable
COCO_Muy_A_65,val,unplaceable,,unplaceable
COCO_Muy_A_76,val,unplaceable,,unplaceable
COCO_Muy_A_85,val,unplaceable,,unplaceable
COCO_Muy_A_94,val,unplaceable,,unplaceable
COCO_Muy_A_98,val,unplaceable,,unplaceable
COCO_P_A_2,val,unplaceable,,unplaceable
COCO_P_A_23,val,unplaceable,,unplaceable
COCO_P_A_28,val,unplaceable,,unplaceable
COCO_P_A_29,val,unplaceable,,unplaceable
COCO_P_A_38,val,unplaceable,,unplaceable
COCO_P_A_4,val,unplaceable,,unplaceable
COCO_P_A_49,val,unplaceable,,unplaceable
COCO_P_A_5,val,unplaceable,,unplaceable
COCO_P_A_55,val,unplaceable,,unplaceable
COCO_P_A_77,val,unplaceable,,unplaceable
COCO_P_A_9,val,unplaceable,,unplaceable
COCO_RECORTE_10,val,unplaceable,,unplaceable
COCO_RECORTE_101,val,unplaceable,,unplaceable
COCO_RECORTE_102,val,unplaceable,,unplaceable
COCO_RECORTE_105,val,unplaceable,,unplaceable
COCO_RECORTE_11,val,unplaceable,,unplaceable
COCO_RECORTE_12,val,unplaceable,,unplaceable
COCO_RECORTE_127,val,unplaceable,,unplaceable
COCO_RECORTE_133,val,unplaceable,,unplaceable
COCO_RECORTE_134,val,unplaceable,,unplaceable
COCO_RECORTE_138,val,unplaceable,,unplaceable
COCO_RECORTE_149,val,unplaceable,,unplaceable
COCO_RECORTE_153,val,unplaceable,,unplaceable
COCO_RECORTE_155,val,unplaceable,,unplaceable
COCO_RECORTE_20,val,unplaceable,,unplaceable
COCO_RECORTE_32,val,unplaceable,,unplaceable
COCO_RECORTE_38,val,unplaceable,,unplaceable
COCO_RECORTE_39,val,unplaceable,,unplaceable
COCO_RECORTE_42,val,unplaceable,,unplaceable
COCO_RECORTE_63,val,unplaceable,,unplaceable
COCO_RECORTE_66,val,unplaceable,,unplaceable
COCO_RECORTE_79,val,unplaceable,,unplaceable
COCO_RECORTE_82,val,unplaceable,,unplaceable
COCO_RECORTE_84,val,unplaceable,,unplaceable
COCO_RECORTE_87,val,unplaceable,,unplaceable
COCO_RECORTE_88,val,unplaceable,,unplaceable
COCO_RECORTE_91,val,unplaceable,,unplaceable
COCO_RECORTE_97,val,unplaceable,,unplaceable
COCO_RECORTE_99,val,unplaceable,,unplaceable
MINADO_RECORTES_10,val,unplaceable,,unplaceable
MINADO_RECORTES_103,val,unplaceable,,unplaceable
MINADO_RECORTES_109,val,unplaceable,,unplaceable
MINADO_RECORTES_11,val,unplaceable,,unplaceable
MINADO_RECORTES_129,val,unplaceable,,unplaceable
MINADO_RECORTES_132,val,unplaceable,,unplaceable
MINADO_RECORTES_16,val,unplaceable,,unplaceable
MINADO_RECORTES_2,val,unplaceable,,unplaceable
MINADO_RECORTES_29,val,unplaceable,,unplaceable
MINADO_RECORTES_32,val,unplaceable,,unplaceable
MINADO_RECORTES_35,val,unplaceable,,unplaceable
MINADO_RECORTES_4,val,unplaceable,,unplaceable
MINADO_RECORTES_43,val,unplaceable,,unplaceable
MINADO_RECORTES_46,val,unplaceable,,unplaceable
MINADO_RECORTES_49,val,unplaceable,,unplaceable
MINADO_RECORTES_51,val,unplaceable,,unplaceable
MINADO_RECORTES_57,val,unplaceable,,unplaceable
MINADO_RECORTES_63,val,unplaceable,,unplaceable
MINADO_RECORTES_72,val,unplaceable,,unplaceable
MINADO_RECORTES_8,val,unplaceable,,unplaceable
MINADO_RECORTES_81,val,unplaceable,,unplaceable
MINADO_RECORTES_85,val,unplaceable,,unplaceable
MINADO_RECORTES_86,val,unplaceable,,unplaceable
MINADO_RECORTES_88,val,unplaceable,,unplaceable
MINADO_RECORTES_98,val,unplaceable,,unplaceable
MINADOR_12,val,unplaceable,,unplaceable
MINADOR_13,val,unplaceable,,unplaceable
MINADOR_18,val,unplaceable,,unplaceable
MINADOR_32,val,unplaceable,,unplaceable
MINADOR_56,val,unplaceable,,unplaceable
MINADOR_61,val,unplaceable,,unplaceable
MINADOR_64,val,unplaceable,,unplaceable
MINADOR_66,val,unplaceable,,unplaceable
MINADOR_72,val,unplaceable,,unplaceable
MINADOR_9,val,unplaceable,,unplaceable
MINEIRO_108,val,unplaceable,,unplaceable
MINEIRO_114,val,unplaceable,,unplaceable
MINEIRO_116,val,unplaceable,,unplaceable
MINEIRO_141,val,unplaceable,,unplaceable
MINEIRO_145,val,unplaceable,,unplaceable
MINEIRO_156,val,unplaceable,,unplaceable
MINEIRO_17,val,unplaceable,,unplaceable
MINEIRO_171,val,unplaceable,,unplaceable
MINEIRO_172,val,unplaceable,,unplaceable
MINEIRO_187,val,unplaceable,,unplaceable
MINEIRO_21,val,unplaceable,,unplaceable
MINEIRO_3,val,unplaceable,,unplaceable
MINEIRO_44,val,unplaceable,,unplaceable
MINEIRO_50,val,unplaceable,,unplaceable
MINEIRO_52,val,unplaceable,,unplaceable
MINEIRO_61,val,unplaceable,,unplaceable
MINEIRO_72,val,unplaceable,,unplaceable
MINEIRO_73,val,unplaceable,,unplaceable
MINEIRO_77,val,unplaceable,,unplaceable
MINEIRO_78,val,unplaceable,,unplaceable
MINEIRO_80,val,unplaceable,,unplaceable
MINEIRO_88,val,unplaceable,,unplaceable
MINEIRO_89,val,unplaceable,,unplaceable
MINEIRO_92,val,unplaceable,,unplaceable
MINEIRO_95,val,unplaceable,,unplaceable
MINEIRO_96,val,unplaceable,,unplaceable
ROYA_FONDO_17,val,unplaceable,,unplaceable
ROYA_FONDO_27,val,unplaceable,,unplaceable
ROYA_FONDO_35,val,unplaceable,,unplaceable
ROYA_FONDO_39,val,unplaceable,,unplaceable
ROYA_FONDO_4,val,unplaceable,,unplaceable
ROYA_FONDO_40,val,unplaceable,,unplaceable
ROYA_FONDO_43,val,unplaceable,,unplaceable
ROYA_FONDO_48,val,unplaceable,,unplaceable
ROYA_FONDO_5,val,unplaceable,,unplaceable
ROYA_FONDO_69,val,unplaceable,,unplaceable
ROYA_FONDO_70,val,unplaceable,,unplaceable
ROYA_FONDO_81,val,unplaceable,,unplaceable
ROYA_FONDO_87,val,unplaceable,,unplaceable
ROYA_FONDO_89,val,unplaceable,,unplaceable
ROYA_MA_11,val,unplaceable,,unplaceable
ROYA_MA_15,val,unplaceable,,unplaceable
ROYA_MA_37,val,unplaceable,,unplaceable
ROYA_MA_38,val,unplaceable,,unplaceable
ROYA_MA_40,val,unplaceable,,unplaceable
ROYA_MA_46,val,unplaceable,,unplaceable
ROYA_MA_59,val,unplaceable,,unplaceable
ROYA_MA_6,val,unplaceable,,unplaceable
ROYA_Muy_A_19,val,unplaceable,,unplaceable
ROYA_Muy_A_4,val,unplaceable,,unplaceable
ROYA_Muy_A_8,val,unplaceable,,unplaceable
ROYA_P_A_1,val,unplaceable,,unplaceable
ROYA_P_A_12,val,unplaceable,,unplaceable
ROYA_P_A_22,val,unplaceable,,unplaceable
ROYA_P_A_25,val,unplaceable,,unplaceable
ROYA_P_A_3,val,unplaceable,,unplaceable
ROYA_P_A_32,val,unplaceable,,unplaceable
ROYA_P_A_37,val,unplaceable,,unplaceable
ROYA_P_A_38,val,unplaceable,,unplaceable
ROYA_P_A_42,val,unplaceable,,unplaceable
ROYA_P_A_61,val,unplaceable,,unplaceable
ROYA_P_A_9,val,unplaceable,,unplaceable
ROYA_RECORTES_1,val,unplaceable,,unplaceable
ROYA_RECORTES_105,val,unplaceable,,unplaceable
ROYA_RECORTES_22,val,unplaceable,,unplaceable
ROYA_RECORTES_28,val,unplaceable,,unplaceable
ROYA_RECORTES_30,val,unplaceable,,unplaceable
ROYA_RECORTES_32,val,unplaceable,,unplaceable
ROYA_RECORTES_36,val,unplaceable,,unplaceable
ROYA_RECORTES_38,val,unplaceable,,unplaceable
ROYA_RECORTES_4,val,unplaceable,,unplaceable
ROYA_RECORTES_40,val,unplaceable,,unplaceable
ROYA_RECORTES_43,val,unplaceable,,unplaceable
ROYA_RECORTES_47,val,unplaceable,,unplaceable
ROYA_RECORTES_56,val,unplaceable,,unplaceable
ROYA_RECORTES_61,val,unplaceable,,unplaceable
ROYA_RECORTES_63,val,unplaceable,,unplaceable
ROYA_RECORTES_70,val,unplaceable,,unplaceable
ROYA_RECORTES_84,val,unplaceable,,unplaceable
ROYA_RECORTES_94,val,unplaceable,,unplaceable
SANAS_NUEVAS_114,val,unplaceable,,unplaceable
SANAS_NUEVAS_118,val,unplaceable,,unplaceable
SANAS_NUEVAS_121,val,unplaceable,,unplaceable
SANAS_NUEVAS_135,val,unplaceable,,unplaceable
SANAS_NUEVAS_139,val,unplaceable,,unplaceable
SANAS_NUEVAS_141,val,unplaceable,,unplaceable
SANAS_NUEVAS_144,val,unplaceable,,unplaceable
SANAS_NUEVAS_149,val,unplaceable,,unplaceable
SANAS_NUEVAS_159,val,unplaceable,,unplaceable
SANAS_NUEVAS_167,val,unplaceable,,unplaceable
SANAS_NUEVAS_172,val,unplaceable,,unplaceable
SANAS_NUEVAS_18,val,unplaceable,,unplaceable
SANAS_NUEVAS_186,val,unplaceable,,unplaceable
SANAS_NUEVAS_188,val,unplaceable,,unplaceable
SANAS_NUEVAS_200,val,unplaceable,,unplaceable
SANAS_NUEVAS_203,val,unplaceable,,unplaceable
SANAS_NUEVAS_21,val,unplaceable,,unplaceable
SANAS_NUEVAS_213,val,unplaceable,,unplaceable
SANAS_NUEVAS_215,val,unplaceable,,unplaceable
SANAS_NUEVAS_220,val,unplaceable,,unplaceable
SANAS_NUEVAS_223,val,unplaceable,,unplaceable
SANAS_NUEVAS_249,val,unplaceable,,unplaceable
SANAS_NUEVAS_250,val,unplaceable,,unplaceable
SANAS_NUEVAS_255,val,unplaceable,,unplaceable
SANAS_NUEVAS_257,val,unplaceable,,unplaceable
SANAS_NUEVAS_263,val,unplaceable,,unplaceable
SANAS_NUEVAS_264,val,unplaceable,,unplaceable
SANAS_NUEVAS_266,val,unplaceable,,unplaceable
SANAS_NUEVAS_278,val,unplaceable,,unplaceable
SANAS_NUEVAS_279,val,unplaceable,,unplaceable
SANAS_NUEVAS_283,val,unplaceable,,unplaceable
SANAS_NUEVAS_285,val,unplaceable,,unplaceable
SANAS_NUEVAS_286,val,unplaceable,,unplaceable
SANAS_NUEVAS_29,val,unplaceable,,unplaceable
SANAS_NUEVAS_296,val,unplaceable,,unplaceable
SANAS_NUEVAS_311,val,unplaceable,,unplaceable
SANAS_NUEVAS_312,val,unplaceable,,unplaceable
SANAS_NUEVAS_315,val,unplaceable,,unplaceable
SANAS_NUEVAS_321,val,unplaceable,,unplaceable
SANAS_NUEVAS_322,val,unplaceable,,unplaceable
SANAS_NUEVAS_332,val,unplaceable,,unplaceable
SANAS_NUEVAS_34,val,unplaceable,,unplaceable
SANAS_NUEVAS_342,val,unplaceable,,unplaceable
SANAS_NUEVAS_365,val,unplaceable,,unplaceable
SANAS_NUEVAS_368,val,unplaceable,,unplaceable
SANAS_NUEVAS_37,val,unplaceable,,unplaceable
SANAS_NUEVAS_370,val,unplaceable,,unplaceable
SANAS_NUEVAS_375,val,unplaceable,,unplaceable
SANAS_NUEVAS_377,val,unplaceable,,unplaceable
SANAS_NUEVAS_397,val,unplaceable,,unplaceable
SANAS_NUEVAS_40,val,unplaceable,,unplaceable
SANAS_NUEVAS_413,val,unplaceable,,unplaceable
SANAS_NUEVAS_417,val,unplaceable,,unplaceable
SANAS_NUEVAS_42,val,unplaceable,,unplaceable
SANAS_NUEVAS_421,val,unplaceable,,unplaceable
SANAS_NUEVAS_423,val,unplaceable,,unplaceable
SANAS_NUEVAS_425,val,unplaceable,,unplaceable
SANAS_NUEVAS_427,val,unplaceable,,unplaceable
SANAS_NUEVAS_43,val,unplaceable,,unplaceable
SANAS_NUEVAS_440,val,unplaceable,,unplaceable
SANAS_NUEVAS_445,val,unplaceable,,unplaceable
SANAS_NUEVAS_446,val,unplaceable,,unplaceable
SANAS_NUEVAS_447,val,unplaceable,,unplaceable
SANAS_NUEVAS_452,val,unplaceable,,unplaceable
SANAS_NUEVAS_457,val,unplaceable,,unplaceable
SANAS_NUEVAS_458,val,unplaceable,,unplaceable
SANAS_NUEVAS_469,val,unplaceable,,unplaceable
SANAS_NUEVAS_476,val,unplaceable,,unplaceable
SANAS_NUEVAS_491,val,unplaceable,,unplaceable
SANAS_NUEVAS_494,val,unplaceable,,unplaceable
SANAS_NUEVAS_496,val,unplaceable,,unplaceable
SANAS_NUEVAS_50,val,unplaceable,,unplaceable
SANAS_NUEVAS_513,val,unplaceable,,unplaceable
SANAS_NUEVAS_517,val,unplaceable,,unplaceable
SANAS_NUEVAS_525,val,unplaceable,,unplaceable
SANAS_NUEVAS_526,val,unplaceable,,unplaceable
SANAS_NUEVAS_528,val,unplaceable,,unplaceable
SANAS_NUEVAS_533,val,unplaceable,,unplaceable
SANAS_NUEVAS_542,val,unplaceable,,unplaceable
SANAS_NUEVAS_566,val,unplaceable,,unplaceable
SANAS_NUEVAS_571,val,unplaceable,,unplaceable
SANAS_NUEVAS_583,val,unplaceable,,unplaceable
SANAS_NUEVAS_59,val,unplaceable,,unplaceable
SANAS_NUEVAS_595,val,unplaceable,,unplaceable
SANAS_NUEVAS_598,val,unplaceable,,unplaceable
SANAS_NUEVAS_599,val,unplaceable,,unplaceable
SANAS_NUEVAS_604,val,unplaceable,,unplaceable
SANAS_NUEVAS_606,val,unplaceable,,unplaceable
SANAS_NUEVAS_608,val,unplaceable,,unplaceable
SANAS_NUEVAS_61,val,unplaceable,,unplaceable
SANAS_NUEVAS_617,val,unplaceable,,unplaceable
SANAS_NUEVAS_620,val,unplaceable,,unplaceable
SANAS_NUEVAS_63,val,unplaceable,,unplaceable
SANAS_NUEVAS_67,val,unplaceable,,unplaceable
SANAS_NUEVAS_8,val,unplaceable,,unplaceable
SANAS_NUEVAS_80,val,unplaceable,,unplaceable
SANAS_NUEVAS_81,val,unplaceable,,unplaceable
SANAS_NUEVAS_90,val,unplaceable,,unplaceable
SANAS_NUEVAS_92,val,unplaceable,,unplaceable
SANAS_SOCORRO_105,val,unplaceable,,unplaceable
SANAS_SOCORRO_107,val,unplaceable,,unplaceable
SANAS_SOCORRO_11,val,unplaceable,,unplaceable
SANAS_SOCORRO_128,val,unplaceable,,unplaceable
SANAS_SOCORRO_133,val,unplaceable,,unplaceable
SANAS_SOCORRO_153,val,unplaceable,,unplaceable
SANAS_SOCORRO_158,val,unplaceable,,unplaceable
SANAS_SOCORRO_16,val,unplaceable,,unplaceable
SANAS_SOCORRO_167,val,unplaceable,,unplaceable
SANAS_SOCORRO_170,val,unplaceable,,unplaceable
SANAS_SOCORRO_171,val,unplaceable,,unplaceable
SANAS_SOCORRO_175,val,unplaceable,,unplaceable
SANAS_SOCORRO_186,val,unplaceable,,unplaceable
SANAS_SOCORRO_188,val,unplaceable,,unplaceable
SANAS_SOCORRO_19,val,unplaceable,,unplaceable
SANAS_SOCORRO_190,val,unplaceable,,unplaceable
SANAS_SOCORRO_193,val,unplaceable,,unplaceable
SANAS_SOCORRO_2,val,unplaceable,,unplaceable
SANAS_SOCORRO_203,val,unplaceable,,unplaceable
SANAS_SOCORRO_204,val,unplaceable,,unplaceable
SANAS_SOCORRO_207,val,unplaceable,,unplaceable
SANAS_SOCORRO_21,val,unplaceable,,unplaceable
SANAS_SOCORRO_22,val,unplaceable,,unplaceable
SANAS_SOCORRO_225,val,unplaceable,,unplaceable
SANAS_SOCORRO_230,val,unplaceable,,unplaceable
SANAS_SOCORRO_238,val,unplaceable,,unplaceable
SANAS_SOCORRO_252,val,unplaceable,,unplaceable
SANAS_SOCORRO_272,val,unplaceable,,unplaceable
SANAS_SOCORRO_282,val,unplaceable,,unplaceable
SANAS_SOCORRO_284,val,unplaceable,,unplaceable
SANAS_SOCORRO_286,val,unplaceable,,unplaceable
SANAS_SOCORRO_298,val,unplaceable,,unplaceable
SANAS_SOCORRO_301,val,unplaceable,,unplaceable
SANAS_SOCORRO_313,val,unplaceable,,unplaceable
SANAS_SOCORRO_316,val,unplaceable,,unplaceable
SANAS_SOCORRO_327,val,unplaceable,,unplaceable
SANAS_SOCORRO_335,val,unplaceable,,unplaceable
SANAS_SOCORRO_338,val,unplaceable,,unplaceable
SANAS_SOCORRO_345,val,unplaceable,,unplaceable
SANAS_SOCORRO_347,val,unplaceable,,unplaceable
SANAS_SOCORRO_353,val,unplaceable,,unplaceable
SANAS_SOCORRO_361,val,unplaceable,,unplaceable
SANAS_SOCORRO_368,val,unplaceable,,unplaceable
SANAS_SOCORRO_369,val,unplaceable,,unplaceable
SANAS_SOCORRO_387,val,unplaceable,,unplaceable
SANAS_SOCORRO_391,val,unplaceable,,unplaceable
SANAS_SOCORRO_406,val,unplaceable,,unplaceable
SANAS_SOCORRO_409,val,unplaceable,,unplaceable
SANAS_SOCORRO_413,val,unplaceable,,unplaceable
SANAS_SOCORRO_418,val,unplaceable,,unplaceable
SANAS_SOCORRO_419,val,unplaceable,,unplaceable
SANAS_SOCORRO_42,val,unplaceable,,unplaceable
SANAS_SOCORRO_426,val,unplaceable,,unplaceable
SANAS_SOCORRO_448,val,unplaceable,,unplaceable
SANAS_SOCORRO_456,val,unplaceable,,unplaceable
SANAS_SOCORRO_459,val,unplaceable,,unplaceable
SANAS_SOCORRO_462,val,unplaceable,,unplaceable
SANAS_SOCORRO_470,val,unplaceable,,unplaceable
SANAS_SOCORRO_48,val,unplaceable,,unplaceable
SANAS_SOCORRO_492,val,unplaceable,,unplaceable
SANAS_SOCORRO_500,val,unplaceable,,unplaceable
SANAS_SOCORRO_510,val,unplaceable,,unplaceable
SANAS_SOCORRO_516,val,unplaceable,,unplaceable
SANAS_SOCORRO_53,val,unplaceable,,unplaceable
SANAS_SOCORRO_59,val,unplaceable,,unplaceable
SANAS_SOCORRO_6,val,unplaceable,,unplaceable
SANAS_SOCORRO_60,val,unplaceable,,unplaceable
SANAS_SOCORRO_62,val,unplaceable,,unplaceable
SANAS_SOCORRO_68,val,unplaceable,,unplaceable
SANAS_SOCORRO_73,val,unplaceable,,unplaceable
SANAS_SOCORRO_90,val,unplaceable,,unplaceable
COCO_M_A_16,test,unplaceable,,unplaceable
COCO_M_A_2,test,unplaceable,,unplaceable
COCO_M_A_25,test,unplaceable,,unplaceable
COCO_M_A_27,test,unplaceable,,unplaceable
COCO_M_A_3,test,unplaceable,,unplaceable
COCO_M_A_34,test,unplaceable,,unplaceable
COCO_M_A_35,test,unplaceable,,unplaceable
COCO_M_A_37,test,unplaceable,,unplaceable
COCO_M_A_39,test,unplaceable,,unplaceable
COCO_M_A_57,test,unplaceable,,unplaceable
COCO_M_A_66,test,unplaceable,,unplaceable
COCO_M_A_81,test,unplaceable,,unplaceable
COCO_M_A_89,test,unplaceable,,unplaceable
COCO_M_A_90,test,unplaceable,,unplaceable
COCO_M_A_96,test,unplaceable,,unplaceable
COCO_Muy_A_19,test,unplaceable,,unplaceable
COCO_Muy_A_28,test,unplaceable,,unplaceable
COCO_Muy_A_34,test,unplaceable,,unplaceable
COCO_Muy_A_39,test,unplaceable,,unplaceable
COCO_Muy_A_54,test,unplaceable,,unplaceable
COCO_Muy_A_55,test,unplaceable,,unplaceable
COCO_Muy_A_70,test,unplaceable,,unplaceable
COCO_Muy_A_80,test,unplaceable,,unplaceable
COCO_Muy_A_82,test,unplaceable,,unplaceable
COCO_Muy_A_95,test,unplaceable,,unplaceable
COCO_P_A_10,test,unplaceable,,unplaceable
COCO_P_A_11,test,unplaceable,,unplaceable
COCO_P_A_12,test,unplaceable,,unplaceable
COCO_P_A_13,test,unplaceable,,unplaceable
COCO_P_A_17,test,unplaceable,,unplaceable
COCO_P_A_19,test,unplaceable,,unplaceable
COCO_P_A_30,test,unplaceable,,unplaceable
COCO_P_A_33,test,unplaceable,,unplaceable
COCO_P_A_39,test,unplaceable,,unplaceable
COCO_P_A_48,test,unplaceable,,unplaceable
COCO_P_A_51,test,unplaceable,,unplaceable
COCO_P_A_52,test,unplaceable,,unplaceable
COCO_P_A_56,test,unplaceable,,unplaceable
COCO_P_A_67,test,unplaceable,,unplaceable
COCO_RECORTE_112,test,unplaceable,,unplaceable
COCO_RECORTE_118,test,unplaceable,,unplaceable
COCO_RECORTE_120,test,unplaceable,,unplaceable
COCO_RECORTE_121,test,unplaceable,,unplaceable
COCO_RECORTE_122,test,unplaceable,,unplaceable
COCO_RECORTE_124,test,unplaceable,,unplaceable
COCO_RECORTE_13,test,unplaceable,,unplaceable
COCO_RECORTE_131,test,unplaceable,,unplaceable
COCO_RECORTE_137,test,unplaceable,,unplaceable
COCO_RECORTE_140,test,unplaceable,,unplaceable
COCO_RECORTE_144,test,unplaceable,,unplaceable
COCO_RECORTE_145,test,unplaceable,,unplaceable
COCO_RECORTE_154,test,unplaceable,,unplaceable
COCO_RECORTE_19,test,unplaceable,,unplaceable
COCO_RECORTE_21,test,unplaceable,,unplaceable
COCO_RECORTE_27,test,unplaceable,,unplaceable
COCO_RECORTE_37,test,unplaceable,,unplaceable
COCO_RECORTE_45,test,unplaceable,,unplaceable
COCO_RECORTE_56,test,unplaceable,,unplaceable
COCO_RECORTE_58,test,unplaceable,,unplaceable
COCO_RECORTE_8,test,unplaceable,,unplaceable
COCO_RECORTE_86,test,unplaceable,,unplaceable
COCO_RECORTE_9,test,unplaceable,,unplaceable
MINADO_RECORTES_111,test,unplaceable,,unplaceable
MINADO_RECORTES_12,test,unplaceable,,unplaceable
MINADO_RECORTES_126,test,unplaceable,,unplaceable
MINADO_RECORTES_128,test,unplaceable,,unplaceable
MINADO_RECORTES_131,test,unplaceable,,unplaceable
MINADO_RECORTES_14,test,unplaceable,,unplaceable
MINADO_RECORTES_22,test,unplaceable,,unplaceable
MINADO_RECORTES_25,test,unplaceable,,unplaceable
MINADO_RECORTES_3,test,unplaceable,,unplaceable
MINADO_RECORTES_40,test,unplaceable,,unplaceable
MINADO_RECORTES_48,test,unplaceable,,unplaceable
MINADO_RECORTES_53,test,unplaceable,,unplaceable
MINADO_RECORTES_61,test,unplaceable,,unplaceable
MINADO_RECORTES_69,test,unplaceable,,unplaceable
MINADO_RECORTES_90,test,unplaceable,,unplaceable
MINADO_RECORTES_95,test,unplaceable,,unplaceable
MINADO_RECORTES_96,test,unplaceable,,unplaceable
MINADOR_11,test,unplaceable,,unplaceable
MINADOR_15,test,unplaceable,,unplaceable
MINADOR_16,test,unplaceable,,unplaceable
MINADOR_17,test,unplaceable,,unplaceable
MINADOR_19,test,unplaceable,,unplaceable
MINADOR_21,test,unplaceable,,unplaceable
MINADOR_29,test,unplaceable,,unplaceable
MINADOR_34,test,unplaceable,,unplaceable
MINADOR_42,test,unplaceable,,unplaceable
MINADOR_5,test,unplaceable,,unplaceable
MINADOR_52,test,unplaceable,,unplaceable
MINADOR_54,test,unplaceable,,unplaceable
MINADOR_57,test,unplaceable,,unplaceable
MINADOR_6,test,unplaceable,,unplaceable
MINADOR_62,test,unplaceable,,unplaceable
MINADOR_71,test,unplaceable,,unplaceable
MINADOR_77,test,unplaceable,,unplaceable
MINEIRO_1,test,unplaceable,,unplaceable
MINEIRO_110,test,unplaceable,,unplaceable
MINEIRO_111,test,unplaceable,,unplaceable
MINEIRO_112,test,unplaceable,,unplaceable
MINEIRO_120,test,unplaceable,,unplaceable
MINEIRO_130,test,unplaceable,,unplaceable
MINEIRO_140,test,unplaceable,,unplaceable
MINEIRO_143,test,unplaceable,,unplaceable
MINEIRO_147,test,unplaceable,,unplaceable
MINEIRO_148,test,unplaceable,,unplaceable
MINEIRO_154,test,unplaceable,,unplaceable
MINEIRO_164,test,unplaceable,,unplaceable
MINEIRO_169,test,unplaceable,,unplaceable
MINEIRO_174,test,unplaceable,,unplaceable
MINEIRO_176,test,unplaceable,,unplaceable
MINEIRO_179,test,unplaceable,,unplaceable
MINEIRO_191,test,unplaceable,,unplaceable
MINEIRO_20,test,unplaceable,,unplaceable
MINEIRO_32,test,unplaceable,,unplaceable
MINEIRO_33,test,unplaceable,,unplaceable
MINEIRO_42,test,unplaceable,,unplaceable
MINEIRO_62,test,unplaceable,,unplaceable
MINEIRO_63,test,unplaceable,,unplaceable
MINEIRO_66,test,unplaceable,,unplaceable
MINEIRO_69,test,unplaceable,,unplaceable
MINEIRO_76,test,unplaceable,,unplaceable
MINEIRO_8,test,unplaceable,,unplaceable
MINEIRO_9,test,unplaceable,,unplaceable
ROYA_FONDO_12,test,unplaceable,,unplaceable
ROYA_FONDO_14,test,unplaceable,,unplaceable
ROYA_FONDO_16,test,unplaceable,,unplaceable
ROYA_FONDO_21,test,unplaceable,,unplaceable
ROYA_FONDO_26,test,unplaceable,,unplaceable
ROYA_FONDO_32,test,unplaceable,,unplaceable
ROYA_FONDO_34,test,unplaceable,,unplaceable
ROYA_FONDO_52,test,unplaceable,,unplaceable
ROYA_FONDO_56,test,unplaceable,,unplaceable
ROYA_FONDO_61,test,unplaceable,,unplaceable
ROYA_FONDO_63,test,unplaceable,,unplaceable
ROYA_FONDO_73,test,unplaceable,,unplaceable
ROYA_FONDO_76,test,unplaceable,,unplaceable
ROYA_FONDO_78,test,unplaceable,,unplaceable
ROYA_FONDO_8,test,unplaceable,,unplaceable
ROYA_FONDO_85,test,unplaceable,,unplaceable
ROYA_FONDO_88,test,unplaceable,,unplaceable
ROYA_FONDO_91,test,unplaceable,,unplaceable
ROYA_FONDO_93,test,unplaceable,,unplaceable
ROYA_MA_1,test,unplaceable,,unplaceable
ROYA_MA_13,test,unplaceable,,unplaceable
ROYA_MA_14,test,unplaceable,,unplaceable
ROYA_MA_20,test,unplaceable,,unplaceable
ROYA_MA_33,test,unplaceable,,unplaceable
ROYA_MA_41,test,unplaceable,,unplaceable
ROYA_MA_44,test,unplaceable,,unplaceable
ROYA_MA_45,test,unplaceable,,unplaceable
ROYA_MA_47,test,unplaceable,,unplaceable
ROYA_MA_51,test,unplaceable,,unplaceable
ROYA_MA_52,test,unplaceable,,unplaceable
ROYA_MA_56,test,unplaceable,,unplaceable
ROYA_MA_58,test,unplaceable,,unplaceable
ROYA_Muy_A_25,test,unplaceable,,unplaceable
ROYA_Muy_A_30,test,unplaceable,,unplaceable
ROYA_Muy_A_5,test,unplaceable,,unplaceable
ROYA_P_A_26,test,unplaceable,,unplaceable
ROYA_P_A_40,test,unplaceable,,unplaceable
ROYA_P_A_44,test,unplaceable,,unplaceable
ROYA_P_A_47,test,unplaceable,,unplaceable
ROYA_P_A_58,test,unplaceable,,unplaceable
ROYA_RECORTES_100,test,unplaceable,,unplaceable
ROYA_RECORTES_102,test,unplaceable,,unplaceable
ROYA_RECORTES_11,test,unplaceable,,unplaceable
ROYA_RECORTES_34,test,unplaceable,,unplaceable
ROYA_RECORTES_37,test,unplaceable,,unplaceable
ROYA_RECORTES_48,test,unplaceable,,unplaceable
ROYA_RECORTES_5,test,unplaceable,,unplaceable
ROYA_RECORTES_52,test,unplaceable,,unplaceable
ROYA_RECORTES_55,test,unplaceable,,unplaceable
ROYA_RECORTES_66,test,unplaceable,,unplaceable
ROYA_RECORTES_68,test,unplaceable,,unplaceable
ROYA_RECORTES_75,test,unplaceable,,unplaceable
ROYA_RECORTES_78,test,unplaceable,,unplaceable
ROYA_RECORTES_79,test,unplaceable,,unplaceable
ROYA_RECORTES_97,test,unplaceable,,unplaceable
SANAS_NUEVAS_10,test,unplaceable,,unplaceable
SANAS_NUEVAS_101,test,unplaceable,,unplaceable
SANAS_NUEVAS_102,test,unplaceable,,unplaceable
SANAS_NUEVAS_103,test,unplaceable,,unplaceable
SANAS_NUEVAS_111,test,unplaceable,,unplaceable
SANAS_NUEVAS_112,test,unplaceable,,unplaceable
SANAS_NUEVAS_120,test,unplaceable,,unplaceable
SANAS_NUEVAS_122,test,unplaceable,,unplaceable
SANAS_NUEVAS_125,test,unplaceable,,unplaceable
SANAS_NUEVAS_128,test,unplaceable,,unplaceable
SANAS_NUEVAS_133,test,unplaceable,,unplaceable
SANAS_NUEVAS_145,test,unplaceable,,unplaceable
SANAS_NUEVAS_146,test,unplaceable,,unplaceable
SANAS_NUEVAS_157,test,unplaceable,,unplaceable
SANAS_NUEVAS_16,test,unplaceable,,unplaceable
SANAS_NUEVAS_160,test,unplaceable,,unplaceable
SANAS_NUEVAS_163,test,unplaceable,,unplaceable
SANAS_NUEVAS_169,test,unplaceable,,unplaceable
SANAS_NUEVAS_177,test,unplaceable,,unplaceable
SANAS_NUEVAS_194,test,unplaceable,,unplaceable
SANAS_NUEVAS_204,test,unplaceable,,unplaceable
SANAS_NUEVAS_208,test,unplaceable,,unplaceable
SANAS_NUEVAS_217,test,unplaceable,,unplaceable
SANAS_NUEVAS_235,test,unplaceable,,unplaceable
SANAS_NUEVAS_238,test,unplaceable,,unplaceable
SANAS_NUEVAS_241,test,unplaceable,,unplaceable
SANAS_NUEVAS_252,test,unplaceable,,unplaceable
SANAS_NUEVAS_261,test,unplaceable,,unplaceable
SANAS_NUEVAS_269,test,unplaceable,,unplaceable
SANAS_NUEVAS_273,test,unplaceable,,unplaceable
SANAS_NUEVAS_28,test,unplaceable,,unplaceable
SANAS_NUEVAS_284,test,unplaceable,,unplaceable
SANAS_NUEVAS_289,test,unplaceable,,unplaceable
SANAS_NUEVAS_292,test,unplaceable,,unplaceable
SANAS_NUEVAS_299,test,unplaceable,,unplaceable
SANAS_NUEVAS_300,test,unplaceable,,unplaceable
SANAS_NUEVAS_305,test,unplaceable,,unplaceable
SANAS_NUEVAS_308,test,unplaceable,,unplaceable
SANAS_NUEVAS_317,test,unplaceable,,unplaceable
SANAS_NUEVAS_331,test,unplaceable,,unplaceable
SANAS_NUEVAS_333,test,unplaceable,,unplaceable
SANAS_NUEVAS_334,test,unplaceable,,unplaceable
SANAS_NUEVAS_344,test,unplaceable,,unplaceable
SANAS_NUEVAS_349,test,unplaceable,,unplaceable
SANAS_NUEVAS_350,test,unplaceable,,unplaceable
SANAS_NUEVAS_352,test,unplaceable,,unplaceable
SANAS_NUEVAS_355,test,unplaceable,,unplaceable
SANAS_NUEVAS_362,test,unplaceable,,unplaceable
SANAS_NUEVAS_363,test,unplaceable,,unplaceable
SANAS_NUEVAS_373,test,unplaceable,,unplaceable
SANAS_NUEVAS_374,test,unplaceable,,unplaceable
SANAS_NUEVAS_38,test,unplaceable,,unplaceable
SANAS_NUEVAS_385,test,unplaceable,,unplaceable
SANAS_NUEVAS_390,test,unplaceable,,unplaceable
SANAS_NUEVAS_404,test,unplaceable,,unplaceable
SANAS_NUEVAS_419,test,unplaceable,,unplaceable
SANAS_NUEVAS_422,test,unplaceable,,unplaceable
SANAS_NUEVAS_428,test,unplaceable,,unplaceable
SANAS_NUEVAS_434,test,unplaceable,,unplaceable
SANAS_NUEVAS_437,test,unplaceable,,unplaceable
SANAS_NUEVAS_451,test,unplaceable,,unplaceable
SANAS_NUEVAS_456,test,unplaceable,,unplaceable
SANAS_NUEVAS_465,test,unplaceable,,unplaceable
SANAS_NUEVAS_472,test,unplaceable,,unplaceable
SANAS_NUEVAS_480,test,unplaceable,,unplaceable
SANAS_NUEVAS_482,test,unplaceable,,unplaceable
SANAS_NUEVAS_484,test,unplaceable,,unplaceable
SANAS_NUEVAS_486,test,unplaceable,,unplaceable
SANAS_NUEVAS_489,test,unplaceable,,unplaceable
SANAS_NUEVAS_49,test,unplaceable,,unplaceable
SANAS_NUEVAS_510,test,unplaceable,,unplaceable
SANAS_NUEVAS_515,test,unplaceable,,unplaceable
SANAS_NUEVAS_527,test,unplaceable,,unplaceable
SANAS_NUEVAS_534,test,unplaceable,,unplaceable
SANAS_NUEVAS_535,test,unplaceable,,unplaceable
SANAS_NUEVAS_54,test,unplaceable,,unplaceable
SANAS_NUEVAS_546,test,unplaceable,,unplaceable
SANAS_NUEVAS_547,test,unplaceable,,unplaceable
SANAS_NUEVAS_548,test,unplaceable,,unplaceable
SANAS_NUEVAS_550,test,unplaceable,,unplaceable
SANAS_NUEVAS_552,test,unplaceable,,unplaceable
SANAS_NUEVAS_554,test,unplaceable,,unplaceable
SANAS_NUEVAS_555,test,unplaceable,,unplaceable
SANAS_NUEVAS_558,test,unplaceable,,unplaceable
SANAS_NUEVAS_569,test,unplaceable,,unplaceable
SANAS_NUEVAS_581,test,unplaceable,,unplaceable
SANAS_NUEVAS_582,test,unplaceable,,unplaceable
SANAS_NUEVAS_591,test,unplaceable,,unplaceable
SANAS_NUEVAS_592,test,unplaceable,,unplaceable
SANAS_NUEVAS_593,test,unplaceable,,unplaceable
SANAS_NUEVAS_605,test,unplaceable,,unplaceable
SANAS_NUEVAS_616,test,unplaceable,,unplaceable
SANAS_NUEVAS_65,test,unplaceable,,unplaceable
SANAS_NUEVAS_72,test,unplaceable,,unplaceable
SANAS_NUEVAS_73,test,unplaceable,,unplaceable
SANAS_NUEVAS_76,test,unplaceable,,unplaceable
SANAS_NUEVAS_77,test,unplaceable,,unplaceable
SANAS_NUEVAS_84,test,unplaceable,,unplaceable
SANAS_NUEVAS_86,test,unplaceable,,unplaceable
SANAS_NUEVAS_87,test,unplaceable,,unplaceable
SANAS_NUEVAS_94,test,unplaceable,,unplaceable
SANAS_NUEVAS_97,test,unplaceable,,unplaceable
SANAS_SOCORRO_102,test,unplaceable,,unplaceable
SANAS_SOCORRO_109,test,unplaceable,,unplaceable
SANAS_SOCORRO_111,test,unplaceable,,unplaceable
SANAS_SOCORRO_122,test,unplaceable,,unplaceable
SANAS_SOCORRO_124,test,unplaceable,,unplaceable
SANAS_SOCORRO_13,test,unplaceable,,unplaceable
SANAS_SOCORRO_130,test,unplaceable,,unplaceable
SANAS_SOCORRO_138,test,unplaceable,,unplaceable
SANAS_SOCORRO_139,test,unplaceable,,unplaceable
SANAS_SOCORRO_141,test,unplaceable,,unplaceable
SANAS_SOCORRO_142,test,unplaceable,,unplaceable
SANAS_SOCORRO_156,test,unplaceable,,unplaceable
SANAS_SOCORRO_163,test,unplaceable,,unplaceable
SANAS_SOCORRO_164,test,unplaceable,,unplaceable
SANAS_SOCORRO_169,test,unplaceable,,unplaceable
SANAS_SOCORRO_174,test,unplaceable,,unplaceable
SANAS_SOCORRO_178,test,unplaceable,,unplaceable
SANAS_SOCORRO_181,test,unplaceable,,unplaceable
SANAS_SOCORRO_182,test,unplaceable,,unplaceable
SANAS_SOCORRO_210,test,unplaceable,,unplaceable
SANAS_SOCORRO_214,test,unplaceable,,unplaceable
SANAS_SOCORRO_218,test,unplaceable,,unplaceable
SANAS_SOCORRO_222,test,unplaceable,,unplaceable
SANAS_SOCORRO_234,test,unplaceable,,unplaceable
SANAS_SOCORRO_240,test,unplaceable,,unplaceable
SANAS_SOCORRO_241,test,unplaceable,,unplaceable
SANAS_SOCORRO_243,test,unplaceable,,unplaceable
SANAS_SOCORRO_244,test,unplaceable,,unplaceable
SANAS_SOCORRO_247,test,unplaceable,,unplaceable
SANAS_SOCORRO_26,test,unplaceable,,unplaceable
SANAS_SOCORRO_283,test,unplaceable,,unplaceable
SANAS_SOCORRO_295,test,unplaceable,,unplaceable
SANAS_SOCORRO_30,test,unplaceable,,unplaceable
SANAS_SOCORRO_315,test,unplaceable,,unplaceable
SANAS_SOCORRO_324,test,unplaceable,,unplaceable
SANAS_SOCORRO_337,test,unplaceable,,unplaceable
SANAS_SOCORRO_354,test,unplaceable,,unplaceable
SANAS_SOCORRO_355,test,unplaceable,,unplaceable
SANAS_SOCORRO_36,test,unplaceable,,unplaceable
SANAS_SOCORRO_366,test,unplaceable,,unplaceable
SANAS_SOCORRO_374,test,unplaceable,,unplaceable
SANAS_SOCORRO_375,test,unplaceable,,unplaceable
SANAS_SOCORRO_383,test,unplaceable,,unplaceable
SANAS_SOCORRO_389,test,unplaceable,,unplaceable
SANAS_SOCORRO_403,test,unplaceable,,unplaceable
SANAS_SOCORRO_404,test,unplaceable,,unplaceable
SANAS_SOCORRO_414,test,unplaceable,,unplaceable
SANAS_SOCORRO_415,test,unplaceable,,unplaceable
SANAS_SOCORRO_422,test,unplaceable,,unplaceable
SANAS_SOCORRO_423,test,unplaceable,,unplaceable
SANAS_SOCORRO_425,test,unplaceable,,unplaceable
SANAS_SOCORRO_429,test,unplaceable,,unplaceable
SANAS_SOCORRO_43,test,unplaceable,,unplaceable
SANAS_SOCORRO_430,test,unplaceable,,unplaceable
SANAS_SOCORRO_437,test,unplaceable,,unplaceable
SANAS_SOCORRO_438,test,unplaceable,,unplaceable
SANAS_SOCORRO_443,test,unplaceable,,unplaceable
SANAS_SOCORRO_450,test,unplaceable,,unplaceable
SANAS_SOCORRO_469,test,unplaceable,,unplaceable
SANAS_SOCORRO_47,test,unplaceable,,unplaceable
SANAS_SOCORRO_477,test,unplaceable,,unplaceable
SANAS_SOCORRO_483,test,unplaceable,,unplaceable
SANAS_SOCORRO_496,test,unplaceable,,unplaceable
SANAS_SOCORRO_502,test,unplaceable,,unplaceable
SANAS_SOCORRO_506,test,unplaceable,,unplaceable
SANAS_SOCORRO_74,test,unplaceable,,unplaceable
SANAS_SOCORRO_8,test,unplaceable,,unplaceable
SANAS_SOCORRO_93,test,unplaceable,,unplaceable
